"validation_binning_for_dataset_polaris/fraction_of_prompts_in_(0.5, 1.0)",timing_per_token_ms/adv,prompt_length/clip_ratio,timing_distributed_ms/forward,perf/throughput,timing_s/save_checkpoint,timing_s/reward,"validation_binning_for_dataset_polaris/fraction_of_prompts_in_(0.0625, 0.125]",training/global_step,timing_s/generate_sequences,"train_binning_for_dataset_polaris/fraction_of_prompts_in_(0.0009765625, 0.001953125]","train_binning_for_dataset_polaris/fraction_of_prompts_in_(0, 0.0009765625]","validation_binning_for_dataset_aime25/fraction_of_prompts_in_(0.5, 1.0)","validation_all_datasets_binning/fraction_of_prompts_in_(0.25, 0.5]","validation_binning_for_dataset_aime25/fraction_of_prompts_in_(0.0625, 0.125]",perf/max_memory_reserved_gb,critic/advantages/mean,"validation_binning_for_dataset_aime25/fraction_of_prompts_in_(0.25, 0.5]",timing_s/adv,timing_distributed_ms/rpc_coordination,"train_all_datasets_binning/fraction_of_prompts_in_(0.03125, 0.0625]",actor/entropy_coeff,perf/max_memory_allocated_gb,timing_distributed_ms/load_optimizer_to_gpu,train/pass_at_8,"validation_all_datasets_binning/fraction_of_prompts_in_(0.03125, 0.0625]",actor/pg_clipfrac,critic/score/min,prompt_length/mean,actor/ppo_kl,timing_s/reshard,"validation_binning_for_dataset_polaris/fraction_of_prompts_in_[1.0, 1.0]","validation_all_datasets_binning/fraction_of_prompts_in_(0.125, 0.25]",timing_s/step,"validation_binning_for_dataset_polaris/fraction_of_prompts_in_(0.25, 0.5]","train_binning_for_dataset_polaris/fraction_of_prompts_in_(0.25, 0.5]",response_length/mean,critic/rewards/min,"validation_binning_for_dataset_polaris/fraction_of_prompts_in_(0, 0.0009765625]",timing_distributed_ms/sharding_preprocess,"validation_binning_for_dataset_aime25/fraction_of_prompts_in_(0.03125, 0.0625]","validation_all_datasets_binning/fraction_of_prompts_in_(0.001953125, 0.00390625]",response_length/max,"validation_binning_for_dataset_polaris/fraction_of_prompts_in_(0.001953125, 0.00390625]","train_binning_for_dataset_polaris/fraction_of_prompts_in_(0.00390625, 0.0078125]",timing_distributed_ms/offload_optimizer_to_cpu,timing_per_token_ms/update_actor,"validation_binning_for_dataset_aime25/fraction_of_prompts_in_(0.00390625, 0.0078125]","validation_all_datasets_binning/fraction_of_prompts_in_[0.0, 0.0]",prompt_length/max,timing_distributed_ms/data_to_cpu,timing_s/old_log_prob,"validation_binning_for_dataset_polaris/fraction_of_prompts_in_(0.0078125, 0.015625]",train/finish_length,"train_binning_for_dataset_polaris/fraction_of_prompts_in_(0.03125, 0.0625]",critic/advantages/max,train/fraction_filtered,train/finish_stop,"train_all_datasets_binning/fraction_of_prompts_in_[0.0, 0.0]",_timestamp,"validation_all_datasets_binning/fraction_of_prompts_in_[1.0, 1.0]","validation_all_datasets_binning/fraction_of_prompts_in_(0.00390625, 0.0078125]","validation_binning_for_dataset_polaris/fraction_of_prompts_in_(0.03125, 0.0625]","validation_all_datasets_binning/fraction_of_prompts_in_(0.015625, 0.03125]",val/generations,timing_s/testing,timing_per_token_ms/gen,"train_all_datasets_binning/fraction_of_prompts_in_(0.25, 0.5]","train_all_datasets_binning/fraction_of_prompts_in_(0.0009765625, 0.001953125]",train/finish_eos,"train_all_datasets_binning/fraction_of_prompts_in_(0.5, 1.0)",train/prompts_unlocked,timing_distributed_ms/backward,"train_all_datasets_binning/fraction_of_prompts_in_(0.001953125, 0.00390625]",actor/lr,"train_binning_for_dataset_polaris/fraction_of_prompts_in_(0.5, 1.0)",training/epoch,validation_majority_vote_accuracy/polaris/majority@1,timing_distributed_ms/optimizer_step,timing_s/update_actor,"validation_all_datasets_binning/fraction_of_prompts_in_(0, 0.0009765625]",prompt_length/min,"train_all_datasets_binning/fraction_of_prompts_in_(0.015625, 0.03125]",actor/pg_clipfrac_lower,actor/grad_norm,mean_accuracies/aime25/reward/mean@1,timing_distributed_ms/load_model_to_gpu,"validation_binning_for_dataset_polaris/fraction_of_prompts_in_(0.015625, 0.03125]","validation_binning_for_dataset_aime25/fraction_of_prompts_in_[0.0, 0.0]",validation_num_examples/polaris,timing_distributed_ms/output_to_cpu,"validation_binning_for_dataset_aime25/fraction_of_prompts_in_(0.015625, 0.03125]",critic/advantages/min,critic/returns/mean,timing_distributed_ms/offload_model_to_cpu,"train_all_datasets_binning/fraction_of_prompts_in_(0, 0.0009765625]","train_all_datasets_binning/fraction_of_prompts_in_(0.0078125, 0.015625]",critic/rewards/mean,perf/total_num_tokens,"train_binning_for_dataset_polaris/fraction_of_prompts_in_[0.0, 0.0]","train_all_datasets_binning/fraction_of_prompts_in_(0.0625, 0.125]","validation_binning_for_dataset_polaris/fraction_of_prompts_in_(0.125, 0.25]","validation_all_datasets_binning/fraction_of_prompts_in_(0.0009765625, 0.001953125]",critic/score/max,response_length/min,"train_all_datasets_binning/fraction_of_prompts_in_(0.00390625, 0.0078125]","train_binning_for_dataset_polaris/fraction_of_prompts_in_[1.0, 1.0]",critic/returns/max,"validation_binning_for_dataset_polaris/fraction_of_prompts_in_(0.00390625, 0.0078125]","validation_binning_for_dataset_polaris/fraction_of_prompts_in_[0.0, 0.0]",response_length/clip_ratio,"validation_all_datasets_binning/fraction_of_prompts_in_(0.0625, 0.125]",validation_majority_vote_accuracy/aime25/majority@1,"validation_binning_for_dataset_aime25/fraction_of_prompts_in_(0.001953125, 0.00390625]",validation_num_examples/aime25,perf/cpu_memory_used_gb,"validation_all_datasets_binning/fraction_of_prompts_in_(0.5, 1.0)",critic/score/mean,validation_majority_vote_accuracy/global/majority@1,critic/returns/min,timing_distributed_ms/sharding_postprocess,"validation_all_datasets_binning/fraction_of_prompts_in_(0.0078125, 0.015625]","validation_binning_for_dataset_aime25/fraction_of_prompts_in_[1.0, 1.0]",actor/pg_loss,perf/mfu/actor,"validation_binning_for_dataset_aime25/fraction_of_prompts_in_(0.0009765625, 0.001953125]",_runtime,mean_accuracies/polaris/reward/mean@1,perf/time_per_step,"train_all_datasets_binning/fraction_of_prompts_in_(0.125, 0.25]",timing_s/gen,"validation_binning_for_dataset_polaris/fraction_of_prompts_in_(0.0009765625, 0.001953125]","train_binning_for_dataset_polaris/fraction_of_prompts_in_(0.125, 0.25]","train_binning_for_dataset_polaris/fraction_of_prompts_in_(0.015625, 0.03125]",validation_num_examples/all,"validation_binning_for_dataset_aime25/fraction_of_prompts_in_(0.125, 0.25]","train_binning_for_dataset_polaris/fraction_of_prompts_in_(0.001953125, 0.00390625]",critic/rewards/max,"train_all_datasets_binning/fraction_of_prompts_in_[1.0, 1.0]","train_binning_for_dataset_polaris/fraction_of_prompts_in_(0.0625, 0.125]","validation_binning_for_dataset_aime25/fraction_of_prompts_in_(0, 0.0009765625]","train_binning_for_dataset_polaris/fraction_of_prompts_in_(0.0078125, 0.015625]",actor/entropy,_step,"validation_binning_for_dataset_aime25/fraction_of_prompts_in_(0.0078125, 0.015625]"
,0.00045354833082611587,0.0,20865.543365478516,2010.8088379315907,,0.2072608930000115,,1,48.031517028808594,0,0,,,,200.3671875,-0.00858512707054615,,0.5610887219999654,569.3108985186554,0,0,186.38323879241943,0.0011874999472638592,0.375,,0.0003125966995867202,0,141.546875,-6.631626376929489e-05,0.4068540334701538,,,153.80738544900004,,0.0625,1066.5673828125,0,,0.001424999936716631,,,4096,,0,0.001040000029206567,0.06286086128384807,,,720,0.1500149955973029,23.513542669000003,,59,0,0.875,0.6328125,0,0.625,1780300190.663737,,,,,,,0.04738831234291522,0.0625,0,965,0.0390625,48,56266.30401611328,0,3e-06,0.0390625,0,,64.41326439380646,77.765737242,,40,0,0.0,0.328857421875,,0.0016774999949120684,,,,0.001777500074240379,,-0.625,-0.00858512707054615,0.0009799999816095806,0,0,0.1025390625,1237109.0,0.625,0.1953125,,,1,2,0,0.0078125,0.875,,,0.0576171875,,,,,87.85702896118164,,0.1025390625,,-0.625,0.007595000170113053,,,-0.00013988686259835958,0,,309.754570749,,153.80738544900004,0.0703125,51.75585615,,0.0703125,0,,,0,1,0.0078125,0.1953125,,0,0.9664958715438843,1,
,0.000516913386553059,0.0,20917.449951171875,2137.704536067325,,0.21124990999999227,,2,49.695533752441406,0,0,,,,204.392578125,-0.018903037533164024,,0.6837177180000253,489.6412766809226,0,0,190.13741540908813,0.0008724999815967749,0.4296875,,0.0003557775371518801,0,151.6484375,3.1788854748526774e-06,0.4030746817588806,,,154.68613385099997,,0.078125,1140.0439453125,0,,0.0013992500953463605,,,4096,,0,0.0008550000529794488,0.058764368281982234,,,694,0.14609549543820322,22.447808401999964,,58,0,0.875,0.578125,0,0.5703125,1780300345.3846228,,,,,,,0.045925485207789954,0.078125,0,966,0.046875,103,56283.76388549805,0,3e-06,0.046875,0,,36.20568290352821,77.72721857599993,,48,0,0.0,0.1796875,,0.0008050000133152935,,,,0.0015350000239777728,,-0.75,-0.018903037533164024,0.0009675000001152512,0,0,0.1259765625,1322693.0,0.5703125,0.1953125,,,1,2,0,0.0078125,0.875,,,0.056640625,,,,,88.64957427978516,,0.1259765625,,-0.75,0.005249999958323315,,,1.5047378838062286e-05,0,,461.852110444,,154.68613385099997,0.1015625,53.61364105900003,,0.1015625,0,,,0,1,0.0078125,0.1953125,,0,0.7998639345169067,2,
,0.00039543570027851364,0.0,20803.14826965332,2111.9479315743815,,0.21004810399995222,,3,48.03461837768555,0,0,,,,204.392578125,-0.010108202695846558,,0.5079525790000616,563.089025920126,0,0,190.13741540908813,0.00035499994055498973,0.3984375,,0.0004361904680081352,0,148.6484375,-1.135251892492306e-05,0.4317876994609833,,,152.05618718100004,,0.0859375,1105.7841796875,0,,0.0011175000054208795,,,4096,,0,0.00024249999341918738,0.06040339245363515,,,759,0.16208275337703526,22.303784870000072,,49,0,0.875,0.6015625,0,0.6015625,1780300497.4821293,,,,,,,0.045430240575348176,0.0859375,0,975,0.0546875,154,56190.555572509766,0,3e-06,0.0546875,0,,33.549778163433075,77.59051333900004,,51,0,0.0,0.158935546875,,0.00056999999742402,,,,0.0012299999525566818,,-0.75,-0.010108202695846558,0.0006125000027168426,0,0,0.1171875,1284539.0,0.6015625,0.171875,,,1,2,0,0.0,0.875,,,0.0478515625,,,,,88.7762222290039,,0.1171875,,-0.75,0.004482500116864685,,,-5.3026946261525154e-05,0,,615.98040615,,152.05618718100004,0.0859375,51.441706298999975,,0.0859375,0,,,0,1,0.0,0.171875,,0,0.7719553709030151,3,
,0.0004560644755946567,0.0,20822.853088378906,2225.8074141612174,,0.20734418500001084,,4,49.58251190185547,0,0,,,,204.927734375,-0.012623162008821964,,0.6257168120000642,449.47868289702456,0,0,190.13741540908813,0.0002824999967288022,0.4453125,,0.0003022054224857129,0,160.3828125,-5.6165449564105074e-05,0.4184456467628479,,,154.10048408400007,,0.1171875,1179.453125,0,,0.0013399999261309858,,,4096,,0,0.0002049999920927803,0.05642589756937356,,,845,0.16735274402890354,22.27173029300002,,49,0,0.875,0.5546875,0,0.5546875,1780300651.610463,,,,,,,0.044361291061965985,0.1171875,0,975,0.0703125,211,56108.16192626953,0,3e-06,0.0703125,0,,35.21060571074486,77.41588005799997,,45,0,0.0,0.102783203125,,0.0005774999749519338,,,,0.0011224999525438761,,-0.75,-0.012623162008821964,0.000652499977604748,0,0,0.1337890625,1371992.0,0.5546875,0.1953125,,,1,3,0,0.0,0.875,,,0.0478515625,,,,,88.9117546081543,,0.1337890625,,-0.75,0.0042219999158987775,,,-2.70879827439785e-05,0,,775.469482465,,154.10048408400007,0.0625,53.57779289300004,,0.0625,0,,,0,1,0.0,0.1953125,,0,0.7135088443756104,4,
,0.0030520357822167747,0.0,20941.734313964844,2111.5001412933684,,0.20825871300007748,,5,50.615604400634766,0,0,,,,204.927734375,-0.018797939643263817,,4.110951805000013,439.5789043497207,0,0,190.13741540908813,0.0002925000330833427,0.4140625,,0.00022462090237240773,0,169.265625,-9.535577419228503e-06,0.4233839213848114,,,159.47832226700007,,0.0625,1146.119140625,0,,0.000919999990856013,,,4096,,0,0.00022499995111502358,0.05763501888408948,,,756,0.22867425286676735,22.343583869999975,,55,0,0.875,0.5859375,0,0.5859375,1780300811.0995166,,,,,,,0.04701821748154855,0.0625,0,969,0.0625,264,56214.72930908203,0,3e-06,0.0625,0,,35.44049710035324,77.63171922599986,,43,0,0.0,0.1318359375,,0.0006149999762783409,,,,0.0011700000186465331,,-0.875,-0.018797939643263817,0.0005975000476610148,0,0,0.1259765625,1346954.0,0.5859375,0.15625,,,1,2,0,0.0,0.875,,,0.0537109375,,,,,88.97279739379883,,0.1259765625,,-0.875,0.003707250016304897,,,5.327863618731499e-06,0,,929.411203449,,159.47832226700007,0.1328125,55.1818025099999,,0.1328125,0,,,0,1,0.0,0.15625,,0,0.6470723748207092,5,
,0.00039401458117050423,0.0,20933.401107788086,2205.990330587398,,0.2082896089998485,,6,50.30058288574219,0,0,,,,204.927734375,-0.016186492517590523,,0.5351466639999671,445.0173662960733,0,0,190.13741540908813,0.0002775000211840961,0.3203125,,0.00020793133489860338,0,150.3671875,-5.3987798878551985e-05,0.4143516421318054,,,153.92066560399985,,0.109375,1175.990234375,0,,0.001042500116454903,,,4096,,0,0.000312499992105586,0.05719418209823375,,,595,0.1501457445556298,22.34563264899998,,50,0,0.875,0.6875,0,0.6796875,1780300965.0412438,,,,,,,0.04413577331686901,0.109375,0,974,0.046875,305,56261.77978515625,0,3e-06,0.046875,0,,40.210891515016556,77.6805661840001,,39,0,1.7070905187210883e-06,0.102294921875,,0.0006075001124372648,,,,0.0011450000556578743,,-0.75,-0.016186492517590523,0.0006000000212225132,0,0,0.1123046875,1358190.0,0.6796875,0.0859375,,,1,4,0,0.0078125,0.875,,,0.048828125,,,,,88.97522735595703,,0.1123046875,,-0.75,0.002902499772972078,,,2.950849011540413e-05,0,,1089.500761324,,153.92066560399985,0.0703125,53.1489161290001,,0.0703125,0,,,0,1,0.0078125,0.0859375,,0,0.6474320292472839,6,
,0.00038140086999735134,0.0,21144.458770751953,2268.7738436538652,,0.22788648699997793,,7,52.93394470214844,0,0,,,,204.927734375,-0.015548943541944027,,0.5540412109999124,463.66629574928083,0,0,190.13741540908813,0.0002499999141036824,0.40625,,0.00020891709027637262,0,174.734375,1.6977373476834146e-05,0.4879182279109955,,,160.06972269000016,,0.1015625,1243.8671875,0,,0.001087500095309224,,,4096,,0,0.00020499993524936144,0.054030177664513415,,,604,0.21622674830723554,22.516958255999953,,65,0,0.875,0.59375,0,0.59375,1780301125.1306798,,,,,,,0.04575743778695488,0.1015625,0,959,0.0546875,357,56840.824127197266,0,3e-06,0.0546875,0,,37.65704855322838,78.48682952400009,,51,0,0.0,0.0908203125,,0.0005774999749519338,,,,0.0011224999525438761,,-0.875,-0.015548943541944027,0.0004125000145904778,0,0,0.123046875,1452648.0,0.59375,0.1796875,,,1,2,0,0.0,0.875,,,0.0634765625,,,,,89.01756286621094,,0.123046875,,-0.875,0.003400000196052133,,,2.7496018446981907e-05,0,,1251.859904366,,160.06972269000016,0.0703125,58.28216365800017,,0.0703125,0,,,0,1,0.0,0.1796875,,0,0.6770325303077698,7,
,0.00019344505979711828,0.0,21255.86700439453,2146.6175765548805,,0.21889277699983722,,8,52.27852249145508,0,0,,,,204.927734375,-0.013335064053535461,,0.2696548689998508,472.81214876585,0,0,190.13741540908813,0.0002949999498014222,0.34375,,0.00014510732307826402,0,154.9921875,0.00011811448274556824,0.4476850628852844,,,162.343891062,,0.0859375,1206.2978515625,0,,0.0009474999274061702,,,4096,,0,0.0003024999841727549,0.05653286067687691,,,723,0.17355250020045787,22.583568299999797,,69,0,0.875,0.65625,0,0.65625,1780301287.4899428,,,,,,,0.04894955746088446,0.0859375,0,955,0.0546875,401,57039.23797607422,0,3e-06,0.0546875,0,,36.50515526533127,78.80460300200002,,42,0,0.0,0.06201171875,,0.0006099999723119254,,,,0.001037499941958231,,-0.875,-0.013335064053535461,0.0005625000198961061,0,0,0.11328125,1393961.0,0.65625,0.1171875,,,1,10,0,0.0,0.875,,,0.0673828125,,,,,89.16057586669922,,0.11328125,,-0.875,0.0034100000902981265,,,-5.098991096019745e-07,0,,1407.118141888,,162.343891062,0.0859375,60.46489190400007,,0.0859375,0,,,0,1,0.0,0.1171875,,0,0.608839750289917,8,
,0.00019809798857112058,0.0,21059.118270874023,2166.138996527291,,0.20723825899995063,,9,50.92148971557617,0,0,,,,204.927734375,-0.026171507313847542,,0.26644456799999716,460.22996867186157,0,0,190.13741540908813,0.00034999999343199306,0.4296875,,0.00034995147507288493,0,154.8359375,2.787352869404458e-05,0.5207048058509827,,,155.2317282219999,,0.0859375,1158.654296875,0,,0.0010424998890812276,,,4096,,0,0.0002750000476225978,0.05799767246660629,,,707,0.2279167529195547,22.47214337200012,,64,0,0.875,0.578125,0,0.5703125,1780301442.7482626,,,,,,,0.04574608684559655,0.0859375,0,960,0.078125,456,56450.3173828125,0,3e-06,0.078125,0,,37.780698388814926,78.007681435,,41,0,0.0,0.091064453125,,0.0006199999802447564,,,,0.0012350000133665162,,-0.875,-0.026171507313847542,0.0005774999749519338,0,0,0.1494140625,1345014.0,0.5703125,0.1171875,,,1,15,0,0.0078125,0.875,,,0.0625,,,,,89.15149688720703,,0.1494140625,,-0.875,0.0030974999845057027,,,-1.5155761502683163e-05,0,,1573.590332941,,155.2317282219999,0.140625,54.27599369100017,,0.140625,0,,,0,1,0.0078125,0.1171875,,0,0.6327409744262695,9,
,0.00019217432644202983,0.0,20825.998306274414,2081.97222134247,6.774046200999919,0.22541513999999552,,10,51.819801330566406,0,0,,,,204.927734375,-0.01116197183728218,,0.2663674530001572,499.22300831595203,0,0,190.13741540908813,0.00033750001193766366,0.4375,,0.000462984906789643,0,160.625,-6.926288324393681e-05,0.5081640481948853,,,166.43737915799989,,0.1015625,1192.9609375,0,,0.001095000015993719,,,4096,,0,0.0002049999920927803,0.05637503576581886,,,837,0.19324450113344938,22.47143445300003,,55,0,0.875,0.5625,0,0.5625,1780301609.2203665,,,,,,,0.0479358359820628,0.1015625,0,969,0.0546875,512,56778.690338134766,0,3e-06,0.0546875,0,,35.746216773986816,78.13985857400007,,39,0,0.0,0.108642578125,,0.0007299999538190605,,,,0.0011074999974880484,,-0.75,-0.01116197183728218,0.0005349999696591112,0,0,0.126953125,1386072.0,0.5625,0.1796875,,,1,12,0,0.0,0.875,,,0.0537109375,,,,,89.16405868530273,,0.126953125,,-0.75,0.0034499998946557753,,,-6.378977559506893e-06,0,,1730.073793601,,166.43737915799989,0.1015625,58.55803374900006,,0.1015625,0,,,0,1,0.0,0.1796875,,0,0.5982723832130432,10,
,0.00019640307543130527,0.0,20967.82875061035,2162.11988590652,,0.20817190399998253,,11,51.5514030456543,0,0,,,,204.927734375,-0.015166088938713074,,0.26576792799983195,460.3317154030083,0,0,190.13741540908813,0.0003425000159040792,0.3984375,,0.0001633084343666269,0,168.8828125,-1.741404742006125e-05,0.45542702078819275,,,156.4640343049998,,0.109375,1152.578125,0,,0.0009949999366654083,,,4096,,0,0.0002750000476225978,0.05732189096022989,,,770,0.1693774975137785,22.325770234000174,,47,0,0.875,0.6015625,0,0.6015625,1780301765.7038157,,,,,,,0.04752910461092659,0.109375,0,977,0.0625,563,56102.317810058594,0,3e-06,0.0625,0,,35.951945930719376,77.56660712200005,,53,0,0.0,0.07470703125,,0.0005850000093232666,,,,0.001092499928745383,,-0.875,-0.015166088938713074,0.000562500076739525,0,0,0.1298828125,1353176.0,0.6015625,0.15625,,,1,15,0,0.0,0.875,,,0.0458984375,,,,,90.68346405029297,,0.1298828125,,-0.875,0.0036699998418043833,,,8.024508133530617e-07,0,,1884.424953682,,156.4640343049998,0.0703125,56.095750425999995,,0.0703125,0,,,0,1,0.0,0.15625,,0,0.6226996183395386,11,
,0.00019605717502708104,0.0,20970.52001953125,2166.7574434793655,,0.20451811199973235,,12,50.442962646484375,0,0,,,,204.927734375,-0.018509209156036377,,0.26223470600007204,483.5888027249748,0,0,190.13741540908813,0.00024999997094710125,0.390625,,0.00031709981158201117,0,155.65625,-5.387269827394903e-05,0.4067513644695282,,,154.3253034649997,,0.109375,1150.537109375,0,,0.0011700000186465331,,,4096,,0,0.00030999990485724993,0.058001221354544205,,,809,0.22768975759390742,22.278517371999897,,48,0,0.875,0.6171875,0,0.609375,1780301920.054966,,,,,,,0.04583327438441604,0.109375,0,976,0.0546875,613,56089.012145996094,0,3e-06,0.0546875,0,,35.713694989681244,77.57906961299977,,53,0,0.0,0.1337890625,,0.000624999984211172,,,,0.0011175001191077172,,-0.875,-0.018509209156036377,0.0005900001269765198,0,0,0.1240234375,1337542.0,0.609375,0.1796875,,,1,7,0,0.0078125,0.875,,,0.046875,,,,,90.6115837097168,,0.1240234375,,-0.875,0.0031975000638340134,,,-4.9852533265948296e-06,0,,2040.013118224,,154.3253034649997,0.0390625,53.998472215999755,,0.0390625,0,,,0,1,0.0078125,0.1796875,,0,0.5943851470947266,12,
,0.0002025272994389727,0.0,21645.082473754883,2107.7798127966375,,0.21472512799982724,,13,50.58032989501953,0,0,,,,204.927734375,-0.024524090811610222,,0.26564635000022463,480.5973599734425,0,0,190.13741540908813,0.00034499998946557753,0.515625,,0.00029858586776754237,0,142.5703125,-3.535610073868156e-05,0.5189619064331055,,,155.57329471000003,,0.1328125,1138.3447265625,0,,0.0009800000952964183,,,4096,,0,0.0002474998836987652,0.05966959945626037,,,808,0.177298003109172,22.25486175700007,,54,0,0.875,0.484375,0,0.484375,1780302075.643171,,,,,,,0.04681427123744825,0.1328125,0,970,0.0625,679,56104.248046875,0,3e-06,0.0625,0,,35.934463143348694,78.2660478140001,,39,0,0.0,0.09228515625,,0.0005749999445470166,,,,0.0011100000847363845,,-0.875,-0.024524090811610222,0.0005200000714467023,0,0,0.1533203125,1311657.0,0.484375,0.2265625,,,1,5,0,0.0,0.875,,,0.052734375,,,,,90.58036422729492,,0.1533203125,,-0.875,0.004394750249048229,,,2.8140726499259472e-05,0,,2193.198086702,,155.57329471000003,0.09375,54.569757482000114,,0.09375,0,,,0,1,0.0,0.2265625,,0,0.6174638271331787,13,
,0.00020310394519760386,0.0,21169.666290283203,2188.2659212221133,,0.21023828800025512,,14,50.67416763305664,0,0,,,,204.927734375,-0.025626525282859802,,0.27229496000018116,504.24572620965773,0,0,190.13741540908813,0.0003475001904007513,0.390625,,0.00020120698400205583,0,139.6796875,-1.3486733848822041e-05,0.4714318513870239,,,153.16557130899992,,0.078125,1169.56640625,0,,0.0009575001058692578,,,4096,,0,0.0002824999683070928,0.05781505445718099,,,812,0.2201819879701361,22.181085266000082,,52,0,0.875,0.609375,0,0.609375,1780302228.8281324,,,,,,,0.044244741016469066,0.078125,0,972,0.0625,729,55799.285888671875,0,3e-06,0.0625,0,,37.36727684736252,77.51079342899993,,41,0,0.0,0.098388671875,,0.0005974999339741771,,,,0.00112500015347905,,-0.75,-0.025626525282859802,0.0005274998784443596,0,0,0.1240234375,1340668.0,0.609375,0.1328125,,,1,3,0,0.0,0.875,,,0.05078125,,,,,90.624267578125,,0.1240234375,,-0.75,0.0042274996303603984,,,4.36883419752121e-06,0,,2347.082643573,,153.16557130899992,0.1171875,52.98909465199995,,0.1171875,0,,,0,1,0.0,0.1328125,,0,0.5792180299758911,14,
,0.00020211050130759467,0.0,20665.477752685547,2130.64985275322,,0.21522755700016205,,15,51.22199249267578,0,0,,,,204.927734375,-0.016818275675177574,,0.2650378080002156,493.075754481426,0,0,190.13741540908813,0.0002672500158951152,0.46875,,0.00042386270934002823,0,147.8515625,3.8362775342193345e-05,0.44857025146484375,,,153.8674923880003,,0.1484375,1132.7646484375,0,,0.0009325000291937613,,,4096,,0,0.00018750006347545423,0.05865269364266327,,,807,0.17572048818692565,22.16405429600036,,46,0,0.875,0.53125,0,0.53125,1780302382.71269,,,,,,,0.04681791901382036,0.1484375,0,978,0.0625,789,55718.46008300781,0,3e-06,0.0625,0,,37.07103058695793,76.91426846100012,,39,0,0.0,0.1103515625,,0.0005574999022428528,,,,0.0012775001323461765,,-0.875,-0.016818275675177574,0.0006074999419070082,0,0,0.1533203125,1311351.0,0.53125,0.1640625,,,1,20,0,0.0,0.875,,,0.044921875,,,,,90.64842987060547,,0.1533203125,,-0.875,0.004290000106266234,,,-2.1830201148986816e-06,0,,2504.643396122,,153.8674923880003,0.09375,54.30649197799994,,0.09375,0,,,0,1,0.0,0.1640625,,0,0.5339469909667969,15,
,0.00019341037537850755,0.0,21247.713088989258,2200.579157482585,,0.22928504700030317,,16,52.61414337158203,0,0,,,,204.927734375,-0.02256791479885578,,0.26816232500004844,578.6424021384883,0,0,190.13741540908813,0.0003897498572769109,0.4375,,0.0002915292179750395,0,168.140625,2.8294522167016112e-05,0.44500482082366943,,,157.51467009099997,,0.078125,1185.857421875,0,,0.0010674999657567241,,,4096,,0,0.00026750001325126505,0.05698008268193003,,,756,0.22492225980386138,22.676627756000016,,65,0,0.875,0.5625,0,0.5625,1780302540.2732646,,,,,,,0.045569357570257575,0.078125,0,959,0.0703125,845,57139.060974121094,0,3e-06,0.0703125,0,,36.89367324113846,79.00254275799989,,40,0,0.0,0.12109375,,0.0005924998731643427,,,,0.001117500232794555,,-0.75,-0.02256791479885578,0.0006575000952580012,0,0,0.130859375,1386494.0,0.5625,0.203125,,,1,3,0,0.0,0.875,,,0.0634765625,,,,,90.58496475219727,,0.130859375,,-0.75,0.0036050000744580757,,,1.0056421160697937e-05,0,,2661.877731762,,157.51467009099997,0.0859375,55.335691146000045,,0.0859375,0,,,0,1,0.0,0.203125,,0,0.5896076560020447,16,
,0.00020097116726732427,0.0,21057.090759277344,2162.459852206503,,0.2243220749996908,,17,51.965354919433594,0,0,,,,204.927734375,-0.023914406076073647,,0.2732753679997586,592.5576741564146,0,0,190.13741540908813,0.0003100001322309254,0.4453125,,0.00026061748485517455,0,170.34375,-1.7688545327132488e-05,0.4475378096103668,,,157.2022248889998,,0.1328125,1157.560546875,0,,0.0009675000001152512,,,4096,,0,0.0002750000476225978,0.05765585725127837,,,813,0.2550015051383525,22.580553363000035,,64,0,0.875,0.5625,0,0.5546875,1780302697.507828,,,,,,,0.04700946269768554,0.1328125,0,960,0.0625,902,56712.75329589844,0,3e-06,0.0625,0,,36.27156466245651,78.39893563799978,,39,0,0.0,0.0751953125,,0.0006400000529538374,,,,0.0011449999419710366,,-0.875,-0.023914406076073647,0.000592499759477505,0,0,0.1494140625,1359774.0,0.5546875,0.140625,,,1,18,0,0.0078125,0.875,,,0.0625,,,,,90.70596694946289,,0.1494140625,,-0.875,0.003412500063859625,,,-2.9159709811210632e-06,0,,2817.276437857,,157.2022248889998,0.1015625,55.72229053299998,,0.1015625,0,,,0,1,0.0078125,0.140625,,0,0.5917864441871643,17,
,0.00019785448947991758,0.0078125,21287.78076171875,2225.637047046634,,0.21383385299986912,,18,51.756385803222656,0,0,,,,204.927734375,-0.021893486380577087,,0.27365036800028975,470.98155150320963,0,0,190.13741540908813,0.0002450000238241046,0.3984375,,8.525938392267562e-05,0,163.2109375,9.847755575265182e-05,0.4611477851867676,,,155.3587771460002,,0.1015625,1187.4619140625,0,,0.00110500002392655,,,4096,,0,0.00023249992864293745,0.056675849964102125,,,1024,0.17663749167695642,22.440944976000083,,54,0,0.875,0.625,0,0.6015625,1780302852.9064937,,,,,,,0.044442609801630256,0.1015625,0,970,0.0546875,953,56591.77780151367,0,3e-06,0.0546875,0,,37.02079877257347,78.38774465100005,,57,0,0.0,0.1568603515625,,0.0005000000555810402,,,,0.0011424999684095383,,-0.75,-0.021893486380577087,0.0005525000688066939,0,0,0.1416015625,1383089.0,0.6015625,0.140625,,,1,5,0,0.0234375,0.875,,,0.052734375,,,,,90.71109390258789,,0.1416015625,,-0.75,0.003322500106150983,,,8.23591835796833e-06,0,,2977.69507139,,155.3587771460002,0.078125,54.04048025700013,,0.078125,0,,,0,1,0.0234375,0.140625,,0,0.5250270366668701,18,
,0.0001895018866463109,0.0,21093.297958374023,2214.5523037991506,,0.2202923679997184,,19,52.59785461425781,0,0,,,,204.927734375,-0.009839070960879326,,0.2692395429999124,464.48043412010884,0,0,190.13741540908813,0.0002775000211840961,0.390625,,0.00019788551253441256,0,154.5234375,-4.085338220249923e-05,0.48480144143104553,,,160.39077035599985,,0.09375,1232.9521484375,0,,0.0009099999260797631,,,4096,,0,0.0002775000211840961,0.05516237445760254,,,806,0.1508032437413931,22.539099117000205,,57,0,0.875,0.6171875,0,0.609375,1780303013.3251467,,,,,,,0.04672033311499119,0.09375,0,967,0.046875,1003,56777.62985229492,0,3e-06,0.046875,0,,37.75603696703911,78.37332257000025,,51,0,0.0,0.3525390625,,0.0004800000397153781,,,,0.0012375001006148523,,-0.875,-0.009839070960879326,0.0005400000873123645,0,0,0.1298828125,1420775.0,0.609375,0.1171875,,,1,2,0,0.0078125,0.875,,,0.0556640625,,,,,90.69891357421875,,0.1298828125,,-0.875,0.0037625002278218744,,,-1.2260396033525467e-05,0,,3143.347917819,,160.39077035599985,0.125,58.98642953200033,,0.125,0,,,0,1,0.0078125,0.1171875,,0,0.5715201497077942,19,
,0.00019563912391934235,0.0,21350.170135498047,2071.1919013870247,7.906721770999866,0.21703129299976354,,20,51.10854721069336,0,0,,,,204.927734375,-0.013371325097978115,,0.2684027920004155,474.47096891721594,0,0,190.13741540908813,0.0003625000317697413,0.4140625,,0.0003109819322162366,0,162.984375,-4.029652023618269e-05,0.4243728518486023,,,165.59643738000022,,0.1015625,1176.7890625,0,,0.000995000050352246,,,4096,,0,0.000305000071421091,0.05733736283026525,,,735,0.17988024046644568,22.571268960999987,,62,0,0.875,0.59375,0,0.5859375,1780303178.97793,,,,,,,0.04644490655517847,0.1015625,0,962,0.046875,1056,56796.5087890625,0,3e-06,0.046875,0,,41.39716178178787,78.66273351300015,,41,0,0.0,0.1748046875,,0.0006975000133024878,,,,0.0010274999340253999,,-0.75,-0.013371325097978115,0.0005749999445470166,0,0,0.1240234375,1371928.0,0.5859375,0.171875,,,1,3,0,0.0078125,0.875,,,0.060546875,,,,,90.63592910766602,,0.1240234375,,-0.75,0.002615000084915664,,,2.0112143829464912e-05,0,,3302.233850618,,165.59643738000022,0.0859375,55.96759863599982,,0.0859375,0,,,0,1,0.0078125,0.171875,,0,0.5236817598342896,20,
,0.00019523116727548063,0.0,21129.32586669922,2157.1241937087407,,0.22078242599991427,,21,53.10935592651367,0,0,,,,204.927734375,-0.013679314404726028,,0.26761097500002506,476.7605827182997,0,0,190.13741540908813,0.0002599999788799323,0.453125,,0.0004058590648128302,0,146.171875,7.653905447568832e-05,0.5913878083229065,,,158.86185459299986,,0.0703125,1192.4404296875,0,,0.001037499941958231,,,4096,,0,0.0002824999683070928,0.05667131257008078,,,705,0.21075751283206046,22.261125826999887,,58,0,0.875,0.5546875,0,0.546875,1780303337.8638325,,,,,,,0.04785083070678803,0.0703125,0,966,0.078125,1114,56031.8603515625,0,3e-06,0.078125,0,,43.413497507572174,77.68157832099996,,41,0,0.0,0.082275390625,,0.0005125000370753696,,,,0.0012174999710623524,,-0.875,-0.013679314404726028,0.0005599998758043512,0,0,0.1533203125,1370739.0,0.546875,0.15625,,,1,29,0,0.0078125,0.875,,,0.056640625,,,,,90.63744354248047,,0.1533203125,,-0.875,0.0033949997941817855,,,1.2159929610788822e-05,0,,3453.873702926,,158.86185459299986,0.140625,58.42868749199988,,0.140625,0,,,0,1,0.0078125,0.15625,,0,0.49929651618003845,21,
,0.00021196324501371783,0.0,20786.048889160156,2004.5001424200607,,0.2109178549999342,,22,49.603797912597656,0,0,,,,204.927734375,-0.019660335034132004,,0.25768350499993176,566.7277379639127,0,0,190.13741540908813,0.0003074999312957516,0.4453125,,0.00019664020101117785,0,134.8984375,-6.333875930408794e-06,0.5005293488502502,,,151.62121646600008,,0.1015625,1052.3076171875,0,,0.0010874998679355485,,,4096,,0,0.0002472501137162908,0.06285456092832215,,,721,0.19818724831566215,21.961035995000202,,37,0,0.875,0.5546875,0,0.5546875,1780303489.5035996,,,,,,,0.04897812046070617,0.1015625,0,987,0.140625,1171,55022.86911010742,0,3e-06,0.140625,0,,36.375612020492554,76.41222686600031,,47,0,0.0,0.08642578125,,0.0006225000106496736,,,,0.001132500074163545,,-0.875,-0.019660335034132004,0.0005924999868511804,0,0,0.173828125,1215699.0,0.5546875,0.140625,,,1,38,0,0.0,0.875,,,0.0361328125,,,,,90.7206802368164,,0.173828125,,-0.875,0.003339750037412159,,,2.3490749299526215e-05,0,,3609.763549972,,151.62121646600008,0.0625,52.77701041799992,,0.0625,0,,,0,1,0.0,0.140625,,0,0.51474928855896,22,
,0.00019390719510477532,0.0,21206.43424987793,2189.329761605428,,0.21953921699969214,,23,51.21150588989258,0,0,,,,204.927734375,-0.013302821666002274,,0.26466935999997077,496.65881275953143,0,0,190.13741540908813,0.00031249987841874827,0.390625,,0.0001585499917382549,0,155.328125,-3.9743544514081464e-05,0.4476797878742218,,,155.86139922099983,,0.0546875,1177.609375,0,,0.00117474996841338,,,4096,,0,0.0002775000211840961,0.05754725347197781,,,794,0.25219900999218225,22.51571907699963,,57,0,0.875,0.6171875,0,0.609375,1780303645.3935974,,,,,,,0.045037848446601546,0.0546875,0,967,0.0703125,1221,56808.712005615234,0,3e-06,0.0703125,0,,35.79322248697281,78.54785758699973,,31,0,0.0,0.056396484375,,0.0007500000265281415,,,,0.0010224999869024032,,-0.875,-0.013302821666002274,0.0005475000079968595,0,0,0.125,1364928.0,0.609375,0.1953125,,,1,27,0,0.0078125,0.875,,,0.0556640625,,,,,90.65314865112305,,0.125,,-0.875,0.003012500201293733,,,6.6123902797698975e-06,0,,3769.865140915,,155.86139922099983,0.0625,54.3098803820003,,0.0625,0,,,0,1,0.0078125,0.1953125,,0,0.49786290526390076,23,
,0.00019814288717533816,0.0,21578.506469726562,2109.6893465013945,,0.2245670140000584,,24,51.71451187133789,0,0,,,,204.927734375,-0.007177842780947685,,0.26767360399981044,564.1160597909766,0,0,190.13741540908813,0.0002875000291169272,0.4375,,0.0005026439257562743,0,153.5703125,-7.665356933728162e-05,0.45054253935813904,,,160.08423257200002,,0.0546875,1165.6796875,0,,0.0010249999604639015,,,4096,,0,0.0003200000264769187,0.05797687479569386,,,766,0.24431926431134343,22.35765470499973,,54,0,0.875,0.578125,0,0.5625,1780303805.4950736,,,,,,,0.04935243733873063,0.0546875,0,970,0.0390625,1277,56142.65060424805,0,3e-06,0.0390625,0,,36.13115847110748,78.32165588400039,,44,0,0.0,0.070068359375,,0.0007150000556066516,,,,0.0013074995877104811,,-0.75,-0.007177842780947685,0.000552499614059343,0,0,0.1181640625,1350912.0,0.5625,0.234375,,,1,13,0,0.015625,0.875,,,0.052734375,,,,,90.63915634155273,,0.1181640625,,-0.75,0.003065000100832549,,,3.4842523746192455e-05,0,,3929.613475407,,160.08423257200002,0.09375,58.909832943999845,,0.09375,0,,,0,1,0.015625,0.234375,,0,0.4888429641723633,24,
,0.00020248115877945312,0.0,21366.310119628906,2154.1500316708953,,0.22117824900033156,,25,53.070533752441406,0,0,,,,204.927734375,-0.025388585403561592,,0.2786138719993687,574.9275907442207,0,0,190.13741540908813,0.0002775000211840961,0.421875,,8.615217120677698e-05,0,151.1484375,5.3589454950042636e-05,0.4482436776161194,,,159.69163936699988,,0.09375,1192.6005859375,0,,0.0011175000054208795,,,4096,,0,0.00026500015337660443,0.057112978447659134,,,722,0.2038100064964965,22.643286793999323,,64,0,0.875,0.5859375,0,0.578125,1780303965.2434134,,,,,,,0.047459789081109746,0.09375,0,960,0.078125,1331,56603.09600830078,0,3e-06,0.078125,0,,42.85608232021332,78.58740123100051,,41,0,0.0,0.079345703125,,0.0006724999366269913,,,,0.001037499941958231,,-0.875,-0.025388585403561592,0.0005675001375493594,0,0,0.146484375,1375999.0,0.578125,0.140625,,,1,5,0,0.0078125,0.875,,,0.0625,,,,,90.66471099853516,,0.146484375,,-0.875,0.003682499709611875,,,5.5730342864990234e-06,0,,4084.610073086,,159.69163936699988,0.1015625,57.958986001000085,,0.1015625,0,,,0,1,0.0078125,0.140625,,0,0.49642688035964966,25,
,0.0002138340995484898,0.0,20755.905151367188,2022.8484834460182,,0.20650491299966234,,26,49.70600509643555,0,0,,,,204.927734375,-0.021347759291529655,,0.26810134500010463,559.506460497214,0,0,190.13741540908813,0.000292500317300437,0.4296875,,0.00017805765378398064,0,134.03125,6.389141829288292e-05,0.5803333520889282,,,154.95253478700033,,0.109375,1090.365234375,0,,0.0010624999049468897,,,4096,,0,0.00022250014808378182,0.061575484752532314,,,706,0.2367267443332821,22.259850942999947,,49,0,0.875,0.578125,0,0.5703125,1780304120.240125,,,,,,,0.04927155823736677,0.109375,0,975,0.0625,1386,55849.67803955078,0,3e-06,0.0625,0,,36.90006583929062,77.20223442399947,,49,0,0.0,0.081298828125,,0.000580000005356851,,,,0.0012074999631295213,,-0.875,-0.021347759291529655,0.0007100002221704926,0,0,0.1435546875,1253782.0,0.5703125,0.1796875,,,1,16,0,0.0078125,0.875,,,0.0478515625,,,,,90.71932983398438,,0.1435546875,,-0.875,0.0039050000850693323,,,1.295947004109621e-05,0,,4239.556195961,,154.95253478700033,0.0703125,55.01337000500007,,0.0703125,0,,,0,1,0.0078125,0.1796875,,0,0.5026360154151917,26,
,0.00019943525805630113,0.0,21376.64222717285,2151.399858027907,,0.2069719109995276,,27,50.93339538574219,0,0,,,,204.927734375,-0.015169817954301834,,0.2658517859999847,466.28253794574994,0,0,190.13741540908813,0.00022499989427160472,0.4296875,,0.0003895802665283554,0,147.5703125,8.856535222179218e-05,0.4655592143535614,,,154.9018183469998,,0.1015625,1154.2099609375,0,,0.00099249996310391,,,4096,,0,0.00028250019568076823,0.0585317454702587,,,756,0.17205024778377265,22.294144184999823,,52,0,0.875,0.578125,0,0.5703125,1780304275.186223,,,,,,,0.045780794585210005,0.1015625,0,972,0.109375,1441,56144.351959228516,0,3e-06,0.109375,0,,36.705534905195236,78.02416294200066,,50,0,0.0,0.127685546875,,0.0005275001058180351,,,,0.0011475001429062104,,-0.875,-0.015169817954301834,0.0005775000317953527,0,0,0.1572265625,1333023.0,0.5703125,0.1640625,,,1,65,0,0.0078125,0.875,,,0.05078125,,,,,90.46679306030273,,0.1572265625,,-0.875,0.004880000233242754,,,-1.4617457054555416e-05,0,,4392.475562588,,154.9018183469998,0.046875,54.108824709000146,,0.046875,0,,,0,1,0.0078125,0.1640625,,0,0.4985828697681427,27,
,0.00021872290421639116,0.0,20934.86785888672,2052.620432844225,,0.22344583199992485,,28,49.52909469604492,0,0,,,,204.927734375,-0.01954747922718525,,0.2745641740002611,584.2090772841766,0,0,190.13741540908813,0.00027749979381042067,0.4296875,,0.00033817083021858707,0,143.234375,-8.006979997077224e-05,0.4343917667865753,,,152.8906635530002,,0.09375,1082.650390625,0,,0.0011422503121139016,,,4096,,0,0.0002849997144949157,0.06158553940234528,,,670,0.16705499729141593,22.324509545999717,,51,0,0.875,0.578125,0,0.5703125,1780304428.1055708,,,,,,,0.04758748925163741,0.09375,0,973,0.0625,1496,55753.562927246094,0,3e-06,0.0625,0,,35.88208183646202,77.30869712500044,,42,0,0.0,0.098388671875,,0.000602500222157687,,,,0.0011449999419710366,,-0.875,-0.01954747922718525,0.0006425000265153358,0,0,0.1376953125,1255306.0,0.5703125,0.171875,,,1,109,0,0.0078125,0.875,,,0.0498046875,,,,,90.63675308227539,,0.1376953125,,-0.875,0.004029999672638951,,,-2.0755687728524208e-05,0,,4550.248986084,,152.8906635530002,0.09375,52.75710855899979,,0.09375,0,,,0,1,0.0078125,0.171875,,0,0.4801393747329712,28,
,0.00019656197797105688,0.0,21345.640182495117,2138.5918674513428,,0.2326421420002589,,29,51.12162780761719,0,0,,,,204.927734375,-0.008583219721913338,,0.2652452539996375,544.8279144845874,0,0,190.13741540908813,0.000360000058208243,0.421875,,0.0001185129062832857,0,154.765625,-2.5957540913168486e-05,0.5704309940338135,,,157.74667206699996,,0.09375,1163.0302734375,0,,0.0010549999842623947,,,4096,,0,0.00023999996301427018,0.05827084608903192,,,812,0.17085000581573695,22.55267074800031,,54,0,0.875,0.5859375,0,0.578125,1780304585.8789682,,,,,,,0.04707303432574055,0.09375,0,970,0.046875,1550,56702.92663574219,0,3e-06,0.046875,0,,38.447462022304535,78.63201994199972,,44,0,0.0,0.07080078125,,0.0004900000476482091,,,,0.001162499756901525,,-0.75,-0.008583219721913338,0.0004650003120332258,0,0,0.12890625,1349423.0,0.578125,0.15625,,,1,43,0,0.0078125,0.875,,,0.052734375,,,,,90.68222427368164,,0.12890625,,-0.75,0.003124749582639197,,,1.1920812539756298e-05,0,,4717.548374622,,157.74667206699996,0.1171875,56.06130071900043,,0.1171875,0,,,0,1,0.0078125,0.15625,,0,0.49909770488739014,29,
,0.00018956000351855063,0.0,21261.348724365234,2124.1530128555673,8.707585944999664,0.2249111470000571,,30,52.99419403076172,0,0,,,,204.927734375,-0.010780430398881435,,0.26938846000030026,500.21177729286137,0,0,190.13741540908813,0.0002474998836987652,0.359375,,0.00036996740755057544,0,166.4609375,7.595236553470386e-05,0.580066442489624,,,167.25784246700005,,0.0625,1221.3564453125,0,,0.0009350003438157728,,,4096,,0,0.00021499977265193593,0.05543089981599038,,,717,0.22259674733504653,22.57988600599947,,68,0,0.875,0.640625,0,0.640625,1780304753.1783588,,,,,,,0.045335486444455314,0.0625,0,956,0.015625,1596,56975.372314453125,0,3e-06,0.015625,0,,37.07460314035416,78.77423750099933,,48,0,0.0,0.0567626953125,,0.0006075003966543591,,,,0.0012074999631295213,,-0.875,-0.010780430398881435,0.000617500063526677,0,0,0.080078125,1421125.0,0.640625,0.21875,,,1,28,0,0.0,0.875,,,0.06640625,,,,,90.65492248535156,,0.080078125,,-0.875,0.0036550000004353933,,,1.4096265658736229e-05,0,,4874.223110055,,167.25784246700005,0.0625,56.69968749600048,,0.0625,0,,,0,1,0.0,0.21875,,0,0.505370020866394,30,
,0.0001906725376487282,0.0,20749.68910217285,2258.7654749379512,,0.23167305700008,,31,52.261356353759766,0,0,,,,204.927734375,-0.030723055824637413,,0.2698847739993653,512.1275994970492,0,0,190.13741540908813,0.000360000058208243,0.4609375,,0.0005933591592111043,0,171.390625,6.359405392686313e-05,0.555564284324646,,,156.66035448399998,,0.0859375,1210.87109375,0,,0.0010549997568887193,,,4096,,0,0.00029249986255308613,0.05495251430230688,,,837,0.19560199871193618,22.398192484999527,,65,0,0.875,0.5390625,0,0.5390625,1780304909.8531768,,,,,,,0.04514484754405907,0.0859375,0,959,0.046875,1655,56481.98699951172,0,3e-06,0.046875,0,,37.76088356971741,77.78176703400004,,43,0,0.0,0.070556640625,,0.0006024999947840115,,,,0.00112500015347905,,-0.875,-0.030723055824637413,0.0005575000159296906,0,0,0.1279296875,1415436.0,0.5390625,0.2109375,,,1,84,0,0.0,0.875,,,0.0634765625,,,,,90.6796875,,0.1279296875,,-0.875,0.002854750164260622,,,1.3562035746872425e-05,0,,5027.459513404,,156.66035448399998,0.1171875,55.97654110500025,,0.1171875,0,,,0,1,0.0,0.2109375,,0,0.5027679800987244,31,
,0.0002140668305366994,0.0,20322.36671447754,2085.875863851399,,0.21663147900017066,,32,49.58350372314453,0,0,,,,204.927734375,-0.02431539259850979,,0.27363049799987493,509.8936100857536,0,0,190.13741540908813,0.0003350003225932596,0.5,,0.0001900642782857176,0,156.3359375,2.6165552711177043e-05,0.4675223231315613,,,153.20278907199918,,0.1171875,1091.953125,0,,0.000985000042419415,,,4096,,0,0.00028500016924226657,0.0599709149116603,,,806,0.2354614989599213,22.161534670000037,,51,0,0.875,0.5,0,0.5,1780305063.0895362,,,,,,,0.04819545898172008,0.1171875,0,973,0.1171875,1719,55788.65051269531,0,3e-06,0.1171875,0,,36.54944524168968,76.65770204399996,,43,0,0.0,0.07421875,,0.000565000163987861,,,,0.001005000058285077,,-0.875,-0.02431539259850979,0.00041999987843155395,0,0,0.1767578125,1278248.0,0.5,0.1875,,,1,111,0,0.0,0.875,,,0.0498046875,,,,,90.63704299926758,,0.1767578125,,-0.875,0.002705000042624306,,,-2.1799816749989986e-05,0,,5182.701268778,,153.20278907199918,0.078125,53.89023441500012,,0.078125,0,,,0,1,0.0,0.1875,,0,0.5158653259277344,32,
,0.00019913129860060365,0.0,20808.517456054688,2140.8656852851573,,0.23489831599999889,,33,50.871131896972656,0,0,,,,204.927734375,-0.02168404310941696,,0.2646624220005833,576.6967568124383,0,0,190.13741540908813,0.0002725003014347749,0.390625,,0.0003062333421439689,0,152.984375,-4.838537711293611e-05,0.42235541343688965,,,155.20415516200046,,0.1015625,1144.9501953125,0,,0.0008925001111492747,,,4096,,0,0.00022499989427160472,0.0586077245992544,,,860,0.17054524505510926,22.586781464000524,,54,0,0.875,0.6171875,0,0.609375,1780305218.331357,,,,,,,0.04624663469770847,0.1015625,0,970,0.09375,1769,56473.04153442383,0,3e-06,0.09375,0,,36.214154213666916,77.89464764900004,,44,0,0.0,0.0697021484375,,0.0005447502644528868,,,,0.0009675000001152512,,-0.875,-0.02168404310941696,0.0005274998784443596,0,0,0.146484375,1329085.0,0.609375,0.140625,,,1,96,0,0.0078125,0.875,,,0.052734375,,,,,90.75614547729492,,0.146484375,,-0.875,0.0037724998946941923,,,-2.430868335068226e-06,0,,5338.293265292,,155.20415516200046,0.046875,54.22089567199964,,0.046875,0,,,0,1,0.0078125,0.140625,,0,0.4960424304008484,33,
,0.0002082906361540436,0.0,21362.218856811523,2177.410210790962,,0.21611549499993998,,34,51.422794342041016,0,0,,,,204.927734375,-0.02195889502763748,,0.28215570300017134,576.9456828939001,0,0,190.13741540908813,0.0002350000158912735,0.453125,,0.00021689849836548092,0,161.4375,4.2271420517270286e-05,0.4511610269546509,,,155.5316716719999,,0.1328125,1161.4384765625,0,,0.001059999704011716,,,4096,,0,0.0004000003173132427,0.057706559617606186,,,818,0.19344226166140288,22.475791476000268,,49,0,0.875,0.546875,0,0.546875,1780305373.9233072,,,,,,,0.0457275409425436,0.1328125,0,975,0.0859375,1827,56194.793701171875,0,3e-06,0.0859375,0,,36.58979386091232,78.17074832199978,,41,0,0.0,0.075927734375,,0.0005724998572986806,,,,0.0010799999472510535,,-0.875,-0.02195889502763748,0.0005575000159296906,0,0,0.1513671875,1354625.0,0.546875,0.171875,,,1,70,0,0.0,0.875,,,0.0478515625,,,,,90.80798721313477,,0.1513671875,,-0.875,0.0029400000585155794,,,1.564924605190754e-05,0,,5492.527267429,,155.5316716719999,0.0625,54.38435890099936,,0.0625,0,,,0,1,0.0,0.171875,,0,0.4831918179988861,34,
,0.00020755926528770718,0.0,21187.847137451172,2153.636645887922,,0.22130869499960681,,35,50.873985290527344,0,0,,,,204.927734375,-0.024196473881602287,,0.2756901789998665,557.9143348108919,0,0,190.13741540908813,0.00034499998946557753,0.359375,,0.00027528521422937047,0,150.4375,5.800446962211936e-05,0.5122112035751343,,,154.18664083099975,,0.0703125,1146.6796875,0,,0.0010374997145845555,,,4096,,0,0.00019249978322477546,0.0586904475399172,,,756,0.1712299999780953,22.4448294799995,,58,0,0.875,0.6484375,0,0.640625,1780305528.1573086,,,,,,,0.04538166430250423,0.0703125,0,966,0.078125,1873,56174.31640625,0,3e-06,0.078125,0,,35.21384298801422,77.95546956399994,,44,0,0.0,0.068603515625,,0.0005775000317953527,,,,0.0010675000794435618,,-0.875,-0.024196473881602287,0.0004574999366013799,0,0,0.1259765625,1328248.0,0.640625,0.140625,,,1,7,0,0.0078125,0.875,,,0.056640625,,,,,90.80598449707031,,0.1259765625,,-0.875,0.002935000338766258,,,2.4610664695501328e-05,0,,5647.913369212,,154.18664083099975,0.0625,53.28715022400047,,0.0625,0,,,0,1,0.0078125,0.140625,,0,0.5020325779914856,35,
,0.00020518494781971415,0.0,21999.39727783203,2155.5796975692247,,0.2322185700004411,,36,50.310794830322266,0,0,,,,204.927734375,-0.016664648428559303,,0.2748234880000382,561.6202177054656,0,0,190.13741540908813,0.0003100003596046008,0.4296875,,0.0002686270918275113,0,158.421875,6.109760834860367e-05,0.6225557923316956,,,155.34034783199968,,0.0546875,1149.580078125,0,,0.0009675000001152512,,,4096,,0,0.0002600004336272832,0.058940236895939774,,,753,0.1457155158277601,22.52506508099941,,54,0,0.875,0.578125,0,0.5703125,1780305683.5434668,,,,,,,0.04533038319104316,0.0546875,0,970,0.09375,1928,56345.62683105469,0,3e-06,0.09375,0,,37.40281239151955,78.94419965700035,,44,0,0.0,0.065185546875,,0.0005550002697418677,,,,0.0008924998837755993,,-0.875,-0.016664648428559303,0.0005375000000640284,0,0,0.1435546875,1339394.0,0.5703125,0.171875,,,1,13,0,0.0078125,0.875,,,0.052734375,,,,,90.74586486816406,,0.1435546875,,-0.875,0.003279999873484485,,,1.948443241417408e-06,0,,5814.276215597,,155.34034783199968,0.1015625,53.36156718100028,,0.1015625,0,,,0,1,0.0078125,0.171875,,0,0.4709914028644562,36,
,0.00018578270616226265,0.0,21697.664260864258,2233.37010721774,,0.24730348599950958,,37,54.532020568847656,0,0,,,,204.927734375,-0.01838013157248497,,0.2760554520000369,613.6281491155823,0,0,190.13741540908813,0.0003224997726647416,0.4375,,0.0002507576709831483,0,189.234375,8.616577378006696e-05,0.45207372307777405,,,166.3299104789994,,0.1015625,1261.8447265625,0,,0.0011650001852103742,,,4096,,0,0.00031500007935392205,0.05359026607017238,,,926,0.17448750440962613,22.842295649000334,,62,0,0.875,0.5625,0,0.5625,1780305849.906243,,,,,,,0.04901377587377113,0.1015625,0,962,0.0703125,1984,57282.09686279297,0,3e-06,0.0703125,0,,36.47316247224808,79.6300443049995,,45,0,0.0,0.06494140625,,0.0005825002062920248,,,,0.0010822500371432398,,-0.875,-0.01838013157248497,0.0005325000529410318,0,0,0.12890625,1485905.0,0.5625,0.2265625,,,1,7,0,0.0,0.875,,,0.060546875,,,,,90.81200408935547,,0.12890625,,-0.875,0.0033824996990006184,,,-2.3528700694441795e-06,0,,5974.105673481,,166.3299104789994,0.0390625,63.33212120600001,,0.0390625,0,,,0,1,0.0,0.2265625,,0,0.4892731308937073,37,
,0.00018985439679734679,0.0,21301.219940185547,2317.544670023439,,0.25785891900068236,,38,53.707786560058594,0,0,,,,204.927734375,-0.01264285296201706,,0.2811999920004382,606.2589192495216,0,0,190.13741540908813,0.00026750012693810277,0.4140625,,0.0004387632452562684,0,172.078125,1.3704444484119449e-05,0.5488612651824951,,,159.7741587419996,,0.078125,1274.3427734375,0,,0.0009675000001152512,,,4096,,0,0.0002025001322181197,0.053653321818739996,,,794,0.27117624995298684,22.84917815999961,,77,0,0.875,0.59375,0,0.5859375,1780306009.7356846,,,,,,,0.04361620607819459,0.078125,0,947,0.0625,2037,57522.911071777344,0,3e-06,0.0625,0,,37.1444970369339,79.46781281199947,,38,0,0.0,0.0614013671875,,0.0007075000212353189,,,,0.0010624999049468897,,-0.875,-0.01264285296201706,0.000492499793836032,0,0,0.12890625,1481135.0,0.5859375,0.1796875,,,1,65,0,0.0078125,0.875,,,0.0751953125,,,,,90.81230926513672,,0.12890625,,-0.875,0.003507500196064939,,,2.9206043109297752e-05,0,,6133.904751083,,159.7741587419996,0.0859375,56.91596494900023,,0.0859375,0,,,0,1,0.0078125,0.1796875,,0,0.47859954833984375,38,
,0.00019799685940881167,0.0,21884.613037109375,2147.792084553652,,0.24296205900009227,,39,52.48401641845703,0,0,,,,204.927734375,-0.0181003138422966,,0.2717215840002609,618.1712204461364,0,0,190.13741540908813,0.0003149998519802466,0.40625,,0.00024057198061200324,0,154.90625,4.645307434669732e-05,0.4242885112762451,,,159.73997318800048,,0.078125,1185.2822265625,0,,0.0009899999895424116,,,4096,,0,0.00026500015337660443,0.05804058580991943,,,759,0.20410500292200595,22.75755854700037,,72,0,0.875,0.6015625,0,0.59375,1780306169.5348206,,,,,,,0.04680891307038053,0.078125,0,952,0.0703125,2089,57112.3161315918,0,3e-06,0.0703125,0,,36.85947135090828,79.65217205800036,,33,0,0.0,0.06591796875,,0.0005474998943100218,,,,0.00115499983621703,,-0.875,-0.0181003138422966,0.0006799996299378108,0,0,0.1337890625,1372353.0,0.59375,0.1484375,,,1,82,0,0.0078125,0.875,,,0.0703125,,,,,90.83052444458008,,0.1337890625,,-0.875,0.00413999987358693,,,1.1023832485079765e-05,0,,6297.68501861,,159.73997318800048,0.1015625,56.81333525199989,,0.1015625,0,,,0,1,0.0078125,0.1484375,,0,0.4919777810573578,39,
,0.00021154983284246633,0.0078125,20841.327667236328,1978.974650556608,10.823069953999948,0.2275052049999431,,40,49.991851806640625,0,0,,,,204.927734375,-0.019815821200609207,,0.2741861419999623,638.6806371042476,0,0,190.13741540908813,0.00021500000002561137,0.4296875,,0.00023689377258051536,0,144.8125,-3.922509213794001e-05,0.4316483736038208,,,163.73163239299993,,0.125,1120.8935546875,0,,0.0009500001851847628,,,4096,,0,0.00019749995772144757,0.05981918578516956,,,1024,0.1934372412506491,22.41277965000063,,51,0,0.875,0.578125,0,0.5703125,1780306333.3149457,,,,,,,0.04570601284637073,0.125,0,973,0.0625,2144,56012.9280090332,0,3e-06,0.0625,0,,37.492554634809494,77.5306297699999,,42,0,0.0,0.073486328125,,0.0005350000265025301,,,,0.0010799999472510535,,-0.75,-0.019815821200609207,0.0006199998097144999,0,0,0.14453125,1296083.0,0.5703125,0.1328125,,,1,15,0,0.0078125,0.875,,,0.0498046875,,,,,90.77953338623047,,0.14453125,,-0.75,0.0038672501432301942,,,-2.513208892196417e-05,0,,6465.341239377,,163.73163239299993,0.1015625,52.46113301500009,,0.1015625,0,,,0,1,0.0078125,0.1328125,,0,0.492554247379303,40,
,0.00018592715043395065,0.0,22163.143157958984,2270.65152563959,,0.24308257000029698,,41,56.801795959472656,0,0,,,,204.927734375,-0.023695211857557297,,0.2830039919999763,584.3456982411299,0,0,190.13741540908813,0.00039250016925507225,0.4140625,,0.0002815139418999024,0,182.9375,-5.756898631226193e-05,0.5491410493850708,,,167.5865916470002,,0.078125,1303.5107421875,0,,0.001005000058285077,,,4096,,0,0.00020749962459376547,0.0531215635530111,,,751,0.1879427582025528,23.05493324100007,,86,0,0.875,0.5859375,0,0.5859375,1780306500.9712903,,,,,,,0.047307527158851816,0.078125,0,938,0.0234375,2197,58074.153900146484,0,3e-06,0.0234375,0,,35.71600839495659,80.85755367999991,,36,0,0.0,0.0703125,,0.0006150000899651786,,,,0.0011025001640518894,,-0.875,-0.023695211857557297,0.00047250000534404535,0,0,0.109375,1522123.0,0.5859375,0.171875,,,1,38,0,0.0,0.875,,,0.083984375,,,,,90.69700622558594,,0.109375,,-0.875,0.0031775000479683513,,,9.942450560629368e-06,0,,6630.69686475,,167.5865916470002,0.140625,63.14585071399961,,0.140625,0,,,0,1,0.0,0.171875,,0,0.5334740281105042,41,
,0.0001939820427313449,0.0078125,21621.16050720215,2172.7317123373,,0.2320956749999823,,42,53.58269500732422,0,0,,,,204.927734375,-0.023574071004986763,,0.2786377459997311,573.9206177813612,0,0,190.13741540908813,0.00034499998946557753,0.375,,0.0002618969833747542,0,174.0703125,2.212153022185248e-05,0.45787057280540466,,,165.27696353899955,,0.1171875,1228.673828125,0,,0.0010925000424322207,,,4096,,0,0.0002849999418685911,0.05536948539205406,,,1024,0.18814249779097736,22.877574625000307,,65,0,0.875,0.6328125,0,0.625,1780306666.3269556,,,,,,,0.04955880762731666,0.1171875,0,959,0.0546875,2245,57300.84991455078,0,3e-06,0.0546875,0,,37.15645521879196,79.53328251200037,,59,0,0.0,0.0682373046875,,0.0006774996563763125,,,,0.0011349998203513678,,-0.875,-0.023574071004986763,0.0005249999048828613,0,0,0.12890625,1436410.0,0.625,0.1484375,,,1,76,0,0.0078125,0.875,,,0.0634765625,,,,,90.71735382080078,,0.12890625,,-0.875,0.002814750132529298,,,-2.0738458260893822e-05,0,,6783.101078417,,165.27696353899955,0.046875,62.35300852199998,,0.046875,0,,,0,1,0.0078125,0.1484375,,0,0.4758375883102417,42,
,0.00020658117918256078,0.0,20033.10775756836,2094.5900299274895,,0.21623858700058918,,43,48.99689483642578,0,0,,,,204.927734375,-0.018602779135107994,,0.2636506759999975,584.4835793536477,0,0,190.13741540908813,0.00031500007935392205,0.4140625,,0.0003027928933079238,0,141.4453125,5.132246158945364e-05,0.5162440538406372,,,152.32778034900002,,0.1015625,1104.8994140625,0,,0.0010149999525310704,,,4096,,0,0.0002674998995644273,0.05981898624571715,,,572,0.16796524869278073,22.279739893000624,,47,0,0.875,0.5859375,0,0.5859375,1780306818.7311282,,,,,,,0.0470392791428804,0.1015625,0,977,0.0234375,2298,55691.314697265625,0,3e-06,0.0234375,0,,35.3187620639801,76.34439992900025,,39,0,0.0,0.0750732421875,,0.000580000005356851,,,,0.001137500248660217,,-0.75,-0.018602779135107994,0.0005524998414330184,0,0,0.1083984375,1276257.0,0.5859375,0.1953125,,,1,126,0,0.0,0.875,,,0.0458984375,,,,,90.72181701660156,,0.1083984375,,-0.75,0.003299999889350147,,,4.749884828925133e-05,0,,6939.025522628,,152.32778034900002,0.09375,53.221040090000315,,0.09375,0,,,0,1,0.0,0.1953125,,0,0.46259480714797974,43,
,0.00020379709558716427,0.015625,21132.604598999023,2070.0214777653855,,0.22120581199942535,,44,49.49314880371094,0,0,,,,204.927734375,-0.017828311771154404,,0.26301808599964716,602.7376607460028,0,0,190.13741540908813,0.00034249978853040375,0.3984375,,0.0002833668158928049,0,162.5,-1.8859223018807825e-05,0.4894951283931732,,,155.8664987129996,,0.0859375,1097.83984375,0,,0.0009425004918739432,,,4096,,0,0.0002625001798151061,0.06011393893868553,,,1024,0.2526842581573874,22.368147809999755,,49,0,0.875,0.6171875,0,0.6015625,1780306974.655581,,,,,,,0.049306150064757144,0.0859375,0,975,0.0625,2349,55809.303283691406,0,3e-06,0.0625,0,,37.42287680506706,77.58232822700029,,39,0,0.0,0.0689697265625,,0.0006049999683455098,,,,0.0010875003226828994,,-0.875,-0.017828311771154404,0.0004725002327177208,0,0,0.1416015625,1290588.0,0.6015625,0.15625,,,1,10,0,0.015625,0.875,,,0.0478515625,,,,,90.7266731262207,,0.1416015625,,-0.875,0.0034099996355507756,,,9.439419955015182e-06,0,,7092.946546427,,155.8664987129996,0.078125,55.4293822289992,,0.078125,0,,,0,1,0.015625,0.15625,,0,0.4448177218437195,44,
,0.00021000885301567063,0.0,20936.35368347168,2116.444195582419,,0.2203641449996212,,45,49.70703887939453,0,0,,,,204.927734375,-0.006173430476337671,,0.2735590020001837,575.4175582755997,0,0,190.13741540908813,0.0002525000581954373,0.359375,,0.00020175780446152203,0,155.546875,-9.75064078829746e-05,0.43793389201164246,,,153.86739261999992,,0.078125,1116.5302734375,0,,0.00102249964584189,,,4096,,0,0.0002575002326921094,0.059250612013446724,,,805,0.17570776981301606,22.311632400000235,,32,0,0.875,0.6484375,0,0.640625,1780307128.576541,,,,,,,0.04712476823690906,0.078125,0,992,0.0625,2395,55631.48498535156,0,3e-06,0.0625,0,,36.822643131017685,77.1802619629998,,39,0,0.0,0.059814453125,,0.0006299999313341687,,,,0.0011450003967183875,,-0.875,-0.006173430476337671,0.00048749984671303537,0,0,0.1220703125,1302607.0,0.640625,0.1328125,,,1,25,0,0.0078125,0.875,,,0.03125,,,,,90.76467514038086,,0.1220703125,,-0.875,0.0035900000057154102,,,1.6766134649515152e-05,0,,7245.01107797,,153.86739261999992,0.078125,53.87901989400052,,0.078125,0,,,0,1,0.0078125,0.1328125,,0,0.4781452417373657,45,
,0.00021371278577869704,0.0,20874.95231628418,2112.9089012782206,,0.21822030799921777,,46,49.29096984863281,0,0,,,,204.927734375,-0.014444860629737377,,0.27460212300047715,588.2366296536784,0,0,190.13741540908813,0.00027749979381042067,0.4375,,0.00036318947172730986,0,141.8125,7.995195920784681e-05,0.49809640645980835,,,152.03116414800024,,0.1171875,1112.984375,0,,0.0009449997833144153,,,4096,,0,0.00020500010577961802,0.059993385715909224,,,600,0.22523450024891645,22.288396582000132,,41,0,0.875,0.5703125,0,0.5625,1780307280.641144,,,,,,,0.045768113968110535,0.1171875,0,983,0.0390625,2451,55587.21160888672,0,3e-06,0.0390625,0,,35.58872267603874,77.08622122700035,,39,0,0.0,0.08251953125,,0.0005899998996028444,,,,0.0009249999948224286,,-0.75,-0.014444860629737377,0.0005049998890171992,0,0,0.1337890625,1284912.0,0.5625,0.15625,,,1,2,0,0.0078125,0.875,,,0.0400390625,,,,,90.76179122924805,,0.1337890625,,-0.75,0.003267500005676993,,,-2.9578455723822117e-05,0,,7402.66309828,,152.03116414800024,0.1171875,52.1617364169997,,0.1171875,0,,,0,1,0.0078125,0.15625,,0,0.5032588243484497,46,
,0.00019508803104061306,0.0,20774.059295654297,2219.6200623356826,,0.24241023899958236,,47,52.04131317138672,0,0,,,,204.927734375,-0.028646353632211685,,0.27296931900036725,575.9715364390722,0,0,190.13741540908813,0.0003575003120204201,0.375,,0.0002174576502511627,0,157.46875,-1.1575069322589115e-05,0.4520447850227356,,,157.5957777349995,,0.0703125,1208.9482421875,0,,0.0010372500582889188,,,4096,,0,0.00019249978322477546,0.056081246344547114,,,681,0.1996422652155161,22.721661160999247,,64,0,0.875,0.625,0,0.625,1780307438.2931962,,,,,,,0.045143854934275494,0.0703125,0,960,0.0859375,2499,57083.69445800781,0,3e-06,0.0859375,0,,35.5641171336174,78.46949677900011,,38,0,0.0,0.0675048828125,,0.0006625000423809979,,,,0.001109999857362709,,-0.875,-0.028646353632211685,0.0005225001586950384,0,0,0.130859375,1399211.0,0.625,0.1484375,,,1,62,0,0.0,0.875,,,0.0625,,,,,90.76020050048828,,0.130859375,,-0.875,0.0038472498999908566,,,-1.0712305083870888e-05,0,,7564.977523268,,157.5957777349995,0.0703125,55.88642208600049,,0.0703125,0,,,0,1,0.0,0.1484375,,0,0.45888257026672363,47,
,0.0002042791366679505,0.0,20779.659271240234,2036.5403077043425,,0.22583036800006084,,48,55.862003326416016,0,0,,,,204.927734375,-0.027979502454400063,,0.27005579300021054,577.6474828969513,0,0,190.13741540908813,0.0002750000476225978,0.4921875,,0.00038924738009882276,0,147.1015625,1.4301998263022142e-05,0.5755054950714111,,,162.28429103500002,,0.0859375,1143.908203125,0,,0.0012374998732411768,,,4096,,0,0.0002100000529026147,0.05880164957480882,,,767,0.21244975505396724,22.47622318499998,,58,0,0.875,0.5078125,0,0.5078125,1780307600.6075485,,,,,,,0.05256674623899354,0.0859375,0,966,0.0625,2562,56338.199615478516,0,3e-06,0.0625,0,,39.70193862915039,77.73542792799981,,40,0,0.0,0.078857421875,,0.0006975001269893255,,,,0.0010499998097657226,,-0.875,-0.027979502454400063,0.0005150002380105434,0,0,0.138671875,1321994.0,0.5078125,0.2421875,,,1,113,0,0.0,0.875,,,0.056640625,,,,,90.77783203125,,0.138671875,,-0.875,0.003184999741279171,,,2.096302341669798e-05,0,,7720.851691256,,162.28429103500002,0.1015625,61.57468900799995,,0.1015625,0,,,0,1,0.0,0.2421875,,0,0.4616684913635254,48,
,0.0002060800045518652,0.0,20972.068786621094,2086.973540340293,,0.2065926989998843,,49,49.8670768737793,0,0,,,,204.927734375,-0.029582833871245384,,0.26801240399981907,599.4881820904557,0,0,190.13741540908813,0.0003649997779575642,0.515625,,0.0004149075707573502,0,150.03125,-9.62357551337334e-06,0.4918158948421478,,,155.7909066479997,,0.0859375,1120.013671875,0,,0.001037499941958231,,,4096,,0,0.0003100001322309254,0.059724803159644596,,,734,0.22997174528427422,22.368939273999786,,46,0,0.875,0.484375,0,0.484375,1780307756.481734,,,,,,,0.04819123098908908,0.0859375,0,978,0.09375,2628,56065.26184082031,0,3e-06,0.09375,0,,36.60278022289276,77.67365935399994,,41,0,0.0,0.072021484375,,0.0006474999736383324,,,,0.001030000021273736,,-0.875,-0.029582833871245384,0.0005450001481221989,0,0,0.162109375,1300526.0,0.484375,0.2265625,,,1,91,0,0.0,0.875,,,0.044921875,,,,,90.74370956420898,,0.162109375,,-0.875,0.0038574999052798375,,,1.185084693133831e-05,0,,7954.40535593,,155.7909066479997,0.109375,55.27023367400034,,0.109375,0,,,0,1,0.0,0.2265625,,0,0.4579631984233856,49,
0.0,0.00021266244227528719,0.0,20495.51010131836,1278.9914171832281,12.291543867000655,0.21064278700032446,0.0,50,49.02503967285156,0,0,0.0,0.0,0.0,204.927734375,-0.025301525369286537,0.0,0.2674647029998596,617.2921487886924,0,0,190.13741540908813,0.0003375000687810825,0.421875,0.0,0.00037148890532989753,0,133.203125,5.876743105659443e-05,0.5101820826530457,0.2158203125,0.0,245.83745893500054,0.0,0.140625,1095.015625,0,0.0,0.000997500137600582,0.0,0.0,4096,0.0,0,0.00030749970392207615,0.06104470928745889,0.0,0.7884250474383302,526,0.1813500130083412,22.278520577000563,0.0,46,0,0.875,0.578125,0,0.578125,1780308002.3790293,0.21157495256166983,0.0,0.0,0.0,"{'artifact_path': 'wandb-client-artifact://25ieq9kps2lb1irq6ljvmuw8udfk4ctl325bq9yxuwez95ff4wrnqanuv17cvrm19zk5g2h65o2b376b23waip5mqx0d4rc9n2wxi6qvc8nmyhc80abcbmavajc02p2d/val/generations.table.json', 'sha256': '02ca99d5ebf14245dd79ae27c1e5f5a0f1c4201187c335bd460fe8c7c86cb271', '_latest_artifact_path': 'wandb-client-artifact://ul9omrytie6h0ropwhkyc2j8u28ca2y2aqlyzw8d9h1gjqrb1uvfktsw4ns7cksmcbaj2d473sg5jjf5ws5mh0ucbb0bs1k6fowczta72k7kxyhfgx3cu4kd499ywirv:latest/val/generations.table.json', 'size': 16149, '_type': 'table-file', 'ncols': 13, 'log_mode': 'IMMUTABLE', 'nrows': 1, 'path': 'media/table/val/generations_49_02ca99d5ebf14245dd79.table.json'}",77.38961671700054,0.05049675651299877,0.140625,0,978,0.1015625,2682,55627.628326416016,0,3e-06,0.1015625,0,0.20993227990970656,35.067230463027954,76.77568669199991,0.0,40,0,0.0,0.068603515625,0.06666666666666667,0.0007225000899779843,0.0,0.9333333333333333,1024.0,0.0009800000952964183,0.0,-0.875,-0.025301525369286537,0.0005450001481221989,0,0,0.1630859375,1257696.0,0.578125,0.09375,0.0,0.0,1,9,0,0.0,0.875,0.0,0.7841796875,0.044921875,0.0,0.08,0.0,30.0,90.83610916137695,0.0,0.1630859375,0.20636663007683864,-0.875,0.003645000560936751,0.0,0.06666666666666667,9.478535503149033e-07,0,0.0,8125.632121921,0.2158203125,245.83745893500054,0.0859375,56.62181109099947,0.0,0.0859375,0,1054.0,0.0,0,1,0.0,0.09375,0.0,0,0.4525836408138275,50,0.0
,0.0001944387426471487,0.0,20996.601104736328,2238.486727233211,,0.22020541699930618,,51,52.999847412109375,0,0,,,,204.927734375,-0.020715123042464256,,0.27657297299992933,519.8667825088633,0,0,190.13741540908813,0.00030749924917472526,0.421875,,0.00027369555118639255,0,193.78125,-6.502395672214334e-05,0.5162094831466675,,,158.8592175570011,,0.0703125,1195.2978515625,0,,0.0011100000847363845,,,4096,,0,0.00021749974621343426,0.055215275423452524,,,813,0.16105524264276028,22.603491795998707,,64,0,0.875,0.5859375,0,0.578125,1780308161.2621386,,,,,,,0.046747253327451624,0.0703125,0,960,0.0703125,2736,56986.80877685547,0,3e-06,0.0703125,0,,35.70142015814781,78.53914642200107,,49,0,0.0,0.069091796875,,0.0006724999366269913,,,,0.001130000327975722,,-0.875,-0.020715123042464256,0.0005124998097016942,0,0,0.1337890625,1422417.0,0.578125,0.2265625,,,1,75,0,0.0078125,0.875,,,0.0634765625,,,,,91.03211212158203,,0.1337890625,,-0.875,0.003332500455144327,,,3.0884635634720325e-05,0,,8278.285100326,,158.8592175570011,0.046875,57.217936864000876,,0.046875,0,,,0,1,0.0078125,0.2265625,,0,0.5186916589736938,51,
,0.00020794038393212613,0.0,21411.89193725586,2111.5036193239284,,0.21666897900104232,,52,49.683074951171875,0,0,,,,204.927734375,-0.01692587323486805,,0.268052205999993,465.8967199597828,0,0,190.13741540908813,0.00025250074031646363,0.421875,,0.0003628530018886522,0,147.296875,-5.9653889678656924e-05,0.4212862551212311,,,152.62607037499947,,0.0625,1111.572265625,0,,0.0010500002645130735,,,4096,,0,0.00025250074031646363,0.0603599296103733,,,611,0.1435129961464554,22.262218603000292,,49,0,0.875,0.5859375,0,0.578125,1780308313.91515,,,,,,,0.04574330897078803,0.0625,0,975,0.109375,2790,55894.82879638672,0,3e-06,0.109375,0,,36.1308678984642,77.80889878199923,,38,0,0.0,0.06884765625,,0.0004500002432905603,,,,0.001160000465461053,,-0.875,-0.01692587323486805,0.0005749998308601789,0,0,0.1572265625,1289082.0,0.578125,0.125,,,1,41,0,0.0078125,0.875,,,0.0478515625,,,,,91.03060150146484,,0.1572265625,,-0.875,0.0032074999580800068,,,2.7674250304698944e-06,0,,8435.005734478,,152.62607037499947,0.1171875,52.067321435999474,,0.1171875,0,,,0,1,0.0078125,0.125,,0,0.46209877729415894,52,
,0.00020289040892981745,0.0,21209.44595336914,2208.7299633982643,,0.2523270389992831,,53,52.065277099609375,0,0,,,,204.927734375,-0.013560962863266468,,0.2808354259996122,579.247489446032,0,0,190.13741540908813,0.00030500041248160414,0.40625,,0.00019995131970063085,0,167.9765625,-4.985268986956726e-06,0.4349784255027771,,,156.67069118200016,,0.078125,1183.7548828125,0,,0.0008575002539146226,,,4096,,0,0.00024000019038794562,0.0567975109758683,,,725,0.1635174994589761,22.597707024000556,,54,0,0.875,0.609375,0,0.59375,1780308470.6355867,,,,,,,0.045307139167522034,0.078125,0,970,0.0859375,2842,56790.645599365234,0,3e-06,0.0859375,0,,38.070812821388245,78.61758116000055,,45,0,0.0,0.077392578125,,0.0005850001798535232,,,,0.0010750000001280569,,-0.875,-0.013560962863266468,0.00047999947128118947,0,0,0.15234375,1384173.0,0.59375,0.1484375,,,1,121,0,0.015625,0.875,,,0.052734375,,,,,91.00416564941406,,0.15234375,,-0.875,0.0042449987631698605,,,1.001870259642601e-05,0,,8592.110709618,,156.67069118200016,0.078125,54.91972834899934,,0.078125,0,,,0,1,0.015625,0.1484375,,0,0.4425642192363739,53,
,0.00019992300607939468,0.0078125,20808.610916137695,2153.5280510247876,,0.24521263399947202,,54,52.09044647216797,0,0,,,,204.927734375,-0.018187617883086205,,0.27048083299996506,576.3386102175718,0,0,190.13741540908813,0.00026999987312592566,0.4765625,,0.0002398991146037588,0,157.5703125,2.719651394045286e-05,0.5733237266540527,,,157.05913365699962,,0.09375,1163.6455078125,0,,0.0011200004337297287,,,4096,,0,0.00021750020096078515,0.05778722843394818,,,1024,0.22939700284041464,22.540816184000505,,55,0,0.875,0.53125,0,0.5234375,1780308627.7407222,,,,,,,0.046844550150095976,0.09375,0,969,0.0625,2903,56759.51385498047,0,3e-06,0.0625,0,,37.08609566092491,78.18178602899934,,44,0,0.0,0.073486328125,,0.0006349996510834899,,,,0.0010475005183252506,,-0.875,-0.018187617883086205,0.0004549997356662061,0,0,0.1455078125,1352925.0,0.5234375,0.2109375,,,1,38,0,0.0078125,0.875,,,0.0537109375,,,,,90.9902229309082,,0.1455078125,,-0.875,0.0034099994081771,,,-6.056739948689938e-06,0,,8748.723861947,,157.05913365699962,0.1015625,55.818701156000316,,0.1015625,0,,,0,1,0.0078125,0.2109375,,0,0.46638023853302,54,
,0.00020297913415753558,0.0,21990.577697753906,2128.0492530798483,,0.23033875699911732,,55,50.69731903076172,0,0,,,,204.927734375,-0.01522945798933506,,0.2705598190004821,575.6334192642535,0,0,190.13741540908813,0.0002950000634882599,0.390625,,0.0003342544825954974,0,174.0234375,6.695372007925471e-05,0.44188904762268066,,,156.59224029599864,,0.1484375,1127.6796875,0,,0.0009925001904775854,,,4096,,0,0.00023000075088930316,0.05947940813492497,,,811,0.18227999680675566,22.552893743000823,,49,0,0.875,0.609375,0,0.609375,1780308784.3539171,,,,,,,0.04698324166222139,0.1484375,0,975,0.0625,2953,56679.18395996094,0,3e-06,0.0625,0,,37.13534027338028,79.28272019699943,,42,0,0.0,0.07177734375,,0.0005247497938398737,,,,0.0012149994290666655,,-0.875,-0.01522945798933506,0.0007275002644746564,0,0,0.1337890625,1332944.0,0.609375,0.1484375,,,1,61,0,0.0,0.875,,,0.0478515625,,,,,90.98775482177734,,0.1337890625,,-0.875,0.003514999662002083,,,-1.8971972167491913e-05,0,,8907.202430635,,156.59224029599864,0.03125,54.25361641000018,,0.03125,0,,,0,1,0.0,0.1484375,,0,0.5128962993621826,55,
,0.0002037697149703071,0.0,21780.494689941406,2132.992652580213,,0.2251104179995309,,56,51.42261505126953,0,0,,,,204.927734375,-0.01484663039445877,,0.2754538629997114,598.0795042842219,0,0,190.13741540908813,0.0003075006134167779,0.375,,0.0003996021519014903,0,159.3046875,6.457282758276506e-05,0.504128098487854,,,158.4381922699995,,0.0703125,1160.802734375,0,,0.0009125001270149369,,,4096,,0,0.0002225006028311327,0.05823961691830911,,,758,0.18260974320583045,22.458062891000736,,53,0,0.875,0.6328125,0,0.625,1780308942.832437,,,,,,,0.04774236239317797,0.0703125,0,971,0.0625,3001,56310.97412109375,0,3e-06,0.0625,0,,37.993378937244415,78.72773175400107,,44,0,0.0,0.0682373046875,,0.0005550000423681922,,,,0.0011099996299890336,,-0.875,-0.01484663039445877,0.0004899998202745337,0,0,0.1220703125,1351790.0,0.625,0.1484375,,,1,10,0,0.0078125,0.875,,,0.0517578125,,,,,90.98702621459961,,0.1220703125,,-0.875,0.0038525004129041918,,,6.38782512396574e-06,0,,9064.251146962,,158.4381922699995,0.0859375,56.74953196699971,,0.0859375,0,,,0,1,0.0078125,0.1484375,,0,0.46135881543159485,56,
,0.00020464193785274488,0.0,21343.19305419922,2128.445246758758,,0.21436690999871644,,57,50.66498565673828,0,0,,,,204.927734375,-0.025453446432948112,,0.2735062010015099,574.4506057831168,0,0,190.13741540908813,0.0002800002221192699,0.5078125,,0.0003510432019311338,0,156.1640625,-2.3310530252729222e-05,0.40422216057777405,,,156.98207436099983,,0.125,1149.0224609375,0,,0.0010624994501995388,,,4096,,0,0.00020250035959179513,0.05839955234786687,,,871,0.19599474035203457,22.398261551999894,,52,0,0.875,0.4921875,0,0.4921875,1780309099.8811624,,,,,,,0.0476307960299132,0.125,0,972,0.0859375,3066,56098.00720214844,0,3e-06,0.0859375,0,,35.79022362828255,78.05164410799989,,48,0,0.0,0.070556640625,,0.0005650003913615365,,,,0.0011199999789823778,,-0.875,-0.025453446432948112,0.00048250012696371414,0,0,0.1708984375,1336511.0,0.4921875,0.171875,,,1,73,0,0.0,0.875,,,0.05078125,,,,,90.99267959594727,,0.1708984375,,-0.875,0.0033149999580928124,,,-4.366307985037565e-05,0,,9218.47881693,,156.98207436099983,0.125,56.04234697799984,,0.125,0,,,0,1,0.0,0.171875,,0,0.4319191575050354,57,
,0.00020826733224254995,0.0,21609.722137451172,2127.647783621781,,0.22470380999948247,,58,50.28651809692383,0,0,,,,204.927734375,-0.015215332619845867,,0.27323591000094893,591.3498217000742,0,0,190.13741540908813,0.0003000000106112566,0.390625,,0.00033769846163522743,0,145.171875,6.328509925879189e-05,0.44072771072387695,,,154.15474427900153,,0.0625,1136.02734375,0,,0.0009074997251445893,,,4096,,0,0.0002824999683070928,0.05947908249945842,,,710,0.17710501560941339,22.34092028499981,,41,0,0.875,0.625,0,0.609375,1780309254.1087976,,,,,,,0.04580101220673697,0.0625,0,983,0.0390625,3116,55795.982360839844,0,3e-06,0.0390625,0,,36.224476993083954,78.03346332699948,,43,0,0.0,0.059326171875,,0.000557500243303366,,,,0.0011799993444583379,,-0.875,-0.015215332619845867,0.0004599996827892028,0,0,0.1171875,1311948.0,0.609375,0.171875,,,1,78,0,0.015625,0.875,,,0.0400390625,,,,,91.01384735107422,,0.1171875,,-0.875,0.0037375007195805665,,,4.932517185807228e-06,0,,9378.683790461,,154.15474427900153,0.1015625,53.279951091999465,,0.1015625,0,,,0,1,0.015625,0.171875,,0,0.44859474897384644,58,
,0.00021268540811728514,0.0,20753.437042236328,2136.952905537935,,0.22724984700107598,,59,51.8978271484375,0,0,,,,204.927734375,-0.02658669836819172,,0.2911052830004337,618.4569199945108,0,0,190.13741540908813,0.00026999987312592566,0.453125,,7.451772989952588e-05,0,160.765625,-8.696955607945256e-05,0.4253988564014435,,,160.12437574700016,,0.0703125,1175.8681640625,0,,0.0009625005077396054,,,4096,,0,0.0003175000529154204,0.057183832927721105,,,753,0.1773999974830076,22.651191480001216,,62,0,0.875,0.546875,0,0.546875,1780309414.313803,,,,,,,0.04873739218031278,0.0703125,0,962,0.140625,3174,56860.01205444336,0,3e-06,0.140625,0,,36.16461157798767,78.26825551799993,,36,0,0.0,0.0712890625,,0.0005550000423681922,,,,0.0010750000001280569,,-0.875,-0.02658669836819172,0.0005124993549543433,0,0,0.177734375,1368713.0,0.546875,0.1640625,,,1,93,0,0.0,0.875,,,0.0615234375,,,,,91.01623153686523,,0.177734375,,-0.875,0.00379725042876089,,,2.007884904742241e-05,0,,9540.632635803,,160.12437574700016,0.078125,58.68415781300064,,0.078125,0,,,0,1,0.0,0.1640625,,0,0.4325106739997864,59,
,0.00020434857118399764,0.0,21196.781158447266,2090.086638029571,7.417318829000578,0.2394351729999471,,60,50.61440658569336,0,0,,,,204.927734375,-0.01084168441593647,,0.2765710780004156,601.922975341964,0,0,190.13741540908813,0.0002800002221192699,0.375,,0.00013395578343988745,0,160.5078125,3.58212487583387e-05,0.47788870334625244,,,161.8865906530009,,0.09375,1161.19921875,0,,0.0009575001058692578,,,4096,,0,0.00025500003175693564,0.05765793602393322,,,733,0.19819950102828443,22.489865268000358,,52,0,0.875,0.6328125,0,0.625,1780309576.262662,,,,,,,0.0449300671315679,0.09375,0,972,0.046875,3222,56200.8171081543,0,3e-06,0.046875,0,,36.138005554676056,78.0358650369999,,41,0,0.0,0.068603515625,,0.0006249997568374965,,,,0.0012099999366910197,,-0.875,-0.01084168441593647,0.0007125004231056664,0,0,0.12109375,1353428.0,0.625,0.1484375,,,1,95,0,0.0078125,0.875,,,0.05078125,,,,,91.0444107055664,,0.12109375,,-0.875,0.0035500002013577614,,,-1.256563700735569e-05,0,,9697.083421712,,161.8865906530009,0.078125,53.42490506399918,,0.078125,0,,,0,1,0.0078125,0.1484375,,0,0.43599385023117065,60,
,0.00021039568678829748,0.0,20625.465393066406,2117.0397968802577,,0.23805156700109364,,61,51.38051986694336,0,0,,,,204.927734375,-0.020284269005060196,,0.2786764510001376,574.5662110812118,0,0,190.13741540908813,0.0002950000634882599,0.46875,,0.0005513709138540435,0,141.890625,1.2075467665795259e-05,0.5422120094299316,,,156.41356883700064,,0.09375,1151.6005859375,0,,0.0011022507351299282,,,4096,,0,0.0002974993549287319,0.058636071675720214,,,605,0.19101225188933313,22.564509273001022,,49,0,0.875,0.53125,0,0.53125,1780309732.713438,,,,,,,0.04720380637852079,0.09375,0,975,0.109375,3282,56428.09295654297,0,3e-06,0.109375,0,,37.206344306468964,77.66552919700007,,50,0,0.0,0.06982421875,,0.0004900002750218846,,,,0.0010400003702670801,,-0.875,-0.020284269005060196,0.0006000000212225132,0,0,0.162109375,1324535.0,0.53125,0.171875,,,1,84,0,0.0,0.875,,,0.0478515625,,,,,91.08657455444336,,0.162109375,,-0.875,0.003455000296526123,,,1.0235467925667763e-05,0,,9849.905583939,,156.41356883700064,0.09375,55.66456943000048,,0.09375,0,,,0,1,0.0,0.171875,,0,0.41872110962867737,61,
,0.00021819677416672032,0.0,21061.050415039062,2019.1217304630843,,0.2296378540013393,,62,48.76046371459961,0,0,,,,204.927734375,-0.02365116775035858,,0.2692089979991579,592.8212653243245,0,0,190.13741540908813,0.0002925007720477879,0.484375,,0.0004381751255095878,0,141.453125,-2.3229412079217582e-05,0.46318984031677246,,,152.76320161700096,,0.1015625,1063.419921875,0,,0.0009749996934260707,,,4096,,0,0.0002100000529026147,0.06264707678616341,,,757,0.20483974367380142,22.32494256300015,,41,0,0.875,0.515625,0,0.515625,1780309885.5355334,,,,,,,0.048344024975618516,0.1015625,0,983,0.1015625,3344,55601.9287109375,0,3e-06,0.1015625,0,,37.32406720519066,77.29333686800055,,39,0,0.0,0.07373046875,,0.0006099999154685065,,,,0.0009650002539274283,,-0.875,-0.02365116775035858,0.0006075001692806836,0,0,0.162109375,1233790.0,0.515625,0.203125,,,1,77,0,0.0,0.875,,,0.0400390625,,,,,91.01465606689453,,0.162109375,,-0.875,0.003909749921149341,,,1.6903970390558243e-05,0,,10003.497938789,,152.76320161700096,0.078125,52.64383924499998,,0.078125,0,,,0,1,0.0,0.203125,,0,0.4222586154937744,62,
,0.00020946075210130242,0.0,20803.691864013672,2052.7446777297228,,0.21763387700048042,,63,49.35809326171875,0,0,,,,204.927734375,-0.024642711505293846,,0.2640520889999607,533.8134935800626,0,0,190.13741540908813,0.00034000049708993174,0.4765625,,0.00026572579099592986,0,139.3515625,-2.1579010052619196e-05,0.44056373834609985,,,153.52956625300067,,0.0859375,1091.73046875,0,,0.0009974996828532312,,,4096,,0,0.00021999994714860804,0.061316035452172415,,,757,0.17796226893551648,22.31729839199943,,46,0,0.875,0.53125,0,0.5234375,1780310039.1280134,,,,,,,0.0477949622490463,0.0859375,0,978,0.1484375,3405,55922.04284667969,0,3e-06,0.1484375,0,,36.977313458919525,77.29671114000121,,52,0,0.0,0.07861328125,,0.0005849997251061723,,,,0.0012750001587846782,,-0.875,-0.024642711505293846,0.0005849997251061723,0,0,0.1923828125,1260628.0,0.5234375,0.1484375,,,1,68,0,0.0078125,0.875,,,0.044921875,,,,,91.0748062133789,,0.1923828125,,-0.875,0.003657500201370567,,,1.1446420103311539e-05,0,,10159.988924728,,153.52956625300067,0.0859375,53.43151773700083,,0.0859375,0,,,0,1,0.0078125,0.1484375,,0,0.4280123710632324,63,
,0.00020135493904278106,0.0,21377.31170654297,2154.495919048949,,0.22815317700042215,,64,51.20460510253906,0,0,,,,204.927734375,-0.017723381519317627,,0.2714435729994875,595.4205391762953,0,0,190.13741540908813,0.00021500045477296226,0.3828125,,0.0003162454286211869,0,168.703125,1.0828524520611893e-05,0.41768187284469604,,,156.42696141600027,,0.0859375,1147.7861328125,0,,0.0009750001481734216,,,4096,,0,0.00029249986255308613,0.05821849704135787,,,654,0.19085973326582462,22.584795435999695,,62,0,0.875,0.6328125,0,0.6171875,1780310195.6189415,,,,,,,0.046673032539713326,0.0859375,0,962,0.078125,3454,56474.151611328125,0,3e-06,0.078125,0,,36.40026971697807,78.48348258399892,,43,0,0.0,0.06689453125,,0.0005024999154557008,,,,0.0011225010894122534,,-0.875,-0.017723381519317627,0.0005424999471870251,0,0,0.14453125,1348085.0,0.6171875,0.09375,,,1,85,0,0.015625,0.875,,,0.060546875,,,,,91.00124740600586,,0.14453125,,-0.875,0.0039474998629884794,,,-1.9918428733944893e-05,0,,10315.364144339,,156.42696141600027,0.109375,54.85635535399888,,0.109375,0,,,0,1,0.015625,0.09375,,0,0.4921293258666992,64,
,0.00021441737537835845,0.0,20956.97784423828,2177.3030749403474,,0.21629925399975036,,65,51.90311813354492,0,0,,,,204.927734375,-0.014190512709319592,,0.2899896369999624,617.1175385893584,0,0,190.13741540908813,0.0002274996404594276,0.5,,0.00026967416943080025,0,156.3125,0.00011369907039693317,0.4663216471672058,,,155.29004845100098,,0.125,1164.443359375,0,,0.000882499989529606,,,4096,,0,0.0002474998836987652,0.057497341465957676,,,738,0.18160251784138381,22.419757469000615,,57,0,0.875,0.5,0,0.5,1780310350.9941323,,,,,,,0.0457899563850761,0.125,0,967,0.046875,3518,56151.47399902344,0,3e-06,0.046875,0,,36.752086132764816,77.76250945500033,,32,0,0.0,0.0654296875,,0.000519750301464228,,,,0.0012274999789951835,,-0.875,-0.014190512709319592,0.0006124992069089785,0,0,0.1484375,1352454.0,0.5,0.1953125,,,1,96,0,0.0,0.875,,,0.0556640625,,,,,90.99457550048828,,0.1484375,,-0.875,0.002667249646037817,,,4.052859731018543e-05,0,,10471.847553637,,155.29004845100098,0.1328125,54.599486094000895,,0.1328125,0,,,0,1,0.0,0.1953125,,0,0.41663581132888794,65,
,0.00020417497118355475,0.0,20212.604522705078,2177.362242525977,,0.22791018499992788,,66,52.228546142578125,0,0,,,,204.927734375,-0.009577407501637936,,0.2781006029999844,651.0135863409378,0,0,190.13741540908813,0.00029249940780573525,0.375,,0.00030089244319242425,0,167.0546875,-8.369445708922285e-06,0.46774840354919434,,,156.38991682199958,,0.1171875,1163.091796875,0,,0.000897499830898596,,,4096,,0,0.00023749998945277184,0.05663305956008165,,,721,0.20308223611209542,22.462268006998784,,53,0,0.875,0.625,0,0.625,1780310507.4776456,,,,,,,0.04725485132484622,0.1171875,0,971,0.0546875,3566,56238.136291503906,0,3e-06,0.0546875,0,,36.227647215127945,77.13819143500041,,46,0,0.0,0.06787109375,,0.0005800002327305265,,,,0.0011574998097785283,,-0.875,-0.009577407501637936,0.0005550000423681922,0,0,0.125,1362070.0,0.625,0.140625,,,1,11,0,0.0,0.875,,,0.0517578125,,,,,91.02681732177734,,0.125,,-0.875,0.002584999947430333,,,2.022727858275175e-05,0,,10623.353005528,,156.38991682199958,0.0625,56.2808114569998,,0.0625,0,,,0,1,0.0,0.140625,,0,0.4416138529777527,66,
,0.00021828547850264408,0.0,20794.052124023438,2043.2841176876868,,0.2040657210000063,,67,48.78559112548828,0,0,,,,204.927734375,-0.04701424017548561,,0.2701981310001429,588.964659689751,0,0,190.13741540908813,0.0003299996933492366,0.53125,,0.0003188933533238014,0,137.9296875,-8.666684709623951e-05,0.47962507605552673,,,151.44981420899967,,0.09375,1070.87890625,0,,0.0010424996617075521,,,4096,,0,0.00027000032787327655,0.062212202385645,,,732,0.1493479940108955,22.231652987000416,,39,0,0.875,0.46875,0,0.46875,1780310658.9830112,,,,,,,0.047177729406883445,0.09375,0,985,0.125,3634,55584.537506103516,0,3e-06,0.125,0,,39.798304438591,77.0075083569991,,49,0,3.632876087067416e-06,0.079345703125,,0.0006125001164036803,,,,0.001100000190490391,,-0.875,-0.04701424017548561,0.000529999852005858,0,0,0.1904296875,1237820.0,0.46875,0.1796875,,,1,73,0,0.0,0.875,,,0.0380859375,,,,,91.05927658081055,,0.1904296875,,-0.875,0.0025297499632870313,,,2.3043830879032612e-05,0,,10776.108275889,,151.44981420899967,0.1328125,51.73415451300025,,0.1328125,0,,,0,1,0.0,0.1796875,,0,0.4419703483581543,67,
,0.0002237888395856021,0.0,21076.40266418457,2025.587013968802,,0.22826802199961094,,68,48.069435119628906,0,0,,,,204.927734375,-0.012849141843616962,,0.2768782660004945,598.0888719914074,0,0,190.13741540908813,0.00033999958759522997,0.421875,,0.00042046694488817593,0,143.6796875,-5.557372127640292e-05,0.5892581939697266,,,152.70017919100064,,0.1328125,1064.552734375,0,,0.0011350002750987187,,,4096,,0,0.0001925000105984509,0.062470309931054915,,,586,0.1777749857865274,22.37934083499931,,40,0,0.875,0.578125,0,0.578125,1780310811.7382958,,,,,,,0.048181770868230576,0.1328125,0,984,0.046875,3688,55573.13919067383,0,3e-06,0.046875,0,,42.325686663389206,77.29014155599907,,51,0,0.0,0.07080078125,,0.0006649993338214699,,,,0.0011400002222217154,,-0.75,-0.012849141843616962,0.0006650002433161717,0,0,0.12890625,1237230.0,0.578125,0.15625,,,1,64,0,0.0,0.875,,,0.0390625,,,,,91.02707290649414,,0.12890625,,-0.75,0.003230000402254518,,,2.484105061739683e-05,0,,10929.782104553,,152.70017919100064,0.0859375,52.52304478699989,,0.0859375,0,,,0,1,0.0,0.15625,,0,0.4213332533836365,68,
,0.00021108869742202826,0.0,21160.67123413086,2132.520117567451,,0.2435476770006062,,69,50.1908073425293,0,0,,,,204.927734375,-0.020030388608574867,,0.2765770659989357,628.6215068394085,0,0,190.13741540908813,0.00028749991543008946,0.4140625,,0.0001287367454096966,0,149.0234375,1.4135427846895254e-05,0.4361494779586792,,,153.60241964499983,,0.0859375,1130.5087890625,0,,0.0010247499631077517,,,4096,,0,0.00027499982024892233,0.05942513472712325,,,721,0.24210674746427685,22.42662109199955,,44,0,0.875,0.609375,0,0.5859375,1780310965.4122078,,,,,,,0.045603391749255276,0.0859375,0,980,0.1015625,3741,56034.03091430664,0,3e-06,0.1015625,0,,37.675000727176666,77.86124795000069,,37,0,0.0,0.0604248046875,,0.0007099997674231417,,,,0.0010899998414970469,,-0.875,-0.020030388608574867,0.0006649993338214699,0,0,0.171875,1310241.0,0.5859375,0.1171875,,,1,136,0,0.0234375,0.875,,,0.04296875,,,,,91.03419876098633,,0.171875,,-0.875,0.0031350004974228796,,,9.965966455638409e-06,0,,11096.638304387,,153.60241964499983,0.0859375,52.79235602799963,,0.0859375,0,,,0,1,0.0234375,0.1171875,,0,0.3957677483558655,69,
,0.0001916295523340337,0.0,20712.5244140625,2124.0005714315394,9.5336443160013,0.2496709529987129,,70,52.531837463378906,0,0,,,,204.927734375,-0.015231490135192871,,0.2716113199985557,563.2327089497121,0,0,190.13741540908813,0.00030499995773425326,0.375,,0.00021931933088126243,0,186.7109375,1.987433124384097e-05,0.5045207738876343,,,166.82869805500013,,0.09375,1197.4462890625,0,,0.0009800005500437692,,,4096,,0,0.000264999926002929,0.055138882631791536,,,916,0.17436248890589923,22.685508919999847,,48,0,0.875,0.625,0,0.625,1780311132.2683666,,,,,,,0.04561589232293696,0.09375,0,976,0.046875,3789,56841.11022949219,0,3e-06,0.046875,0,,35.535868257284164,78.15258404800079,,42,0,0.0,0.0732421875,,0.0005699998837371822,,,,0.0009575001058692578,,-0.875,-0.015231490135192871,0.0005672495717590209,0,0,0.1103515625,1417377.0,0.625,0.15625,,,1,21,0,0.0,0.875,,,0.046875,,,,,91.04619979858398,,0.1103515625,,-0.875,0.002820000190695282,,,-2.2193766199052334e-05,0,,11250.954163708,,166.82869805500013,0.078125,55.93352292800046,,0.078125,0,,,0,1,0.0,0.15625,,0,0.41389766335487366,70,
,0.0002046174152238369,0.0,20107.887268066406,2141.1920362351552,,0.22128067899939197,,71,50.46903991699219,0,0,,,,204.927734375,-0.01588619500398636,,0.2703875909992348,493.03658321878174,0,0,190.13741540908813,0.00038249936551437713,0.40625,,0.0002222031616838649,0,157.4765625,3.3353582713502306e-06,0.5191928148269653,,,154.28672179299974,,0.0859375,1132.982421875,0,,0.0009350001164420974,,,4096,,0,0.00021750020096078515,0.05788238879395822,,,752,0.18906750483438373,22.316444988999137,,46,0,0.875,0.6015625,0,0.59375,1780311286.5842166,,,,,,,0.04739678235764592,0.0859375,0,978,0.0625,3841,55848.289489746094,0,3e-06,0.0625,0,,38.115642964839935,76.4875250240002,,44,0,0.0,0.065673828125,,0.0005275001058180351,,,,0.001117500232794555,,-0.875,-0.01588619500398636,0.0006650002433161717,0,0,0.1298828125,1321430.0,0.59375,0.1796875,,,1,47,0,0.0078125,0.875,,,0.044921875,,,,,91.05256652832031,,0.1298828125,,-0.875,0.0031274989851226564,,,7.698079571127892e-06,0,,11404.030416198,,154.28672179299974,0.0703125,54.9885145749995,,0.0703125,0,,,0,1,0.0078125,0.1796875,,0,0.4061213731765747,71,
,0.00021067305353945621,0.0,21254.737854003906,2023.0490868339039,,0.2116975579992868,,72,48.67281723022461,0,0,,,,204.927734375,-0.024784622713923454,,0.2609248970002227,466.85484087854275,0,0,190.13741540908813,0.0002225006028311327,0.4296875,,0.0003515864741530095,0,148.8359375,2.2875179056747186e-05,0.5750019550323486,,,153.0523910739994,,0.1484375,1060.666015625,0,,0.001044999862642726,,,4096,,0,0.00020249990484444425,0.06263697364698478,,,710,0.19776725093834102,22.19366424100008,,38,0,0.875,0.578125,0,0.5703125,1780311439.6604424,,,,,,,0.048618663062711925,0.1484375,0,986,0.046875,3896,55820.011138916016,0,3e-06,0.046875,0,,35.962797701358795,77.57777097100006,,43,0,3.989022388850572e-06,0.075927734375,,0.0005974998202873394,,,,0.0011424990589148365,,-0.875,-0.024784622713923454,0.0005147498995938804,0,0,0.1435546875,1238530.0,0.5703125,0.140625,,,1,78,0,0.0078125,0.875,,,0.037109375,,,,,91.03190231323242,,0.1435546875,,-0.875,0.002847500127245439,,,-1.2178672477602959e-05,0,,11557.861720479,,153.0523910739994,0.0859375,52.8057995629988,,0.0859375,0,,,0,1,0.0078125,0.140625,,0,0.4379017949104309,72,
,0.00019711925882135215,0.0,20549.457550048828,2174.7702192749853,,0.21458887299922935,,73,51.08293914794922,0,0,,,,204.927734375,-0.015219551511108875,,0.26370870700156956,480.264311002873,0,0,190.13741540908813,0.000277500475931447,0.421875,,0.00017498371744295582,0,167.90625,7.029990990758961e-05,0.47002747654914856,,,153.78785631499886,,0.125,1138.5517578125,0,,0.0010974995348078664,,,4096,,0,0.0002075003067147918,0.057708779661283724,,,756,0.1572854962432757,22.327821304999816,,44,0,0.875,0.5859375,0,0.578125,1780311593.4916935,,,,,,,0.046124930892365856,0.125,0,980,0.09375,3950,56136.77978515625,0,3e-06,0.09375,0,,36.88989579677582,77.20355564500096,,35,0,0.0,0.06689453125,,0.0006874997779959813,,,,0.0013000003491470125,,-0.875,-0.015219551511108875,0.0005375000000640284,0,0,0.1650390625,1337813.0,0.578125,0.140625,,,1,55,0,0.0078125,0.875,,,0.04296875,,,,,91.04357528686523,,0.1650390625,,-0.875,0.0027099995349999517,,,-8.6973886936903e-07,0,,11715.208493,,153.78785631499886,0.0546875,53.775996053998824,,0.0546875,0,,,0,1,0.0078125,0.140625,,0,0.42360663414001465,73,
,0.00019085125016963644,0.0,21811.3956451416,2180.120392294256,,0.21214328300084162,,74,51.4513053894043,0,0,,,,204.927734375,-0.011695142835378647,,0.2618045919989527,608.4770348356979,0,0,190.13741540908813,0.0002299998413946014,0.390625,,0.00013669867985299788,0,169.859375,6.054715615277928e-05,0.483178973197937,,,157.3047301480001,,0.1171875,1169.7626953125,0,,0.0010747503438324202,,,4096,,0,0.0002575002326921094,0.05790269348281377,,,757,0.1691324869170785,22.71745040999849,,61,0,0.875,0.609375,0,0.609375,1780311750.8384576,,,,,,,0.04565066808171783,0.1171875,0,963,0.0625,4000,56972.82409667969,0,3e-06,0.0625,0,,36.47872060537338,79.4293515469999,,41,0,0.0,0.06689453125,,0.0005599990799964871,,,,0.0009875006981019396,,-0.75,-0.011695142835378647,0.0005425008566817269,0,0,0.1279296875,1371773.0,0.609375,0.140625,,,1,17,0,0.0,0.875,,,0.0595703125,,,,,91.11713027954102,,0.1279296875,,-0.75,0.003264999577368144,,,-9.720446541905403e-06,0,,11870.991286555,,157.3047301480001,0.0703125,54.68205930300064,,0.0703125,0,,,0,1,0.0,0.140625,,0,0.42541417479515076,74,
,0.0001933021675369355,0.0,21087.158203125,2241.6035190954394,,0.21860224599913636,,75,51.681365966796875,0,0,,,,204.927734375,-0.020610878244042397,,0.26993178600059764,456.0514251406712,0,0,190.13741540908813,0.00027249916456639767,0.4609375,,0.00041751615253815544,0,184.265625,-2.3459603283981778e-05,0.4095066785812378,,,155.73940575400047,,0.078125,1179.4296875,0,,0.0009600003068044316,,,4096,,0,0.0002599999788799323,0.055846457885999734,,,808,0.2245070063509047,22.388358087999222,,56,0,0.875,0.5546875,0,0.5390625,1780311906.6212351,,,,,,,0.045436387558206844,0.078125,0,968,0.109375,4059,56405.6396484375,0,3e-06,0.109375,0,,36.25330328941345,77.98533410699929,,47,0,0.0,0.0673828125,,0.0005375004548113793,,,,0.0011325005289108958,,-0.875,-0.020610878244042397,0.000585000634600874,0,0,0.1650390625,1396424.0,0.5390625,0.171875,,,1,2,0,0.015625,0.875,,,0.0546875,,,,,91.06598663330078,,0.1650390625,,-0.875,0.0032724992706789635,,,-1.6851932741701603e-05,0,,12024.279715442,,155.73940575400047,0.0859375,54.875160963998496,,0.0859375,0,,,0,1,0.015625,0.171875,,0,0.46376141905784607,75,
,0.00021234645229136745,0.0,20781.692504882812,2010.5086766810136,,0.2044928159994015,,76,48.39223861694336,0,0,,,,204.927734375,-0.017230091616511345,,0.2617259210001066,459.8286935120268,0,0,190.13741540908813,0.0003474997356534004,0.3671875,,0.0003431563004596683,0,134.953125,-4.472229522889393e-05,0.44749340415000916,,,153.26245719500002,,0.0703125,1068.701171875,0,,0.0009949999366654083,,,4096,,0,0.000277500475931447,0.062268402099076456,,,597,0.18275225011166185,22.11002071400071,,54,0,0.875,0.6484375,0,0.6328125,1780312059.9095368,,,,,,,0.049285416836477074,0.0703125,0,970,0.0859375,4106,55469.99740600586,0,3e-06,0.0859375,0,,36.712516099214554,76.7484208599999,,40,0,0.0,0.0615234375,,0.000602500222157687,,,,0.0011872493814735208,,-0.875,-0.017230091616511345,0.0005825004336657003,0,0,0.1494140625,1232542.0,0.6328125,0.1015625,,,1,24,0,0.015625,0.875,,,0.052734375,,,,,91.04487609863281,,0.1494140625,,-0.875,0.0029949997042422183,,,-7.085734978318214e-06,0,,12181.634744115,,153.26245719500002,0.09375,53.93549591499868,,0.09375,0,,,0,1,0.015625,0.1015625,,0,0.41081559658050537,76,
,0.00019389605389734445,0.0078125,21205.66177368164,2216.3872193216466,,0.21661525099989376,,77,51.8856315612793,0,0,,,,204.927734375,-0.02090306021273136,,0.2704499000010401,470.2041181749373,0,0,190.13741540908813,0.00032000070859794505,0.40625,,0.00015277924967449508,0,170.7734375,1.4898573454047437e-05,0.4242076575756073,,,157.33024760300032,,0.1015625,1191.3544921875,0,,0.0010224994184682146,,,4096,,0,0.00023000029614195228,0.05608698522460602,,,1024,0.20376199972815812,22.418912519000514,,52,0,0.875,0.59375,0,0.59375,1780312217.2647662,,,,,,,0.04606007138670818,0.1015625,0,972,0.0625,4158,56518.35250854492,0,3e-06,0.0625,0,,36.7635115981102,78.23119264399975,,31,0,0.0,0.0615234375,,0.0005624997356790118,,,,0.0010124999789695721,,-0.875,-0.02090306021273136,0.0005225001586950384,0,0,0.1328125,1394819.0,0.59375,0.140625,,,1,27,0,0.0,0.875,,,0.05078125,,,,,91.08439254760742,,0.1328125,,-0.875,0.0033000001167238224,,,2.7802307158708572e-05,0,,12332.12058108,,157.33024760300032,0.1015625,56.19084590800048,,0.1015625,0,,,0,1,0.0,0.140625,,0,0.41954565048217773,77,
,0.00021001513690496653,0.0078125,20824.039459228516,2055.719730603196,,0.20489887600160728,,78,48.68887710571289,0,0,,,,204.927734375,-0.01097254641354084,,0.2598393379994377,467.91665154343355,0,0,190.13741540908813,0.0004000003173132427,0.4453125,,0.0002773705550680461,0,147.6015625,-5.734230104792459e-05,0.4321838617324829,,,150.4632394170003,,0.1171875,1060.6416015625,0,,0.0009300006240664516,,,4096,,0,0.0002699994183785748,0.06193735982965312,,,1024,0.18076224660035223,22.037180567000178,,46,0,0.875,0.5546875,0,0.5546875,1780312367.7506187,,,,,,,0.04725897342686684,0.1171875,0,978,0.0703125,4215,55303.73764038086,0,3e-06,0.0703125,0,,35.56016460061073,76.63144101299986,,42,0,0.0,0.07421875,,0.0005599990799964871,,,,0.0010549997568887193,,-0.875,-0.01097254641354084,0.0005424999471870251,0,0,0.1474609375,1237241.0,0.5546875,0.140625,,,1,55,0,0.0,0.875,,,0.044921875,,,,,91.06867218017578,,0.1474609375,,-0.875,0.0025775007088668644,,,9.614741429686546e-06,0,,12487.519431572,,150.4632394170003,0.1171875,51.327829261999796,,0.1171875,0,,,0,1,0.0,0.140625,,0,0.38651952147483826,78,
,0.00020506117140173518,0.0,20626.041412353516,2106.749355497318,,0.22795618499912962,,79,49.88993835449219,0,0,,,,204.927734375,-0.015200362540781498,,0.2684908980008913,485.73294595190964,0,0,190.13741540908813,0.00027250007406109944,0.46875,,0.00024778658212198934,0,149.9921875,2.427451205555542e-05,0.5025292038917542,,,155.3721847099987,,0.109375,1128.6416015625,0,,0.0009225004760082811,,,4096,,0,0.00025749977794475853,0.05918467342538567,,,757,0.16464275540784,22.220761288001086,,55,0,0.875,0.546875,0,0.53125,1780312523.1494727,,,,,,,0.04772848373883491,0.109375,0,969,0.0703125,4275,56343.71566772461,0,3e-06,0.0703125,0,,36.0749252140522,77.4917357939994,,39,0,0.0,0.06787109375,,0.0005550000423681922,,,,0.001072499799192883,,-0.875,-0.015200362540781498,0.00039249971450772136,0,0,0.154296875,1309321.0,0.53125,0.203125,,,1,13,0,0.015625,0.875,,,0.0537109375,,,,,91.08378982543945,,0.154296875,,-0.875,0.0027275000320514664,,,6.970949470996857e-07,0,,12645.96886344,,155.3721847099987,0.0703125,55.16119278299993,,0.0703125,0,,,0,1,0.015625,0.203125,,0,0.44414809346199036,79,
,0.000218048931986183,0.0,20674.484252929688,1955.146564505657,7.471628878000047,0.20606102500096313,,80,49.04625701904297,0,0,,,,204.927734375,-0.016193395480513573,,0.27012817499962694,459.5298646354495,0,0,190.13741540908813,0.000262500634562457,0.421875,,0.00038154063327056065,0,131.75,-1.0191386351721121e-05,0.5256381034851074,,,158.40781740999955,,0.125,1078.056640625,0,,0.0010949997886200435,,,4096,,0,0.0002974998096760828,0.06213316529630153,,,581,0.21622223721351475,22.193836918999295,,39,0,0.875,0.5859375,0,0.578125,1780312681.5988522,,,,,,,0.046462054059587345,0.125,0,985,0.0703125,4329,55803.916931152344,0,3e-06,0.0703125,0,,35.01984104514122,76.97317476200078,,36,0,0.0,0.0631103515625,,0.0007100006769178435,,,,0.0011024994819308631,,-0.875,-0.016193395480513573,0.000455000190413557,0,0,0.15234375,1238842.0,0.578125,0.1328125,,,1,132,0,0.0078125,0.875,,,0.0380859375,,,,,91.06298828125,,0.15234375,,-0.875,0.0037275003705872223,,,2.4461187422275543e-06,0,,12804.883685834,,158.40781740999955,0.0859375,51.290855338000256,,0.0859375,0,,,0,1,0.0078125,0.1328125,,0,0.3752337396144867,80,
,0.00020257907257034712,0.0,21518.94760131836,2168.4066659119794,,0.2266155859997525,,81,52.06793975830078,0,0,,,,204.927734375,-0.022344186902046204,,0.2791501129995595,500.89741316878644,0,0,190.13741540908813,0.00028749991543008946,0.3828125,,0.0001976936978280719,0,169.71875,-2.503502044248762e-05,0.5403836369514465,,,158.87022273799994,,0.1015625,1175.9658203125,0,,0.000985000042419415,,,4096,,0,0.0003000000106112566,0.0577264375357856,,,752,0.2075795055134222,22.751189862998217,,69,0,0.875,0.6171875,0,0.6171875,1780312840.5137327,,,,,,,0.04655834831326255,0.1015625,0,955,0.0859375,4378,57490.21530151367,0,3e-06,0.0859375,0,,35.659193992614746,79.54593412199938,,44,0,0.0,0.0615234375,,0.0006175005182740279,,,,0.0010849998943740502,,-0.875,-0.022344186902046204,0.00046749983084737323,0,0,0.13671875,1377981.0,0.6171875,0.1171875,,,1,4,0,0.0,0.875,,,0.0673828125,,,,,90.94537353515625,,0.13671875,,-0.875,0.003290000222477829,,,-1.5040859580039978e-07,0,,12958.455233402,,158.87022273799994,0.078125,56.06505089699931,,0.078125,0,,,0,1,0.0,0.1171875,,0,0.39600786566734314,81,
,0.0002053566573662989,0.0,20425.533294677734,2114.954186608869,,0.21345808099977148,,82,50.2143440246582,0,0,,,,204.927734375,-0.01922742836177349,,0.2667237980003847,465.0730929001875,0,0,190.13741540908813,0.0002800002221192699,0.421875,,0.0004369893777038669,0,161.078125,6.073734262201924e-06,0.5350686311721802,,,153.52956676600115,,0.140625,1107.3125,0,,0.0009925001904775854,,,4096,,0,0.0002750002749962732,0.05932005055773098,,,651,0.19428950326982886,22.328089851000186,,57,0,0.875,0.578125,0,0.578125,1780312994.085277,,,,,,,0.04733456367383736,0.140625,0,967,0.0546875,4432,56120.452880859375,0,3e-06,0.0546875,0,,35.51950305700302,77.04677990599885,,39,0,0.0,0.07861328125,,0.0005000006240152288,,,,0.001189999693451682,,-0.875,-0.01922742836177349,0.0005850001798535232,0,0,0.140625,1298832.0,0.578125,0.140625,,,1,67,0,0.0,0.875,,,0.0556640625,,,,,90.96141052246094,,0.140625,,-0.875,0.0030225000955397263,,,-2.1382002159953117e-06,0,,13112.804412778,,153.52956676600115,0.0859375,53.67209373500009,,0.0859375,0,,,0,1,0.0,0.140625,,0,0.44147971272468567,82,
,0.00019927442636213894,0.0078125,20602.611541748047,2166.880445528923,,0.21150134500021522,,83,50.84708786010742,0,0,,,,204.927734375,-0.016881661489605904,,0.2665417009993689,478.5446133965015,0,0,190.13741540908813,0.0003625004865170922,0.3984375,,0.00024150305830517027,0,169.0234375,-9.979394157255683e-06,0.46813714504241943,,,154.3187353459998,,0.0859375,1137.1884765625,0,,0.0009249997674487531,,,4096,,0,0.00021250025383778848,0.05767068244065098,,,1024,0.17049774760380387,22.269003261000762,,48,0,0.875,0.625,0,0.6015625,1780313148.434447,,,,,,,0.04674308526459448,0.0859375,0,976,0.0625,4483,56020.60317993164,0,3e-06,0.0625,0,,36.119330674409866,77.13805567599957,,50,0,0.0,0.158203125,,0.0005275001058180351,,,,0.001177499598270515,,-0.875,-0.016881661489605904,0.0005600004442385398,0,0,0.146484375,1337561.0,0.6015625,0.140625,,,1,3,0,0.0234375,0.875,,,0.046875,,,,,91.02983474731445,,0.146484375,,-0.875,0.002747500730038155,,,-6.338814273476601e-07,0,,13263.704840733,,154.3187353459998,0.0859375,54.43143467200025,,0.0859375,0,,,0,1,0.0234375,0.140625,,0,0.396270215511322,83,
,0.00020782790125969733,0.0,19928.997039794922,2097.972277143499,,0.20587976699971478,,84,49.33289337158203,0,0,,,,204.927734375,-0.02747970260679722,,0.2631354779987305,460.2608464906516,0,0,190.13741540908813,0.00022499989427160472,0.46875,,0.0004674084716498328,0,149.0546875,-1.2892443010059651e-05,0.5677452087402344,,,150.87449126399952,,0.1484375,1087.392578125,0,,0.0009125001270149369,,,4096,,0,0.00019999970390927047,0.06007160894368735,,,794,0.20682498870883137,22.13214551800047,,44,0,0.875,0.53125,0,0.53125,1780313299.3348043,,,,,,,0.046891164992051364,0.1484375,0,980,0.0703125,4543,55630.54656982422,0,3e-06,0.0703125,0,,37.96790540218353,76.05798565899931,,41,0,0.0,0.069580078125,,0.0006000004759698641,,,,0.0011124998309242073,,-0.875,-0.02747970260679722,0.0005599990799964871,0,0,0.1611328125,1266122.0,0.53125,0.125,,,1,60,0,0.0,0.875,,,0.04296875,,,,,90.95917892456055,,0.1611328125,,-0.875,0.0028624995138670783,,,-3.450550138950348e-05,0,,13415.504067065,,150.87449126399952,0.125,52.212843306999275,,0.125,0,,,0,1,0.0,0.125,,0,0.39837968349456787,84,
,0.00020731187045057954,0.0,20853.302001953125,2068.6226495851133,,0.20355520799967053,,85,49.0991325378418,0,0,,,,204.927734375,-0.019383905455470085,,0.26035427100032393,480.41398666052555,0,0,190.13741540908813,0.0003499999365885742,0.4765625,,0.00033871032042043225,0,146.25,3.834726214790862e-05,0.40051624178886414,,,151.77466033400015,,0.1328125,1080.173828125,0,,0.0008849997357174288,,,4096,,0,0.0002699994183785748,0.06161971184560612,,,769,0.26248375070281327,22.23951788100021,,52,0,0.875,0.5390625,0,0.5234375,1780313451.134035,,,,,,,0.046725990141923315,0.1328125,0,972,0.0859375,4604,56016.456604003906,0,3e-06,0.0859375,0,,35.16565263271332,77.38560807899921,,47,0,0.0,0.074951171875,,0.0005774995770480018,,,,0.0010899998414970469,,-0.875,-0.019383905455470085,0.0005650003913615365,0,0,0.181640625,1255858.0,0.5234375,0.1484375,,,1,115,0,0.015625,0.875,,,0.05078125,,,,,91.02472686767578,,0.181640625,,-0.875,0.0036124993130215444,,,1.0291580110788345e-05,0,,13568.133227526,,151.77466033400015,0.09375,51.68352424400109,,0.09375,0,,,0,1,0.015625,0.1484375,,0,0.3916386365890503,85,
,0.00020079966723421315,0.0,21087.05711364746,2144.531824199787,,0.2073476550012856,,86,50.1536865234375,0,0,,,,204.927734375,-0.03390822187066078,,0.26285218600060034,467.8202432455728,0,0,190.13741540908813,0.0002900005711126141,0.5,,0.0003069371377932839,0,129.6015625,-2.4376396360992203e-05,0.4252265989780426,,,152.600556591,,0.0859375,1148.7451171875,0,,0.0010550002116360702,,,4096,,0,0.00021750020096078515,0.05918822551100967,,,735,0.20471973402891308,22.184522719000597,,45,0,0.875,0.5234375,0,0.5,1780313603.7632895,,,,,,,0.044601108223563404,0.0859375,0,979,0.0859375,4668,55885.009765625,0,3e-06,0.0859375,0,,38.886673748493195,77.47898527600046,,40,0,0.0,0.070068359375,,0.0006374998520186637,,,,0.0010049993761640508,,-0.875,-0.03390822187066078,0.0005399997462518513,0,0,0.1767578125,1309027.0,0.5,0.203125,,,1,106,0,0.0234375,0.875,,,0.0439453125,,,,,90.99503707885742,,0.1767578125,,-0.875,0.003014999947481556,,,1.194770447909832e-06,0,,13723.440277958,,152.600556591,0.1015625,52.464952620000986,,0.1015625,0,,,0,1,0.0234375,0.203125,,0,0.39048588275909424,86,
,0.00020527011407375578,0.0,21097.780227661133,2138.4075438068307,,0.2122888289995899,,87,50.90422821044922,0,0,,,,204.927734375,-0.01958305388689041,,0.27263709700127947,488.6033422581095,0,0,190.13741540908813,0.00032749994716141373,0.421875,,0.0003458957189650391,0,139.9765625,8.391788424688684e-05,0.4676028788089752,,,155.2775807220005,,0.078125,1157.0810546875,0,,0.0009524997039989103,,,4096,,0,0.000277500475931447,0.05851898920257426,,,719,0.21411699708551168,22.236843922000844,,53,0,0.875,0.6015625,0,0.578125,1780313759.070322,,,,,,,0.04627577242792598,0.078125,0,971,0.0234375,4722,56100.15106201172,0,3e-06,0.0234375,0,,37.40478307008743,77.7241607119995,,39,0,1.622702257009223e-06,0.06005859375,,0.0006425002538890112,,,,0.0011650004125840496,,-0.875,-0.01958305388689041,0.0004675002855947241,0,0,0.1279296875,1328187.0,0.578125,0.1796875,,,1,16,0,0.0234375,0.875,,,0.0517578125,,,,,90.99547958374023,,0.1279296875,,-0.875,0.003347500296513317,,,2.217944711446762e-05,0,,13876.031920598,,155.2775807220005,0.1171875,54.82989523700053,,0.1171875,0,,,0,1,0.0234375,0.1796875,,0,0.41888803243637085,87,
,0.0002073682217562372,0.0,20529.945373535156,2038.5971305149974,,0.20734130600067147,,88,48.834110260009766,0,0,,,,204.927734375,-0.012354631908237934,,0.2579886710009305,479.7102436286805,0,0,190.13741540908813,0.0003324998942844104,0.3984375,,0.00014119028674031142,0,167.890625,-4.588140313899203e-06,0.4365612864494324,,,152.56925723300083,,0.0703125,1047.0595703125,0,,0.0009949999366654083,,,4096,,0,0.00023249958758242428,0.061915582534166555,,,873,0.1966872368939221,22.274381339000684,,46,0,0.875,0.6015625,0,0.6015625,1780313911.6619627,,,,,,,0.04924270005381493,0.0703125,0,978,0.1328125,4773,55981.49490356445,0,3e-06,0.1328125,0,,38.37927803397179,77.02973347099942,,36,0,0.0,0.0665283203125,,0.0006700001904391684,,,,0.001055000666383421,,-0.875,-0.012354631908237934,0.0005450001481221989,0,0,0.1630859375,1244109.0,0.6015625,0.1015625,,,1,73,0,0.0,0.875,,,0.044921875,,,,,91.02077865600586,,0.1630859375,,-0.875,0.0031549998311675154,,,9.658397175371647e-06,0,,14031.384677525,,152.56925723300083,0.09375,52.797481327999776,,0.09375,0,,,0,1,0.0,0.1015625,,0,0.4015476405620575,88,
,0.00020265356687264666,0.0,20923.54965209961,2128.635591848596,,0.2037620290011546,,89,50.39139938354492,0,0,,,,204.927734375,-0.017048442736268044,,0.2680071129998396,463.5841460253723,0,0,190.13741540908813,0.0002975007191707846,0.484375,,0.0003089576011916506,0,164.5703125,-0.00012793820555589974,0.43768858909606934,,,155.3212072869992,,0.1640625,1126.9228515625,0,,0.0011400006769690663,,,4096,,0,0.0001949997567862738,0.05899163371113077,,,758,0.16845499339979142,22.44352932000038,,57,0,0.875,0.53125,0,0.515625,1780314067.014645,,,,,,,0.04713158270542757,0.1640625,0,967,0.0703125,4835,56591.468811035156,0,3e-06,0.0703125,0,,37.00857609510422,78.01578667499962,,44,0,0.0,0.076416015625,,0.0006299997039604932,,,,0.001207499281008495,,-0.875,-0.017048442736268044,0.0005250008143775631,0,0,0.173828125,1322489.0,0.515625,0.140625,,,1,15,0,0.015625,0.875,,,0.0556640625,,,,,90.95843505859375,,0.173828125,,-0.875,0.0030397500268009026,,,-7.763388566672802e-06,0,,14190.514131983,,155.3212072869992,0.09375,54.38838536299954,,0.09375,0,,,0,1,0.015625,0.140625,,0,0.408399373292923,89,
,0.00020641782543700808,0.0,21036.75651550293,1971.5908030684852,7.736811663000481,0.2076505149998411,,90,48.926727294921875,0,0,,,,204.927734375,-0.01823768950998783,,0.2589788219993352,478.7306406292482,0,0,190.13741540908813,0.0003600007403292693,0.4921875,,0.0001707141445876914,0,136.0546875,-1.4451638548962364e-05,0.40210044384002686,,,159.0890460190003,,0.15625,1089.173828125,0,,0.0010074995770992246,,,4096,,0,0.00022000040189595893,0.06175079568384072,,,625,0.17767774988897145,22.249610607999784,,47,0,0.875,0.5078125,0,0.5078125,1780314226.1441844,,,,,,,0.04586980789087242,0.15625,0,977,0.1015625,4898,55922.42431640625,0,3e-06,0.1015625,0,,36.55129671096802,77.47464779199981,,34,0,0.0,0.0732421875,,0.0006075001692806836,,,,0.0011999995876976755,,-0.875,-0.01823768950998783,0.0006374998520186637,0,0,0.18359375,1254634.0,0.5078125,0.140625,,,1,52,0,0.0,0.875,,,0.0458984375,,,,,91.00153350830078,,0.18359375,,-0.875,0.0033125002119049896,,,1.1019757948815823e-05,0,,14346.358585334,,159.0890460190003,0.09375,51.15923891800048,,0.09375,0,,,0,1,0.0,0.140625,,0,0.3539523780345917,90,
,0.00019858063688200906,0.0,21165.1554107666,2137.977240869873,,0.20877313999881153,,91,50.40184783935547,0,0,,,,204.927734375,-0.03391300514340401,,0.2646194219996687,461.971071940774,0,0,190.13741540908813,0.0002425003913231194,0.5078125,,0.00031716931061964715,0,148.8984375,-5.170123831987894e-05,0.45837658643722534,,,155.81947910000054,,0.0859375,1152.423828125,0,,0.0010799999472510535,,,4096,,0,0.00021499954527826048,0.05870619441088274,,,707,0.22475674632005394,22.41298789100074,,60,0,0.875,0.5,0,0.4921875,1780314381.988564,,,,,,,0.046354463033924764,0.0859375,0,964,0.1171875,4963,56566.062927246094,0,3e-06,0.1171875,0,,35.75360029935837,78.22917418699944,,40,0,0.0,0.07080078125,,0.0005599999894911889,,,,0.0010900007509917486,,-0.875,-0.03391300514340401,0.0005649999366141856,0,0,0.1826171875,1332554.0,0.4921875,0.15625,,,1,104,0,0.0078125,0.875,,,0.05859375,,,,,90.97018051147461,,0.1826171875,,-0.875,0.0026674997570808046,,,-2.9365415684878826e-05,0,,14497.758772489,,155.81947910000054,0.140625,54.702067446,,0.140625,0,,,0,1,0.0078125,0.15625,,0,0.3747907876968384,91,
,0.000209493607966273,0.0,20934.33380126953,2103.1737037344355,,0.20806802399965818,,92,48.81238555908203,0,0,,,,204.927734375,-0.023621538653969765,,0.26678173000073,464.53226110633113,0,0,190.13741540908813,0.00025500003175693564,0.4375,,0.0003276354545960203,0,148.6953125,8.648052059356814e-05,0.41833052039146423,,,151.3736119059995,,0.1328125,1094.91796875,0,,0.0009074997251445893,,,4096,,0,0.00025000008463393897,0.06060791527256449,,,758,0.18575250578578562,22.18002184100078,,49,0,0.875,0.5703125,0,0.5625,1780314533.3887439,,,,,,,0.04596427720487757,0.1328125,0,975,0.09375,5019,55746.52099609375,0,3e-06,0.09375,0,,36.175474524497986,77.18175578299997,,51,0,0.0,0.072998046875,,0.0005399997462518513,,,,0.001132499619416194,,-0.875,-0.023621538653969765,0.000630000613455195,0,0,0.1669921875,1273460.0,0.5625,0.109375,,,1,114,0,0.0078125,0.875,,,0.0478515625,,,,,90.93534851074219,,0.1669921875,,-0.875,0.0037825002436875366,,,-1.2273900210857391e-05,0,,14650.650739705,,151.3736119059995,0.09375,51.534963744999914,,0.09375,0,,,0,1,0.0078125,0.109375,,0,0.39450719952583313,92,
,0.00020565954878921567,0.0,20821.380615234375,2098.7929087563684,,0.21139135799967335,,93,49.45644760131836,0,0,,,,204.927734375,-0.008723479695618153,,0.263950663000287,470.1909981117933,0,0,190.13741540908813,0.00032749994716141373,0.3671875,,0.000254596351624059,0,141.9921875,1.126703778453475e-05,0.4592728614807129,,,152.8777559049995,,0.0625,1111.3623046875,0,,0.0009800000952964183,,,4096,,0,0.0002950000634882599,0.06010279744903282,,,514,0.1454605080652982,22.21700816200064,,46,0,0.875,0.6328125,0,0.6328125,1780314686.2806923,,,,,,,0.04661118715944547,0.0625,0,978,0.0390625,5066,55808.34197998047,0,3e-06,0.0390625,0,,37.96869516372681,77.13803384399944,,46,0,0.0,0.058837890625,,0.0005525007509277202,,,,0.0009949999366654083,,-0.875,-0.008723479695618153,0.0005475003490573727,0,0,0.1025390625,1283435.0,0.6328125,0.1328125,,,1,192,0,0.0,0.875,,,0.044921875,,,,,91.00446701049805,,0.1025390625,,-0.875,0.002397499883954879,,,5.776062607765198e-06,0,,14805.188495953,,152.8777559049995,0.1328125,53.04516237899952,,0.1328125,0,,,0,1,0.0,0.1328125,,0,0.38804566860198975,93,
,0.00020120014037306748,0.0,21132.129669189453,2143.890798735667,,0.21676790200035612,,94,50.19284439086914,0,0,,,,204.927734375,-0.018722157925367355,,0.26659722799922747,467.26415239664493,0,0,190.13741540908813,0.00032250000003841706,0.359375,,0.00022756706675863825,0,173.9765625,6.667308586827403e-05,0.5061526298522949,,,154.51288386300075,,0.0703125,1120.0029296875,0,,0.0009175000741379336,,,4096,,0,0.0002750002749962732,0.05897584759647927,,,758,0.17228751676157117,22.451891748998605,,59,0,0.875,0.65625,0,0.640625,1780314840.8185089,,,,,,,0.046587555341738446,0.0703125,0,965,0.046875,5112,56508.88442993164,0,3e-06,0.046875,0,,36.605268716812134,78.14506222000091,,47,0,0.0,0.10498046875,,0.0005175002115720417,,,,0.0010499998097657226,,-0.875,-0.018722157925367355,0.0005897495611861814,0,0,0.1220703125,1325035.0,0.640625,0.140625,,,1,8,0,0.015625,0.875,,,0.0576171875,,,,,90.92965316772461,,0.1220703125,,-0.875,0.0027399996724852826,,,4.1441526263952255e-06,0,,14953.758262203,,154.51288386300075,0.0859375,53.430475232999015,,0.0859375,0,,,0,1,0.015625,0.140625,,0,0.43140026926994324,94,
,0.00021709555489829162,0.0,20456.567764282227,1966.5609556017437,,0.19759166699986963,,95,47.1699333190918,0,0,,,,204.927734375,-0.01519935205578804,,0.2536809320008615,478.1537022991106,0,0,190.13741540908813,0.0003300001480965875,0.4375,,0.000293306038429364,0,144.765625,0.00011010732055183325,0.4232458174228668,,,148.54891691400007,,0.125,996.369140625,0,,0.001017499471345218,,,4096,,0,0.00020749985196744092,0.06482577111256776,,,718,0.16155299090314656,21.88482938099878,,32,0,0.875,0.5625,0,0.5625,1780314989.388316,,,,,,,0.049457261378715964,0.125,0,992,0.09375,5168,54778.472900390625,0,3e-06,0.09375,0,,36.9763970375061,75.75033971199991,,44,0,0.0,0.0712890625,,0.0005400002009992022,,,,0.0012324999261181802,,-0.875,-0.01519935205578804,0.0004875000740867108,0,0,0.162109375,1168522.0,0.5625,0.15625,,,1,5,0,0.0,0.875,,,0.03125,,,,,91.00096130371094,,0.162109375,,-0.875,0.0035799998840957414,,,1.1528260074555874e-05,0,,15110.170565455,,148.54891691400007,0.0625,50.460353553999084,,0.0625,0,,,0,1,0.0,0.15625,,0,0.42059916257858276,95,
,0.00019250977501042733,0.0,20773.223876953125,2207.3285195793687,,0.21653990000049816,,96,51.57561492919922,0,0,,,,204.927734375,-0.016064511612057686,,0.26582077000057325,480.0832959676918,0,0,190.13741540908813,0.00028750037017744035,0.359375,,0.0003956881041631277,0,155.3125,4.3815908540523196e-05,0.9055045247077942,,,156.3900647039991,,0.1171875,1193.1416015625,0,,0.0009524997039989103,,,4096,,0,0.00020500010577961802,0.05643684267502543,,,768,0.18061749869957566,22.455672408001192,,67,0,0.875,0.640625,0,0.640625,1780315145.8006046,,,,,,,0.04544293233626173,0.1171875,0,957,0.0546875,5214,56637.94708251953,0,3e-06,0.0546875,0,,37.51054406166077,77.92895179200059,,47,0,0.0,0.068359375,,0.0005350002538762055,,,,0.0011924989848921541,,-0.75,-0.016064511612057686,0.000470000031782547,0,0,0.1181640625,1380817.0,0.640625,0.125,,,1,94,0,0.0,0.875,,,0.0654296875,,,,,90.93013763427734,,0.1181640625,,-0.75,0.002732500433921814,,,-4.3121399357914925e-06,0,,15263.880790613,,156.3900647039991,0.0625,55.521129541000846,,0.0625,0,,,0,1,0.0,0.125,,0,0.4169515073299408,96,
,0.00020350561208618971,0.0,20986.644744873047,2128.625503711526,,0.21072622100109584,,97,50.03533935546875,0,0,,,,204.927734375,-0.020920956507325172,,0.26627203399948485,478.4812116295361,0,0,190.13741540908813,0.00027000032787327655,0.515625,,0.00036118343041380285,0,171.1484375,-6.252480610058342e-05,0.45815181732177734,,,153.6702907250001,,0.1015625,1106.611328125,0,,0.0010025005394709297,,,4096,,0,0.00016750027498346753,0.058958319973770316,,,756,0.15992025146260858,22.12290761100121,,51,0,0.875,0.4921875,0,0.484375,1780315299.510809,,,,,,,0.047588474303061776,0.1015625,0,973,0.0625,5280,55640.27404785156,0,3e-06,0.0625,0,,37.029750645160675,77.1425987700004,,49,0,0.0,0.068359375,,0.0005474998943100218,,,,0.001104999682866037,,-0.875,-0.020920956507325172,0.0006399995982064866,0,0,0.15625,1308426.0,0.484375,0.21875,,,1,34,0,0.0078125,0.875,,,0.0498046875,,,,,90.9940299987793,,0.15625,,-0.875,0.005362249339668779,,,-3.080838359892368e-05,0,,15415.64665772,,153.6702907250001,0.125,53.925831426000514,,0.125,0,,,0,1,0.0078125,0.21875,,0,0.3892320394515991,97,
,0.0002168936386505195,0.0,20349.51400756836,1954.6920932564558,,0.19813466499908827,,98,47.30963897705078,0,0,,,,204.927734375,-0.01580420881509781,,0.2573122020003211,470.7350665603444,0,0,190.13741540908813,0.0003199997991032433,0.4609375,,0.00048028356468421407,0,144.296875,3.310739315054434e-05,0.4329061508178711,,,151.7313141149989,,0.1328125,1014.25,0,,0.0009800005500437692,,,4096,,0,0.00021250025383778848,0.06393561686919211,,,752,0.18253750749863684,21.993562644998747,,41,0,0.875,0.5625,0,0.5390625,1780315451.2766433,,,,,,,0.05144429575040049,0.1328125,0,983,0.0625,5339,54993.324279785156,0,3e-06,0.0625,0,,36.38438507914543,75.85014694399979,,50,0,0.0,0.071533203125,,0.0005375000000640284,,,,0.0011799993444583379,,-0.875,-0.01580420881509781,0.0005824990694236476,0,0,0.1728515625,1186352.0,0.5390625,0.15625,,,1,116,0,0.0234375,0.875,,,0.0400390625,,,,,90.99384689331055,,0.1728515625,,-0.875,0.0028550002753036097,,,-2.5942805223166943e-05,0,,15566.608369171,,151.7313141149989,0.0859375,53.42963401199995,,0.0859375,0,,,0,1,0.0234375,0.15625,,0,0.3608763515949249,98,
,0.0002111119817207977,0.0,20364.046096801758,2008.7970181810051,,0.1922168920009426,,99,47.49522018432617,0,0,,,,204.927734375,-0.024481885135173798,,0.2560131780010124,463.4568989094987,0,0,190.13741540908813,0.00026750058168545365,0.4296875,,0.0002938864545285469,0,161.5078125,6.1033729209292176e-05,0.4195268154144287,,,150.9222919269996,,0.1015625,1022.7587890625,0,,0.0009300001693191007,,,4096,,0,0.00025000008463393897,0.06286196827133725,,,737,0.1636927481740713,22.048608962999424,,41,0,0.875,0.5703125,0,0.5703125,1780315602.238385,,,,,,,0.04983404952902935,0.1015625,0,983,0.109375,5394,55368.45397949219,0,3e-06,0.109375,0,,35.89056804776192,76.2320174409997,,49,0,3.541477781254798e-06,0.06640625,,0.00047999992602854036,,,,0.0010750000001280569,,-0.875,-0.024481885135173798,0.0004899998202745337,0,0,0.1611328125,1212689.0,0.5703125,0.1484375,,,1,77,0,0.0,0.875,,,0.0400390625,,,,,90.9736557006836,,0.1611328125,,-0.875,0.0027124997359351255,,,-1.115468330681324e-05,0,,15804.207840267,,150.9222919269996,0.0703125,52.19144924200009,,0.0703125,0,,,0,1,0.0,0.1484375,,0,0.37869513034820557,99,
0.0,0.00019147961062369504,0.0078125,21810.977935791016,1398.5516800368666,7.737575223000022,0.21469593700021505,0.0,100,51.49732208251953,0,0,0.0,0.0,0.0,204.927734375,-0.021355707198381424,0.0,0.2628159140003845,467.25149303847866,0,0,190.13741540908813,0.0003149998519802466,0.5,0.0,0.0004865688149493508,0,179.09375,-3.985788862337358e-05,0.5029220581054688,0.2138671875,0.0,245.35257073299908,0.0,0.1640625,1161.2900390625,0,0.0,0.001042500116454903,0.0,0.0,4096,0.0,0,0.00023749998945277184,0.05766496922960407,0.0,0.7912713472485768,1024,0.20028224389534444,22.498783377999644,0.0,58,0,0.875,0.5078125,0,0.5,1780315847.7326546,0.20872865275142316,0.0,0.0,0.0,"{'artifact_path': 'wandb-client-artifact://eue87ykvuslwk3r7f8o2amm2jymlbqhwwr6c66hqsjo9avf06enbput60kfgmgphhm8vwe3artgoeipgdcb9d65g7r1ebb4putbvbgy95yj9dhw6cwgq5sgtp9kulttc/val/generations.table.json', 'sha256': '5c9edf5674a3a43f63d2d8c520a0143eda208586bcde9cb16f17e5ea00132a75', 'size': 30980, '_type': 'table-file', 'log_mode': 'IMMUTABLE', '_latest_artifact_path': 'wandb-client-artifact://4uhg7w1yy7m8ymwfe8ao1da68nfc84n7gy0xdasd01op775in75ts327lznm98i7dpjheg84uuhnpj6aaldod5qcpjdzqzz35sirvmu30b73pqv5istvuzcs7g2hp46y:latest/val/generations.table.json', 'nrows': 2, 'path': 'media/table/val/generations_99_5c9edf5674a3a43f63d2.table.json', 'ncols': 13}",79.54651781600114,0.04704291793794135,0.1640625,0,966,0.046875,5458,56833.92333984375,0,3e-06,0.046875,0,0.20756880733944955,35.866327583789825,79.14822651100076,0.0,36,0,0.0,0.135498046875,0.03333333333333333,0.0005950000740995165,0.0,0.9666666666666667,1024.0,0.0011400002222217154,0.0,-0.875,-0.021355707198381424,0.0006749996828148142,0,0,0.162109375,1372553.0,0.5,0.1796875,0.0,0.0,1,5,0,0.0078125,0.875,0.0,0.7861328125,0.056640625,0.0,0.03703703703703704,0.0,30.0,90.98141860961914,0.0,0.162109375,0.20244716351501668,-0.875,0.0031274998946173582,0.0,0.03333333333333333,-3.1657982617616653e-06,0,0.0,15964.963895768,0.2138671875,245.35257073299908,0.1015625,55.94160333800028,0.0,0.1015625,0,1054.0,0.0,0,1,0.0078125,0.1796875,0.0,0,0.39792412519454956,100,0.0
,0.00020630983879484438,0.0,20432.170867919922,2069.6127584872515,,0.207549224000104,,101,50.42180633544922,0,0,,,,204.927734375,-0.014962635934352875,,0.2610265090006578,473.01414880075026,0,0,190.13741540908813,0.0002800002221192699,0.375,,0.00021390105484897504,0,151.171875,3.495708707390577e-06,0.4308117628097534,,,152.83245558999988,,0.0703125,1084.390625,0,,0.001117499778047204,,,4096,,0,0.00020000015865662135,0.06045130294510901,,,806,0.27683598455041647,22.13298855299945,,38,0,0.875,0.640625,0,0.625,1780316000.5938864,,,,,,,0.048400648212020524,0.0703125,0,986,0.0703125,5506,55542.94204711914,0,3e-06,0.0703125,0,,35.54507717490196,76.48395570699904,,52,0,0.0,0.0570068359375,,0.0005999995664751623,,,,0.0011399997674743645,,-0.875,-0.014962635934352875,0.0006149998625915032,0,0,0.1298828125,1265216.0,0.625,0.1796875,,,1,44,0,0.015625,0.875,,,0.037109375,,,,,91.03937911987305,,0.1298828125,,-0.875,0.002777500412776135,,,5.4960837587714195e-06,0,,16117.067743598,,152.83245558999988,0.0390625,53.744854184998985,,0.0390625,0,,,0,1,0.015625,0.1796875,,0,0.351475328207016,101,
,0.000203539653381887,0.0,20832.324981689453,2090.3508959997985,,0.20227772600082972,,102,49.392234802246094,0,0,,,,204.927734375,-0.004434308037161827,,0.2588326250006503,475.131275312393,0,0,190.13741540908813,0.00035749962989939377,0.453125,,0.00012815406398658524,0,159.703125,-6.588295804021982e-06,0.5224452614784241,,,152.08654709999973,,0.09375,1082.1494140625,0,,0.0010024996299762279,,,4096,,0,0.00025000008463393897,0.06031245823913474,,,808,0.18118224397767335,22.09091847900163,,43,0,0.875,0.5625,0,0.546875,1780316152.6978042,,,,,,,0.04767752802807545,0.09375,0,981,0.109375,5564,55353.797912597656,0,3e-06,0.109375,0,,35.31678766012192,76.69675970700337,,51,0,0.0,0.08447265625,,0.0006474992915173061,,,,0.0012400005289237015,,-0.875,-0.004434308037161827,0.0006549998943228275,0,0,0.1787109375,1271657.0,0.546875,0.1328125,,,1,4,0,0.015625,0.875,,,0.0419921875,,,,,91.03443908691406,,0.1787109375,,-0.875,0.0034150007195421495,,,3.109569661319256e-06,0,,16276.426921646,,152.08654709999973,0.1015625,52.832470035998995,,0.1015625,0,,,0,1,0.015625,0.1328125,,0,0.353294312953949,102,
,0.00018872072252239448,0.0,20843.765258789062,2218.4419337203685,,0.21577542399973026,,103,52.93413162231445,0,0,,,,204.927734375,-0.028068210929632187,,0.2668278889977955,482.29655003888183,0,0,190.13741540908813,0.00025749977794475853,0.34375,,6.373843098117504e-05,0,168.578125,-3.9487929885950734e-05,0.41669896245002747,,,159.33220727000298,,0.03125,1212.1611328125,0,,0.0010550020306254737,,,4096,,0,0.00023999928089324385,0.055265893942685,,,766,0.17354750889353454,22.52381957400212,,71,0,0.875,0.671875,0,0.65625,1780316312.05694,,,,,,,0.04687556545120292,0.03125,0,953,0.0625,5608,56777.183532714844,0,3e-06,0.0625,0,,35.749733448028564,78.13917633000165,,43,0,0.0,0.0494384765625,,0.000557500243303366,,,,0.001160000465461053,,-0.875,-0.028068210929632187,0.0004724997779703699,0,0,0.1142578125,1413877.0,0.65625,0.15625,,,1,61,0,0.015625,0.875,,,0.0693359375,,,,,91.04717254638672,,0.1142578125,,-0.875,0.003965000360039994,,,-8.994247764348984e-07,0,,16427.307803836,,159.33220727000298,0.078125,58.18443624300198,,0.078125,0,,,0,1,0.015625,0.15625,,0,0.3855189085006714,103,
,0.00021393510358948308,0.0,20658.952713012695,2000.5630164923523,,0.19959503300196957,,104,47.848663330078125,0,0,,,,204.927734375,-0.02279791049659252,,0.2582560390001163,478.4152698548569,0,0,190.13741540908813,0.00028250087780179456,0.4453125,,8.232254594986443e-05,0,139.4921875,4.098856457268596e-05,0.41543644666671753,,,150.85378341600153,,0.1328125,1039.384765625,0,,0.0009249997674487531,,,4096,,0,0.0001999987944145687,0.0630767528898161,,,812,0.2239522582385689,21.91906745200322,,45,0,0.875,0.5546875,0,0.5546875,1780316462.9375784,,,,,,,0.049167437689439715,0.1328125,0,979,0.1171875,5665,54968.34945678711,0,3e-06,0.1171875,0,,38.41620683670044,76.1443637859993,,41,0,0.0,0.0693359375,,0.0005350002538762055,,,,0.001030000021273736,,-0.875,-0.02279791049659252,0.0005075007720733993,0,0,0.1728515625,1207170.0,0.5546875,0.109375,,,1,152,0,0.0,0.875,,,0.0439453125,,,,,91.01116180419922,,0.1728515625,,-0.875,0.0027072492230217904,,,1.015432644635439e-05,0,,16582.030716572,,150.85378341600153,0.0859375,52.33037895600137,,0.0859375,0,,,0,1,0.0,0.109375,,0,0.34431055188179016,104,
,0.00020333429879838122,0.0,21496.52671813965,2109.8548616720377,,0.21444928499840898,,105,49.63890075683594,0,0,,,,204.927734375,-0.007338979747146368,,0.2654352369972912,466.3651512628421,0,0,190.13741540908813,0.0003300010575912893,0.4609375,,0.0003012337888321781,0,157.203125,0.00014366404087695628,0.41430988907814026,,,154.68042656800026,,0.078125,1117.6142578125,0,,0.0008649985829833895,,,4096,,0,0.00018249920685775578,0.060072723973945814,,,758,0.24562174803577363,22.382328576000873,,45,0,0.875,0.5703125,0,0.5390625,1780316617.6606946,,,,,,,0.04665734262174324,0.078125,0,979,0.078125,5724,56420.448303222656,0,3e-06,0.078125,0,,36.121636629104614,78.41971482100053,,40,0,0.0,0.0556640625,,0.0005849997251061723,,,,0.0011025003914255649,,-0.875,-0.007338979747146368,0.0004749999789055437,0,0,0.1708984375,1305413.0,0.5390625,0.15625,,,1,128,0,0.03125,0.875,,,0.0439453125,,,,,91.0521354675293,,0.1708984375,,-0.875,0.003849999302474316,,,-2.7066562324762344e-07,0,,16735.95286003,,154.68042656800026,0.1171875,53.39638921799997,,0.1171875,0,,,0,1,0.03125,0.15625,,0,0.3776025176048279,105,
,0.00020411788215832905,0.0,21086.963653564453,2074.3125416900493,,0.20745886900112964,,106,49.057228088378906,0,0,,,,204.927734375,-0.02524719387292862,,0.26061954900069395,463.0150876382686,0,0,190.13741540908813,0.0002750002749962732,0.4375,,0.00018665778134163702,0,163.9296875,4.5016691316845936e-05,0.46390479803085327,,,153.88339200799965,,0.09375,1082.9541015625,0,,0.0010450003173900768,,,4096,,0,0.00029499824449885637,0.0610259104799547,,,711,0.23347749083768576,22.363123513001483,,52,0,0.875,0.5703125,0,0.5625,1780316771.5828815,,,,,,,0.047912004626018655,0.09375,0,972,0.078125,5780,56330.39474487305,0,3e-06,0.078125,0,,37.817515432834625,77.91843173400048,,37,0,0.0,0.0634765625,,0.0005824995241709985,,,,0.0010450003173900768,,-0.875,-0.02524719387292862,0.0006225018296390772,0,0,0.1494140625,1276809.0,0.5625,0.1640625,,,1,38,0,0.0078125,0.875,,,0.05078125,,,,,91.03988265991211,,0.1494140625,,-0.875,0.003390000529179815,,,1.0363990440964699e-05,0,,16889.688994264,,153.88339200799965,0.09375,53.13177797000026,,0.09375,0,,,0,1,0.0078125,0.1640625,,0,0.40183907747268677,106,
,0.0002261275510143609,0.0,21076.202392578125,2073.9393312051975,,0.2027110349990835,,107,49.624412536621094,0,0,,,,204.927734375,-0.017450297251343727,,0.2883311700024933,493.57879546550976,0,0,190.13741540908813,0.0002625001798151061,0.46875,,0.00034104079259122955,0,140.2734375,-7.987490991823165e-05,0.4500091075897217,,,153.70290500000192,,0.078125,1104.923828125,0,,0.001004749719868414,,,4096,,0,0.0002200013113906607,0.060932231065139425,,,863,0.220782239921391,22.33514505399944,,52,0,0.875,0.5546875,0,0.53125,1780316925.3191018,,,,,,,0.04700325095939649,0.078125,0,972,0.109375,5840,56087.4137878418,0,3e-06,0.109375,0,,36.16871312260628,77.69359105100011,,47,0,0.0,0.068359375,,0.0006700010999338701,,,,0.001100000190490391,,-0.875,-0.017450297251343727,0.0005649999366141856,0,0,0.1796875,1275082.0,0.53125,0.1640625,,,1,122,0,0.0234375,0.875,,,0.05078125,,,,,91.00607299804688,,0.1796875,,-0.875,0.0027574997147894464,,,-5.8783916756510735e-06,0,,17045.840035812,,153.70290500000192,0.09375,53.18145227200148,,0.09375,0,,,0,1,0.0234375,0.1640625,,0,0.37714463472366333,107,
,0.00020440832662327172,0.0,20207.176208496094,2101.6659481102183,,0.20819625799776986,,108,49.90315246582031,0,0,,,,204.927734375,-0.020055558532476425,,0.26828858600129024,461.2276859725098,0,0,190.13741540908813,0.000284998350252863,0.4453125,,0.00022113844215709832,0,155.046875,-7.74519185142708e-06,0.45074227452278137,,,156.1276901759993,,0.1015625,1126.7041015625,0,,0.0008725000952836126,,,4096,,0,0.00027250007406109944,0.05897523466891289,,,676,0.21154725982341915,22.473636524999165,,48,0,0.875,0.5625,0,0.5546875,1780317081.4701147,,,,,,,0.04833794664678894,0.1015625,0,976,0.0859375,5897,56701.26724243164,0,3e-06,0.0859375,0,,35.87280958890915,77.40576218099886,,48,0,0.0,0.066650390625,,0.0006250002115848474,,,,0.0010747498890850693,,-0.75,-0.020055558532476425,0.0004749999789055437,0,0,0.1533203125,1312513.0,0.5546875,0.171875,,,1,157,0,0.0078125,0.875,,,0.046875,,,,,91.01102447509766,,0.1533203125,,-0.75,0.00308250128000509,,,-4.1979365050792694e-07,0,,17197.631349455,,156.1276901759993,0.078125,55.76966425399951,,0.078125,0,,,0,1,0.0078125,0.171875,,0,0.37025511264801025,108,
,0.0002067818074067497,0.0,19724.750518798828,2070.608517882117,,0.2007850679983676,,109,49.222251892089844,0,0,,,,204.927734375,-0.01387050561606884,,0.2599350710006547,456.3146471318614,0,0,190.13741540908813,0.00025749886845005676,0.4453125,,0.00031879975176707376,0,146.7109375,5.196264116591465e-05,0.5640824437141418,,,151.77301613799864,,0.078125,1080.876953125,0,,0.0010924995876848698,,,4096,,0,0.00030250066629378125,0.060202922414381466,,,767,0.15671049186494201,22.067142825999326,,38,0,0.875,0.5625,0,0.5546875,1780317233.2614152,,,,,,,0.04839558163130759,0.078125,0,986,0.109375,5954,55460.2165222168,0,3e-06,0.109375,0,,36.637887358665466,75.67808362099822,,38,0,0.0,0.0621337890625,,0.0005925003279116936,,,,0.0011149995771120302,,-0.875,-0.01387050561606884,0.0005524998414330184,0,0,0.169921875,1257050.0,0.5546875,0.140625,,,1,69,0,0.0078125,0.875,,,0.037109375,,,,,91.04096603393555,,0.169921875,,-0.875,0.003422501322347671,,,-9.08633228391409e-06,0,,17363.624675622,,151.77301613799864,0.109375,53.565100870000606,,0.109375,0,,,0,1,0.0078125,0.140625,,0,0.3709547817707062,109,
,0.00020501331953157095,0.0,21229.082107543945,2000.8997635633136,8.5300714469995,0.21610113800124964,,110,52.04533004760742,0,0,,,,204.927734375,-0.019871527329087257,,0.27232944299976225,520.3355335715605,0,0,190.13741540908813,0.00030749924917472526,0.4453125,,0.0002156148534595559,0,141.25,1.3055729245259329e-05,0.5437507033348083,,,165.96908353300023,,0.09375,1155.966796875,0,,0.0010025014489656314,,,4096,,0,0.00023750089894747362,0.05849050465013004,,,608,0.18375724903307855,22.235422612000548,,45,0,0.875,0.5625,0,0.5546875,1780317399.2545996,,,,,,,0.04816823197151329,0.09375,0,979,0.09375,6011,55909.584045410156,0,3e-06,0.09375,0,,36.669228225946426,77.69586185200023,,43,0,0.0,0.0616455078125,,0.0006000000212225132,,,,0.0012749987945426255,,-0.875,-0.019871527329087257,0.0005374995453166775,0,0,0.1611328125,1328350.0,0.5546875,0.1484375,,,1,120,0,0.0078125,0.875,,,0.0439453125,,,,,91.0570182800293,,0.1611328125,,-0.875,0.003219999598513823,,,1.3550743460655212e-06,0,,17517.419099409,,165.96908353300023,0.1015625,57.017217867,,0.1015625,0,,,0,1,0.0078125,0.1484375,,0,0.3598369061946869,110,
,0.0002106119715320135,0.0,21049.1943359375,2061.0921335762414,,0.2084293219995743,,111,49.84511184692383,0,0,,,,204.927734375,-0.02199392206966877,,0.2669978509984503,460.83355220072553,0,0,190.13741540908813,0.0003650002327049151,0.4921875,,0.0002334365931346838,0,157.8515625,3.919879873137688e-05,0.4882812201976776,,,153.76847780699973,,0.09375,1080.16015625,0,,0.0010525009201955982,,,4096,,0,0.0002124997990904376,0.060730118432720435,,,747,0.23779674666002393,22.124197339999228,,42,0,0.875,0.5234375,0,0.5078125,1780317553.049181,,,,,,,0.04898146057894175,0.09375,0,982,0.1015625,6074,55441.64276123047,0,3e-06,0.1015625,0,,37.113651633262634,76.98902866000208,,44,0,0.0,0.072265625,,0.0005550000423681922,,,,0.0012200007404317148,,-0.875,-0.02199392206966877,0.0005625006451737136,0,0,0.1689453125,1267724.0,0.5078125,0.21875,,,1,2,0,0.015625,0.875,,,0.041015625,,,,,91.00568771362305,,0.1689453125,,-0.875,0.0025947510948753916,,,-7.91158527135849e-06,0,,17670.609879592,,153.76847780699973,0.0625,54.17760984299821,,0.0625,0,,,0,1,0.015625,0.21875,,0,0.39483773708343506,111,
,0.00020954341629499253,0.0,21426.044464111328,2053.2010771159175,,0.20493597200038494,,112,49.3001708984375,0,0,,,,204.927734375,-0.02195078507065773,,0.26353709700197214,515.0470572334452,0,0,190.13741540908813,0.0003300001480965875,0.5078125,,0.0002776136548163777,0,150.5625,1.2479543222809752e-05,0.40226608514785767,,,153.13563464600156,,0.125,1077.6337890625,0,,0.0010974999895552173,,,4096,,0,0.0002425003913231194,0.06184649937543459,,,768,0.21034973906353116,22.208698985999945,,38,0,0.875,0.5078125,0,0.4921875,1780317706.23991,,,,,,,0.047733573681667835,0.125,0,986,0.09375,6139,55804.43572998047,0,3e-06,0.09375,0,,36.92760318517685,77.78267240900095,,49,0,0.0,0.074951171875,,0.0005725014489144087,,,,0.0012099999366910197,,-0.875,-0.02195078507065773,0.0005350002538762055,0,0,0.1904296875,1257673.0,0.4921875,0.1328125,,,1,112,0,0.015625,0.875,,,0.037109375,,,,,91.04697036743164,,0.1904296875,,-0.875,0.0032172492865356617,,,-1.265108585357666e-05,0,,17827.571001962,,153.13563464600156,0.140625,52.67385535699941,,0.140625,0,,,0,1,0.015625,0.1328125,,0,0.36088404059410095,112,
,0.00019941257788265923,0.0,20885.4923248291,2195.5482756686583,,0.22632273999988683,,113,52.45215606689453,0,0,,,,204.927734375,-0.018355445936322212,,0.2747410780029895,596.2661662670143,0,0,190.13741540908813,0.0003374998414074071,0.4296875,,0.00026979516746905574,0,157.90625,4.4005551970371926e-05,0.4933633506298065,,,156.8801760440001,,0.078125,1187.5546875,0,,0.0009624991434975527,,,4096,,0,0.00024000019038794562,0.05698361687009011,,,679,0.18776250362861902,22.6753573040005,,63,0,0.875,0.5859375,0,0.5703125,1780317863.2010517,,,,,,,0.045386236185669664,0.078125,0,961,0.1015625,6194,56990.83709716797,0,3e-06,0.1015625,0,,36.50154173374176,78.50929211000039,,44,0,0.0,0.059326171875,,0.0006775017027393915,,,,0.001077498382073827,,-0.875,-0.018355445936322212,0.0005200008672545664,0,0,0.1630859375,1377752.0,0.5703125,0.1484375,,,1,117,0,0.015625,0.875,,,0.0615234375,,,,,91.03585815429688,,0.1630859375,,-0.875,0.0034024988053715788,,,9.75246075540781e-06,0,,17983.033588964,,156.8801760440001,0.0859375,55.19220483100071,,0.0859375,0,,,0,1,0.015625,0.1484375,,0,0.35236552357673645,113,
,0.00021403249185499146,0.0,20590.782165527344,2049.1473501512965,,0.2076703519996954,,114,50.12919616699219,0,0,,,,204.927734375,-0.013761540874838829,,0.2726403670021682,581.2053859290318,0,0,190.13741540908813,0.0003024997567990795,0.4609375,,0.00036572880981111666,0,154.625,0.00010407678621504601,0.44797423481941223,,,155.4093950230017,,0.1015625,1089.3466796875,0,,0.001292500201088842,,,4096,,0,0.00023749998945277184,0.06059896620420178,,,735,0.185779994353652,22.38850540900239,,35,0,0.875,0.578125,0,0.5390625,1780318018.6636915,,,,,,,0.04961550003809685,0.1015625,0,989,0.0703125,6253,55983.81042480469,0,3e-06,0.0703125,0,,36.60816699266434,77.19259932299974,,42,0,0.0,0.0582275390625,,0.0005749998308601789,,,,0.0011747506505344063,,-0.75,-0.013761540874838829,0.0005975007297820412,0,0,0.171875,1273827.0,0.5390625,0.15625,,,1,136,0,0.0390625,0.875,,,0.0341796875,,,,,91.01977920532227,,0.171875,,-0.75,0.0032200005080085248,,,-6.427988409996033e-06,0,,18137.118732061,,155.4093950230017,0.09375,55.34564375299669,,0.09375,0,,,0,1,0.0390625,0.15625,,0,0.33228981494903564,114,
,0.00021543629574841187,0.0,20815.185546875,2100.309506411043,,0.21584894999978133,,115,50.14533233642578,0,0,,,,204.927734375,-0.025177691131830215,,0.2787312640029995,569.044193098307,0,0,190.13741540908813,0.00030999945010989904,0.4296875,,0.0003561510420695413,0,148.921875,-4.957228838975425e-06,0.48260605335235596,,,154.00099319299989,,0.1171875,1114.5537109375,0,,0.0010450003173900768,,,4096,,0,0.00019250092009315267,0.05991395429738335,,,758,0.18338249356020242,22.391263297999103,,52,0,0.875,0.578125,0,0.5703125,1780318172.748713,,,,,,,0.04696051654643773,0.1171875,0,972,0.0703125,6308,56095.84045410156,0,3e-06,0.0703125,0,,36.35331243276596,77.51661415600029,,45,0,0.0,0.064697265625,,0.0007750004442641512,,,,0.0010474996088305488,,-0.875,-0.025177691131830215,0.0005949996193521656,0,0,0.14453125,1293799.0,0.5703125,0.1640625,,,1,76,0,0.0078125,0.875,,,0.05078125,,,,,91.05400848388672,,0.14453125,,-0.875,0.0033019987313309684,,,3.4852419048547745e-06,0,,18289.864477009,,154.00099319299989,0.0703125,53.59617841599902,,0.0703125,0,,,0,1,0.0078125,0.1640625,,0,0.37957054376602173,115,
,0.00021825104805709873,0.0,20170.936584472656,2058.4682036243344,,0.21314795900252648,,116,49.51042938232422,0,0,,,,204.927734375,-0.027809670194983482,,0.27436121000209823,587.5343155575974,0,0,190.13741540908813,0.00022499989427160472,0.421875,,0.00010305457954018493,0,149.9453125,-9.5761795364524e-06,0.42586809396743774,,,152.67299220199857,,0.1015625,1077.681640625,0,,0.000942499355005566,,,4096,,0,0.0002299993866472505,0.06117074790190158,,,810,0.14667274081148207,22.436396246001095,,55,0,0.875,0.6015625,0,0.578125,1780318325.4944127,,,,,,,0.047890912409632454,0.1015625,0,969,0.1171875,6362,56103.36685180664,0,3e-06,0.1171875,0,,35.14371067285538,76.89713548000145,,46,0,0.0,0.064697265625,,0.0005350002538762055,,,,0.0010750000001280569,,-0.875,-0.027809670194983482,0.0005175015758140944,0,0,0.1865234375,1257090.0,0.578125,0.0859375,,,1,35,0,0.0234375,0.875,,,0.0537109375,,,,,91.05312728881836,,0.1865234375,,-0.875,0.0038197504181880504,,,-1.8535647541284561e-06,0,,18441.869208305,,152.67299220199857,0.09375,52.84982482600026,,0.09375,0,,,0,1,0.0234375,0.0859375,,0,0.37356486916542053,116,
,0.00021075685439888363,0.0,20463.93585205078,2043.4321090256417,,0.21702477399958298,,117,48.99462127685547,0,0,,,,204.927734375,-0.013418694026768208,,0.26181649600039236,454.88563186155807,0,0,190.13741540908813,0.00035500033845892176,0.421875,,0.00032659520002198406,0,148.0625,7.407807447634696e-05,0.45839619636535645,,,151.98302827299995,,0.0859375,1065.08984375,0,,0.0011549982446013018,,,4096,,0,0.00023499978851759806,0.06160435143785521,,,758,0.23800673079676926,22.133405860000494,,51,0,0.875,0.578125,0,0.578125,1780318477.499254,,,,,,,0.04844783772184002,0.0859375,0,973,0.0859375,6416,55574.737548828125,0,3e-06,0.0859375,0,,35.31002253293991,76.52911445200152,,43,0,2.547692702137283e-06,0.073486328125,,0.0005549991328734905,,,,0.0010699995982577093,,-0.875,-0.013418694026768208,0.0006525006028823555,0,0,0.138671875,1242268.0,0.578125,0.140625,,,1,67,0,0.0,0.875,,,0.0498046875,,,,,91.05298233032227,,0.138671875,,-0.875,0.003367499630257953,,,1.4417571946978569e-05,0,,18597.470602693,,151.98302827299995,0.109375,52.83973110700026,,0.109375,0,,,0,1,0.0,0.140625,,0,0.38119837641716003,117,
,0.0001975562250647571,0.0,21163.528442382812,2167.3243837290725,,0.2171807339982479,,118,51.16600799560547,0,0,,,,204.927734375,-0.019670050591230392,,0.26645376099986606,462.4543697827903,0,0,190.13741540908813,0.00032749903766671196,0.4453125,,0.0005343646371329669,0,171.8828125,-2.7957498872410724e-05,0.4082883596420288,,,155.5776571940005,,0.0703125,1145.2548828125,0,,0.0009774994396138936,,,4096,,0,0.00025499957700958475,0.057964806836557456,,,674,0.18315750639885664,22.859165778001625,,42,0,0.875,0.5703125,0,0.5546875,1780318633.100616,,,,,,,0.0460911700460692,0.0703125,0,982,0.0546875,6473,56517.093658447266,0,3e-06,0.0546875,0,,36.70844063162804,78.17997525600003,,45,0,0.0,0.060546875,,0.0006350001058308408,,,,0.0011125002856715582,,-0.875,-0.019670050591230392,0.0005425008566817269,0,0,0.1298828125,1348749.0,0.5546875,0.2421875,,,1,71,0,0.015625,0.875,,,0.041015625,,,,,91.05032730102539,,0.1298828125,,-0.875,0.0033372498364769854,,,1.9718310795724392e-05,0,,18749.898479694,,155.5776571940005,0.0625,54.05300485099724,,0.0625,0,,,0,1,0.015625,0.2421875,,0,0.39802101254463196,118,
,0.00019890422267797804,0.0078125,20552.274703979492,2153.932580207485,,0.2150771939996048,,119,49.75287628173828,0,0,,,,204.927734375,-0.028004510328173637,,0.2611765600013314,474.82332774598035,0,0,190.13741540908813,0.00022749918571207672,0.3828125,,0.0003319842371638515,0,161.671875,-4.701302259491058e-05,0.4260082542896271,,,152.4046077469975,,0.1015625,1120.6298828125,0,,0.0009899995347950608,,,4096,,0,0.0001925000105984509,0.058747523984504016,,,1024,0.19185725250281394,22.273487944999943,,53,0,0.875,0.6171875,0,0.6171875,1780318785.5284934,,,,,,,0.045761772061611465,0.1015625,0,971,0.0546875,6522,56076.84326171875,0,3e-06,0.0546875,0,,35.88227555155754,77.14002255100058,,47,0,0.0,0.07568359375,,0.0005949996193521656,,,,0.001130000782723073,,-0.875,-0.028004510328173637,0.0004825014912057668,0,0,0.1240234375,1313077.0,0.6171875,0.125,,,1,13,0,0.0,0.875,,,0.0517578125,,,,,91.01361846923828,,0.1240234375,,-0.875,0.0035072516766376793,,,3.122142516076565e-05,0,,18913.725330975,,152.4046077469975,0.1015625,52.5127774850007,,0.1015625,0,,,0,1,0.0,0.125,,0,0.3523644208908081,119,
,0.00020407917155804449,0.0,20722.164154052734,1987.6765927771296,7.886562757001229,0.21631184099896927,,120,49.93688201904297,0,0,,,,204.927734375,-0.018990416079759598,,0.26578230499944766,490.47129301470704,0,0,190.13741540908813,0.0003124996510450728,0.5,,0.00022158084175316617,0,149.8828125,-5.97253015826027e-05,0.47979360818862915,,,163.8029301059978,,0.125,1121.9423828125,0,,0.0010199992175330408,,,4096,,0,0.00023749907995807007,0.05985391341261036,,,669,0.1859425101429224,22.447855370999605,,59,0,0.875,0.5234375,0,0.5,1780318949.35534,,,,,,,0.04790247068464708,0.125,0,965,0.078125,6586,56702.35824584961,0,3e-06,0.078125,0,,35.497941076755524,77.95068427899969,,39,0,0.0,0.0654296875,,0.0006124992069089785,,,,0.0010274998203385621,,-0.875,-0.018990416079759598,0.0005574993338086642,0,0,0.177734375,1302349.0,0.5,0.1796875,,,1,68,0,0.0234375,0.875,,,0.0576171875,,,,,91.0450210571289,,0.177734375,,-0.875,0.0029349994292715564,,,1.931842416524887e-05,0,,19068.146366007,,163.8029301059978,0.09375,55.0336635929998,,0.09375,0,,,0,1,0.0234375,0.1796875,,0,0.3898542523384094,120,
,0.00019275419701611683,0.0,20450.47378540039,2185.0310682370337,,0.2068847789996653,,121,50.583396911621094,0,0,,,,204.927734375,-0.03369102627038956,,0.2600816960002703,474.24059766944265,0,0,190.13741540908813,0.0002849992597475648,0.4921875,,0.00032090340641843795,0,170.0390625,-5.053686641076638e-05,0.6260770559310913,,,154.37904060200162,,0.140625,1147.62890625,0,,0.000997500137600582,,,4096,,0,0.00025499957700958475,0.05722252228650196,,,750,0.1763500040397048,22.32011790800243,,53,0,0.875,0.5234375,0,0.5078125,1780319103.7763946,,,,,,,0.04627401111241543,0.140625,0,971,0.09375,6649,56247.99728393555,0,3e-06,0.09375,0,,36.99570149183273,77.2098915409988,,43,0,5.3860735533817206e-06,0.07958984375,,0.0005524998414330184,,,,0.001294999492529314,,-0.875,-0.03369102627038956,0.0005325000529410318,0,0,0.1875,1349292.0,0.5078125,0.1484375,,,1,91,0,0.015625,0.875,,,0.0517578125,,,,,90.96100234985352,,0.1875,,-0.875,0.0039049991755746305,,,-1.9728904590010643e-06,0,,19227.385844528,,154.37904060200162,0.09375,54.379922186999465,,0.09375,0,,,0,1,0.015625,0.1484375,,0,0.35453367233276367,121,
,0.0002013211547137358,0.0,21740.90576171875,2093.21642635208,,0.2149791070005449,,122,50.412315368652344,0,0,,,,204.927734375,-0.02654189057648182,,0.26834841600066284,515.1072192848078,0,0,190.13741540908813,0.0002499991751392372,0.4765625,,0.0003464886312940507,0,172.6953125,7.086143006063139e-05,0.41709333658218384,,,159.1972267199999,,0.109375,1129.0009765625,0,,0.0011699994502123445,,,4096,,0,0.00020750121620949358,0.05901258236285645,,,831,0.1936272601597011,22.35784926999986,,53,0,0.875,0.546875,0,0.5234375,1780319263.0158048,,,,,,,0.04990258309812948,0.109375,0,971,0.109375,6710,56368.17169189453,0,3e-06,0.109375,0,,35.669129341840744,78.66005449699878,,55,0,0.0,0.0682373046875,,0.0005374995453166775,,,,0.0010825006029335782,,-0.875,-0.02654189057648182,0.0004524999894783832,0,0,0.1904296875,1332937.0,0.5234375,0.140625,,,1,87,0,0.0234375,0.875,,,0.0517578125,,,,,90.96897888183594,,0.1904296875,,-0.875,0.003367498720763251,,,1.416797749698162e-05,0,,19382.049852734,,159.1972267199999,0.09375,57.692226611998194,,0.09375,0,,,0,1,0.0234375,0.140625,,0,0.3524091839790344,122,
,0.00019718517229708277,0.0,21007.85255432129,2109.3155216699465,,0.2114052430006268,,123,49.64384460449219,0,0,,,,204.927734375,-0.02045956254005432,,0.2572607900001458,486.2858182677883,0,0,190.13741540908813,0.00034000004234258085,0.46875,,0.0005039432594458049,0,175.109375,-4.068564969372801e-05,0.41473475098609924,,,154.63144164500045,,0.1015625,1098.978515625,0,,0.0009749992386787198,,,4096,,0,0.00019999788491986692,0.05985877897791545,,,886,0.20494924683589488,22.422080526001082,,52,0,0.875,0.5703125,0,0.53125,1780319417.6798751,,,,,,,0.047667463369747136,0.1015625,0,972,0.046875,6770,56564.63623046875,0,3e-06,0.046875,0,,36.7269366979599,78.09571373400104,,43,0,0.0,0.068603515625,,0.0005475003490573727,,,,0.00117250056064222,,-0.875,-0.02045956254005432,0.0004925004759570584,0,0,0.1669921875,1304666.0,0.53125,0.15625,,,1,141,0,0.0390625,0.875,,,0.05078125,,,,,90.9676284790039,,0.1669921875,,-0.875,0.0035174998629372567,,,1.332222018390894e-05,0,,19532.618092875,,154.63144164500045,0.125,53.642770572998415,,0.125,0,,,0,1,0.0390625,0.15625,,0,0.3875202536582947,123,
,0.0002173767209471769,0.0,20229.719161987305,2020.8168666161325,,0.19883604000278865,,124,48.53360366821289,0,0,,,,204.927734375,-0.02243267558515072,,0.2645137760009675,461.8188831882435,0,0,190.13741540908813,0.0002975002644234337,0.4296875,,0.0003295426047316141,0,141.8671875,0.0001395972716977667,0.4756719172000885,,,150.5387524350008,,0.109375,1046.4580078125,0,,0.0009850009519141167,,,4096,,0,0.00027249916456639767,0.06260334817663708,,,660,0.17206801567226648,22.069246110997483,,44,0,0.875,0.59375,0,0.5703125,1780319568.248136,,,,,,,0.04836316541756839,0.109375,0,980,0.078125,6825,55450.8056640625,0,3e-06,0.078125,0,,36.0480472445488,76.17857121199995,,47,0,0.0,0.0771484375,,0.0005400006557465531,,,,0.0010849998943740502,,-0.875,-0.02243267558515072,0.000587499926041346,0,0,0.1669921875,1216845.0,0.5703125,0.125,,,1,81,0,0.0234375,0.875,,,0.04296875,,,,,90.96717071533203,,0.1669921875,,-0.875,0.0036200008253217675,,,2.64141708612442e-05,0,,19685.699071681,,150.5387524350008,0.09375,51.82466225600001,,0.09375,0,,,0,1,0.0234375,0.125,,0,0.34636902809143066,124,
,0.00021058998315275882,0.0,20664.630889892578,2028.249211110513,,0.20789499500097008,,125,48.750526428222656,0,0,,,,204.927734375,-0.016768041998147964,,0.2615081139992981,448.4237145734369,0,0,190.13741540908813,0.0002625001798151061,0.4609375,,0.000363461213055416,0,142.4453125,1.7989361992931663e-05,0.9447644948959351,,,153.06156575799832,,0.0703125,1070.23828125,0,,0.001115000486606732,,,4096,,0,0.00019250092009315267,0.06154228707235151,,,755,0.19546749535948038,22.01790503600205,,43,0,0.875,0.546875,0,0.5390625,1780319721.329104,,,,,,,0.04941033524222515,0.0703125,0,981,0.078125,6884,55272.926330566406,0,3e-06,0.078125,0,,36.28994897007942,76.42247357900123,,43,0,0.0,0.08154296875,,0.0006350010153255425,,,,0.0011550000635907054,,-0.875,-0.016768041998147964,0.0005925003279116936,0,0,0.1484375,1241788.0,0.5390625,0.1796875,,,1,183,0,0.0078125,0.875,,,0.0419921875,,,,,91.03140640258789,,0.1484375,,-0.875,0.003275000381108839,,,3.997585736215115e-06,0,,19840.587712306,,153.06156575799832,0.125,54.14997224000035,,0.125,0,,,0,1,0.0078125,0.1796875,,0,0.35770657658576965,125,
,0.0002026358523536309,0.0,20730.594635009766,2081.5218120818577,,0.20694638199711335,,126,49.8029670715332,0,0,,,,204.927734375,-0.020595384761691093,,0.26128758400227525,475.54916442093963,0,0,190.13741540908813,0.000350000846083276,0.53125,,0.00044427654438550235,0,157.2734375,8.333081348155247e-05,0.41116681694984436,,,154.8679423529975,,0.0859375,1101.94921875,0,,0.0009699997463030741,,,4096,,0,0.0003975001163780689,0.06035611356134804,,,749,0.16759498976171017,22.402467546999105,,49,0,0.875,0.5078125,0,0.46875,1780319876.2177517,,,,,,,0.04800568338774787,0.0859375,0,975,0.09375,6952,56582.25631713867,0,3e-06,0.09375,0,,37.25358843803406,77.82582849499886,,42,0,0.0,0.07666015625,,0.0006124992069089785,,,,0.0010425010259496048,,-0.875,-0.020595384761691093,0.0005350002538762055,0,0,0.201171875,1289444.0,0.46875,0.171875,,,1,119,0,0.0390625,0.875,,,0.0478515625,,,,,90.99921798706055,,0.201171875,,-0.875,0.003287500476290006,,,1.3491371646523476e-06,0,,19993.576146646,,154.8679423529975,0.140625,54.169421112001146,,0.140625,0,,,0,1,0.0390625,0.171875,,0,0.33744800090789795,126,
,0.00020289793535966275,0.0,20996.658325195312,2097.187017854898,,0.20751454600031138,,127,49.93701171875,0,0,,,,204.927734375,-0.023553162813186646,,0.2603639059998386,460.7712872939301,0,0,190.13741540908813,0.0002750002749962732,0.4921875,,0.0003586658140193322,0,163.84375,4.39254779962539e-05,0.49496787786483765,,,152.96990552999705,,0.1015625,1089.306640625,0,,0.0009799996405490674,,,4096,,0,0.00020499919628491625,0.06033612974565648,,,736,0.2051147457677871,22.185816922999948,,43,0,0.875,0.515625,0,0.5078125,1780320029.206121,,,,,,,0.04741526788471314,0.1015625,0,981,0.140625,7015,55929.18395996094,0,3e-06,0.140625,0,,38.06418180465698,77.42489042899979,,40,0,0.0,0.082763671875,,0.0006225009201443754,,,,0.0010274998203385621,,-0.875,-0.023553162813186646,0.0006000000212225132,0,0,0.1923828125,1283226.0,0.5078125,0.171875,,,1,80,0,0.0078125,0.875,,,0.0419921875,,,,,91.01006698608398,,0.1923828125,,-0.875,0.003849999302474316,,,2.3124506697058678e-05,0,,20146.38765384,,152.96990552999705,0.0703125,52.889360562003276,,0.0703125,0,,,0,1,0.0078125,0.171875,,0,0.3874107599258423,127,
,0.00020973307904886143,0.0,21538.51318359375,2057.263096468776,,0.20789465499910875,,128,48.717445373535156,0,0,,,,204.927734375,-0.007485092617571354,,0.2637133400021412,474.6351769854373,0,0,190.13741540908813,0.00025000008463393897,0.4375,,0.00033588923997740494,0,141.453125,5.027514077937667e-06,0.4517904222011566,,,152.79718016599872,,0.046875,1086.453125,0,,0.0010024996299762279,,,4096,,0,0.00018499940779292956,0.062226973373913655,,,785,0.17804474919103086,22.196131381002488,,39,0,0.875,0.59375,0,0.5625,1780320182.017629,,,,,,,0.04663687358250782,0.046875,0,985,0.0703125,7071,56193.58444213867,0,3e-06,0.0703125,0,,35.78579053282738,78.24270287299805,,43,0,0.0,0.0623779296875,,0.0005600004442385398,,,,0.001072499799192883,,-0.875,-0.007485092617571354,0.0005374986358219758,0,0,0.1552734375,1257376.0,0.5625,0.171875,,,1,33,0,0.03125,0.875,,,0.0380859375,,,,,91.00477600097656,,0.1552734375,,-0.875,0.002627500180096831,,,-3.0816299840807915e-06,0,,20297.086571599,,152.79718016599872,0.1171875,51.88482769300026,,0.1171875,0,,,0,1,0.03125,0.171875,,0,0.34124886989593506,128,
,0.0002064244437389326,0.0,21005.84602355957,2077.4342605052425,,0.19354715999725158,,129,48.888710021972656,0,0,,,,204.927734375,-0.01653125323355198,,0.2584285410011944,489.87863041838864,0,0,190.13741540908813,0.0002450005922582932,0.4765625,,0.00035944827141065616,0,154.8359375,-2.3068967465178503e-05,0.4234638214111328,,,150.65795628299747,,0.140625,1067.75,0,,0.0009649993444327265,,,4096,,0,0.0002450005922582932,0.06182958370289722,,,736,0.204126990865916,22.215635576998466,,56,0,0.875,0.53125,0,0.5234375,1780320332.7166147,,,,,,,0.04626217483281085,0.140625,0,968,0.0625,7132,55874.59945678711,0,3e-06,0.0625,0,,35.652145743370056,77.40618706600071,,47,0,0.0,0.0732421875,,0.000585000634600874,,,,0.0010949988791253418,,-0.875,-0.01653125323355198,0.0005800011422252283,0,0,0.1611328125,1251928.0,0.5234375,0.1484375,,,1,36,0,0.0078125,0.875,,,0.0546875,,,,,90.9482421875,,0.1611328125,,-0.875,0.002967500222439412,,,-5.560205318033695e-05,0,,20457.81833758,,150.65795628299747,0.1171875,50.5819516699994,,0.1171875,0,,,0,1,0.0078125,0.1484375,,0,0.33660706877708435,129,
,0.0002009666987620515,0.0,20703.407287597656,2009.980032734809,6.640030882001156,0.1980153229997086,,130,49.617889404296875,0,0,,,,204.927734375,-0.026559606194496155,,0.2596658560032665,482.23776962004195,0,0,190.13741540908813,0.00033750075090210885,0.46875,,0.00017375306742906105,0,162.84375,-9.770508212625373e-05,1.7240254878997803,,,160.70856164699944,,0.0859375,1098.95703125,0,,0.0009575014701113105,,,4096,,0,0.0002650003807502799,0.0597791616729274,,,767,0.16794749535620213,22.258646426002088,,46,0,0.875,0.5546875,0,0.53125,1780320493.448444,,,,,,,0.04808399558174708,0.0859375,0,978,0.1171875,7192,56017.356872558594,0,3e-06,0.1171875,0,,36.521028727293015,77.23969833100273,,49,0,0.0,0.064697265625,,0.0006175005182740279,,,,0.0010974999895552173,,-0.875,-0.026559606194496155,0.0005074998625786975,0,0,0.1943359375,1292084.0,0.53125,0.140625,,,1,37,0,0.0234375,0.875,,,0.044921875,,,,,91.0202865600586,,0.1943359375,,-0.875,0.003642500814748928,,,-5.868496373295784e-06,0,,20614.562309888,,160.70856164699944,0.1015625,54.110458915998606,,0.1015625,0,,,0,1,0.0234375,0.140625,,0,0.339747816324234,130,
,0.00020697861256585435,0.0,20717.748641967773,2036.5688209947004,,0.20555153300301754,,131,49.13767623901367,0,0,,,,204.927734375,-0.01575271598994732,,0.26425601099981577,450.0252783782489,0,0,190.13741540908813,0.0002974993549287319,0.4140625,,0.0003186652693329961,0,148.9609375,1.2893698031035683e-05,2.3683199882507324,,,156.72573728399948,,0.09375,1097.8466796875,0,,0.0009097493602894247,,,4096,,0,0.0002099995981552638,0.06014449978264916,,,1011,0.18408750474918634,22.131622001001233,,39,0,0.875,0.609375,0,0.5859375,1780320650.1923766,,,,,,,0.0509998582425662,0.09375,0,985,0.0859375,7245,55585.418701171875,0,3e-06,0.0859375,0,,34.963540732860565,76.78834735200144,,47,0,0.0,0.056396484375,,0.0005550000423681922,,,,0.0010424992069602013,,-0.875,-0.01575271598994732,0.0005374995453166775,0,0,0.1689453125,1276731.0,0.5859375,0.140625,,,1,73,0,0.0234375,0.875,,,0.0380859375,,,,,91.0183219909668,,0.1689453125,,-0.875,0.0035499988371157087,,,1.9395374692976475e-05,0,,20765.113289514,,156.72573728399948,0.0703125,57.33378563700171,,0.0703125,0,,,0,1,0.0234375,0.140625,,0,0.3355158567428589,131,
,0.00021522190961874855,0.0,20360.000610351562,2009.3886483780154,,0.19612359799793921,,132,48.596534729003906,0,0,,,,204.927734375,-0.015397723764181137,,0.2604004319982778,459.5848541184678,0,0,190.13741540908813,0.0003149998519802466,0.421875,,0.0002336389534320915,0,150.0546875,-2.647950344680794e-05,0.511096715927124,,,150.53285000100004,,0.09375,1031.50390625,0,,0.0009350005711894482,,,4096,,0,0.00030499995773425326,0.06306467650894712,,,806,0.27816349756903946,22.08796606299802,,44,0,0.875,0.609375,0,0.578125,1780320800.7433379,,,,,,,0.04893073394902752,0.09375,0,980,0.09375,7299,55447.71194458008,0,3e-06,0.09375,0,,35.37893295288086,76.30296114299927,,43,0,0.0,0.0595703125,,0.0007199996616691351,,,,0.0009724999472382478,,-0.875,-0.015397723764181137,0.0005774982128059492,0,0,0.1787109375,1209916.0,0.578125,0.1015625,,,1,77,0,0.03125,0.875,,,0.04296875,,,,,91.01732635498047,,0.1787109375,,-0.875,0.0028125004973844625,,,2.6763882488012314e-05,0,,20919.149823826,,150.53285000100004,0.1015625,51.68357704099981,,0.1015625,0,,,0,1,0.03125,0.1015625,,0,0.3430900573730469,132,
,0.00020294303157865232,0.0078125,20570.459365844727,2196.0286860294186,,0.21519605700086686,,133,50.312599182128906,0,0,,,,204.927734375,-0.028882775455713272,,0.2745667009985482,464.6675217345619,0,0,190.13741540908813,0.00032749994716141373,0.53125,,0.0003488985021249391,0,178.171875,1.8926214949033238e-05,0.47294506430625916,,,154.01950445900002,,0.0390625,1143.0439453125,0,,0.0009324994607595727,,,4096,,0,0.00016749982023611665,0.05707867786758137,,,1024,0.17396500334143639,22.298538284998358,,58,0,0.875,0.4765625,0,0.46875,1780320954.7798765,,,,,,,0.04614024107094941,0.0390625,0,966,0.125,7367,56151.31378173828,0,3e-06,0.125,0,,36.54896467924118,77.22317025399752,,47,0,0.0,0.103515625,,0.0005100000635138713,,,,0.0010999992809956893,,-0.875,-0.028882775455713272,0.0005374995453166775,0,0,0.173828125,1352925.0,0.46875,0.2578125,,,1,48,0,0.0078125,0.875,,,0.056640625,,,,,90.97618865966797,,0.173828125,,-0.875,0.0030799992600805126,,,-1.0181451216340065e-05,0,,21072.454864094,,154.01950445900002,0.1015625,54.006090948001656,,0.1015625,0,,,0,1,0.0078125,0.2578125,,0,0.34290385246276855,133,
,0.0002054244382109737,0.0,21113.571166992188,2035.5650325334655,,0.19729615400137845,,134,48.97885513305664,0,0,,,,204.927734375,-0.03383758291602135,,0.2563925009999366,450.07282638289325,0,0,190.13741540908813,0.0002349988790228963,0.4765625,,0.0003857331957988208,0,137.6328125,-7.729924524824128e-05,0.5153388977050781,,,153.2880281459984,,0.125,1081.2255859375,0,,0.0011499996617203578,,,4096,,0,0.0002849992597475648,0.0619890420956169,,,767,0.2250967372674495,22.185349683000823,,57,0,0.875,0.546875,0,0.5234375,1780321108.0848563,,,,,,,0.04812035509201531,0.125,0,967,0.0703125,7428,55769.744873046875,0,3e-06,0.0703125,0,,35.584475845098495,77.3692053190025,,41,0,1.9073486328125e-06,0.0662841796875,,0.0005600004442385398,,,,0.0010325002222089097,,-0.875,-0.03383758291602135,0.0005949987098574638,0,0,0.1728515625,1248111.0,0.5234375,0.171875,,,1,89,0,0.0234375,0.875,,,0.0556640625,,,,,90.97835540771484,,0.1728515625,,-0.875,0.003022501005034428,,,5.102704744786024e-05,0,,21227.936344531,,153.2880281459984,0.0859375,53.277654149002046,,0.0859375,0,,,0,1,0.0234375,0.171875,,0,0.310732364654541,134,
,0.0002132261653631762,0.0,20527.009963989258,2065.0548353388726,,0.20487242599847377,,135,49.33285140991211,0,0,,,,204.927734375,-0.017115499824285507,,0.27381885800059536,489.12546119026956,0,0,190.13741540908813,0.00043249929149169475,0.46875,,0.0004336293704909622,0,165.5859375,0.00012238618421633873,0.4290243983268738,,,155.46451576300024,,0.1171875,1088.4873046875,0,,0.0009474997568759136,,,4096,,0,0.0003100003596046008,0.060081835280502684,,,697,0.16424275236204267,22.200461895001354,,42,0,0.875,0.546875,0,0.53125,1780321263.5663097,,,,,,,0.04990539469644507,0.1171875,0,982,0.078125,7488,56102.13088989258,0,3e-06,0.078125,0,,36.91301867365837,77.15535049399841,,48,0,0.0,0.06982421875,,0.0006525006028823555,,,,0.0011399988579796627,,-0.875,-0.017115499824285507,0.0004950006768922321,0,0,0.162109375,1284171.0,0.53125,0.1484375,,,1,34,0,0.015625,0.875,,,0.041015625,,,,,90.94879150390625,,0.162109375,,-0.875,0.0029400007406366058,,,-2.971501089632511e-06,0,,21381.512743035,,155.46451576300024,0.109375,55.625101887999335,,0.109375,0,,,0,1,0.015625,0.1484375,,0,0.31179583072662354,135,
,0.00020467909776301956,0.0,20863.006591796875,2012.4121060886614,,0.19687187100134906,,136,49.7508544921875,0,0,,,,204.927734375,-0.015607661567628384,,0.2529915519990027,457.80138789178454,0,0,190.13741540908813,0.00028750037017744035,0.4609375,,0.0001723266427688941,0,136.9296875,7.939337365314714e-06,0.4564313590526581,,,153.5520478460021,,0.0546875,1070.140625,0,,0.0009947507351171225,,,4096,,0,0.00022000040189595893,0.061969232806383126,,,595,0.26501872343942523,21.99828346600043,,40,0,0.875,0.5703125,0,0.5390625,1780321417.1427896,,,,,,,0.04973918445571531,0.0546875,0,984,0.1328125,7547,55238.6474609375,0,3e-06,0.1328125,0,,36.72245889902115,76.5964505180018,,48,0,0.0,0.063720703125,,0.0006125010258983821,,,,0.0010799994925037026,,-0.875,-0.015607661567628384,0.0005475003490573727,0,0,0.1826171875,1236040.0,0.5390625,0.1796875,,,1,124,0,0.03125,0.875,,,0.0390625,,,,,90.952880859375,,0.1826171875,,-0.875,0.0038575008147745393,,,1.0740244761109352e-05,0,,21533.983765002,,153.5520478460021,0.0625,54.505392066999775,,0.0625,0,,,0,1,0.03125,0.1796875,,0,0.3114044964313507,136,
,0.0002047824006914273,0.0,20576.480865478516,2119.294931421463,,0.20978309299971443,,137,49.60941696166992,0,0,,,,204.927734375,-0.024074824526906013,,0.2646218659974693,472.93243596778484,0,0,190.13741540908813,0.0002499991751392372,0.3828125,,0.00020906290046696085,0,167.2734375,-4.1415244567133414e-05,0.3983038365840912,,,152.4339511270009,,0.109375,1094.650390625,0,,0.0010249996194033884,,,4096,,0,0.00020250081433914602,0.059857667228236974,,,699,0.17906774883158505,22.264011098999617,,54,0,0.875,0.6484375,0,0.6171875,1780321569.6137989,,,,,,,0.04669808709883489,0.109375,0,970,0.09375,7596,56262.7067565918,0,3e-06,0.09375,0,,36.37072071433067,77.3486761690001,,49,0,0.0,0.195556640625,,0.0005449992386274971,,,,0.0010150006346520968,,-0.75,-0.024074824526906013,0.0004899993655271828,0,0,0.173828125,1292210.0,0.6171875,0.046875,,,1,4,0,0.03125,0.875,,,0.052734375,,,,,91.00091934204102,,0.173828125,,-0.75,0.002795000000332948,,,1.5599653124809265e-08,0,,21684.357300018,,152.4339511270009,0.1015625,52.3449131870002,,0.1015625,0,,,0,1,0.03125,0.046875,,0,0.35039323568344116,137,
,0.00020593006819547363,0.0,19739.68505859375,2100.4726871710486,,0.1904432129995257,,138,48.77748107910156,0,0,,,,204.927734375,-0.023322971537709236,,0.2601401289975911,468.4376886771206,0,0,190.13741540908813,0.0002900005711126141,0.4375,,0.0002944378265965497,0,146.5390625,-3.598013682903911e-05,0.47185462713241577,,,150.3524668179998,,0.0859375,1087.0986328125,0,,0.0009125014912569895,,,4096,,0,0.00022499898477690294,0.05999895096279814,,,1005,0.1955625048140064,22.085406352001883,,43,0,0.875,0.6015625,0,0.5625,1780321719.9873354,,,,,,,0.04673157013948274,0.0859375,0,981,0.1015625,7652,55549.45373535156,0,3e-06,0.1015625,0,,35.59543937444687,75.79337480899994,,47,0,0.0,0.0579833984375,,0.0006397503966582008,,,,0.001192499439639505,,-0.875,-0.023322971537709236,0.0004997491487301886,0,0,0.1787109375,1263245.0,0.5625,0.1640625,,,1,49,0,0.0390625,0.875,,,0.0419921875,,,,,91.0253677368164,,0.1787109375,,-0.875,0.003564998223737348,,,4.912959411740303e-06,0,,21838.102778723,,150.3524668179998,0.046875,52.02106983200065,,0.046875,0,,,0,1,0.0390625,0.1640625,,0,0.35593774914741516,138,
,0.00019916516769175125,0.0,20145.429611206055,2129.804318405975,,0.21047560299848556,,139,50.03479766845703,0,0,,,,204.927734375,-0.016525551676750183,,0.26081873700240976,479.0506350454816,0,0,190.13741540908813,0.0002350016075070016,0.3671875,,0.000322519272685895,0,165.046875,-8.44095192178429e-05,0.42910313606262207,,,153.71834734799995,,0.078125,1113.8203125,0,,0.0010674993973225355,,,4096,,0,0.00030499995773425326,0.05894459129554815,,,709,0.19515224266797304,22.414900214000227,,56,0,0.875,0.6484375,0,0.6328125,1780321873.7327936,,,,,,,0.04702874690851687,0.078125,0,968,0.0625,7699,56529.762268066406,0,3e-06,0.0625,0,,37.03445568680763,77.19147897699804,,44,0,0.0,0.0604248046875,,0.0006574991857632995,,,,0.0010872508937609382,,-0.875,-0.016525551676750183,0.0005399997462518513,0,0,0.130859375,1309560.0,0.6328125,0.140625,,,1,85,0,0.015625,0.875,,,0.0546875,,,,,91.02590560913086,,0.130859375,,-0.875,0.0029624998205690645,,,-6.6391658037900925e-06,0,,21998.657388138,,153.71834734799995,0.0703125,53.638731344002736,,0.0703125,0,,,0,1,0.015625,0.140625,,0,0.33682793378829956,139,
,0.00020563138974079607,0.0,20934.27276611328,1944.2751529027482,7.355911859001935,0.2036612839983718,,140,48.45595932006836,0,0,,,,204.927734375,-0.021521737799048424,,0.2567157789999328,457.07424276770325,0,0,190.13741540908813,0.00029249986255308613,0.4375,,0.00032901503254834097,0,168.8515625,-1.2079190256031325e-05,0.48199203610420227,,,160.52601893000246,,0.1171875,1050.3154296875,0,,0.0011525007721502334,,,4096,,0,0.00019249819160904735,0.061762736096706794,,,719,0.20138024410698563,22.140350237001257,,46,0,0.875,0.5859375,0,0.5625,1780322034.2873719,,,,,,,0.049706821374344144,0.1171875,0,978,0.0859375,7755,55679.61502075195,0,3e-06,0.0859375,0,,35.09724512696266,77.10626733700337,,49,0,0.0,0.071533203125,,0.0006150012268335558,,,,0.0010499998097657226,,-0.875,-0.021521737799048424,0.000534750142833218,0,0,0.1650390625,1248427.0,0.5625,0.140625,,,1,27,0,0.0234375,0.875,,,0.044921875,,,,,91.04627990722656,,0.1650390625,,-0.875,0.002844749360519927,,,3.126729279756546e-05,0,,22152.52854755,,160.52601893000246,0.0703125,53.46082964499874,,0.0703125,0,,,0,1,0.0234375,0.140625,,0,0.3262913227081299,140,
,0.00020167108339182,0.0,20691.181182861328,2108.190702121184,,0.2120660830005363,,141,49.63538360595703,0,0,,,,204.927734375,-0.031182577833533287,,0.26165149200096494,497.06320721269003,0,0,190.13741540908813,0.0002224978743470274,0.46875,,0.0003205210196028929,0,189.28125,-2.0244971750571494e-05,0.5425212383270264,,,153.8543214679994,,0.1640625,1077.7275390625,0,,0.0011524998626555316,,,4096,,0,0.00022749918571207672,0.05993820690186732,,,865,0.18987251678481698,22.39686860800066,,54,0,0.875,0.5546875,0,0.53125,1780322188.1586137,,,,,,,0.048221104611937064,0.1640625,0,970,0.0625,7815,56539.47830200195,0,3e-06,0.0625,0,,36.92854940891266,77.76484858399999,,47,0,0.0,0.0703125,,0.00047999947128118947,,,,0.0012350010365480557,,-0.875,-0.031182577833533287,0.000687500687490683,0,0,0.1728515625,1297417.0,0.53125,0.171875,,,1,126,0,0.0234375,0.875,,,0.052734375,,,,,90.99932861328125,,0.1728515625,,-0.875,0.003465000190772116,,,2.0697596482932568e-05,0,,22304.691462439,,153.8543214679994,0.046875,53.21647350200146,,0.046875,0,,,0,1,0.0234375,0.171875,,0,0.3404436707496643,141,
,0.00020036079617961292,0.0,20529.150009155273,2123.3647055196775,,0.21094768499824568,,142,49.39810562133789,0,0,,,,204.927734375,-0.026416603475809097,,0.25890020999941044,479.5029141123814,0,0,190.13741540908813,0.0003422492227400653,0.5,,0.00036236017103874474,0,158.1015625,3.931338119400607e-05,0.47348153591156006,,,152.13707713999975,,0.109375,1103.783203125,0,,0.0008875003913999535,,,4096,,0,0.0002474998836987652,0.05967408420176783,,,812,0.2009822492254898,22.258498150997184,,46,0,0.875,0.5078125,0,0.5,1780322340.3214278,,,,,,,0.0462699488504558,0.109375,0,978,0.078125,7879,56063.64059448242,0,3e-06,0.078125,0,,36.55916824936867,77.10906138299833,,40,0,0.0,0.076171875,,0.000559999534743838,,,,0.0012400014384184033,,-0.875,-0.026416603475809097,0.0006974996722419746,0,0,0.1689453125,1292170.0,0.5,0.171875,,,1,46,0,0.0078125,0.875,,,0.044921875,,,,,90.99786758422852,,0.1689453125,,-0.875,0.0037399995562736876,,,-7.5541902333498e-07,0,,22458.263068337,,152.13707713999975,0.1328125,52.29772016700008,,0.1328125,0,,,0,1,0.0078125,0.171875,,0,0.31382694840431213,142,
,0.0002103722411430648,0.0,21013.0672454834,2033.230272719685,,0.19948234899857198,,143,48.56568145751953,0,0,,,,204.927734375,-0.02366933599114418,,0.2627214800013462,470.48468012781814,0,0,190.13741540908813,0.000282499058812391,0.421875,,0.00029400581115623936,0,148.6953125,4.1406780866282134e-05,0.5145952105522156,,,153.55380754900034,,0.1015625,1070.8759765625,0,,0.0011099991752416827,,,4096,,0,0.0014849993021925911,0.062086802383167994,,,728,0.21245673997327685,22.275378907997947,,47,0,0.875,0.6015625,0,0.578125,1780322493.8931441,,,,,,,0.048585319676592735,0.1015625,0,977,0.1015625,7933,56017.276763916016,0,3e-06,0.1015625,0,,35.49414873123169,77.5365443749979,,36,0,0.0,0.0673828125,,0.0005300007615005597,,,,0.0010800004019984044,,-0.875,-0.02366933599114418,0.0007700000423938036,0,0,0.1748046875,1248841.0,0.578125,0.1328125,,,1,73,0,0.0234375,0.875,,,0.0458984375,,,,,91.0275993347168,,0.1748046875,,-0.875,0.0038225007301662117,,,1.1639203876256943e-05,0,,22607.973386721,,153.55380754900034,0.0625,53.27754409499903,,0.0625,0,,,0,1,0.0234375,0.1328125,,0,0.344797819852829,143,
,0.0002160235820894371,0.0,20197.429656982422,2004.4109771846104,,0.18718991599962465,,144,48.11579513549805,0,0,,,,204.927734375,-0.016323767602443695,,0.25927863200195134,495.23320940897975,0,0,190.13741540908813,0.000277500475931447,0.46875,,0.000382474059733795,0,152.4375,5.5734978900545684e-05,0.49688291549682617,,,149.6989656390033,,0.09375,1019.6650390625,0,,0.0010175008355872706,,,4096,,0,0.00023000029614195228,0.06351331295756844,,,617,0.2299244952155277,22.079121287999442,,43,0,0.875,0.5625,0,0.53125,1780322643.6034193,,,,,,,0.048787508243651516,0.09375,0,981,0.09375,7993,55503.00216674805,0,3e-06,0.09375,0,,34.871555864810944,76.23077415100124,,51,0,0.0,0.06689453125,,0.0005949996193521656,,,,0.0012025011528749019,,-0.875,-0.016323767602443695,0.0006999998731771484,0,0,0.18359375,1200233.0,0.53125,0.1484375,,,1,96,0,0.03125,0.875,,,0.0419921875,,,,,91.00945281982422,,0.18359375,,-0.875,0.003614999513956718,,,-7.476075552403927e-06,0,,22761.763240304,,149.6989656390033,0.1015625,50.94084249500156,,0.1015625,0,,,0,1,0.03125,0.1484375,,0,0.3006408214569092,144,
,0.0002017106352391857,0.0,21236.257553100586,2117.351080486369,,0.20725602700258605,,145,50.03401565551758,0,0,,,,204.927734375,-0.028071800246834755,,0.26267121999990195,453.97411421342986,0,0,190.13741540908813,0.0002649994712555781,0.421875,,0.00031285589102481026,0,150.9140625,-6.635851292458028e-06,0.5002490282058716,,,153.75555948200054,,0.125,1120.783203125,0,,0.001014999725157395,,,4096,,0,0.00021000050764996558,0.05985134067414149,,,721,0.19686223822645843,22.295518006998464,,53,0,0.875,0.578125,0,0.578125,1780322797.3932853,,,,,,,0.04622239345567915,0.125,0,971,0.0625,8047,56211.883544921875,0,3e-06,0.0625,0,,37.17450052499771,77.93949314999918,,54,0,0.0,0.065673828125,,0.0005725005394197069,,,,0.0010925004971795715,,-0.875,-0.028071800246834755,0.0005949996193521656,0,0,0.1337890625,1302218.0,0.578125,0.1875,,,1,129,0,0.0,0.875,,,0.0517578125,,,,,91.0631332397461,,0.1337890625,,-0.875,0.002824999683070928,,,4.8638321459293365e-06,0,,22915.771428767,,153.75555948200054,0.046875,53.04860896600076,,0.046875,0,,,0,1,0.0,0.1875,,0,0.34213992953300476,145,
,0.00020194240153755628,0.0,20751.760482788086,2090.68400990251,,0.20213223899918376,,146,49.577274322509766,0,0,,,,204.927734375,-0.014294745400547981,,0.26004284599912353,476.53911019732186,0,0,190.13741540908813,0.00028750037017744035,0.4609375,,0.0004083646217623027,0,164.65625,5.05555920540246e-05,0.4414176344871521,,,153.98166268799832,,0.125,1092.87109375,0,,0.0011225001799175516,,,4096,,0,0.00022749918571207672,0.059816120791358035,,,758,0.237719010328874,22.21722941000189,,44,0,0.875,0.546875,0,0.5390625,1780322951.4013553,,,,,,,0.048498354435708685,0.125,0,980,0.09375,8106,55761.60430908203,0,3e-06,0.09375,0,,35.54922342300415,77.02569727199807,,40,0,0.0,0.068359375,,0.000589999217481818,,,,0.0010249996194033884,,-0.875,-0.014294745400547981,0.0004924986569676548,0,0,0.171875,1287708.0,0.5390625,0.140625,,,1,92,0,0.0078125,0.875,,,0.04296875,,,,,91.00419616699219,,0.171875,,-0.875,0.0026825000531971455,,,-2.2416701540350914e-05,0,,23068.23910461,,153.98166268799832,0.09375,54.27450844900159,,0.09375,0,,,0,1,0.0078125,0.140625,,0,0.32189130783081055,146,
,0.00020398181227597627,0.0,20829.082489013672,2035.1271100283484,,0.1972449159984535,,147,48.511077880859375,0,0,,,,204.927734375,-0.012932190671563148,,0.2531418369981111,466.49006603457383,0,0,190.13741540908813,0.00037500012695090845,0.4375,,0.00034552439365143073,0,152.40625,-8.036817747836267e-05,0.42489200830459595,,,152.44772597799965,,0.109375,1059.509765625,0,,0.0009449995559407398,,,4096,,0,0.00020749939722009003,0.06230666669191596,,,689,0.1918422494782135,22.26919456199903,,43,0,0.875,0.578125,0,0.5625,1780323103.8691325,,,,,,,0.04830090656977853,0.109375,0,981,0.1328125,8162,55990.70358276367,0,3e-06,0.1328125,0,,36.22320294380188,77.32269797800109,,43,0,0.0,0.06787109375,,0.0006024993126629852,,,,0.0010900002962443978,,-0.875,-0.012932190671563148,0.0006249983925954439,0,0,0.1923828125,1241002.0,0.5625,0.1328125,,,1,174,0,0.015625,0.875,,,0.0419921875,,,,,91.02922439575195,,0.1923828125,,-0.875,0.0029499988158931956,,,3.931450191885233e-05,0,,23216.990726221,,152.44772597799965,0.046875,52.40348897200238,,0.046875,0,,,0,1,0.015625,0.1328125,,0,0.3101385533809662,147,
,0.00021618776778660728,0.0,20503.860473632812,2009.0831926545561,,0.2002301210013684,,148,47.54163360595703,0,0,,,,204.927734375,-0.026636281982064247,,0.25839216000167653,434.0055775073997,0,0,190.13741540908813,0.0003347513484186493,0.5,,0.00030787342438998166,0,141.7109375,3.7214844475386144e-05,0.5235224962234497,,,148.7271662480016,,0.1015625,1025.4970703125,0,,0.0010674984878278337,,,4096,,0,0.0003374998414074071,0.0638962401622806,,,717,0.20053499611094594,22.072915005999675,,52,0,0.875,0.53125,0,0.5,1780323252.6207123,,,,,,,0.04744601493273702,0.1015625,0,972,0.140625,8226,55396.400451660156,0,3e-06,0.140625,0,,35.65388545393944,76.37012806300118,,40,0,0.0,0.068115234375,,0.0006850004865555093,,,,0.0011249994713580236,,-0.875,-0.026636281982064247,0.0005400006557465531,0,0,0.22265625,1195221.0,0.5,0.1484375,,,1,37,0,0.03125,0.875,,,0.05078125,,,,,91.01189804077148,,0.22265625,,-0.875,0.0030500004868372343,,,-1.9174301996827126e-05,0,,23372.645047761,,148.7271662480016,0.078125,49.82348729500154,,0.078125,0,,,0,1,0.03125,0.1484375,,0,0.3314463198184967,148,
,0.00020264314233389255,0.0,20923.48861694336,2056.576719103291,,0.19684784000128275,,149,49.27839660644531,0,0,,,,204.927734375,-0.024743659421801567,,0.25945374200091464,483.5633846960409,0,0,190.13741540908813,0.0003474997356534004,0.484375,,0.00021120612473168876,0,163.640625,3.438471910044427e-05,0.4802156388759613,,,155.64068047000183,,0.0859375,1086.69921875,0,,0.0009775012586032972,,,4096,,0,0.00023250049707712606,0.060732308465354316,,,710,0.18809473840519786,22.366440992002026,,51,0,0.875,0.5234375,0,0.515625,1780323408.2750144,,,,,,,0.04947691235733809,0.0859375,0,973,0.1171875,8288,56316.97082519531,0,3e-06,0.1171875,0,,34.272417426109314,77.75848967899947,,49,0,0.0,0.06494140625,,0.0006275004125200212,,,,0.001014999725157395,,-0.875,-0.024743659421801567,0.0005549991328734905,0,0,0.17578125,1280348.0,0.515625,0.1875,,,1,110,0,0.0078125,0.875,,,0.0498046875,,,,,91.0162353515625,,0.17578125,,-0.875,0.0025849994926829822,,,5.6604621931910515e-06,0,,23603.632468234,,155.64068047000183,0.0859375,55.05691853299868,,0.0859375,0,,,0,1,0.0078125,0.1875,,0,0.34133410453796387,149,
0.0,0.00020029331165505825,0.0,21096.30012512207,1359.4691325064955,7.183824185001868,0.21101992100011557,0.0,150,49.85344696044922,0,0,0.0,0.0,0.0,204.927734375,-0.026217620819807053,0.0,0.2594245040017995,478.20602042612154,0,0,190.13741540908813,0.0002225006028311327,0.4140625,0.0,0.000281790280041605,0,153.3203125,3.738461604996246e-05,0.5329793095588684,0.2138671875,0.0,238.18543743099872,0.0,0.1328125,1111.5458984375,0,0.0,0.001014999725157395,0.0,0.0,4096,0.0,0,0.0002447504812153056,0.059976541525279634,0.0,0.7893738140417458,721,0.19184473785571754,22.263276914000016,0.0,49,0,0.875,0.5859375,0,0.5859375,1780323646.4785235,0.21062618595825428,0.0,0.0,0.0,"{'_latest_artifact_path': 'wandb-client-artifact://ix1ihv3b4o839lwekyfq7e3vptaqhtvtahfcv2ombvqxb5yt1oxzz6b2sbricryfcvvylrp7wez5nq3qrl4eokxe97zt9ljq04ixml79zzrul8a1xin26djc7q70i8n9:latest/val/generations.table.json', '_type': 'table-file', 'log_mode': 'IMMUTABLE', 'nrows': 3, 'path': 'media/table/val/generations_149_366b6894b1130049bddb.table.json', 'size': 46081, 'ncols': 13, 'artifact_path': 'wandb-client-artifact://gk0svxyl10ijco1zv1f73frikyo35zwk4zpmrc9fda1srxc6dlr6w0fxbuzekvpxcz3fh4jf4lbvj48ioh0tzw3z6vag5c19d8bw4pkdt0w9mn9ars6ny6h27np2czrd/val/generations.table.json', 'sha256': '366b6894b1130049bddb3f794dfd54ba85d01d127d3774e9891754d8dfe99e6d'}",76.18161414099814,0.04779401361068913,0.1328125,0,975,0.0703125,8341,56071.861267089844,0,3e-06,0.0703125,0,0.20958751393534003,36.42953187227249,77.68299604399726,0.0,41,0,0.0,0.0771484375,0.1,0.000432498381996993,0.0,0.9,1024.0,0.0012225009413668886,0.0,-0.875,-0.026217620819807053,0.0005849997251061723,0,0,0.1416015625,1295223.0,0.5859375,0.15625,0.0,0.0,1,126,0,0.0,0.875,0.0,0.7861328125,0.0478515625,0.0,0.11538461538461539,0.0,30.0,91.01304626464844,0.0,0.1416015625,0.20693391115926327,-0.875,0.003532499249558896,0.0,0.1,5.274428986012936e-06,0,0.0,23760.887271449,0.2138671875,238.18543743099872,0.0546875,54.40024555399941,0.0,0.0546875,0,1054.0,0.0,0,1,0.0,0.15625,0.0,0,0.35249820351600647,150,0.0
,0.0002049972798944989,0.0078125,19935.657501220703,2060.372314103866,,0.19929069700083346,,151,48.61140823364258,0,0,,,,204.927734375,-0.014898886904120445,,0.25344818200028385,458.59029741675477,0,0,190.13741540908813,0.000282499058812391,0.4609375,,2.010690059250919e-05,0,175.2109375,0.0001033357773252419,0.45589834451675415,,,150.01524136400258,,0.0625,1032.1611328125,0,,0.0008325005182996392,,,4096,,0,0.00031249874155037105,0.06153939186588777,,,1024,0.1768850052030757,22.169973628999287,,34,0,0.875,0.5390625,0,0.5390625,1780323796.5173018,,,,,,,0.048542128571063055,0.0625,0,990,0.1171875,8400,55652.39715576172,0,3e-06,0.1171875,0,,37.33708709478378,76.08416559399848,,47,0,0.0,0.068115234375,,0.0005350011633709073,,,,0.0011375004760338925,,-0.875,-0.014898886904120445,0.0004899993655271828,0,0,0.1591796875,1236349.0,0.5390625,0.1875,,,1,8,0,0.0,0.875,,,0.033203125,,,,,91.17068481445312,,0.1591796875,,-0.875,0.0030774999686400406,,,-2.844957634806633e-06,0,,23914.713445806,,150.01524136400258,0.09375,51.30577757699939,,0.09375,0,,,0,1,0.0,0.1875,,0,0.34909120202064514,151,
,0.00020186119459073514,0.0,21170.316696166992,2086.1443456294814,,0.2005867420011782,,152,49.48274230957031,0,0,,,,204.927734375,-0.031182050704956055,,0.25906885899894405,442.91103667185234,0,0,190.13741540908813,0.0002900005711126141,0.484375,,0.00034944556955451844,0,151.625,2.6864250962432834e-05,0.4427802264690399,,,153.80059901999994,,0.1015625,1101.6962890625,0,,0.0010250005288980901,,,4096,,0,0.00019749950297409669,0.060736635048593696,,,670,0.1680624991422519,22.31601539499752,,53,0,0.875,0.53125,0,0.515625,1780323950.3434367,,,,,,,0.047045159758962674,0.1015625,0,971,0.1328125,8462,56299.83901977539,0,3e-06,0.1328125,0,,36.21605038642883,77.9494581580002,,37,0,0.0,0.06787109375,,0.0005950005288468674,,,,0.0010900002962443978,,-0.875,-0.031182050704956055,0.00053249914344633,0,0,0.1953125,1283401.0,0.515625,0.1484375,,,1,114,0,0.015625,0.875,,,0.0517578125,,,,,91.16838073730469,,0.1953125,,-0.875,0.0035624998417915776,,,2.250878605991602e-05,0,,24069.761820714,,153.80059901999994,0.0859375,53.073385394996876,,0.0859375,0,,,0,1,0.015625,0.1484375,,0,0.33336472511291504,152,
,0.0001989312567341103,0.0,21011.634826660156,2087.012739986879,,0.20146095599920955,,153,49.74079895019531,0,0,,,,204.927734375,-0.030203042551875114,,0.25741187400126364,469.3726125333342,0,0,190.13741540908813,0.0002575006874394603,0.453125,,0.0003225029468012508,0,174.9375,1.4051278895976793e-05,0.5223157405853271,,,155.00312662299984,,0.140625,1088.708984375,0,,0.0010574995030765422,,,4096,,0,0.00019750132196350023,0.06004588030053144,,,722,0.18771474424283952,22.34660631299994,,46,0,0.875,0.5546875,0,0.546875,1780324105.391846,,,,,,,0.04888417647945494,0.140625,0,978,0.109375,8520,56179.7981262207,0,3e-06,0.109375,0,,36.80768609046936,77.69780791599987,,50,0,0.0,0.06494140625,,0.0005447491275845096,,,,0.001074999090633355,,-0.875,-0.030203042551875114,0.0005625006451737136,0,0,0.1845703125,1293974.0,0.546875,0.109375,,,1,147,0,0.0078125,0.875,,,0.044921875,,,,,91.17782592773438,,0.1845703125,,-0.875,0.0032550005926168524,,,1.5269732102751732e-05,0,,24223.847940049,,155.00312662299984,0.0859375,54.49793753800259,,0.0859375,0,,,0,1,0.0078125,0.109375,,0,0.3150167167186737,153,
,0.00020065242383391933,0.0,21070.36018371582,2110.6491125416196,,0.20276230300078169,,154,49.561851501464844,0,0,,,,204.927734375,-0.013726956211030483,,0.26096533199961414,478.81423932724283,0,0,190.13741540908813,0.0003150007614749484,0.453125,,0.00035973229842056753,0,159.7890625,-2.3530654829073683e-05,0.4212126135826111,,,154.05023888999858,,0.1015625,1110.3125,0,,0.0011175006875419058,,,4096,,0,0.00023249958758242428,0.06004859443680646,,,722,0.19411224639043212,22.41812785699949,,51,0,0.875,0.5703125,0,0.546875,1780324259.4779348,,,,,,,0.046675416380520814,0.1015625,0,973,0.0703125,8578,56514.05715942383,0,3e-06,0.0703125,0,,34.80764478445053,78.0982411469995,,43,0,0.0,0.0650634765625,,0.0007274993549799547,,,,0.0012250002328073606,,-0.875,-0.013726956211030483,0.0005049996616435237,0,0,0.1640625,1300584.0,0.546875,0.15625,,,1,80,0,0.0234375,0.875,,,0.0498046875,,,,,91.18043899536133,,0.1640625,,-0.875,0.003685001502162777,,,6.66698906570673e-06,0,,24376.92299383,,154.05023888999858,0.1015625,53.06808140799694,,0.1015625,0,,,0,1,0.0234375,0.15625,,0,0.33641570806503296,154,
,0.00020135647224980602,0.0,20398.082733154297,2076.110438238659,,0.204191056000127,,155,49.212581634521484,0,0,,,,204.927734375,-0.02745627984404564,,0.255907564998779,462.04969700373476,0,0,190.13741540908813,0.0002674996721907519,0.5234375,,0.0004490163951231807,0,163.734375,4.0321083247363276e-05,0.4365651309490204,,,153.04075069800092,,0.109375,1077.396484375,0,,0.001030000021273736,,,4096,,0,0.00019750041246879846,0.0606180498820543,,,766,0.20468725415412337,22.262437572000636,,47,0,0.875,0.5078125,0,0.4765625,1780324412.552969,,,,,,,0.04828951750277037,0.109375,0,977,0.1171875,8645,56142.616271972656,0,3e-06,0.1171875,0,,37.61037811636925,77.04057072000069,,33,0,0.0,0.077880859375,,0.000589999217481818,,,,0.0010699995982577093,,-0.875,-0.02745627984404564,0.0005100000635138713,0,0,0.212890625,1270918.0,0.4765625,0.1953125,,,1,183,0,0.03125,0.875,,,0.0458984375,,,,,91.18207931518555,,0.212890625,,-0.875,0.003287500476290006,,,2.456840593367815e-05,0,,24527.770597845,,153.04075069800092,0.0703125,53.27560334300142,,0.0703125,0,,,0,1,0.03125,0.1953125,,0,0.34901171922683716,155,
,0.00020022326821159982,0.0,20327.091217041016,2121.798619652587,,0.19680745500227204,,156,49.47654724121094,0,0,,,,204.927734375,-0.0374329648911953,,0.2562899879994802,463.4691182800452,0,0,190.13741540908813,0.00031750096241012216,0.5546875,,0.0002647950609571126,0,164.5546875,-1.7078485086585715e-05,0.4896644651889801,,,150.81791789099952,,0.109375,1085.4658203125,0,,0.0009474997568759136,,,4096,,0,0.0003174991434207186,0.0600224690251174,,,732,0.17013750039041042,22.198507422999683,,41,0,0.875,0.4609375,0,0.4453125,1780324563.4006321,,,,,,,0.04618413753815548,0.109375,0,983,0.0859375,8716,56003.54766845703,0,3e-06,0.0859375,0,,35.73589771986008,76.8300208239998,,39,0,0.0,0.0693359375,,0.0005800002327305265,,,,0.0012575010259752162,,-0.875,-0.0374329648911953,0.0005675001375493594,0,0,0.1884765625,1280021.0,0.4453125,0.1953125,,,1,21,0,0.015625,0.875,,,0.0400390625,,,,,91.21574020385742,,0.1884765625,,-0.875,0.0027975002012681216,,,-1.1507770977914333e-05,0,,24685.191134382,,150.81791789099952,0.1484375,51.33445400399796,,0.1484375,0,,,0,1,0.015625,0.1953125,,0,0.3322913646697998,156,
,0.00019650151156587668,0.0,20351.49574279785,2061.121888402904,,0.21274490200084983,,157,49.74794006347656,0,0,,,,204.927734375,-0.025967122986912727,,0.2549923480000871,456.4764963033813,0,0,190.13741540908813,0.00036499841371551156,0.484375,,0.00048267605461660423,0,162.921875,8.79958209054621e-06,0.5437462329864502,,,157.3974114900011,,0.1015625,1104.3251953125,0,,0.0009599989425623789,,,4096,,0,0.0002149990905309096,0.05979291251336151,,,985,0.17897749785333872,22.297735886000737,,45,0,0.875,0.53125,0,0.515625,1780324720.821072,,,,,,,0.0504399289149845,0.1015625,0,979,0.09375,8778,56748.45504760742,0,3e-06,0.09375,0,,34.31732580065727,77.59093064500121,,40,0,0.0,0.1148681640625,,0.0005949996193521656,,,,0.0012749997040373273,,-0.875,-0.025967122986912727,0.0005349993443815038,0,0,0.171875,1297661.0,0.515625,0.1953125,,,1,136,0,0.015625,0.875,,,0.0439453125,,,,,91.17963027954102,,0.171875,,-0.875,0.0031099989428184927,,,2.3100175894796848e-05,0,,24834.328795331,,157.3974114900011,0.078125,57.03893437500301,,0.078125,0,,,0,1,0.015625,0.1953125,,0,0.31280964612960815,157,
,0.0002163560636550779,0.0,20211.048126220703,1982.709801464289,,0.19205221999800415,,158,46.71209716796875,0,0,,,,204.927734375,-0.02749898098409176,,0.25586700799976825,462.8272919808369,0,0,190.13741540908813,0.00030000046535860747,0.3515625,,0.00011309763976896647,0,149.0234375,4.6950969675663146e-05,0.42059385776519775,,,149.1166280519974,,0.0625,1005.87890625,0,,0.0009824998414842412,,,4096,,0,0.00026500129024498165,0.06385256926316261,,,735,0.19879499450325966,21.88360118000128,,33,0,0.875,0.65625,0,0.6484375,1780324869.9588523,,,,,,,0.04977577815285169,0.0625,0,991,0.09375,8823,54802.940368652344,0,3e-06,0.09375,0,,36.30447015166283,75.51332546200138,,39,0,0.0,0.0595703125,,0.0006450009095715359,,,,0.0010849998943740502,,-0.875,-0.02749898098409176,0.0005674992280546576,0,0,0.142578125,1182620.0,0.6484375,0.1171875,,,1,74,0,0.0078125,0.875,,,0.0322265625,,,,,91.20742416381836,,0.142578125,,-0.875,0.0025649997041909955,,,-3.3515854738652706e-05,0,,24988.430886486,,149.1166280519974,0.0703125,51.270047013000294,,0.0703125,0,,,0,1,0.0078125,0.1171875,,0,0.31799614429473877,158,
,0.00020632809660460892,0.0,21672.897338867188,2049.058575427809,,0.2012479289987823,,159,49.84596252441406,0,0,,,,204.927734375,-0.01647925190627575,,0.2605665949995455,462.3223087146471,0,0,190.13741540908813,0.00023749998945277184,0.3828125,,0.0003717206686815189,0,156.3125,2.2900638953160524e-05,0.46416354179382324,,,154.07990468700154,,0.078125,1076.9638671875,0,,0.0009200002750731073,,,4096,,0,0.00025999815989052877,0.06196913127427668,,,710,0.1626982557354495,22.26360254300016,,44,0,0.875,0.625,0,0.6171875,1780325024.0609646,,,,,,,0.04814360838711292,0.078125,0,980,0.0625,8872,56087.69607543945,0,3e-06,0.0625,0,,36.18192672729492,78.25926665800216,,42,0,0.0,0.054443359375,,0.0006374993972713128,,,,0.001030000021273736,,-0.875,-0.01647925190627575,0.0005999982022331096,0,0,0.12109375,1262875.0,0.6171875,0.1796875,,,1,184,0,0.0078125,0.875,,,0.04296875,,,,,91.1732177734375,,0.12109375,,-0.875,0.002625001798151061,,,-4.806439392268658e-06,0,,25145.846781137,,154.07990468700154,0.0546875,53.09330090900039,,0.0546875,0,,,0,1,0.0078125,0.1796875,,0,0.3021942675113678,159,
,0.0002032530108433901,0.0,21440.784454345703,1983.8029668694041,7.232840620999923,0.20269192900013877,,160,48.579139709472656,0,0,,,,204.927734375,-0.012747642584145069,,0.2538601650012424,470.16716167581035,0,0,190.13741540908813,0.0003325003490317613,0.3984375,,0.0001906117458929657,0,143.9453125,2.6415535444357374e-05,0.44455865025520325,,,157.39793982300034,,0.1015625,1075.767578125,0,,0.0010399990060250275,,,4096,,0,0.0002124997990904376,0.06191574137820421,,,760,0.2047199959633872,22.036369410998304,,43,0,0.875,0.609375,0,0.6015625,1780325181.4768438,,,,,,,0.045695922731406984,0.1015625,0,981,0.0390625,8923,55384.6435546875,0,3e-06,0.0390625,0,,36.08716279268265,77.33189416099776,,32,0,0.0,0.059326171875,,0.0006675008989986964,,,,0.0011550000635907054,,-0.75,-0.012747642584145069,0.00048499987315153703,0,0,0.119140625,1248986.0,0.6015625,0.1484375,,,1,124,0,0.0078125,0.875,,,0.0419921875,,,,,91.17114639282227,,0.119140625,,-0.75,0.003215000106138177,,,-3.98105476051569e-06,0,,25301.868761577,,157.39793982300034,0.1015625,50.337988737999694,,0.1015625,0,,,0,1,0.0078125,0.1484375,,0,0.31957048177719116,160,
,0.0001969003101309179,0.0,20996.37794494629,2111.6752597999102,,0.20052855700123473,,161,50.46240234375,0,0,,,,204.927734375,-0.018283484503626823,,0.25941733999934513,464.61219875799725,0,0,190.13741540908813,0.00032249954529106617,0.40625,,0.0003311826922072214,0,164.0078125,-4.272814297223704e-05,0.5440697073936462,,,155.97876542400263,,0.09375,1122.619140625,0,,0.0010199992175330408,,,4096,,0,0.0002674996721907519,0.05908120792239429,,,989,0.14451325114350766,22.391293516000587,,52,0,0.875,0.59375,0,0.59375,1780325337.4987433,,,,,,,0.0480928651616869,0.09375,0,972,0.0625,8975,56343.03665161133,0,3e-06,0.0625,0,,35.667456686496735,77.83984592500201,,44,0,0.0,0.06689453125,,0.000585000634600874,,,,0.0010199992175330408,,-0.875,-0.018283484503626823,0.0004850007826462388,0,0,0.130859375,1317506.0,0.59375,0.125,,,1,73,0,0.0,0.875,,,0.05078125,,,,,90.94863510131836,,0.130859375,,-0.875,0.003459749677858781,,,7.4927229434251785e-06,0,,25456.47185217,,155.97876542400263,0.125,55.28573026099912,,0.125,0,,,0,1,0.0,0.125,,0,0.30337852239608765,161,
,0.00020775727262893368,0.0,21108.617782592773,2104.8575118839567,,0.2198466539994115,,162,49.45008087158203,0,0,,,,204.927734375,-0.015397769398987293,,0.27037240599747747,488.2230625853408,0,0,190.13741540908813,0.0003149998519802466,0.359375,,0.00021063043141111848,0,176.9921875,-6.780003350570496e-05,0.4158434271812439,,,154.56937021299746,,0.046875,1093.892578125,0,,0.0009249997674487531,,,4096,,0,0.00021224968804745004,0.059638115762732834,,,813,0.18292749882675707,22.28330843799995,,40,0,0.875,0.640625,0,0.640625,1780325492.1019452,,,,,,,0.0483701412601591,0.046875,0,984,0.1015625,9021,55980.377197265625,0,3e-06,0.1015625,0,,34.80153530836105,77.61220891999983,,42,0,0.0,0.05859375,,0.0005800002327305265,,,,0.0012074988262611441,,-0.875,-0.015397769398987293,0.0006200007192092016,0,0,0.1279296875,1301386.0,0.640625,0.140625,,,1,151,0,0.0,0.875,,,0.0390625,,,,,91.13856887817383,,0.1279296875,,-0.875,0.002554999809945002,,,-1.0091811418533325e-05,0,,25613.348990119,,154.56937021299746,0.0703125,54.181620252002176,,0.0703125,0,,,0,1,0.0,0.140625,,0,0.3349246084690094,162,
,0.0001954266721955056,0.0,21184.467315673828,2109.858953039338,,0.19646873500096262,,163,50.4427604675293,0,0,,,,204.927734375,-0.019453633576631546,,0.25869957499890006,481.40882327244617,0,0,190.13741540908813,0.0002250008037663065,0.4375,,0.00031637459414923796,0,163.5234375,-4.248775428550289e-05,0.40165239572525024,,,156.8550350359983,,0.0859375,1129.21875,0,,0.0009249997674487531,,,4096,,0,0.00024000019038794562,0.05898891240458953,,,720,0.1522407546872273,22.403487653999036,,55,0,0.875,0.5625,0,0.5625,1780325648.979007,,,,,,,0.0483487732228097,0.0859375,0,969,0.0625,9077,56384.849548339844,0,3e-06,0.0625,0,,36.75011545419693,78.08763459599868,,39,0,0.0,0.060791015625,,0.000555000951862894,,,,0.0011700003597070463,,-0.875,-0.019453633576631546,0.0006700010999338701,0,0,0.1259765625,1323768.0,0.5625,0.2265625,,,1,156,0,0.0,0.875,,,0.0537109375,,,,,91.18061065673828,,0.1259765625,,-0.875,0.0027675005185301416,,,2.630788367241621e-05,0,,25761.764438077,,156.8550350359983,0.0625,55.90665345299931,,0.0625,0,,,0,1,0.0,0.2265625,,0,0.3062945306301117,163,
,0.00021191398046457435,0.0,20277.719497680664,2024.3352119961608,,0.19407831900025485,,164,47.96546173095703,0,0,,,,204.927734375,-0.013488586992025375,,0.25464304400156834,469.3154694196128,0,0,190.13741540908813,0.0003899995135725476,0.4140625,,0.00031293514348362805,0,154.171875,-1.7091617621645128e-05,0.44422438740730286,,,148.39859437300038,,0.125,1019.298828125,0,,0.0011599995559663512,,,4096,,0,0.00021750020096078515,0.06315361580647456,,,710,0.17759249021764845,22.04074315699836,,42,0,0.875,0.6015625,0,0.5859375,1780325797.3944654,,,,,,,0.047922327508571394,0.125,0,982,0.0703125,9130,55103.42788696289,0,3e-06,0.0703125,0,,36.88406944274902,75.88753197599726,,42,0,0.0,0.069091796875,,0.0006375012162607163,,,,0.0012524997146101668,,-0.875,-0.013488586992025375,0.0005125011739437468,0,0,0.1572265625,1201634.0,0.5859375,0.109375,,,1,109,0,0.015625,0.875,,,0.041015625,,,,,91.17940139770508,,0.1572265625,,-0.875,0.003289999767730478,,,-5.167210474610329e-06,0,,25913.147459708,,148.39859437300038,0.09375,50.0195044050015,,0.09375,0,,,0,1,0.015625,0.109375,,0,0.33396756649017334,164,
,0.00021294297691310383,0.0,20671.993255615234,2020.4957093619284,,0.20552045200020075,,165,48.62343215942383,0,0,,,,204.927734375,-0.026318427175283432,,0.26049186599993845,457.7616798451345,0,0,190.13741540908813,0.0002925007720477879,0.46875,,0.0003637579561655002,0,132.9375,-2.443808676844128e-05,0.42167049646377563,,,151.3606282769979,,0.078125,1061.685546875,0,,0.0011525016816449352,,,4096,,0,0.0002674996721907519,0.06255116608109196,,,669,0.17569524061400443,22.0910075660031,,47,0,0.875,0.546875,0,0.53125,1780325948.7774804,,,,,,,0.048091217145312955,0.078125,0,977,0.1171875,9190,55351.51290893555,0,3e-06,0.1171875,0,,37.015847861766815,76.5184661600033,,42,0,0.0,0.0654296875,,0.0005974998202873394,,,,0.001040000825014431,,-0.875,-0.026318427175283432,0.0005550000423681922,0,0,0.1796875,1223294.0,0.53125,0.15625,,,1,151,0,0.015625,0.875,,,0.0458984375,,,,,91.17707824707031,,0.1796875,,-0.875,0.0028675021894741803,,,-1.3260054402053356e-05,0,,26069.249409491,,151.3606282769979,0.1015625,52.2831361790013,,0.1015625,0,,,0,1,0.015625,0.15625,,0,0.3186039328575134,165,
,0.00020154710094470775,0.0,20967.430114746094,2053.236126251259,,0.20133781399999862,,166,49.35709762573242,0,0,,,,204.927734375,-0.004045259207487106,,0.25836665500173694,447.7054692042584,0,0,190.13741540908813,0.0003475006451481022,0.40625,,0.0003507471092234482,0,150.59375,-2.2753171379008563e-05,0.49424418807029724,,,156.08494605300075,,0.0546875,1101.2783203125,0,,0.0010475005183252506,,,4096,,0,0.00018999980966327712,0.060478394151101574,,,669,0.16932774451561272,22.375345950000337,,53,0,0.875,0.609375,0,0.59375,1780326104.8794317,,,,,,,0.049409349811876925,0.0546875,0,971,0.09375,9242,56077.423095703125,0,3e-06,0.09375,0,,35.546332597732544,77.52828159499768,,44,0,0.0,0.058349609375,,0.0006200007192092016,,,,0.0011699994502123445,,-0.875,-0.004045259207487106,0.0006450000000768341,0,0,0.1494140625,1281917.0,0.59375,0.171875,,,1,174,0,0.015625,0.875,,,0.0517578125,,,,,91.13354873657227,,0.1494140625,,-0.875,0.0032350008041248657,,,1.4395220205187798e-05,0,,26220.729686078,,156.08494605300075,0.0703125,55.719368467001914,,0.0703125,0,,,0,1,0.015625,0.171875,,0,0.3204163610935211,166,
,0.00020740993803420715,0.0,21124.0234375,2075.891482317394,,0.20394787700206507,,167,48.3122444152832,0,0,,,,204.927734375,-0.0233922079205513,,0.2608538789972954,495.3574013016041,0,0,190.13741540908813,0.00023500069801229984,0.453125,,0.00025748896314325975,0,152.3359375,-2.845450045363407e-05,0.42830100655555725,,,151.46179493400268,,0.0859375,1075.8603515625,0,,0.0010274998203385621,,,4096,,0,0.0002824999683070928,0.061822539935261364,,,811,0.25389151414856315,22.26848188200165,,50,0,0.875,0.5703125,0,0.546875,1780326256.3595502,,,,,,,0.04626921609340589,0.0859375,0,974,0.0859375,9300,56097.05352783203,0,3e-06,0.0859375,0,,35.84408760070801,77.75253926799996,,40,0,0.0,0.0679931640625,,0.0006474992915173061,,,,0.0011100000847363845,,-0.875,-0.0233922079205513,0.0005200008672545664,0,0,0.1669921875,1257673.0,0.546875,0.171875,,,1,93,0,0.0234375,0.875,,,0.048828125,,,,,91.17155075073242,,0.1669921875,,-0.875,0.0030997507565189153,,,1.0795542038977146e-05,0,,26376.059619032,,151.46179493400268,0.0859375,50.973916254999494,,0.0859375,0,,,0,1,0.0234375,0.171875,,0,0.326621413230896,167,
,0.00020070691916481524,0.0,20726.598739624023,2102.240463694375,,0.2018898269998317,,168,49.83522033691406,0,0,,,,204.927734375,-0.014348534867167473,,0.26211942299778457,449.11172041791724,0,0,190.13741540908813,0.00031750096241012216,0.4765625,,0.00033909197509274236,0,155.9453125,-2.808291319666978e-05,0.4763248562812805,,,155.3082321639995,,0.0546875,1119.4267578125,0,,0.0009425011739949696,,,4096,,0,0.000279999767371919,0.05959365960224655,,,758,0.1966674899449572,22.460126432000834,,54,0,0.875,0.546875,0,0.5234375,1780326411.6896682,,,,,,,0.04759170117500439,0.0546875,0,970,0.0859375,9361,56616.84036254883,0,3e-06,0.0859375,0,,35.43238341808319,77.82818716100155,,42,0,0.0,0.0643310546875,,0.000705000275047496,,,,0.0011524998626555316,,-0.875,-0.014348534867167473,0.0005775000317953527,0,0,0.1591796875,1305981.0,0.5234375,0.203125,,,1,97,0,0.0234375,0.875,,,0.052734375,,,,,91.15888595581055,,0.1591796875,,-0.875,0.0033125006666523404,,,-4.10829670727253e-06,0,,26525.129456841,,155.3082321639995,0.109375,54.55403391499931,,0.109375,0,,,0,1,0.0234375,0.203125,,0,0.3336101770401001,168,
,0.00020728600672071352,0.0,19703.48358154297,2066.669689657783,,0.1972434710005473,,169,48.054893493652344,0,0,,,,204.927734375,-0.014433741569519043,,0.25538195700210053,458.13803424240905,0,0,190.13741540908813,0.00029724924388574436,0.4609375,,0.00021722491737818928,0,155.8515625,2.9182555504547736e-05,0.5188173651695251,,,149.0353061939968,,0.078125,1047.2998046875,0,,0.0010075000318465754,,,4096,,0,0.00024499877326888964,0.0613977634402514,,,713,0.22124199313111603,22.063125386001047,,45,0,0.875,0.578125,0,0.5390625,1780326560.759555,,,,,,,0.04743747299370129,0.078125,0,979,0.109375,9420,55446.59423828125,0,3e-06,0.109375,0,,35.25787219405174,75.64370229800261,,34,0,0.0,0.08056640625,,0.000662499587633647,,,,0.0011100009942310862,,-0.875,-0.014433741569519043,0.0005749998308601789,0,0,0.1845703125,1232027.0,0.5390625,0.1796875,,,1,29,0,0.0390625,0.875,,,0.0439453125,,,,,91.21327209472656,,0.1845703125,,-0.875,0.0034325003070989624,,,-3.079138696193695e-05,0,,26682.120118096,,149.0353061939968,0.0546875,50.873606350000045,,0.0546875,0,,,0,1,0.0390625,0.1796875,,0,0.31094279885292053,169,
,0.0002108760292916114,0.0,19178.443908691406,1956.4387605682164,7.152724003997719,0.19565541200063308,,170,48.38774108886719,0,0,,,,204.927734375,-0.014331325888633728,,0.259039060001669,454.0270797470148,0,0,190.13741540908813,0.00023749907995807007,0.4765625,,0.0002584480123459798,0,163.03125,-1.8676521790439438e-05,0.6197820901870728,,,156.9682405550011,,0.109375,1036.5732421875,0,,0.0009550003596814349,,,4096,,0,0.00017750062397681177,0.06167163743339744,,,758,0.23084950225893408,22.08728713200253,,41,0,0.875,0.5546875,0,0.5234375,1780326717.7502005,,,,,,,0.04853164114405623,0.109375,0,983,0.078125,9481,56089.15710449219,0,3e-06,0.078125,0,,35.265542566776276,75.75713106499825,,48,0,0.0,0.070556640625,,0.000602500222157687,,,,0.001059999704011716,,-0.875,-0.014331325888633728,0.0004549992809188552,0,0,0.1826171875,1228395.0,0.5234375,0.1640625,,,1,151,0,0.03125,0.875,,,0.0400390625,,,,,91.16960144042969,,0.1826171875,,-0.875,0.0030924993552616797,,,-3.0583469197154045e-05,0,,26833.458711734,,156.9682405550011,0.09375,51.51395902399963,,0.09375,0,,,0,1,0.03125,0.1640625,,0,0.32333603501319885,170,
,0.00020761380628733214,0.0,20750.812530517578,2053.304070233486,,0.19735011399825453,,171,48.52159118652344,0,0,,,,204.927734375,-0.022173671051859856,,0.25802160799867124,476.5768535953539,0,0,190.13741540908813,0.0002674987626960501,0.46875,,0.00036460487945078057,0,158.90625,-9.47194163813947e-06,0.7605673670768738,,,151.31660454200028,,0.1484375,1054.76171875,0,,0.002525001036701724,,,4096,,0,0.00035749962989939377,0.061842010943066655,,,752,0.20449476141948253,22.117764065998927,,47,0,0.875,0.546875,0,0.53125,1780326869.0886476,,,,,,,0.048037868583322735,0.1484375,0,977,0.0703125,9541,55594.25354003906,0,3e-06,0.0703125,0,,35.14805808663368,76.85700383199946,,56,0,0.0,0.069091796875,,0.0005250003596302122,,,,0.0012849995982833207,,-0.875,-0.022173671051859856,0.0005174997568246908,0,0,0.169921875,1242796.0,0.53125,0.171875,,,1,169,0,0.015625,0.875,,,0.0458984375,,,,,91.14773559570312,,0.169921875,,-0.875,0.00287750026473077,,,2.2652209736406803e-05,0,,26984.741337254,,151.31660454200028,0.0625,51.884548948000884,,0.0625,0,,,0,1,0.015625,0.171875,,0,0.3148336410522461,171,
,0.00020839428490666487,0.0,20444.85092163086,2046.7446014288967,,0.20931021199794486,,172,48.366539001464844,0,0,,,,204.927734375,-0.01641322672367096,,0.2580546429999231,465.14777917490574,0,0,190.13741540908813,0.00020500010577961802,0.453125,,0.0003100938231455075,0,175.6171875,-2.7385957508840875e-05,0.4242115616798401,,,151.25238380200244,,0.109375,1033.66015625,0,,0.0008625002010376193,,,4096,,0,0.00025749977794475853,0.06198562836792463,,,766,0.22757974511478096,22.226457469001616,,44,0,0.875,0.5546875,0,0.546875,1780327020.3712986,,,,,,,0.04893821596874091,0.109375,0,980,0.109375,9599,55813.27438354492,0,3e-06,0.109375,0,,33.29657390713692,76.75680360800106,,38,0,0.0,0.0732421875,,0.0005999991117278114,,,,0.0010224994184682146,,-0.875,-0.01641322672367096,0.0004749999789055437,0,0,0.1806640625,1238300.0,0.546875,0.1328125,,,1,138,0,0.0078125,0.875,,,0.04296875,,,,,91.1488037109375,,0.1806640625,,-0.875,0.0029474995244527236,,,5.8637349866330624e-05,0,,27141.786958567,,151.25238380200244,0.09375,51.79953558000125,,0.09375,0,,,0,1,0.0078125,0.1328125,,0,0.3435412049293518,172,
,0.0002021234231877568,0.0,20529.125213623047,2085.396900157893,,0.21658819699950982,,173,50.41189956665039,0,0,,,,204.927734375,-0.011806272901594639,,0.26474995099852094,444.7080633544974,0,0,190.13741540908813,0.0003675004336400889,0.515625,,0.00021410631143226055,0,158.171875,7.221962405878912e-06,0.5490439534187317,,,157.02562422299889,,0.1171875,1120.9716796875,0,,0.0010950006981147453,,,4096,,0,0.0002749984560068697,0.059061717003488876,,,736,0.16625775606371462,22.381506804998935,,50,0,0.875,0.5,0,0.484375,1780327177.4169354,,,,,,,0.049482065895674866,0.1171875,0,974,0.09375,9665,56350.589752197266,0,3e-06,0.09375,0,,36.98001056909561,77.36157658500088,,42,0,0.0,0.0693359375,,0.0005474994395626709,,,,0.0011200017979717813,,-0.875,-0.011806272901594639,0.0004949997673975304,0,0,0.1826171875,1309843.0,0.484375,0.1875,,,1,175,0,0.015625,0.875,,,0.048828125,,,,,91.17584609985352,,0.1826171875,,-0.875,0.0033875003282446414,,,2.5159562937915325e-05,0,,27293.523136648,,157.02562422299889,0.1015625,56.799226389997784,,0.1015625,0,,,0,1,0.015625,0.1875,,0,0.29858309030532837,173,
,0.00020491920874447228,0.0,20435.760498046875,2097.282337721703,,0.20736329600185854,,174,48.8600959777832,0,0,,,,204.927734375,-0.018871452659368515,,0.2608031359995948,466.6932648669899,0,0,190.13741540908813,0.00024000019038794562,0.4296875,,0.0002075191814583377,0,164.6328125,4.744052685623501e-05,0.4321804642677307,,,151.7096645870006,,0.078125,1078.25,0,,0.0011225001799175516,,,4096,,0,0.00021750020096078515,0.06069229501175386,,,812,0.1728174975141883,22.35966004399961,,45,0,0.875,0.578125,0,0.5703125,1780327329.1531034,,,,,,,0.04676616055565966,0.078125,0,979,0.1015625,9720,56304.4319152832,0,3e-06,0.1015625,0,,36.74723580479622,77.24381216899928,,45,0,0.0,0.067138671875,,0.0005524998414330184,,,,0.0010150006346520968,,-0.875,-0.018871452659368515,0.0004424991857376881,0,0,0.154296875,1272712.0,0.5703125,0.171875,,,1,3,0,0.0078125,0.875,,,0.0439453125,,,,,91.14136505126953,,0.154296875,,-0.875,0.0028474996724980883,,,1.0424992069602013e-05,0,,27445.060228089,,151.7096645870006,0.0703125,51.635827321999386,,0.0703125,0,,,0,1,0.0078125,0.171875,,0,0.30930235981941223,174,
,0.00021023028260901168,0.0,20279.529571533203,2046.9575788345362,,0.20014159099810058,,175,48.61886978149414,0,0,,,,204.927734375,-0.02335759811103344,,0.2608074839990877,477.78297462081537,0,0,190.13741540908813,0.0002650003807502799,0.4609375,,0.00012313021466070495,0,130.9921875,-1.7184567752792645e-05,0.4710155725479126,,,151.51510867000252,,0.0703125,1080.51171875,0,,0.0009599998520570807,,,4096,,0,0.00022975018509896472,0.06165108547292349,,,679,0.22475450532510877,22.17080191599962,,54,0,0.875,0.5546875,0,0.5390625,1780327480.6902328,,,,,,,0.04735732147130909,0.0703125,0,970,0.078125,9779,55688.32778930664,0,3e-06,0.078125,0,,37.230733782052994,76.48310361599943,,45,0,0.0,0.0657958984375,,0.0005724996299250051,,,,0.0014650004231953062,,-0.875,-0.02335759811103344,0.0005950005288468674,0,0,0.15625,1240580.0,0.5390625,0.21875,,,1,141,0,0.015625,0.875,,,0.052734375,,,,,91.16996002197266,,0.15625,,-0.875,0.003705000381160062,,,-8.90740193426609e-06,0,,27599.462447003,,151.51510867000252,0.078125,52.39822419800112,,0.078125,0,,,0,1,0.015625,0.21875,,0,0.31521889567375183,175,
,0.0002125388231429691,0.0,20624.839782714844,1962.1784899280913,,0.20205969699964044,,176,48.56708908081055,0,0,,,,204.927734375,-0.02525978349149227,,0.25753329200233566,497.62159496278036,0,0,190.13741540908813,0.00021999858290655538,0.4609375,,0.0002475997280271258,0,159.78125,1.6821762699237297e-05,0.4557432532310486,,,154.3819798020013,,0.1171875,1023.51953125,0,,0.0009747491276357323,,,4096,,0,0.0002124997990904376,0.06308002245275028,,,807,0.1786327629815787,22.00955705600063,,39,0,0.875,0.5625,0,0.5390625,1780327635.0924623,,,,,,,0.05293166625766596,0.1171875,0,985,0.1171875,9838,55274.71160888672,0,3e-06,0.1171875,0,,36.705419421195984,76.43406320599752,,48,0,0.0,0.066650390625,,0.0005825004336657003,,,,0.001132500074163545,,-0.875,-0.02525978349149227,0.0004925004759570584,0,0,0.1953125,1211700.0,0.5390625,0.140625,,,1,105,0,0.0234375,0.875,,,0.0380859375,,,,,91.1525650024414,,0.1953125,,-0.875,0.00255250051850453,,,2.2907042875885963e-06,0,,27754.094502657,,154.3819798020013,0.0625,55.47683249799957,,0.0625,0,,,0,1,0.0234375,0.140625,,0,0.32827290892601013,176,
,0.00020609728654161444,0.0,20510.757446289062,2090.568643546894,,0.19993115999750444,,177,49.61143493652344,0,0,,,,204.927734375,-0.009861557744443417,,0.26643824399798177,462.8849825075886,0,0,190.13741540908813,0.0003149998519802466,0.5078125,,0.00042487318296480225,0,158.2890625,1.1029453531818945e-05,0.4089202880859375,,,154.596573998002,,0.0703125,1104.1904296875,0,,0.00091749825514853,,,4096,,0,0.00027250007406109944,0.05979035643292343,,,816,0.17408773419447243,22.353721449999284,,50,0,0.875,0.53125,0,0.4921875,1780327789.7244983,,,,,,,0.04818182393067666,0.0703125,0,974,0.109375,9903,56285.057067871094,0,3e-06,0.109375,0,,36.83730959892273,77.29571719899832,,44,0,0.0,0.0582275390625,,0.0005575011527980678,,,,0.0010999992809956893,,-0.875,-0.009861557744443417,0.0005174988473299891,0,0,0.201171875,1292779.0,0.4921875,0.1796875,,,1,152,0,0.0390625,0.875,,,0.0498046875,,,,,91.17655563354492,,0.201171875,,-0.875,0.0026249999791616574,,,7.131719030439854e-06,0,,27908.28816988,,154.596573998002,0.109375,54.47875468200073,,0.109375,0,,,0,1,0.0390625,0.1796875,,0,0.30211547017097473,177,
,0.00019697455123767867,0.0,20703.68194580078,2146.522358158468,,0.20808441899862373,,178,49.61871337890625,0,0,,,,204.927734375,-0.011954705230891705,,0.260723395000241,490.51438128753216,0,0,190.13741540908813,0.00027250007406109944,0.484375,,0.0002806520556077885,0,169.4609375,-5.430033937159351e-06,0.4689329266548157,,,154.16098450700156,,0.1015625,1123.15625,0,,0.0010175017450819723,,,4096,,0,0.00037250083551043645,0.058910075956454415,,,694,0.19403500482439995,22.450987303996953,,60,0,0.875,0.5234375,0,0.515625,1780327943.9182105,,,,,,,0.04631156957409376,0.1015625,0,964,0.09375,9965,56746.29211425781,0,3e-06,0.09375,0,,35.04391014575958,77.97573293900132,,51,0,0.0,0.069580078125,,0.0005799993232358247,,,,0.0010600006135064177,,-0.875,-0.011954705230891705,0.0004650019036489539,0,0,0.1630859375,1323640.0,0.515625,0.1953125,,,1,141,0,0.0078125,0.875,,,0.05859375,,,,,91.15753173828125,,0.1630859375,,-0.875,0.0027850001060869545,,,2.1458836272358894e-05,0,,28057.363888665,,154.16098450700156,0.0859375,53.26349190600013,,0.0859375,0,,,0,1,0.0078125,0.1953125,,0,0.3333234190940857,178,
,0.00021028576461388,0.0,20617.534637451172,2013.817537195014,,0.19616102000145474,,179,47.504573822021484,0,0,,,,204.927734375,-0.012354993261396885,,0.2524764489971858,451.90034742881835,0,0,190.13741540908813,0.00031249874155037105,0.5,,0.00024410182777501177,0,142.3515625,-1.4084896889698939e-05,0.5549831390380859,,,149.04962562699802,,0.140625,1030.1435546875,0,,0.0010072508302982897,,,4096,,0,0.00022474978322861716,0.0633932464937297,,,720,0.1482405059505254,21.92879180000091,,36,0,0.875,0.515625,0,0.5,1780328092.9938974,,,,,,,0.04792829270514831,0.140625,0,988,0.078125,10029,55006.9580078125,0,3e-06,0.078125,0,,35.602498799562454,76.11215050399915,,39,0,0.0,0.115234375,,0.0005699994289898314,,,,0.001132500074163545,,-0.875,-0.012354993261396885,0.0004675011950894259,0,0,0.17578125,1200635.0,0.5,0.1796875,,,1,9,0,0.015625,0.875,,,0.03515625,,,,,91.2011604309082,,0.17578125,,-0.875,0.0030575010896427557,,,-2.9670773074030876e-06,0,,28213.727596666,,149.04962562699802,0.0859375,50.55797434100168,,0.0859375,0,,,0,1,0.015625,0.1796875,,0,0.29584068059921265,179,
,0.0002139428489772855,0.0,19680.938720703125,1936.039733375016,7.6563895139988745,0.20073120899905916,,180,47.48902130126953,0,0,,,,204.927734375,-0.01849198341369629,,0.25901782599976286,472.060333073372,0,0,190.13741540908813,0.0002674996721907519,0.4609375,,0.00034290625399080454,0,162.734375,5.338562971246574e-05,0.39997100830078125,,,156.33550530100183,,0.109375,1019.5771484375,0,,0.0010900012057390995,,,4096,,0,0.00020500010577961802,0.06240992546793594,,,598,0.1983499969355762,22.059663395000825,,38,0,0.875,0.5703125,0,0.5390625,1780328249.357725,,,,,,,0.04846398063688841,0.109375,0,986,0.0859375,10088,55368.12210083008,0,3e-06,0.0859375,0,,37.55877539515495,75.55888543499896,,42,0,0.0,0.24853515625,,0.0005875008355360478,,,,0.0010549993021413684,,-0.875,-0.01849198341369629,0.0005499987310031429,0,0,0.177734375,1210687.0,0.5390625,0.1484375,,,1,3,0,0.03125,0.875,,,0.037109375,,,,,91.1452865600586,,0.177734375,,-0.875,0.0034000004234258085,,,-1.987488940358162e-05,0,,28367.207149828,,156.33550530100183,0.0859375,50.59867359200143,,0.0859375,0,,,0,1,0.03125,0.1484375,,0,0.31020617485046387,180,
,0.00020256281063221656,0.0078125,20822.08251953125,2077.200083521111,,0.20057841900052154,,181,49.272064208984375,0,0,,,,204.927734375,-0.007555783726274967,,0.2582706219982356,456.0460815282713,0,0,190.13741540908813,0.00026750058168545365,0.515625,,0.0001449212513762177,0,156.7265625,2.1851785447779548e-05,0.4611586928367615,,,153.45356113199887,,0.09375,1088.4052734375,0,,0.000985000042419415,,,4096,,0,0.00020500010577961802,0.060560443983013,,,1024,0.19484474614728242,22.28957602099763,,43,0,0.875,0.5078125,0,0.484375,1780328402.8372278,,,,,,,0.04799125305622986,0.09375,0,981,0.0390625,10154,55901.41296386719,0,3e-06,0.0390625,0,,35.73117032647133,77.21547448500132,,33,0,0.0,0.0654296875,,0.0006499994924524799,,,,0.0011125021046609618,,-0.875,-0.007555783726274967,0.0005249994501355104,0,0,0.15625,1275015.0,0.484375,0.2109375,,,1,90,0,0.0234375,0.875,,,0.0419921875,,,,,91.17362213134766,,0.15625,,-0.875,0.003160000233037863,,,-3.810855560004711e-06,0,,28519.317300795,,153.45356113199887,0.1484375,53.487547295000695,,0.1484375,0,,,0,1,0.0234375,0.2109375,,0,0.29313674569129944,181,
,0.00020328742369490148,0.0,20474.834442138672,2124.2851379790013,,0.21260648099996615,,182,48.97942352294922,0,0,,,,204.927734375,-0.011320703662931919,,0.2627170790001401,493.040139976074,0,0,190.13741540908813,0.0002450005922582932,0.390625,,0.00046934726924519055,0,165.5703125,-0.0001011229308574002,0.43160897493362427,,,152.09151738799846,,0.1015625,1096.4833984375,0,,0.0010650001058820635,,,4096,,0,0.00020500010577961802,0.05939515950796361,,,626,0.1894650049507618,22.19279712700154,,46,0,0.875,0.6171875,0,0.609375,1780328554.9473045,,,,,,,0.046902742169344605,0.1015625,0,978,0.09375,10204,55753.54766845703,0,3e-06,0.09375,0,,37.29957342147827,76.75891862400022,,41,0,0.0,0.05859375,,0.0007425014700856991,,,,0.0010249996194033884,,-0.875,-0.011320703662931919,0.0006100017344579101,0,0,0.1494140625,1292343.0,0.609375,0.140625,,,1,173,0,0.0078125,0.875,,,0.044921875,,,,,91.17354583740234,,0.1494140625,,-0.875,0.003442498382355552,,,5.607260391116142e-06,0,,28670.553331936,,152.09151738799846,0.046875,52.662352004997956,,0.046875,0,,,0,1,0.0078125,0.140625,,0,0.3217695951461792,182,
,0.00020860023904607352,0.0,20418.373107910156,2034.6784808004893,,0.20316322600046988,,183,48.546295166015625,0,0,,,,204.927734375,-0.018170058727264404,,0.25673015500069596,477.3920724910422,0,0,190.13741540908813,0.00026499856176087633,0.4765625,,0.00029649644193341373,0,147.2578125,-2.9761090885926933e-05,0.411298930644989,,,151.21897779100254,,0.109375,1054.625,0,,0.0011374995665391907,,,4096,,0,0.00019749950297409669,0.06224238962874174,,,661,0.20019525254610926,22.160021241001232,,42,0,0.875,0.5546875,0,0.5234375,1780328706.1833487,,,,,,,0.04814508327623089,0.109375,0,982,0.0390625,10265,55671.5087890625,0,3e-06,0.0390625,0,,35.97100079059601,76.60345170300207,,39,0,0.0,0.069580078125,,0.0005749989213654771,,,,0.001085000803868752,,-0.875,-0.018170058727264404,0.0005874990165466443,0,0,0.1630859375,1230728.0,0.5234375,0.1875,,,1,67,0,0.03125,0.875,,,0.041015625,,,,,91.17573928833008,,0.1630859375,,-0.875,0.0026899988370132633,,,-6.577116437256336e-06,0,,28821.615623041,,151.21897779100254,0.109375,51.99360865299968,,0.109375,0,,,0,1,0.03125,0.1875,,0,0.2837625741958618,183,
,0.0002077804315142933,0.0,20302.705764770508,2059.0071346530294,,0.19690521799930139,,184,48.05005645751953,0,0,,,,204.927734375,-0.017089130356907845,,0.25847677899946575,449.51287805088214,0,0,190.13741540908813,0.0003249988367315382,0.4375,,0.00022109429392003221,0,153.796875,-6.726053172201318e-07,0.43121135234832764,,,151.04245865199846,,0.078125,1061.037109375,0,,0.0010574985935818404,,,4096,,0,0.000279751475318335,0.06157163997379501,,,607,0.20560725533869117,22.190994196000247,,41,0,0.875,0.5703125,0,0.5625,1780328857.245643,,,,,,,0.04767566684000607,0.078125,0,983,0.109375,10321,55804.27932739258,0,3e-06,0.109375,0,,37.79439628124237,76.59450441100125,,39,0,0.0,0.0635986328125,,0.0005974998202873394,,,,0.0010525009201955982,,-0.875,-0.017089130356907845,0.000452500898973085,0,0,0.169921875,1243990.0,0.5625,0.140625,,,1,199,0,0.0078125,0.875,,,0.0400390625,,,,,91.16928482055664,,0.169921875,,-0.875,0.002672500158951152,,,-3.5902485251426697e-07,0,,28975.724137955,,151.04245865199846,0.1015625,51.799707373000274,,0.1015625,0,,,0,1,0.0078125,0.140625,,0,0.2833092510700226,184,
,0.00020095170743634916,0.0,20342.939376831055,2039.3791051403375,,0.19463076499960152,,185,48.59187316894531,0,0,,,,204.927734375,-0.02365109883248806,,0.25255570400258875,444.15179363565403,0,0,190.13741540908813,0.0002275000952067785,0.453125,,0.00022987636293692049,0,157.859375,-7.75296574317963e-06,0.4572952687740326,,,154.0662543849976,,0.1171875,1069.482421875,0,,0.0010075009413412772,,,4096,,0,0.00019000162865268067,0.061178754430703516,,,669,0.2014597412198782,22.285713860001124,,43,0,0.875,0.5546875,0,0.546875,1780329011.3541718,,,,,,,0.049711765589189494,0.1171875,0,981,0.109375,10379,56066.368103027344,0,3e-06,0.109375,0,,35.66838800907135,76.88933621099932,,48,0,0.0,0.066650390625,,0.0005450010576169007,,,,0.0010475014278199524,,-0.875,-0.02365109883248806,0.0005797501216875389,0,0,0.1728515625,1256798.0,0.546875,0.140625,,,1,102,0,0.0078125,0.875,,,0.0419921875,,,,,91.20083236694336,,0.1728515625,,-0.875,0.0034924996725749224,,,1.232372596859932e-05,0,,29127.808701491,,154.0662543849976,0.078125,54.44184008500088,,0.078125,0,,,0,1,0.0078125,0.140625,,0,0.31792449951171875,185,
,0.00020545414871869888,0.0,20747.425079345703,2051.4935415877358,,0.20483830400189618,,186,49.00071716308594,0,0,,,,204.927734375,-0.023871570825576782,,0.25634226499823853,468.23936170039815,0,0,190.13741540908813,0.0003325003490317613,0.4375,,0.0003804776415563538,0,144.0703125,2.743728614618135e-05,0.4273037314414978,,,152.04605507000088,,0.1015625,1074.373046875,0,,0.001030000021273736,,,4096,,0,0.00021000050764996558,0.061448759815370915,,,545,0.22021224140189588,22.079817786001513,,39,0,0.875,0.5625,0,0.5625,1780329163.4387832,,,,,,,0.04802408319168912,0.1015625,0,985,0.1015625,10435,55416.79382324219,0,3e-06,0.1015625,0,,36.07115522027016,76.66875733900088,,34,0,0.0,0.0599365234375,,0.0006775007932446897,,,,0.001022249307425227,,-0.875,-0.023871570825576782,0.00046249988372437656,0,0,0.158203125,1247686.0,0.5625,0.1640625,,,1,143,0,0.0,0.875,,,0.0380859375,,,,,91.16835403442383,,0.158203125,,-0.875,0.003972500053350814,,,2.131005749106407e-05,0,,29287.184184706,,152.04605507000088,0.0703125,52.83407931600232,,0.0703125,0,,,0,1,0.0,0.1640625,,0,0.2872579097747803,186,
,0.00020578584905090082,0.0,21590.91567993164,2000.592829391852,,0.21101799499956542,,187,49.811927795410156,0,0,,,,204.927734375,-0.01444903016090393,,0.26242552300027455,468.80264418086153,0,0,190.13741540908813,0.00029499824449885637,0.4765625,,0.00026056041087940685,0,170.40625,0.00011314897362524334,0.46102175116539,,,159.35726416499892,,0.1328125,1074.94140625,0,,0.0010824996934388764,,,4096,,0,0.0002925016815424897,0.06123933817427002,,,762,0.198624751647003,22.217421938999905,,49,0,0.875,0.5390625,0,0.5234375,1780329322.8141932,,,,,,,0.05320929380507395,0.1328125,0,975,0.1015625,10496,55996.95587158203,0,3e-06,0.1015625,0,,37.72930055856705,78.0946086560034,,42,0,2.0158688585070195e-06,0.0638427734375,,0.0005925003279116936,,,,0.0009899995347950608,,-0.875,-0.01444903016090393,0.0005750007403548807,0,0,0.185546875,1275236.0,0.5234375,0.140625,,,1,136,0,0.015625,0.875,,,0.0478515625,,,,,91.24216079711914,,0.185546875,,-0.875,0.002707498424570076,,,-6.260117515921593e-06,0,,29440.170197422,,159.35726416499892,0.0859375,58.5695980629971,,0.0859375,0,,,0,1,0.015625,0.140625,,0,0.3133999705314636,187,
,0.00021376580254880547,0.0,21263.574600219727,1990.0698494108167,,0.19984599699819228,,188,48.91835403442383,0,0,,,,204.927734375,-0.01613282971084118,,0.26026862900107517,454.60236672716564,0,0,190.13741540908813,0.0003250006557209417,0.5,,0.0003042851926693402,0,146.8828125,-4.111073976531543e-05,0.41605886816978455,,,152.95204341200224,,0.046875,1042.1220703125,0,,0.000910000380827114,,,4096,,0,0.0001949993020389229,0.06399484873117084,,,811,0.21750948508270085,22.29930043100103,,47,0,0.875,0.53125,0,0.5,1780329475.8001277,,,,,,,0.04898541684869775,0.046875,0,977,0.125,10560,56160.099029541016,0,3e-06,0.125,0,,37.851423025131226,77.91635211899847,,38,0,0.0,0.065185546875,,0.0006399986887117848,,,,0.0010200001270277426,,-0.875,-0.01613282971084118,0.0005325000529410318,0,0,0.1904296875,1217541.0,0.5,0.2109375,,,1,190,0,0.03125,0.875,,,0.0458984375,,,,,91.16275024414062,,0.1904296875,,-0.875,0.003567501153156627,,,6.884569302201271e-06,0,,29597.852964926,,152.95204341200224,0.0859375,52.27395483800137,,0.0859375,0,,,0,1,0.03125,0.2109375,,0,0.2857237458229065,188,
,0.00019539315740760779,0.0,20867.862701416016,2117.707567327002,,0.20962248900104896,,189,51.36688232421875,0,0,,,,204.927734375,-0.007724419701844454,,0.2609452169999713,488.3834864476812,0,0,190.13741540908813,0.00021750111045548692,0.359375,,0.00033151994807667506,0,154.5859375,5.1531440142582596e-05,0.5316632986068726,,,157.65727296399928,,0.0546875,1149.6015625,0,,0.0009899995347950608,,,4096,,0,0.0002124997990904376,0.0586179857370506,,,721,0.2143422607332468,22.543551849001233,,60,0,0.875,0.640625,0,0.640625,1780329633.4830325,,,,,,,0.047874389737613265,0.0546875,0,964,0.0625,10606,56891.01028442383,0,3e-06,0.0625,0,,36.1386239528656,78.28361653600223,,45,0,0.0,0.05859375,,0.0005300007615005597,,,,0.0012424998203641735,,-0.875,-0.007724419701844454,0.0005400006557465531,0,0,0.115234375,1335488.0,0.640625,0.109375,,,1,67,0,0.0,0.875,,,0.05859375,,,,,91.19018173217773,,0.115234375,,-0.875,0.003364999429322779,,,-2.069899346679449e-05,0,,29758.941480222,,157.65727296399928,0.1328125,56.357348604000435,,0.1328125,0,,,0,1,0.0,0.109375,,0,0.2927427291870117,189,
,0.0002101562027454438,0.0,20404.190063476562,1971.7181360571424,7.343299980999291,0.2208994700013136,,190,49.26361846923828,0,0,,,,204.927734375,-0.02676379308104515,,0.2669717220014718,488.7637164556363,0,0,190.13741540908813,0.00021500000002561137,0.4453125,,0.0002473737248465113,0,145.578125,2.9901278452371116e-05,0.5526163578033447,,,161.07132362999982,,0.1171875,1094.9970703125,0,,0.001147499460785184,,,4096,,0,0.0002275000952067785,0.06072146788166187,,,753,0.21902925800532103,22.30029497799842,,51,0,0.875,0.59375,0,0.5546875,1780329794.5714974,,,,,,,0.04798128934776945,0.1171875,0,973,0.0703125,10663,56208.77456665039,0,3e-06,0.0703125,0,,35.500943660736084,77.13745600200127,,45,0,0.0,0.064697265625,,0.0006150012268335558,,,,0.0011724996511475183,,-0.875,-0.02676379308104515,0.0007174994607339613,0,0,0.1708984375,1270349.0,0.5546875,0.140625,,,1,171,0,0.0390625,0.875,,,0.0498046875,,,,,91.1605110168457,,0.1708984375,,-0.875,0.003587500032153912,,,-2.043123822659254e-05,0,,29912.693068904,,161.07132362999982,0.078125,53.80031617599889,,0.078125,0,,,0,1,0.0390625,0.140625,,0,0.29108911752700806,190,
,0.00019442294482509842,0.0,20762.451171875,2197.416371476547,,0.21374542600096902,,191,50.67441177368164,0,0,,,,204.927734375,-0.014858382754027843,,0.2627208089979831,484.37463639947237,0,0,190.13741540908813,0.00039499900594819337,0.4453125,,0.00033136706178993336,0,178.7734375,-5.489996880214676e-06,0.5646002888679504,,,153.73565719500039,,0.046875,1140.8408203125,0,,0.0010199992175330408,,,4096,,0,0.0002075003067147918,0.057678573753870595,,,757,0.2472417545504868,22.470555575000617,,57,0,0.875,0.5625,0,0.5546875,1780329948.3230534,,,,,,,0.04523365515343416,0.046875,0,967,0.078125,10720,56655.80368041992,0,3e-06,0.078125,0,,37.30769455432892,77.94019153499903,,44,0,0.0,0.05859375,,0.0006274985935306177,,,,0.0011549991540960036,,-0.75,-0.014858382754027843,0.00044749958760803565,0,0,0.1357421875,1351285.0,0.5546875,0.2109375,,,1,184,0,0.0078125,0.875,,,0.056640625,,,,,91.12847900390625,,0.1357421875,,-0.75,0.0032574998840573244,,,1.9388855434954166e-05,0,,30062.129399058,,153.73565719500039,0.1015625,52.842905857000005,,0.1015625,0,,,0,1,0.0078125,0.2109375,,0,0.29093658924102783,191,
,0.00022279872365384934,0.0,19831.16340637207,1917.3394152966578,,0.18642208900200785,,192,47.32648468017578,0,0,,,,204.927734375,-0.019144179299473763,,0.2553110730004846,467.7285307298007,0,0,190.13741540908813,0.0002124997990904376,0.4765625,,0.0003056542009289842,0,143.5234375,-2.7430564443875483e-05,0.5039581656455994,,,149.41629411800022,,0.1171875,975.5458984375,0,,0.0009750001481734216,,,4096,,0,0.0002299993866472505,0.06579474890809099,,,813,0.17055775970220566,21.967583893001574,,34,0,0.875,0.546875,0,0.5234375,1780330097.759407,,,,,,,0.051662566152366425,0.1171875,0,990,0.078125,10781,55059.68475341797,0,3e-06,0.078125,0,,37.22452372312546,75.39597923200199,,37,0,0.0,0.072265625,,0.0005000010787625797,,,,0.0010799994925037026,,-0.875,-0.019144179299473763,0.00048499987315153703,0,0,0.1787109375,1145927.0,0.5234375,0.125,,,1,41,0,0.0234375,0.875,,,0.033203125,,,,,91.13539123535156,,0.1787109375,,-0.875,0.0039774995457264595,,,2.316164318472147e-05,0,,30215.527627714,,149.41629411800022,0.1328125,51.60878542100181,,0.1328125,0,,,0,1,0.0234375,0.125,,0,0.2923511564731598,192,
,0.0002153507447185732,0.0,20460.216522216797,1915.7762625066337,,0.1886094059991592,,193,47.415687561035156,0,0,,,,204.927734375,-0.02095113880932331,,0.25308191799922497,493.004350065341,0,0,190.13741540908813,0.00033750075090210885,0.4609375,,0.00026291811218470684,0,137.0234375,-2.7154909034265984e-05,0.5389110445976257,,,153.35924436999994,,0.1171875,1010.640625,0,,0.0010600006135064177,,,4096,,0,0.000352500137523748,0.06463865038103701,,,600,0.16250299813691527,21.92792214899964,,40,0,0.875,0.5703125,0,0.5390625,1780330251.1576307,,,,,,,0.053168109028348384,0.1171875,0,984,0.0859375,10840,54974.361419677734,0,3e-06,0.0859375,0,,36.10668703913689,75.96385903699775,,44,0,0.0,0.0634765625,,0.0006575000952580012,,,,0.0010800004019984044,,-0.875,-0.02095113880932331,0.0005124993549543433,0,0,0.19140625,1175208.0,0.5390625,0.1015625,,,1,107,0,0.03125,0.875,,,0.0390625,,,,,91.157958984375,,0.19140625,,-0.875,0.0035549992389860563,,,-1.76986213773489e-06,0,,30364.800671189,,153.35924436999994,0.125,55.02346336100163,,0.125,0,,,0,1,0.03125,0.1015625,,0,0.2829033136367798,193,
,0.00021310521283886887,0.0,19758.50486755371,1979.9292673528055,,0.19361093399857054,,194,48.575111389160156,0,0,,,,204.927734375,-0.0158392284065485,,0.25187096900117467,476.53326823728275,0,0,190.13741540908813,0.00030250066629378125,0.421875,,0.0003612542077462422,0,153.3984375,5.072636551162191e-05,0.48785093426704407,,,149.23626559400145,,0.140625,1000.8095703125,0,,0.0010000003385357559,,,4096,,0,0.0002675014911801554,0.06356806342535642,,,738,0.1851327542681247,21.93260739299876,,30,0,0.875,0.578125,0,0.578125,1780330400.4306898,,,,,,,0.050471328297696745,0.140625,0,994,0.1015625,10894,54859.08889770508,0,3e-06,0.1015625,0,,37.34739124774933,75.13166627499959,,50,0,0.0,0.0693359375,,0.0006849995770608075,,,,0.0010974999895552173,,-0.875,-0.0158392284065485,0.0004749990694108419,0,0,0.169921875,1181909.0,0.578125,0.109375,,,1,155,0,0.0,0.875,,,0.029296875,,,,,91.15746307373047,,0.169921875,,-0.875,0.0028900003599119373,,,1.9307248294353485e-05,0,,30518.984168596,,149.23626559400145,0.0703125,51.72448090800026,,0.0703125,0,,,0,1,0.0,0.109375,,0,0.29510071873664856,194,
,0.00020856391936768397,0.0,21224.9755859375,2016.9928255967486,,0.19321661100184429,,195,48.53912353515625,0,0,,,,204.927734375,-0.003957650158554316,,0.25939741199908894,500.54619901126716,0,0,190.13741540908813,0.00023249958758242428,0.390625,,0.0003439066681494296,0,149.65625,-3.0319072802598157e-05,0.4975060224533081,,,154.15659691700057,,0.078125,1064.9248046875,0,,0.0008999986675917171,,,4096,,0,0.0001725002221064642,0.06230773474730542,,,815,0.24352673790417612,22.173478995999176,,47,0,0.875,0.6328125,0,0.609375,1780330554.6141999,,,,,,,0.049550792071954064,0.078125,0,977,0.046875,10944,55724.9641418457,0,3e-06,0.046875,0,,43.32413896918297,77.49406124500092,,54,0,0.0,0.070556640625,,0.0005499996404978447,,,,0.0012500013326643966,,-0.875,-0.003957650158554316,0.0006124992069089785,0,0,0.134765625,1243731.0,0.609375,0.125,,,1,109,0,0.0234375,0.875,,,0.0458984375,,,,,91.15760803222656,,0.134765625,,-0.875,0.003935000677302014,,,-1.8634367734193802e-05,0,,30668.028066203,,154.15659691700057,0.1171875,54.03429639100068,,0.1171875,0,,,0,1,0.0234375,0.125,,0,0.2929152846336365,195,
,0.00021331384174070906,0.0078125,20138.423919677734,1985.8691739023336,,0.20289189699906274,,196,47.596187591552734,0,0,,,,204.927734375,-0.0140702985227108,,0.2525047140006791,467.5545287791465,0,0,190.13741540908813,0.00028750037017744035,0.390625,,0.00022782770611229353,0,159.71875,1.31950201307518e-05,0.4943804144859314,,,149.01837638099823,,0.0703125,996.26171875,0,,0.0010375006240792572,,,4096,,0,0.00021750020096078515,0.06406024038120225,,,1024,0.19282499852124602,22.028588173998287,,35,0,0.875,0.625,0,0.609375,1780330703.6581056,,,,,,,0.0497000554043831,0.0703125,0,989,0.0859375,10994,55188.323974609375,0,3e-06,0.0859375,0,,35.14125943183899,75.82964398499826,,41,0,0.0,0.060302734375,,0.0005100000635138713,,,,0.001235000127053354,,-0.875,-0.0140702985227108,0.0007575008567073382,0,0,0.1357421875,1183724.0,0.609375,0.15625,,,1,148,0,0.015625,0.875,,,0.0341796875,,,,,91.19256973266602,,0.1357421875,,-0.875,0.0034324993976042606,,,-5.288748070597649e-06,0,,30819.586238074,,149.01837638099823,0.0625,50.70260492200032,,0.0625,0,,,0,1,0.015625,0.15625,,0,0.30608242750167847,196,
,0.00020925894311349147,0.0,20718.21403503418,2063.0400723872303,,0.2144435459995293,,197,49.101810455322266,0,0,,,,204.927734375,-0.016678091138601303,,0.2616755879971606,480.0130255316617,0,0,190.13741540908813,0.0003225013642804697,0.453125,,0.0003641583625721978,0,156.2421875,6.131369202400094e-05,0.5834413766860962,,,151.5345020120003,,0.109375,1064.9365234375,0,,0.0009975010470952839,,,4096,,0,0.0002649994712555781,0.06162129065955626,,,716,0.19330224313307554,22.216575408998324,,44,0,0.875,0.59375,0,0.546875,1780330855.2163007,,,,,,,0.04748597145699879,0.109375,0,980,0.078125,11052,55823.86779785156,0,3e-06,0.078125,0,,34.328024834394455,77.05662289299653,,39,0,0.0,0.056884765625,,0.0005949996193521656,,,,0.0009674995453679003,,-0.875,-0.016678091138601303,0.0005400006557465531,0,0,0.1904296875,1250487.0,0.546875,0.15625,,,1,168,0,0.046875,0.875,,,0.04296875,,,,,91.171630859375,,0.1904296875,,-0.875,0.0030199998946045525,,,4.717614501714706e-06,0,,30971.168549702,,151.5345020120003,0.0625,51.783214443999896,,0.0625,0,,,0,1,0.046875,0.15625,,0,0.2842733561992645,197,
,0.0002059089543943071,0.0,20904.529571533203,2040.8478038236997,,0.2049453449981229,,198,48.430946350097656,0,0,,,,204.927734375,-0.016339611262083054,,0.2547672370019427,461.0458853430755,0,0,190.13741540908813,0.00034499953471822664,0.4375,,0.0001314669025305193,0,161.34375,6.760264221838952e-05,0.4576987326145172,,,151.56458478700006,,0.0859375,1046.9384765625,0,,0.001002498720481526,,,4096,,0,0.00025000099412864074,0.062197458273423344,,,747,0.2073825162369758,22.11744656999872,,47,0,0.875,0.578125,0,0.5625,1780331006.798589,,,,,,,0.04853213456739966,0.0859375,0,977,0.1015625,11108,55554.24880981445,0,3e-06,0.1015625,0,,35.69510579109192,76.9557333699995,,41,0,0.0,0.060302734375,,0.0006800000846851617,,,,0.0010600015230011195,,-0.875,-0.016339611262083054,0.0004900002750218846,0,0,0.1708984375,1237281.0,0.5625,0.1484375,,,1,161,0,0.015625,0.875,,,0.0458984375,,,,,91.17076873779297,,0.1708984375,,-0.875,0.0027875003070221283,,,3.910623490810394e-06,0,,31125.349111928,,151.56458478700006,0.0859375,52.02960284499932,,0.0859375,0,,,0,1,0.015625,0.1484375,,0,0.29587987065315247,198,
,0.00019885752050926827,0.0,20683.448791503906,2137.2941842442515,,0.20106787199983955,,199,51.16357421875,0,0,,,,204.927734375,-0.014840003103017807,,0.2620775079994928,504.6934631364129,0,0,190.13741540908813,0.0002999986463692039,0.4296875,,0.00043139225363120204,0,176.9609375,4.340582891870781e-05,0.487019807100296,,,154.15706570899783,,0.0859375,1110.06640625,0,,0.0011724996511475183,,,4096,,0,0.0002599999788799323,0.058694272631182126,,,807,0.20971999038010836,22.365686893997918,,48,0,0.875,0.578125,0,0.5703125,1780331160.9790657,,,,,,,0.04748078041678137,0.0859375,0,976,0.1015625,11163,56128.91387939453,0,3e-06,0.1015625,0,,36.84758022427559,77.35412100899703,,45,0,0.0,0.130859375,,0.0005599986252491362,,,,0.0012099999366910197,,-0.875,-0.014840003103017807,0.00047750017984071746,0,0,0.154296875,1317916.0,0.5703125,0.1640625,,,1,146,0,0.0078125,0.875,,,0.046875,,,,,91.16707992553711,,0.154296875,,-0.875,0.0035947505239164457,,,8.717761375010014e-06,0,,31354.202274687,,154.15706570899783,0.0703125,53.97178294599871,,0.0703125,0,,,0,1,0.0078125,0.1640625,,0,0.3111203610897064,199,
0.0,0.00021002351925838224,0.0,20398.513793945312,1266.2866846604227,8.365679997998086,0.18658582499847398,0.0,200,48.87582015991211,0,0,0.0,0.0,0.0,204.927734375,-0.01980951800942421,0.0,0.25236657099958393,477.55824778051465,0,0,190.13741540908813,0.0005150004653842188,0.5234375,0.0,0.0002357597754780727,0,149.1171875,3.2536600585331144e-05,0.442455917596817,0.2109375,0.0,237.23123178899914,0.0,0.0859375,1024.3310546875,0,0.0,0.0010225003279629163,0.0,0.0,4096,0.0,0,0.00022499989427160472,0.06352604758694916,0.0,0.7903225806451613,721,0.21677699987776577,22.090265017999627,0.0,42,0,0.875,0.5078125,0,0.4765625,1780331398.22749,0.20967741935483872,0.0,0.0,0.0,"{'path': 'media/table/val/generations_199_6128925ec3cdeca2336e.table.json', 'size': 56049, 'log_mode': 'IMMUTABLE', 'sha256': '6128925ec3cdeca2336eed3f140ecde3b47f0fc5d0c1469e6b1286bb4673d70e', '_latest_artifact_path': 'wandb-client-artifact://13r8s6yg208iq50k7ebimkzsdf20284g5xo4310atre82xiybnrzmj51urjdv4h26jq1d495b9d6hq5utld1tqixns700pynit7tq3azyrlvff7ud7sj60zg1msa0cxy:latest/val/generations.table.json', 'nrows': 4, '_type': 'table-file', 'ncols': 13, 'artifact_path': 'wandb-client-artifact://zqxjkzzla9vk4q7htzlrtklwdvg32bxtvxr114pwdq3sqzkv6pbmkmjm89u66z40l6vgn0pq8m6g4as7niz39pmsmlwq4o9jpe73or5h3t6r4rf490tpphhwgxjzlhxb/val/generations.table.json'}",76.4325904590005,0.05106979524746832,0.0859375,0,982,0.1171875,11230,55420.59326171875,0,3e-06,0.1171875,0,0.20982142857142858,36.702949553728104,76.33359756700156,0.0,44,0,0.0,0.0712890625,0.16666666666666666,0.006322250555967912,0.0,0.8333333333333334,1024.0,0.0011350002750987187,0.0,-0.875,-0.01980951800942421,0.0005150013748789206,0,0,0.2021484375,1201611.0,0.4765625,0.1953125,0.0,0.0,1,126,0,0.03125,0.875,0.0,0.7890625,0.041015625,0.0,0.18518518518518517,0.0,30.0,91.19487762451172,0.0,0.2021484375,0.20910075839653305,-0.875,0.0028022504920954816,0.0,0.16666666666666666,1.5918398275971413e-05,0,0.0,31513.588325805,0.2109375,237.23123178899914,0.09375,53.56787428199823,0.0,0.09375,0,1054.0,0.0,0,1,0.03125,0.1953125,0.0,0,0.2799052894115448,200,0.0
,0.00020743320095927372,0.0,21252.798080444336,2078.488050474843,,0.19624123300309293,,201,49.01893615722656,0,0,,,,204.927734375,-0.029527001082897186,,0.2603324010015058,498.8540472504683,0,0,190.13741540908813,0.0003249988367315382,0.484375,,0.00028960618874407373,0,158.390625,-7.318909212017388e-05,0.3921342194080353,,,150.95323734400154,,0.1171875,1067.212890625,0,,0.0010350013326387852,,,4096,,0,0.00019999970390927047,0.06160887656193149,,,717,0.20281950128264725,22.084460838999803,,43,0,0.875,0.53125,0,0.515625,1780331549.2183154,,,,,,,0.046749841071680266,0.1171875,0,981,0.1484375,11292,55528.73229980469,0,3e-06,0.1484375,0,,39.65412825345993,77.32024904500213,,35,0,1.449040155421244e-06,0.0689697265625,,0.0005074998625786975,,,,0.0011100000847363845,,-0.875,-0.029527001082897186,0.0005999991117278114,0,0,0.2109375,1255018.0,0.515625,0.1328125,,,1,176,0,0.015625,0.875,,,0.0419921875,,,,,91.13287353515625,,0.2109375,,-0.875,0.003892248969350476,,,1.1483440175652504e-05,0,,31663.993556537,,150.95323734400154,0.0703125,51.08944181900006,,0.0703125,0,,,0,1,0.015625,0.1328125,,0,0.27439987659454346,201,
,0.00021968738532900133,0.0078125,21464.963912963867,1948.1725236015182,,0.1969888669991633,,202,47.63422775268555,0,0,,,,204.927734375,-0.021114688366651535,,0.2574389049987076,486.3715821948135,0,0,190.13741540908813,0.0003174991434207186,0.546875,,0.00038968122498772573,0,145.90625,2.355031830347798e-05,0.4044790267944336,,,150.37708234300226,,0.1171875,998.470703125,0,,0.0009374998626299202,,,4096,,0,0.00023000029614195228,0.06618326419261436,,,1024,0.19686974701471627,22.099211101998662,,38,0,0.875,0.484375,0,0.453125,1780331699.6236088,,,,,,,0.049161957252007796,0.1171875,0,986,0.1015625,11362,55566.898345947266,0,3e-06,0.1015625,0,,37.891507148742676,77.55632867800159,,46,0,0.0,0.0791015625,,0.0005950014383415692,,,,0.0010775011105579324,,-0.875,-0.021114688366651535,0.0005649990271194838,0,0,0.2060546875,1171842.0,0.453125,0.1640625,,,1,48,0,0.03125,0.875,,,0.037109375,,,,,91.18032455444336,,0.2060546875,,-0.875,0.002737499016802758,,,-1.0305549949407578e-05,0,,31815.191910384,,150.37708234300226,0.1328125,50.26485660099934,,0.1328125,0,,,0,1,0.03125,0.1640625,,0,0.29974451661109924,202,
,0.0002120660943213319,0.0,20406.471252441406,1923.4426467987892,,0.1922126350000326,,203,48.125465393066406,0,0,,,,204.927734375,-0.015578476712107658,,0.24664347100042505,450.11324766711914,0,0,190.13741540908813,0.00030000046535860747,0.421875,,0.00020419091265466704,0,156.4375,2.440222569788375e-06,0.5299413800239563,,,151.16775147099906,,0.0625,979.353515625,0,,0.0011299998732283711,,,4096,,0,0.000200001522898674,0.0657009154000258,,,632,0.2285570080857724,22.14842406399839,,39,0,0.875,0.6015625,0,0.578125,1780331850.8219156,,,,,,,0.052016515280330744,0.0625,0,985,0.140625,11416,55519.39010620117,0,3e-06,0.140625,0,,37.239380180835724,76.41344965600001,,34,0,0.0,0.06591796875,,0.0005025003702030517,,,,0.0009824989319895394,,-0.875,-0.015578476712107658,0.00046250079321907833,0,0,0.189453125,1163050.0,0.578125,0.1015625,,,1,177,0,0.0234375,0.875,,,0.0380859375,,,,,91.17755508422852,,0.189453125,,-0.875,0.0035349994504940696,,,-1.4220247976481915e-05,0,,31967.249722134,,151.16775147099906,0.09375,52.16517848100193,,0.09375,0,,,0,1,0.0234375,0.1015625,,0,0.3014194071292877,203,
,0.00019815272495724785,0.0,20566.852569580078,2123.826582995324,,0.20204922100310796,,204,49.76014709472656,0,0,,,,204.927734375,-0.0271273385733366,,0.25593722999838064,492.0949158849835,0,0,190.13741540908813,0.0002800006768666208,0.4453125,,0.00045368984865490347,0,168.75,0.00011251338146678336,0.4771614968776703,,,152.0387787710024,,0.1484375,1092.59375,0,,0.0009524992492515594,,,4096,,0,0.0002650003807502799,0.05952066318782236,,,732,0.187397250556387,22.200524912997935,,54,0,0.875,0.5703125,0,0.5546875,1780332002.8797424,,,,,,,0.046925005292200235,0.1484375,0,970,0.09375,11473,55783.27178955078,0,3e-06,0.09375,0,,35.42713448405266,76.87784090400237,,54,0,0.0,0.067626953125,,0.0005375004548113793,,,,0.0011997499314020388,,-0.875,-0.0271273385733366,0.00043000000005122274,0,0,0.185546875,1291616.0,0.5546875,0.078125,,,1,127,0,0.015625,0.875,,,0.052734375,,,,,91.18043899536133,,0.185546875,,-0.875,0.003432501216593664,,,7.473863661289215e-07,0,,32114.898365939,,152.0387787710024,0.109375,52.5004467209983,,0.109375,0,,,0,1,0.015625,0.078125,,0,0.28382280468940735,204,
,0.00021076153980531051,0.0,18968.85871887207,1999.9826919436016,,0.190083304001746,,205,48.203514099121094,0,0,,,,204.927734375,-0.009342974051833153,,0.24892750400249497,469.92576329465373,0,0,190.13741540908813,0.00030750015866942704,0.3671875,,8.27938347356394e-05,0,132.46875,-8.119413803342468e-05,0.4557260274887085,,,147.63702765500057,,0.109375,1020.935546875,0,,0.001042500116454903,,,4096,,0,0.00023249958758242428,0.0633404200329195,,,758,0.19573250028770417,21.86701629900199,,27,0,0.875,0.6640625,0,0.6328125,1780332150.5282917,,,,,,,0.048322712989196014,0.109375,0,997,0.0625,11520,55334.22088623047,0,3e-06,0.0625,0,,37.27497160434723,74.81048333500075,,38,0,0.0,0.051025390625,,0.0006174986992846243,,,,0.0011674992492771707,,-0.875,-0.009342974051833153,0.0005650008461088873,0,0,0.154296875,1181086.0,0.6328125,0.09375,,,1,195,0,0.03125,0.875,,,0.0263671875,,,,,91.17560195922852,,0.154296875,,-0.875,0.0033300002542091534,,,-1.730967778712511e-05,0,,32269.683141434,,147.63702765500057,0.0703125,50.518400421999104,,0.0703125,0,,,0,1,0.03125,0.09375,,0,0.26723986864089966,205,
,0.0001975942264847499,0.0,21170.70770263672,2097.326497463975,,0.20223044000158552,,206,50.00926208496094,0,0,,,,204.927734375,-0.01951797865331173,,0.2565517990005901,475.82390068052337,0,0,190.13741540908813,0.00034499953471822664,0.5,,0.00021010989485148457,0,160.5,9.799469772531211e-05,0.5657756328582764,,,154.7657221670015,,0.1171875,1107.4462890625,0,,0.0009650002539274283,,,4096,,0,0.00020249899534974247,0.06012335734305374,,,722,0.17016274796333164,22.3566792169986,,52,0,0.875,0.5390625,0,0.5,1780332305.3131897,,,,,,,0.047517093344502756,0.1171875,0,972,0.0859375,11584,56379.478454589844,0,3e-06,0.0859375,0,,36.59733384847641,78.06278433700209,,41,0,0.0,0.0673828125,,0.0005600004442385398,,,,0.0010699995982577093,,-0.875,-0.01951797865331173,0.0005500005499925464,0,0,0.1923828125,1298377.0,0.5,0.1484375,,,1,19,0,0.0390625,0.875,,,0.05078125,,,,,91.17390823364258,,0.1923828125,,-0.875,0.003089999154326506,,,3.3781398087739944e-06,0,,32425.249868324,,154.7657221670015,0.109375,53.88557177999974,,0.109375,0,,,0,1,0.0390625,0.1484375,,0,0.27446165680885315,206,
,0.00020286034316501826,0.0,21100.610733032227,2013.1710451151118,,0.2002919290025602,,207,49.130584716796875,0,0,,,,204.927734375,-0.01506765466183424,,0.2540852169986465,456.18355213536415,0,0,190.13741540908813,0.0003625009412644431,0.4609375,,0.0003489785760848463,0,165.2578125,-2.9144708051376256e-06,0.4596403241157532,,,155.539814046002,,0.078125,1057.8994140625,0,,0.0009875002433545887,,,4096,,0,0.00020500192476902157,0.06178077121914153,,,759,0.16801024321466684,22.17423471299844,,51,0,0.875,0.546875,0,0.5390625,1780332460.8798935,,,,,,,0.05125856790108649,0.078125,0,973,0.1171875,11643,55786.258697509766,0,3e-06,0.1171875,0,,37.99071907997131,77.38121910200061,,47,0,0.0,0.06201171875,,0.000884999280970078,,,,0.0012274995242478326,,-0.875,-0.01506765466183424,0.0006299997039604932,0,0,0.16796875,1252513.0,0.5390625,0.140625,,,1,23,0,0.0078125,0.875,,,0.0498046875,,,,,91.16944885253906,,0.16796875,,-0.875,0.003092498445766978,,,-1.844263169914484e-05,0,,32580.017575171,,155.539814046002,0.1171875,55.52784276300008,,0.1171875,0,,,0,1,0.0078125,0.140625,,0,0.2941535413265228,207,
,0.00020152240927833135,0.0,20832.69500732422,2049.845663451039,,0.20150263200048357,,208,49.204166412353516,0,0,,,,204.927734375,-0.02046889439225197,,0.25571057599881897,504.6849803748046,0,0,190.13741540908813,0.00041000021155923605,0.4453125,,0.000291180808972058,0,163.7265625,5.328703102236432e-05,0.4315423369407654,,,154.75482162200205,,0.1328125,1075.427734375,0,,0.0009849991329247132,,,4096,,0,0.0002425003913231194,0.061126365865075034,,,758,0.2352167502976954,22.317557155998657,,48,0,0.875,0.5546875,0,0.5546875,1780332615.6476583,,,,,,,0.04941284847144628,0.1328125,0,976,0.0625,11700,56187.94250488281,0,3e-06,0.0625,0,,37.3130664229393,77.56287888799852,,44,0,0.0,0.06591796875,,0.0006572499842150137,,,,0.001164999048341997,,-0.875,-0.02046889439225197,0.0006224963726708665,0,0,0.1435546875,1268894.0,0.5546875,0.1875,,,1,19,0,0.0,0.875,,,0.046875,,,,,91.20216751098633,,0.1435546875,,-0.875,0.004029998308396898,,,-8.288072422146797e-06,0,,32730.280430754,,154.75482162200205,0.0625,54.41530642499856,,0.0625,0,,,0,1,0.0,0.1875,,0,0.30182743072509766,208,
,0.0002170209028147671,0.0,20778.099060058594,1939.5013301839942,,0.18475983499956783,,209,47.49757766723633,0,0,,,,204.927734375,-0.024181118234992027,,0.252925057997345,460.40042259846814,0,0,190.13741540908813,0.0003450004442129284,0.421875,,0.00016174972370208707,0,126.8671875,-3.289883599677523e-05,0.5380828380584717,,,150.22431047900318,,0.1171875,1011.2587890625,0,,0.0010100029612658545,,,4096,,0,0.00017749880498740822,0.06550888438453391,,,573,0.18622474453877658,21.948274848000437,,42,0,0.875,0.6171875,0,0.578125,1780332765.9104378,,,,,,,0.049723104623819105,0.1171875,0,982,0.078125,11754,55072.20458984375,0,3e-06,0.078125,0,,35.842783749103546,76.34673972599558,,44,0,0.0,0.0609130859375,,0.0005900019459659234,,,,0.0010899984772549942,,-0.875,-0.024181118234992027,0.000555000951862894,0,0,0.181640625,1165441.0,0.578125,0.1015625,,,1,113,0,0.0390625,0.875,,,0.041015625,,,,,91.17981719970703,,0.181640625,,-0.875,0.002877497536246665,,,-7.33695924282074e-06,0,,32888.135062238,,150.22431047900318,0.0859375,51.489716807998775,,0.0859375,0,,,0,1,0.0390625,0.1015625,,0,0.27405500411987305,209,
,0.00021356781480522498,0.0,20729.06494140625,1841.2242536508543,8.672047836000274,0.18578574400453363,,210,47.79750442504883,0,0,,,,204.927734375,-0.024869577959179878,,0.24826404199848184,473.536746991158,0,0,190.13741540908813,0.0002474989742040634,0.5,,0.0005773556158601423,0,121.0078125,-3.4243108387954635e-05,0.5688353180885315,,,157.83791649700288,,0.125,1014.20703125,0,,0.0010899984772549942,,,4096,,0,0.0002099968696711585,0.0652806805498672,,,600,0.18747025751508772,21.816258869002922,,32,0,0.875,0.546875,0,0.5,1780332923.7651165,,,,,,,0.04913321370990584,0.125,0,992,0.109375,11818,54647.27783203125,0,3e-06,0.109375,0,,36.1064188182354,75.88617991199862,,48,0,0.0,0.06494140625,,0.0005399997462518513,,,,0.0010249987099086866,,-0.875,-0.024869577959179878,0.00047000139602459967,0,0,0.2158203125,1162460.0,0.5,0.15625,,,1,256,0,0.046875,0.875,,,0.03125,,,,,91.1781997680664,,0.2158203125,,-0.875,0.0029200000426499173,,,-3.4412951208651066e-05,0,,33037.115634295,,157.83791649700288,0.0625,51.02720083199529,,0.0625,0,,,0,1,0.046875,0.15625,,0,0.26998329162597656,210,
,0.0002114128939606492,0.0,19630.985260009766,1983.9054114307462,,0.19307141000172123,,211,47.61542510986328,0,0,,,,204.927734375,-0.02819257788360119,,0.2498989200030337,461.92889249141444,0,0,190.13741540908813,0.00024749715521465987,0.515625,,0.0002713300357299886,0,147.546875,7.834439659859527e-05,0.5738933682441711,,,148.95392607800022,,0.1015625,1006.791015625,0,,0.0010849998943740502,,,4096,,0,0.0002725009835558012,0.06379349488596874,,,633,0.24044650490395725,22.036753204003617,,36,0,0.875,0.515625,0,0.484375,1780333072.745581,,,,,,,0.04953215737268515,0.1015625,0,988,0.1171875,11884,55276.47399902344,0,3e-06,0.1171875,0,,36.95405647158623,75.40659028200025,,40,0,0.0,0.070068359375,,0.0006150003173388541,,,,0.0011124993761768565,,-0.875,-0.02819257788360119,0.0006450009095715359,0,0,0.2080078125,1182042.0,0.484375,0.1328125,,,1,7,0,0.03125,0.875,,,0.03515625,,,,,91.18203735351562,,0.2080078125,,-0.875,0.0036500005080597475,,,6.463727913796902e-06,0,,33188.415249421,,148.95392607800022,0.1328125,51.06537577199924,,0.1328125,0,,,0,1,0.03125,0.1328125,,0,0.28192704916000366,211,
,0.00020583918718405103,0.0,21261.669158935547,2027.4180030687116,,0.2008497909992002,,212,49.11281204223633,0,0,,,,204.927734375,-0.0287944246083498,,0.25252330899820663,459.03811286916607,0,0,190.13741540908813,0.0003299974196124822,0.453125,,0.00036387649925018195,0,147.953125,-6.95527348568703e-05,0.5127363204956055,,,151.2760316499989,,0.125,1050.0927734375,0,,0.0009800023690331727,,,4096,,0,0.00020250081433914602,0.06266582232052559,,,685,0.16441274783574045,21.9759276879995,,33,0,0.875,0.5703125,0,0.546875,1780333224.045253,,,,,,,0.04832683743716928,0.125,0,991,0.0859375,11942,55120.90301513672,0,3e-06,0.0859375,0,,36.58682480454445,76.87836815699848,,38,0,0.0,0.0633544921875,,0.0005849997251061723,,,,0.0012025029718643054,,-0.875,-0.0287944246083498,0.0005750007403548807,0,0,0.1728515625,1226799.0,0.546875,0.140625,,,1,138,0,0.0234375,0.875,,,0.0322265625,,,,,91.17705535888672,,0.1728515625,,-0.875,0.002757500624284148,,,4.569534212350845e-06,0,,33339.012660349,,151.2760316499989,0.078125,51.96560666200094,,0.078125,0,,,0,1,0.0234375,0.140625,,0,0.2756536304950714,212,
,0.0002071758734402253,0.0,21027.26173400879,2019.2219597045612,,0.20163556299667107,,213,48.49578857421875,0,0,,,,204.927734375,-0.01660788431763649,,0.2519610820017988,481.57105027166835,0,0,190.13741540908813,0.00029500188247766346,0.4765625,,0.0001640602940824465,0,137.8671875,0.00010260956645424812,0.5649816989898682,,,150.57408549800311,,0.1171875,1049.798828125,0,,0.0009675004548626021,,,4096,,0,0.0002575015969341621,0.06360129028589785,,,619,0.2574337413534522,22.168428012999357,,44,0,0.875,0.5703125,0,0.5234375,1780333374.642709,,,,,,,0.047069759519586175,0.1171875,0,980,0.0859375,12003,55805.30548095703,0,3e-06,0.0859375,0,,35.5786457657814,77.34998120700038,,34,0,5.289437922328943e-06,0.062744140625,,0.0005649999366141856,,,,0.0010547501005930826,,-0.875,-0.01660788431763649,0.0005625006451737136,0,0,0.2021484375,1216170.0,0.5234375,0.1328125,,,1,139,0,0.046875,0.875,,,0.04296875,,,,,91.1735610961914,,0.2021484375,,-0.875,0.0031600011425325647,,,2.692919224500656e-06,0,,33494.740695964,,150.57408549800311,0.09375,50.599709064998024,,0.09375,0,,,0,1,0.046875,0.1328125,,0,0.27133479714393616,213,
,0.00021273404620587313,0.0,21371.22344970703,1984.0546979229546,,0.20106500900146784,,214,49.13306427001953,0,0,,,,204.927734375,-0.018571404740214348,,0.26288737400318496,482.57228489092086,0,0,190.13741540908813,0.0002800006768666208,0.5,,0.00027088364458904834,0,146.8203125,-1.416868704495755e-05,0.46484267711639404,,,155.71092889899592,,0.0859375,1059.97265625,0,,0.0008850001904647797,,,4096,,0,0.0002974993549287319,0.06358663324798625,,,562,0.24614649009890854,23.209649734002596,,37,0,0.875,0.5,0,0.5,1780333530.3707736,,,,,,,0.049250878927074894,0.0859375,0,987,0.109375,12067,56686.737060546875,0,3e-06,0.109375,0,,36.77681460976601,78.5775635559985,,46,0,0.0,0.06201171875,,0.0005950023478362709,,,,0.0023924985725898296,,-0.875,-0.018571404740214348,0.0005750025593442842,0,0,0.1640625,1235756.0,0.5,0.2109375,,,1,133,0,0.0,0.875,,,0.0361328125,,,,,91.17076873779297,,0.1640625,,-0.875,0.0027747501007979736,,,1.9553466700017452e-05,0,,33647.259835704,,155.71092889899592,0.09375,53.45749499799422,,0.09375,0,,,0,1,0.0,0.2109375,,0,0.2991679906845093,214,
,0.00020876104761975448,0.0,21174.579620361328,2001.8913683710048,,0.18408425399684347,,215,49.24040985107422,0,0,,,,204.927734375,-0.02884245291352272,,0.25493231099972036,464.33024707221193,0,0,190.13741540908813,0.00032249954529106617,0.4609375,,0.0003158390377393516,0,137.2109375,0.00010838237298216313,0.5491769313812256,,,152.50178147699626,,0.0703125,1055.3359375,0,,0.0009024988685268909,,,4096,,0,0.000252499376074411,0.06314016196297395,,,639,0.2205522614531219,22.083142745999794,,44,0,0.875,0.5625,0,0.5390625,1780333682.88992,,,,,,,0.04892634185001147,0.0703125,0,980,0.125,12126,55428.90930175781,0,3e-06,0.125,0,,36.6983525454998,77.10474530400097,,47,0,0.0,0.06103515625,,0.0005125020834384486,,,,0.0012800010154023767,,-0.875,-0.02884245291352272,0.0005775018507847562,0,0,0.1884765625,1221168.0,0.5390625,0.1171875,,,1,163,0,0.0234375,0.875,,,0.04296875,,,,,91.17123794555664,,0.1884765625,,-0.875,0.003382499926374294,,,-1.2244912795722485e-05,0,,33795.772077658,,152.50178147699626,0.125,52.87293628900079,,0.125,0,,,0,1,0.0234375,0.1171875,,0,0.2589183449745178,215,
,0.00021301591491648176,0.0,19876.548767089844,1998.2344345398335,,0.19076833600411192,,216,47.93434524536133,0,0,,,,204.927734375,-0.021555544808506966,,0.2528096309979446,475.3008403131389,0,0,190.13741540908813,0.00021249798010103405,0.3984375,,0.00031542692568109487,0,144.265625,2.5956668892490598e-05,0.4279212951660156,,,148.48245274500368,,0.0859375,1014.7294921875,0,,0.0011650008673314005,,,4096,,0,0.0002349988790228963,0.06374372958289377,,,721,0.17273749108426273,22.02009270900453,,43,0,0.875,0.6484375,0,0.6015625,1780333831.4020529,,,,,,,0.048470524075552295,0.0859375,0,981,0.0859375,12177,55262.74490356445,0,3e-06,0.0859375,0,,36.98457404971123,75.65175945000374,,46,0,0.0,0.0557861328125,,0.0005849997251061723,,,,0.001170001269201748,,-0.875,-0.021555544808506966,0.0005999972927384079,0,0,0.17578125,1186811.0,0.6015625,0.1171875,,,1,206,0,0.046875,0.875,,,0.0419921875,,,,,90.94038772583008,,0.17578125,,-0.875,0.003659999492811039,,,-5.7549914345145226e-06,0,,33947.142229719,,148.48245274500368,0.0625,50.364897567997104,,0.0625,0,,,0,1,0.046875,0.1171875,,0,0.28665435314178467,216,
,0.00021719402073269026,0.0,19975.81672668457,2039.3749867898796,,0.2166363200012711,,217,48.9764404296875,0,0,,,,204.927734375,-0.02690265141427517,,0.2681186339978012,482.9851001268253,0,0,190.13741540908813,0.00026999987312592566,0.4296875,,0.0002623250093165552,0,151.6484375,3.631801715187066e-05,0.46188658475875854,,,151.32896205900033,,0.1015625,1053.884765625,0,,0.001010001142276451,,,4096,,0,0.00021000050764996558,0.06175905521658219,,,696,0.16140277148224413,22.183195202000206,,46,0,0.875,0.5859375,0,0.5703125,1780333982.7722569,,,,,,,0.048573435165468866,0.1015625,0,978,0.0546875,12232,55742.72155761719,0,3e-06,0.0546875,0,,37.76273503899574,76.23945385699335,,41,0,0.0,0.099853515625,,0.0005325018719304353,,,,0.0010122494131792337,,-0.875,-0.02690265141427517,0.000505002390127629,0,0,0.150390625,1234466.0,0.5703125,0.125,,,1,186,0,0.015625,0.875,,,0.044921875,,,,,91.13348007202148,,0.150390625,,-0.875,0.002794999090838246,,,2.0262785255908966e-05,0,,34097.972794506,,151.32896205900033,0.1328125,52.41938261500036,,0.1328125,0,,,0,1,0.015625,0.125,,0,0.2919105291366577,217,
,0.00020572813677619765,0.0,20470.815658569336,2063.411093533488,,0.20039681400521658,,218,48.52153396606445,0,0,,,,204.927734375,-0.017337672412395477,,0.25606364000122994,456.8531891782186,0,0,190.13741540908813,0.00020999868866056204,0.4296875,,0.00023752013657940552,0,159.1171875,0.00014708906081750683,0.4802907407283783,,,150.80247507400054,,0.1328125,1056.380859375,0,,0.0011025022104149684,,,4096,,0,0.0003225013642804697,0.06150751108165353,,,746,0.237859261687845,22.130113057995914,,37,0,0.875,0.5859375,0,0.5703125,1780334133.602771,,,,,,,0.04775403195609732,0.1328125,0,987,0.1015625,12287,55590.68298339844,0,3e-06,0.1015625,0,,37.957172840833664,76.5565538180017,,51,0,0.0,0.0621337890625,,0.0006875015969853848,,,,0.0011347492545610294,,-0.875,-0.017337672412395477,0.0005250003596302122,0,0,0.1748046875,1244670.0,0.5703125,0.1015625,,,1,230,0,0.015625,0.875,,,0.0361328125,,,,,91.14339447021484,,0.1748046875,,-0.875,0.002972499714815058,,,1.3166223652660847e-05,0,,34248.146304643,,150.80247507400054,0.078125,51.65716000399698,,0.078125,0,,,0,1,0.015625,0.1015625,,0,0.2940806746482849,218,
,0.00021511970320067493,0.0,21383.277893066406,1953.8841839288427,,0.19043788500130177,,219,47.92289352416992,0,0,,,,204.927734375,-0.03190195932984352,,0.2524363029951928,483.18684477271745,0,0,190.13741540908813,0.00026749694370664656,0.4921875,,0.00019471403584248037,0,147.296875,-2.606223767998017e-05,0.4312456548213959,,,150.14567005199933,,0.109375,998.6689453125,0,,0.0011072515917476267,,,4096,,0,0.0002150027285097167,0.06588208255607866,,,756,0.20345200027804822,22.072652325005038,,43,0,0.875,0.5234375,0,0.5078125,1780334283.7763064,,,,,,,0.04920351835988244,0.109375,0,981,0.1171875,12350,55406.1279296875,0,3e-06,0.1171875,0,,37.77921572327614,77.31058153499907,,44,0,0.0,0.0655517578125,,0.0005699985194951296,,,,0.000907501089386642,,-0.875,-0.03190195932984352,0.0005499987310031429,0,0,0.1865234375,1173469.0,0.5078125,0.171875,,,1,85,0,0.015625,0.875,,,0.0419921875,,,,,91.18071746826172,,0.1865234375,,-0.875,0.0025824992917478085,,,5.9913145378232e-06,0,,34409.772310704,,150.14567005199933,0.078125,50.3173384049951,,0.078125,0,,,0,1,0.015625,0.171875,,0,0.30670371651649475,219,
,0.00020627970767884198,0.0,20775.43067932129,1939.7160432322692,7.386156157001096,0.2054543569975067,,220,49.62663269042969,0,0,,,,204.927734375,-0.025311335921287537,,0.25864051099779317,481.7302197825484,0,0,190.13741540908813,0.000259997250395827,0.4765625,,0.00031747324237585417,0,157.109375,-4.171312826883877e-05,0.41413408517837524,,,161.60019972699956,,0.046875,1067.337890625,0,,0.0009675004548626021,,,4096,,0,0.00022250242182053626,0.06174651085071737,,,766,0.26362124481238425,22.272695940999256,,47,0,0.875,0.546875,0,0.5234375,1780334445.4023404,,,,,,,0.049458057870687556,0.046875,0,977,0.1640625,12411,56125.892639160156,0,3e-06,0.1640625,0,,36.55095398426056,77.41987468599837,,42,0,0.0,0.066650390625,,0.0005450001481221989,,,,0.0010400017345091328,,-0.875,-0.025311335921287537,0.0005750025593442842,0,0,0.2041015625,1253834.0,0.5234375,0.171875,,,1,35,0,0.0234375,0.875,,,0.0458984375,,,,,91.146484375,,0.2041015625,,-0.875,0.0029625007300637662,,,-6.227404810488224e-06,0,,34561.455236615,,161.60019972699956,0.0703125,54.05538218199945,,0.0703125,0,,,0,1,0.0234375,0.171875,,0,0.27733397483825684,220,
,0.000204066266557686,0.0078125,20567.184448242188,2016.0641583339623,,0.19409725299919955,,221,48.86683654785156,0,0,,,,204.927734375,-0.01498411875218153,,0.24957610499404836,480.00004645109584,0,0,190.13741540908813,0.00030999945010989904,0.4140625,,0.00021117181131558027,0,170.203125,1.439995742202882e-05,0.6110581755638123,,,151.65873999400355,,0.09375,1024.1474609375,0,,0.0010699986887630075,,,4096,,0,0.00020249899534974247,0.06263201484773483,,,1024,0.17553751240484416,22.144111711000733,,48,0,0.875,0.625,0,0.5859375,1780334597.0853488,,,,,,,0.05003121748844254,0.09375,0,976,0.09375,12464,55515.93017578125,0,3e-06,0.09375,0,,36.596253514289856,76.5998936390024,,32,0,0.0,0.056884765625,,0.0006175032467581332,,,,0.0011875017662532628,,-0.875,-0.01498411875218153,0.0005674992280546576,0,0,0.1796875,1223015.0,0.5859375,0.140625,,,1,48,0,0.0390625,0.875,,,0.046875,,,,,91.18988037109375,,0.1796875,,-0.875,0.0032224997994489968,,,1.2654345482587814e-07,0,,34712.590591902,,151.65873999400355,0.046875,52.46908862300188,,0.046875,0,,,0,1,0.0390625,0.140625,,0,0.2717708945274353,221,
,0.00021376751426429712,0.0,20183.645248413086,1987.6318548147426,,0.19425204099388793,,222,48.63897705078125,0,0,,,,204.927734375,-0.026893386617302895,,0.2567942120003863,460.298443595093,0,0,190.13741540908813,0.00033500145946163684,0.5,,0.0003670221858556033,0,148.8828125,5.667477824999878e-05,0.43749234080314636,,,151.09412704999704,,0.09375,1024.240234375,0,,0.0009325012797489762,,,4096,,0,0.00026250199880450964,0.06302753320047227,,,624,0.17321499763056636,21.996034365001833,,38,0,0.875,0.515625,0,0.5,1780334748.2195597,,,,,,,0.050467496972793346,0.09375,0,986,0.1328125,12528,55030.87615966797,0,3e-06,0.1328125,0,,38.58853131532669,75.71358902799693,,48,0,0.0,0.0721435546875,,0.0005825004336657003,,,,0.0011075007932959124,,-0.875,-0.026893386617302895,0.0005650017556035891,0,0,0.203125,1201278.0,0.5,0.1328125,,,1,223,0,0.015625,0.875,,,0.037109375,,,,,91.12728118896484,,0.203125,,-0.875,0.0036450001061894,,,-1.042929943650961e-05,0,,34863.586398862,,151.09412704999704,0.125,52.931421109999064,,0.125,0,,,0,1,0.015625,0.1328125,,0,0.2916322350502014,222,
,0.00021214647324721103,0.0,21093.666076660156,2007.0804428003173,,0.20115337800234556,,223,48.4707145690918,0,0,,,,204.927734375,-0.01767013408243656,,0.25713807300053304,481.8864503831719,0,0,190.13741540908813,0.00034974982554558665,0.4375,,0.00032056556392490165,0,151.9453125,-2.3256076033817408e-06,0.42226192355155945,,,150.9752641390005,,0.09375,1031.724609375,0,,0.0009824980224948376,,,4096,,0,0.00019999970390927047,0.06354214244545514,,,720,0.18282524251844734,22.112099912003032,,42,0,0.875,0.578125,0,0.5625,1780334899.2163696,,,,,,,0.048637086757420775,0.09375,0,982,0.078125,12584,55405.277252197266,0,3e-06,0.078125,0,,37.01337426900864,77.01803293100238,,39,0,0.0,0.061767578125,,0.0005700003384845331,,,,0.0011000010999850929,,-0.875,-0.01767013408243656,0.0006175014277687296,0,0,0.1533203125,1212078.0,0.5625,0.1640625,,,1,106,0,0.015625,0.875,,,0.041015625,,,,,91.16934204101562,,0.1533203125,,-0.875,0.003132499841740355,,,-9.05594788491726e-06,0,,35014.130857182,,150.9752641390005,0.0859375,51.38440124000044,,0.0859375,0,,,0,1,0.015625,0.1640625,,0,0.28032368421554565,223,
,0.00021081999374549418,0.0,20888.61846923828,1985.7096436301917,,0.19744871099828742,,224,48.85599899291992,0,0,,,,204.927734375,-0.01975894905626774,,0.252048795002338,480.33116402075393,0,0,190.13741540908813,0.00029750117391813546,0.4140625,,0.0002054046649391239,0,160.8046875,1.0332474793983693e-05,0.5106807947158813,,,150.52099936100421,,0.0859375,1006.73828125,0,,0.0010250005288980901,,,4096,,0,0.00020749939722009003,0.06407147265976389,,,756,0.1860627526184544,22.026239802995406,,38,0,0.875,0.6015625,0,0.5859375,1780335049.760773,,,,,,,0.049899582893588035,0.0859375,0,986,0.078125,12637,55196.56753540039,0,3e-06,0.078125,0,,35.836175084114075,76.60154613899795,,45,0,0.0,0.0755615234375,,0.0005550027708522975,,,,0.0010450003173900768,,-0.875,-0.01975894905626774,0.0005449983291327953,0,0,0.154296875,1195564.0,0.5859375,0.1484375,,,1,106,0,0.015625,0.875,,,0.037109375,,,,,91.1518325805664,,0.154296875,,-0.875,0.003057499270653352,,,3.727269358932972e-06,0,,35172.184410591,,150.52099936100421,0.0859375,51.4414800049999,,0.0859375,0,,,0,1,0.015625,0.1484375,,0,0.27105769515037537,224,
,0.00019281962073644233,0.0078125,20188.34686279297,2113.0658453434708,,0.2087720870040357,,225,51.03123092651367,0,0,,,,204.927734375,-0.02585698664188385,,0.25752930699673016,452.1796121625812,0,0,190.13741540908813,0.00021750020096078515,0.453125,,0.00033321458113277913,0,172.2265625,-5.527021812667954e-06,0.5664091110229492,,,158.01649093699962,,0.1015625,1132.0673828125,0,,0.0008750012057134882,,,4096,,0,0.0002525011950638145,0.05779441052877587,,,1024,0.22912424174137414,22.489971617003903,,53,0,0.875,0.5546875,0,0.546875,1780335207.8144262,,,,,,,0.04991918589986466,0.1015625,0,971,0.1171875,12695,56512.908935546875,0,3e-06,0.1171875,0,,36.36962175369263,77.19004131900147,,46,0,0.0,0.066650390625,,0.0005999991117278114,,,,0.001115000486606732,,-0.875,-0.02585698664188385,0.0005225010681897402,0,0,0.17578125,1335597.0,0.546875,0.15625,,,1,166,0,0.0078125,0.875,,,0.0517578125,,,,,91.19088745117188,,0.17578125,,-0.875,0.0035800003388430923,,,2.7314061298966408e-05,0,,35329.322220154,,158.01649093699962,0.0703125,57.86816730500141,,0.0703125,0,,,0,1,0.0078125,0.15625,,0,0.30803704261779785,225,
,0.00019310616024357103,0.0,21513.235092163086,2134.3094795669767,,0.208494222999434,,226,50.510276794433594,0,0,,,,204.927734375,-0.02279016003012657,,0.2590246859981562,468.5370532042725,0,0,190.13741540908813,0.0002575015969341621,0.453125,,0.000332675982008368,0,163.625,5.518567277817965e-06,0.45429179072380066,,,157.1186152759983,,0.1171875,1146.2958984375,0,,0.0010349995136493817,,,4096,,0,0.00020250081433914602,0.05833044428448885,,,713,0.24355175264645368,22.371949189997395,,60,0,0.875,0.5859375,0,0.546875,1780335364.9521484,,,,,,,0.04773795714287079,0.1171875,0,964,0.1015625,12753,56222.29766845703,0,3e-06,0.1015625,0,,37.74511441588402,78.24206641499768,,48,0,0.0,0.060302734375,,0.000555000951862894,,,,0.0010000021575251594,,-0.875,-0.02279016003012657,0.0005975016392767429,0,0,0.201171875,1341359.0,0.546875,0.140625,,,1,157,0,0.0390625,0.875,,,0.05859375,,,,,91.2194595336914,,0.201171875,,-0.875,0.004287498086341657,,,5.827168934047222e-06,0,,35484.270055502,,157.1186152759983,0.0546875,56.03514826000173,,0.0546875,0,,,0,1,0.0390625,0.140625,,0,0.2640872597694397,226,
,0.00020133952095475495,0.0,21322.566986083984,2090.1024505056794,,0.19969895399844972,,227,49.55801773071289,0,0,,,,204.927734375,-0.020957671105861664,,0.26075743100227555,484.4743968351395,0,0,190.13741540908813,0.00030750015866942704,0.4140625,,0.00017850911217465182,0,164.3671875,-4.478819377595755e-06,0.43784770369529724,,,154.9102293629985,,0.0625,1100.3916015625,0,,0.001057500412571244,,,4096,,0,0.0003175027813995257,0.06052004267272378,,,759,0.1636629895074293,22.48136737900495,,49,0,0.875,0.609375,0,0.5859375,1780335519.9000704,,,,,,,0.04755610014367876,0.0625,0,975,0.125,12806,56535.5110168457,0,3e-06,0.125,0,,37.57059574127197,78.38029402599932,,40,0,0.0,0.055908203125,,0.0006399986887117848,,,,0.0010799994925037026,,-0.875,-0.020957671105861664,0.0005200017767492682,0,0,0.1875,1295113.0,0.5859375,0.09375,,,1,61,0,0.0234375,0.875,,,0.0478515625,,,,,91.17940139770508,,0.1875,,-0.875,0.0034450004022801295,,,2.0995736122131348e-05,0,,35634.408291754,,154.9102293629985,0.109375,53.58626119799737,,0.109375,0,,,0,1,0.0234375,0.09375,,0,0.2657669484615326,227,
,0.0002139382406788736,0.0,20440.59944152832,1971.0489281794273,,0.18240029099979438,,228,47.53990936279297,0,0,,,,204.927734375,-0.019629504531621933,,0.25320574900251813,482.7342540920654,0,0,190.13741540908813,0.0002175020199501887,0.546875,,0.00027520928415469825,0,153.28125,-4.7350838485726854e-05,0.39980775117874146,,,150.11626336100016,,0.1640625,1002.525390625,0,,0.0009949999366654083,,,4096,,0,0.00019750041246879846,0.06427358791631055,,,812,0.23199699353426695,21.94642139899952,,39,0,0.875,0.484375,0,0.453125,1780335670.0383508,,,,,,,0.05032350930657691,0.1640625,0,985,0.0703125,12876,55110.565185546875,0,3e-06,0.0703125,0,,36.61060333251953,76.07074788399768,,39,0,0.0,0.07421875,,0.0006124992069089785,,,,0.0010924995876848698,,-0.875,-0.019629504531621933,0.0005400015652412549,0,0,0.2021484375,1183546.0,0.453125,0.171875,,,1,132,0,0.03125,0.875,,,0.0380859375,,,,,91.21947479248047,,0.2021484375,,-0.875,0.0027475016395328566,,,2.4399952962994576e-05,0,,35789.754866564,,150.11626336100016,0.109375,51.66141012500157,,0.109375,0,,,0,1,0.03125,0.171875,,0,0.2776470184326172,228,
,0.00021248425013743204,0.0,20112.1883392334,1947.44440112875,,0.1986641370021971,,229,54.0841178894043,0,0,,,,204.927734375,-0.02204403467476368,,0.2570946810010355,459.0785556465562,0,0,190.13741540908813,0.0003049990482395515,0.5078125,,0.0002706066848077171,0,147.8359375,-2.2067343664389227e-05,0.4643981456756592,,,155.32497350100311,,0.140625,1033.7529296875,0,,0.0009849991329247132,,,4096,,0,0.00026999987312592566,0.06271862553731573,,,607,0.22882675693836063,22.02025831899664,,36,0,0.875,0.5,0,0.4921875,1780335825.3849127,,,,,,,0.053809270870983014,0.140625,0,988,0.1484375,12941,55278.324127197266,0,3e-06,0.1484375,0,,36.38584166765213,75.88621281299856,,45,0,0.0,0.0712890625,,0.0005924975994275883,,,,0.0010850017133634537,,-0.875,-0.02204403467476368,0.0005300007615005597,0,0,0.21875,1209947.0,0.4921875,0.125,,,1,124,0,0.0078125,0.875,,,0.03515625,,,,,91.18306350708008,,0.21875,,-0.875,0.003354998625582084,,,-8.590403012931347e-06,0,,35950.711855224,,155.32497350100311,0.0859375,56.96050320100039,,0.0859375,0,,,0,1,0.0078125,0.125,,0,0.2828676104545593,229,
,0.00020671976811339817,0.0,20631.973266601562,1972.1940802529987,7.882803294000041,0.19771048799884738,,230,49.16318130493164,0,0,,,,204.927734375,-0.01833193562924862,,0.26245038399792975,463.5105104480317,0,0,190.13741540908813,0.0002924971340689808,0.5,,0.00042445956660230877,0,158.0625,-7.091747207255139e-06,0.6511873006820679,,,160.93687389999832,,0.15625,1081.7763671875,0,,0.001155001882580109,,,4096,,0,0.00023749998945277184,0.06095248380074106,,,737,0.1744527544360608,22.34244347099593,,52,0,0.875,0.5078125,0,0.5,1780335986.3419096,,,,,,,0.0477227495104929,0.15625,0,972,0.046875,13005,56251.77001953125,0,3e-06,0.046875,0,,37.53310441970825,77.38496867100184,,42,0,2.0919801499985624e-06,0.074462890625,,0.0006350001058308408,,,,0.0010647490853443742,,-0.875,-0.01833193562924862,0.0006374975782819092,0,0,0.1552734375,1269595.0,0.5,0.171875,,,1,99,0,0.0078125,0.875,,,0.05078125,,,,,91.18130874633789,,0.1552734375,,-0.875,0.0032950010790955275,,,-1.4818389900028706e-05,0,,36099.301195832,,160.93687389999832,0.1171875,52.86435082000389,,0.1171875,0,,,0,1,0.0078125,0.171875,,0,0.2638076841831207,230,
,0.00022152059283152495,0.0,20429.180145263672,1923.4207369243827,,0.19151873500231886,,231,47.67803192138672,0,0,,,,204.927734375,-0.022043295204639435,,0.2531969300034689,467.59170565565,0,0,190.13741540908813,0.0002450033207423985,0.453125,,0.00022285871136773494,0,142.3203125,4.163701625259364e-06,0.5670313835144043,,,148.56278946899693,,0.0859375,973.8857421875,0,,0.0011299980542389676,,,4096,,0,0.00023000029614195228,0.0661833829789279,,,685,0.18688775890041143,21.8296876280001,,30,0,0.875,0.5625,0,0.546875,1780336134.9312663,,,,,,,0.05077811594280306,0.0859375,0,994,0.0859375,13063,54713.03176879883,0,3e-06,0.0859375,0,,37.27777302265167,75.64727582799969,,50,0,0.0,0.0711669921875,,0.0005374986358219758,,,,0.0011974971130257472,,-0.75,-0.022043295204639435,0.0006175014277687296,0,0,0.15625,1142995.0,0.546875,0.1796875,,,1,33,0,0.015625,0.875,,,0.029296875,,,,,91.1781005859375,,0.15625,,-0.75,0.0035900011425837874,,,2.6037334464490414e-05,0,,36254.800891945,,148.56278946899693,0.0859375,50.63893312700384,,0.0859375,0,,,0,1,0.015625,0.1796875,,0,0.28744280338287354,231,
,0.00021378054976243003,0.0,21015.169143676758,1982.428373947308,,0.19343631999799982,,232,49.4235954284668,0,0,,,,204.927734375,-0.032026298344135284,,0.2635766669991426,533.7202466416784,0,0,190.13741540908813,0.00030750015866942704,0.4609375,,0.0002227217796644254,0,143.2109375,-4.464869153508744e-05,0.40944939851760864,,,155.4824144219965,,0.0703125,1060.8232421875,0,,0.0011475021892692894,,,4096,,0,0.00021000050764996558,0.06280755756648108,,,718,0.16652799968142062,22.381440361001296,,49,0,0.875,0.5625,0,0.5390625,1780336290.4309442,,,,,,,0.05081958568254816,0.0703125,0,975,0.09375,13122,55852.5505065918,0,3e-06,0.09375,0,,35.77202558517456,77.4373847579991,,45,0,0.0,0.060791015625,,0.0005074998625786975,,,,0.0010375006240792572,,-0.875,-0.032026298344135284,0.0004799985617864877,0,0,0.1748046875,1232931.0,0.5390625,0.1640625,,,1,187,0,0.0234375,0.875,,,0.0478515625,,,,,91.21147918701172,,0.1748046875,,-0.875,0.0026175021048402414,,,6.97385985404253e-06,0,,36409.917271606,,155.4824144219965,0.109375,55.20445199399546,,0.109375,0,,,0,1,0.0234375,0.1640625,,0,0.2775239944458008,232,
,0.00019705668453251092,0.0,20555.01365661621,2113.7083178381,,0.20216316099686082,,233,49.553489685058594,0,0,,,,204.927734375,-0.013507754541933537,,0.2583641719975276,464.5468832059123,0,0,190.13741540908813,0.00031749732443131506,0.4609375,,0.00012301238257350633,0,164.3828125,3.914129138138378e-05,0.4201677441596985,,,155.07295743400027,,0.09375,1116.00390625,0,,0.0010699986887630075,,,4096,,0,0.00029500188247766346,0.05894451227275413,,,983,0.2154594985768199,22.32730107599491,,43,0,0.875,0.578125,0,0.5390625,1780336445.547296,,,,,,,0.048127933229083715,0.09375,0,981,0.109375,13181,56227.89001464844,0,3e-06,0.109375,0,,35.41981428861618,77.2830931530043,,37,0,0.0,0.0595703125,,0.000607498805038631,,,,0.001297250491916202,,-0.875,-0.013507754541933537,0.0005999991117278114,0,0,0.1982421875,1311116.0,0.5390625,0.125,,,1,149,0,0.0390625,0.875,,,0.04296875,,,,,91.19998168945312,,0.1982421875,,-0.875,0.0031375002436107025,,,-7.432885468006134e-06,0,,36561.341021838,,155.07295743400027,0.09375,55.00002455899812,,0.09375,0,,,0,1,0.0390625,0.125,,0,0.2771739661693573,233,
,0.0002109707547371409,0.0,20512.794494628906,2018.6543397529038,,0.19717918000242207,,234,47.90122985839844,0,0,,,,204.927734375,-0.013965400867164135,,0.2578876970001147,475.43487643270055,0,0,190.13741540908813,0.00020500010577961802,0.46875,,0.0002676338872333872,0,145.3515625,-4.712894299885306e-05,0.5418394804000854,,,151.3862447779975,,0.1171875,1048.384765625,0,,0.0009200030035572127,,,4096,,0,0.0002149990905309096,0.06326639290044399,,,595,0.2036147634498775,22.184564779003267,,39,0,0.875,0.5625,0,0.53125,1780336596.9709847,,,,,,,0.0478866779811997,0.1171875,0,985,0.0859375,13241,56311.78283691406,0,3e-06,0.0859375,0,,35.73001176118851,77.33595295200212,,47,0,0.0,0.06787109375,,0.0006774989742552862,,,,0.0012100008461857215,,-0.875,-0.013965400867164135,0.0005900001269765198,0,0,0.1865234375,1222386.0,0.53125,0.1328125,,,1,161,0,0.03125,0.875,,,0.0380859375,,,,,91.21757125854492,,0.1865234375,,-0.875,0.0032999996619764715,,,-1.1960510164499283e-06,0,,36709.361852876,,151.3862447779975,0.1015625,51.40855160000501,,0.1015625,0,,,0,1,0.03125,0.1328125,,0,0.27700528502464294,234,
,0.00022179252821702278,0.0,19934.96322631836,1893.7000636255311,,0.185303975995339,,235,46.96965789794922,0,0,,,,204.927734375,-0.022563088685274124,,0.24863918300252408,465.5261152802268,0,0,190.13741540908813,0.00029499824449885637,0.46875,,0.00022387090393749531,0,152.625,1.5400938792708985e-05,0.431803822517395,,,147.99650978700083,,0.1015625,942.14453125,0,,0.0010850017133634537,,,4096,,0,0.0002674987626960501,0.06683539068761195,,,759,0.174422501004301,21.852989642000466,,21,0,0.875,0.53125,0,0.53125,1780336744.9918072,,,,,,,0.052637488436452995,0.1015625,0,1003,0.09375,13301,54489.11666870117,0,3e-06,0.09375,0,,35.626597702503204,74.92541371800326,,51,0,0.0,0.074951171875,,0.0005225028871791437,,,,0.0011849988368339837,,-0.875,-0.022563088685274124,0.0005775000317953527,0,0,0.1572265625,1121044.0,0.53125,0.1796875,,,1,166,0,0.0,0.875,,,0.0205078125,,,,,91.1901969909668,,0.1572265625,,-0.875,0.0027549995138542727,,,3.0916184186935425e-05,0,,36862.207670709,,147.99650978700083,0.09375,50.78233279399865,,0.09375,0,,,0,1,0.0,0.1796875,,0,0.29547563195228577,235,
,0.00020891292661028382,0.0,20879.331588745117,1996.2591121251505,,0.19760051000048406,,236,48.4052734375,0,0,,,,204.927734375,-0.013487574644386768,,0.25492286500229966,470.55221400114533,0,0,190.13741540908813,0.0003625009412644431,0.4296875,,0.00020455892672543996,0,175.3828125,-6.250053708356518e-05,1.4244784116744995,,,152.81520727799943,,0.1328125,1016.2529296875,0,,0.001057504050550051,,,4096,,0,0.00022249878384172916,0.0630226134818251,,,734,0.17764000222086906,22.079866256004607,,30,0,0.875,0.6171875,0,0.5703125,1780336897.8377008,,,,,,,0.0512937747527267,0.1328125,0,994,0.0625,13356,55515.51055908203,0,3e-06,0.0625,0,,36.81951016187668,76.90239876199485,,50,0,0.0,0.06103515625,,0.0006650006980635226,,,,0.0010824987839441746,,-0.875,-0.013487574644386768,0.0005950023478362709,0,0,0.1748046875,1220235.0,0.5703125,0.1171875,,,1,168,0,0.046875,0.875,,,0.029296875,,,,,91.20746994018555,,0.1748046875,,-0.875,0.0032649968488840386,,,3.917026333510876e-06,0,,37017.287571955,,152.81520727799943,0.0703125,53.37850764000177,,0.0703125,0,,,0,1,0.046875,0.1171875,,0,0.27487877011299133,236,
,0.00019889486765148568,0.0,20958.499908447266,2092.782316604799,,0.2068750159960473,,237,49.27625274658203,0,0,,,,204.927734375,-0.025218909606337547,,0.25816215699887834,446.4993404526467,0,0,190.13741540908813,0.00029750117391813546,0.484375,,0.0002707857011046144,0,181.7421875,0.00011598110302202258,1.7645719051361084,,,155.0547075180002,,0.0859375,1085.8193359375,0,,0.0010347484931116924,,,4096,,0,0.00022750100470148027,0.06001497995813477,,,814,0.22270699264481664,22.443629943001724,,42,0,0.875,0.5703125,0,0.515625,1780337052.916777,,,,,,,0.048787302249617366,0.0859375,0,982,0.1328125,13418,56456.52770996094,0,3e-06,0.1328125,0,,36.66720539331436,77.89842373099964,,43,0,2.358846586503205e-06,0.0579833984375,,0.0006425016181310639,,,,0.0010474996088305488,,-0.875,-0.025218909606337547,0.0005524998414330184,0,0,0.2236328125,1297983.0,0.515625,0.1484375,,,1,153,0,0.0546875,0.875,,,0.041015625,,,,,91.21782684326172,,0.2236328125,,-0.875,0.0030575010896427557,,,-3.468245267868042e-06,0,,37171.081206133,,155.0547075180002,0.0625,54.24557683800231,,0.0625,0,,,0,1,0.0546875,0.1484375,,0,0.2835127115249634,237,
,0.00020427398875618488,0.0,20389.3985748291,2019.5677298115293,,0.198120316999848,,238,48.416114807128906,0,0,,,,204.927734375,-0.02200561761856079,,0.2537612009982695,445.86575920584437,0,0,190.13741540908813,0.00035499942896422,0.4453125,,0.0006513277085105074,0,146.171875,1.3709315425103341e-05,1.3064563274383545,,,153.77783345200442,,0.1328125,1066.9716796875,0,,0.0009850027709035203,,,4096,,0,0.00020500010577961802,0.061461539533220255,,,836,0.19184726988896728,22.061247289995663,,39,0,0.875,0.5703125,0,0.5546875,1780337206.7113137,,,,,,,0.05025866463203039,0.1328125,0,985,0.0625,13475,55478.67965698242,0,3e-06,0.0625,0,,37.00844570994377,76.35115063899866,,46,0,0.0,0.0650634765625,,0.0006099999154685065,,,,0.0010350013326387852,,-0.875,-0.02200561761856079,0.0005574984243139625,0,0,0.1533203125,1242259.0,0.5546875,0.1640625,,,1,155,0,0.015625,0.875,,,0.0380859375,,,,,91.2148551940918,,0.1533203125,,-0.875,0.0026074994821101427,,,-1.5977653674781322e-05,0,,37324.443702963,,153.77783345200442,0.0703125,54.91156154499913,,0.0703125,0,,,0,1,0.015625,0.1640625,,0,0.2619509696960449,238,
,0.0002226558785334066,0.0,21123.579025268555,1943.8632570691864,,0.19260980599938193,,239,48.00524139404297,0,0,,,,204.927734375,-0.026378020644187927,,0.26547906099585816,463.9731400566234,0,0,190.13741540908813,0.00032249954529106617,0.5390625,,0.0005021676674914488,0,153.9609375,2.8156534426670987e-05,1.0847078561782837,,,153.34527720299957,,0.1171875,1010.4228515625,0,,0.0009750001481734216,,,4096,,0,0.00020749939722009003,0.06473696954448063,,,757,0.2001447428483516,22.091830700999708,,34,0,0.875,0.46875,0,0.4609375,1780337360.0736992,,,,,,,0.05180863850897655,0.1171875,0,990,0.15625,13544,55563.79318237305,0,3e-06,0.15625,0,,36.21383756399155,77.18776616000105,,42,0,0.0,0.06982421875,,0.0006349982868414372,,,,0.0011874999472638592,,-0.875,-0.026378020644187927,0.0005325000529410318,0,0,0.2216796875,1192329.0,0.4609375,0.171875,,,1,24,0,0.0078125,0.875,,,0.033203125,,,,,91.19491577148438,,0.2216796875,,-0.875,0.0029699986043851823,,,1.956382766366005e-05,0,,37480.403452821,,153.34527720299957,0.0859375,53.604999431998294,,0.0859375,0,,,0,1,0.0078125,0.171875,,0,0.2625237703323364,239,
,0.00021963839879267044,0.0,18993.568420410156,1828.651412701223,6.981635119998828,0.19112696500087623,,240,46.98207473754883,0,0,,,,204.927734375,-0.02702968940138817,,0.2505169220021344,477.67597039091925,0,0,190.13741540908813,0.0002725009835558012,0.546875,,0.0002112232537001546,0,144.9140625,5.1904996325902175e-05,1.7820602655410767,,,155.93294491200504,,0.15625,968.94140625,0,,0.0009724990377435461,,,4096,,0,0.0003275017661508173,0.06566078036591495,,,676,0.1889775157906115,21.86941759200272,,35,0,0.875,0.4921875,0,0.453125,1780337516.033321,,,,,,,0.05215261159589347,0.15625,0,989,0.1484375,13614,55382.45391845703,0,3e-06,0.1484375,0,,38.00351172685623,74.8918981559982,,47,0,0.0,0.072021484375,,0.0008049992175074294,,,,0.001179998434963636,,-0.875,-0.02702968940138817,0.0006075006240280345,0,0,0.2548828125,1140588.0,0.453125,0.078125,,,1,154,0,0.0390625,0.875,,,0.0341796875,,,,,91.22538375854492,,0.2548828125,,-0.875,0.0031924973882269114,,,3.268360160291195e-05,0,,37635.14377247,,155.93294491200504,0.125,51.74561261499912,,0.125,0,,,0,1,0.0390625,0.078125,,0,0.2840520143508911,240,
,0.0002101787629324705,0.0,21240.798950195312,1927.6412742611424,,0.19923117800499313,,241,49.9498176574707,0,0,,,,204.927734375,-0.010694430209696293,,0.25069954699574737,466.2063592750201,0,0,190.13741540908813,0.00041749808588065207,0.390625,,0.00012607264216057956,0,158.875,1.0416526947665261e-06,0.5956610441207886,,,154.69579531300406,,0.09375,1005.9609375,0,,0.0009574978321325034,,,4096,,0,0.00020499828679021448,0.06489361373650898,,,746,0.2195470005972311,22.137181025995233,,38,0,0.875,0.640625,0,0.609375,1780337670.773837,,,,,,,0.05310321906040571,0.09375,0,986,0.0625,13664,55660.423278808594,0,3e-06,0.0625,0,,36.928728222846985,77.40458331599802,,39,0,0.0,0.0582275390625,,0.0005975016392767429,,,,0.0009775012586032972,,-0.875,-0.010694430209696293,0.000512496626470238,0,0,0.15625,1192792.0,0.609375,0.09375,,,1,158,0,0.03125,0.875,,,0.037109375,,,,,91.12170791625977,,0.15625,,-0.875,0.002785001925076358,,,-9.507406502962112e-06,0,,37788.545817377,,154.69579531300406,0.109375,54.701838367000164,,0.109375,0,,,0,1,0.03125,0.09375,,0,0.2899818420410156,241,
,0.0002114913530787729,0.0,20362.611770629883,2064.9490419999447,,0.20363425099640153,,242,49.813228607177734,0,0,,,,204.927734375,-0.023676235228776932,,0.26790688300388865,467.8693523055699,0,0,190.13741540908813,0.00031750096241012216,0.5234375,,0.0002219149228039896,0,147.34375,2.9877337368588996e-05,0.5103833079338074,,,153.36346978000074,,0.1171875,1089.7177734375,0,,0.0010025014489656314,,,4096,,0,0.0002874985511880368,0.06011909588230264,,,759,0.1760672457749024,22.095679710000695,,34,0,0.875,0.5,0,0.4765625,1780337824.1757998,,,,,,,0.04896475647722725,0.1171875,0,990,0.15625,13731,55288.02490234375,0,3e-06,0.15625,0,,37.23549097776413,76.15592482800275,,36,0,0.0,0.0650634765625,,0.0006124992069089785,,,,0.0012322489055804908,,-0.875,-0.023676235228776932,0.0005950005288468674,0,0,0.2255859375,1266751.0,0.4765625,0.1640625,,,1,115,0,0.0234375,0.875,,,0.033203125,,,,,91.16257095336914,,0.2255859375,,-0.875,0.0031972504075383767,,,-4.855683073401451e-06,0,,37941.43097039,,153.36346978000074,0.0625,54.63835177500005,,0.0625,0,,,0,1,0.0234375,0.1640625,,0,0.26705053448677063,242,
,0.00020929420274117967,0.0,20384.73129272461,2004.451659875225,,0.20385283899668138,,243,50.205101013183594,0,0,,,,204.927734375,-0.030033083632588387,,0.2565139049984282,482.35091629430826,0,0,190.13741540908813,0.0003100012690993026,0.5078125,,0.00011828744027297944,0,140.5625,-2.1889758045290364e-05,0.4520905017852783,,,152.86150628300675,,0.125,1056.326171875,0,,0.000912499672267586,,,4096,,0,0.00020500192476902157,0.06224705748383863,,,604,0.21136700524948537,22.0910915630011,,46,0,0.875,0.53125,0,0.4921875,1780337977.0610259,,,,,,,0.04993845517797195,0.125,0,978,0.1171875,13796,55387.725830078125,0,3e-06,0.1171875,0,,35.83884239196777,76.2908651109974,,50,0,0.0,0.07177734375,,0.0006574991857632995,,,,0.0010975036275340244,,-0.875,-0.030033083632588387,0.0005274996510706842,0,0,0.216796875,1225614.0,0.4921875,0.1484375,,,1,115,0,0.0390625,0.875,,,0.044921875,,,,,91.16424179077148,,0.216796875,,-0.875,0.003152497811242938,,,2.5384360924363136e-06,0,,38095.566713536,,152.86150628300675,0.078125,54.01732831999834,,0.078125,0,,,0,1,0.0390625,0.1484375,,0,0.28496330976486206,243,
,0.0002015187892244398,0.0,20549.20196533203,2063.20873058234,,0.20446148400515085,,244,49.6525993347168,0,0,,,,204.927734375,-0.011000080965459347,,0.25630086599994684,452.9933811390947,0,0,190.13741540908813,0.00023249958758242428,0.3984375,,6.6710289047478e-05,0,158.7265625,-0.00011100038196332207,1.336670160293579,,,154.1101950989978,,0.1171875,1083.310546875,0,,0.0009599989425623789,,,4096,,0,0.00021000232663936913,0.06042315228101737,,,722,0.17101525736507028,22.244939844000328,,50,0,0.875,0.609375,0,0.6015625,1780338131.196739,,,,,,,0.049177918000382556,0.1171875,0,974,0.078125,13847,55810.68420410156,0,3e-06,0.078125,0,,35.88742017745972,76.84894453600282,,50,0,0.0,0.0643310546875,,0.0006049976946087554,,,,0.0010849980753846467,,-0.875,-0.011000080965459347,0.0005524998414330184,0,0,0.1513671875,1271846.0,0.6015625,0.109375,,,1,42,0,0.0078125,0.875,,,0.048828125,,,,,91.20867156982422,,0.1513671875,,-0.875,0.0029049988370388746,,,-3.0472874641418457e-06,0,,38246.174711774,,154.1101950989978,0.0859375,54.55355621700437,,0.0859375,0,,,0,1,0.0078125,0.109375,,0,0.28931349515914917,244,
,0.00023110990019572516,0.0,21048.158645629883,1906.2466102692072,,0.20021005099988542,,245,46.92048645019531,0,0,,,,204.927734375,-0.02724343352019787,,0.26537425399874337,488.9178901539708,0,0,190.13741540908813,0.0004074991011293605,0.5078125,,0.0005794761354991351,0,141.6328125,4.3838076521751645e-05,1.701318621635437,,,150.59174319500016,,0.140625,979.71484375,0,,0.0010450021363794804,,,4096,,0,0.0002200013113906607,0.06651561686900294,,,737,0.2126397448591888,21.955311013996834,,30,0,0.875,0.5078125,0,0.4921875,1780338281.8046777,,,,,,,0.05162496125208279,0.140625,0,994,0.125,13912,54802.13928222656,0,3e-06,0.125,0,,37.78712823987007,76.37722222600132,,52,0,0.0,0.067626953125,,0.0006675018084933981,,,,0.001174999852082692,,-0.875,-0.02724343352019787,0.0005250021786196157,0,0,0.2080078125,1148260.0,0.4921875,0.140625,,,1,180,0,0.015625,0.875,,,0.029296875,,,,,91.1673698425293,,0.2080078125,,-0.875,0.002599999788799323,,,-8.853035978972912e-06,0,,38410.015226771,,150.59174319500016,0.0859375,51.79160662700451,,0.0859375,0,,,0,1,0.015625,0.140625,,0,0.2636910676956177,245,
,0.00018569442540337282,0.0,20972.52082824707,2146.070387020982,,0.21060925000347197,,246,51.95253372192383,0,0,,,,204.927734375,-0.01832209900021553,,0.26113018600153737,484.84032498890883,0,0,190.13741540908813,0.00044749685912393034,0.4765625,,0.0002027261236889899,0,190.9765625,8.25719740760178e-06,1.4121582508087158,,,163.8152234549998,,0.0859375,1182.30078125,0,,0.0008750030247028917,,,4096,,0,0.0003024997567990795,0.05646858315958139,,,747,0.221934518776834,22.967589655003394,,66,0,0.875,0.5390625,0,0.5234375,1780338445.6452248,,,,,,,0.0503568183081153,0.0859375,0,958,0.109375,13973,57914.886474609375,0,3e-06,0.109375,0,,35.67798063158989,79.4081545079971,,43,0,0.0,0.0635986328125,,0.0006774989742552862,,,,0.0011025003914255649,,-0.875,-0.01832209900021553,0.00048750189307611436,0,0,0.1806640625,1406236.0,0.5234375,0.1484375,,,1,149,0,0.015625,0.875,,,0.064453125,,,,,91.14496231079102,,0.1806640625,,-0.875,0.003072500476264395,,,1.749885268509388e-05,0,,38562.834129743,,163.8152234549998,0.1171875,60.9657913619958,,0.1171875,0,,,0,1,0.015625,0.1484375,,0,0.30359703302383423,246,
,0.000215057037868794,0.0,20914.1788482666,1993.8631907182835,,0.1944514729984803,,247,47.865440368652344,0,0,,,,204.927734375,-0.02068444900214672,,0.26208226999733597,474.8527335050312,0,0,190.13741540908813,0.0003250006557209417,0.5390625,,0.0004782755765972979,0,148.5546875,4.065747236836614e-05,1.4662253856658936,,,152.8018579300042,,0.1171875,1041.546875,0,,0.0010125022527063265,,,4096,,0,0.00018250102584715933,0.06327284773161496,,,752,0.2075417578453198,22.149456562001433,,44,0,0.875,0.46875,0,0.4609375,1780338598.4641676,,,,,,,0.04977314073962528,0.1171875,0,980,0.1171875,14042,55684.112548828125,0,3e-06,0.1171875,0,,34.98349338769913,77.10834170800081,,47,0,0.0,0.070556640625,,0.0005424990376923233,,,,0.0011025022104149684,,-0.875,-0.02068444900214672,0.0004875000740867108,0,0,0.205078125,1218664.0,0.4609375,0.1484375,,,1,122,0,0.0078125,0.875,,,0.04296875,,,,,91.18367004394531,,0.205078125,,-0.875,0.0028897502488689497,,,4.296307452023029e-06,0,,38716.226639259,,152.8018579300042,0.1484375,53.0852446170029,,0.1484375,0,,,0,1,0.0078125,0.1484375,,0,0.28123193979263306,247,
,0.00020909590218332668,0.0,20486.005783081055,1960.853919419016,,0.19702177299768664,,248,48.00505447387695,0,0,,,,204.927734375,-0.008121892809867859,,0.2515438339978573,476.3312242466782,0,0,190.13741540908813,0.0003800014383159578,0.4140625,,0.00033048775048882817,0,152.7109375,-2.4952221892249327e-05,1.4715392589569092,,,153.37794775100338,,0.078125,1022.1005859375,0,,0.0011250012903474271,,,4096,,0,0.00019750041246879846,0.0637509880524354,,,713,0.20211499941069633,22.163162322998687,,42,0,0.875,0.609375,0,0.5859375,1780338751.8566067,,,,,,,0.05166193572328771,0.078125,0,982,0.046875,14095,55693.00079345703,0,3e-06,0.046875,0,,37.33823820948601,76.69288488399616,,44,0,0.0,0.065185546875,,0.0006750015018042177,,,,0.0010175008355872706,,-0.875,-0.008121892809867859,0.0005274996510706842,0,0,0.138671875,1203007.0,0.5859375,0.140625,,,1,62,0,0.0234375,0.875,,,0.0419921875,,,,,91.18134307861328,,0.138671875,,-0.875,0.0028074973670300096,,,-1.4240504242479801e-05,0,,38869.143696349,,153.37794775100338,0.125,54.070983448000334,,0.125,0,,,0,1,0.0234375,0.140625,,0,0.2835383415222168,248,
,0.00020954049014754015,0.0,20040.069580078125,2020.6227132417519,,0.1974313569953665,,249,49.18437194824219,0,0,,,,204.927734375,-0.03199933096766472,,0.2589153540029656,492.10459522510064,0,0,190.13741540908813,0.00028999966161791235,0.5390625,,0.000344973672326887,0,160.4140625,5.402400651632888e-05,1.6661380529403687,,,152.8778717449968,,0.1484375,1046.259765625,0,,0.0009675004548626021,,,4096,,0,0.00044250009523238987,0.06201476877942897,,,767,0.19214475469198078,22.296656840997457,,47,0,0.875,0.4765625,0,0.4609375,1780338904.7737222,,,,,,,0.0499313097043972,0.1484375,0,977,0.0859375,14164,56058.47930908203,0,3e-06,0.0859375,0,,36.703921854496,76.62755680600094,,48,0,0.0,0.068603515625,,0.000760001057642512,,,,0.0012350028555374593,,-0.875,-0.03199933096766472,0.0005350011633709073,0,0,0.1923828125,1235634.0,0.4609375,0.15625,,,1,139,0,0.015625,0.875,,,0.0458984375,,,,,91.19229888916016,,0.1923828125,,-0.875,0.003025001205969602,,,1.461501233279705e-05,0,,39103.771342639,,152.8778717449968,0.1328125,53.49490727800003,,0.1328125,0,,,0,1,0.015625,0.15625,,0,0.2907522916793823,249,
0.0,0.00020256795955273665,0.0,21064.762115478516,1314.5549500723173,7.113909308005532,0.2020986810020986,0.0,250,49.559574127197266,0,0,0.0,0.0,0.0,204.927734375,-0.02494128607213497,0.0,0.2574904129942297,475.51410717642284,0,0,190.13741540908813,0.00023499706003349274,0.4609375,0.0,0.00030760459003431606,0,150.671875,4.9742563241750304e-05,1.60466468334198,0.205078125,0.0,241.74170123699878,0.0,0.078125,1090.6669921875,0,0.0,0.0010200001270277426,0.0,0.0,4096,0.0,0,0.00020249899534974247,0.061234746476955156,0.0,0.7969639468690702,795,0.2333169977646321,22.28187935599999,0.0,52,0,0.875,0.5625,0,0.5390625,1780339146.5523996,0.2030360531309298,0.0,0.0,0.0,"{'artifact_path': 'wandb-client-artifact://acbrs7ys2uzip4p0tgfpbsji7vx6j9du8sdhi6zbbugmsjk2t7mklniwzuw64rp7tf98z8vtvf3ahigfvn97dt4f2ahk9jinnm9helmxk4nc4ff7s10a82e1dyi5l394/val/generations.table.json', 'sha256': '4e2a28df8e39bf2b8533a8618494f33902ecc944da9247ff086e5471ee706c0a', 'size': 71169, '_type': 'table-file', 'ncols': 13, 'log_mode': 'IMMUTABLE', '_latest_artifact_path': 'wandb-client-artifact://d7suyv0vutl4sgt5xwy3agjez7sx0j9hc2gtqkopfeszia0323ubuqeurlq38j7zudfm2hphtjtqyd8ppmyzdymdqf7255m2sylgra97aqdh8cxx8kd73o549vn9oec9:latest/val/generations.table.json', 'nrows': 5, 'path': 'media/table/val/generations_249_4e2a28df8e39bf2b8533.table.json'}",78.54417444100545,0.049695756054337244,0.078125,0,972,0.1015625,14223,56259.90676879883,0,3e-06,0.1015625,0,0.20066889632107024,36.96116805076599,77.83738452399848,0.0,37,0,0.0,0.06787109375,0.13333333333333333,0.0006125010258983821,0.0,0.8666666666666667,1024.0,0.0009449995559407398,0.0,-0.875,-0.02494128607213497,0.0006174996087793261,0,0,0.1748046875,1271131.0,0.5390625,0.1640625,0.0,0.0,1,18,0,0.0234375,0.875,0.0,0.794921875,0.05078125,0.0,0.15384615384615385,0.0,30.0,91.15177917480469,0.0,0.1748046875,0.19934994582881907,-0.875,0.0034149998100474477,0.0,0.13333333333333333,7.822527550160885e-06,0,0.0,39263.702819765,0.205078125,241.74170123699878,0.09375,55.50235727899417,0.0,0.09375,0,1054.0,0.0,0,1,0.0234375,0.1640625,0.0,0,0.2726594805717468,250,0.0
,0.00021374907231576175,0.0,20829.24461364746,1961.8131320353857,,0.2026065940008266,,251,48.00338363647461,0,0,,,,204.927734375,-0.024165678769350052,,0.25621759299974656,482.68533643204137,0,0,190.13741540908813,0.0003349996404722333,0.5078125,,0.00048359757602156606,0,147.7890625,0.00012614907868169212,1.8214936256408691,,,152.75206140000228,,0.125,1022.80078125,0,,0.0008675015124026686,,,4096,,0,0.000252499376074411,0.06412621089628055,,,766,0.1908845006255433,22.223859002006066,,40,0,0.875,0.5,0,0.4921875,1780339299.3328552,,,,,,,0.05079455442317147,0.125,0,984,0.1015625,14288,55517.7001953125,0,3e-06,0.1015625,0,,37.23456710577011,76.86706298199715,,40,0,0.0,0.07177734375,,0.000662499587633647,,,,0.001072496161214076,,-0.875,-0.024165678769350052,0.00055000236898195,0,0,0.1796875,1198684.0,0.4921875,0.171875,,,1,207,0,0.0078125,0.875,,,0.0390625,,,,,91.2232437133789,,0.1796875,,-0.875,0.0036450001061894,,,-6.948946975171566e-06,0,,39421.406804032,,152.75206140000228,0.1015625,53.19957498599979,,0.1015625,0,,,0,1,0.0078125,0.171875,,0,0.28162866830825806,251,
,0.00020592635077873152,0.0,21393.482208251953,2011.4721236118269,,0.20475019500008784,,252,49.348690032958984,0,0,,,,204.927734375,-0.024014437571167946,,0.261253819000558,462.871234436534,0,0,190.13741540908813,0.0003024997567990795,0.4765625,,0.00029531552354455926,0,165.2109375,3.792606423758116e-05,2.5334553718566895,,,157.6800375590028,,0.09375,1073.73046875,0,,0.0010622516128933057,,,4096,,0,0.00023000211513135582,0.061315172194479614,,,793,0.22573949536308646,22.353605830998276,,42,0,0.875,0.546875,0,0.5234375,1780339457.0368576,,,,,,,0.051904841374259984,0.09375,0,982,0.109375,14349,55894.85168457031,0,3e-06,0.109375,0,,37.65023499727249,77.78908739900362,,40,0,0.0,0.0703125,,0.0006400005077011883,,,,0.0010274998203385621,,-0.875,-0.024014437571167946,0.00046749846660532057,0,0,0.1884765625,1268676.0,0.5234375,0.140625,,,1,108,0,0.0234375,0.875,,,0.041015625,,,,,91.20500564575195,,0.1884765625,,-0.875,0.0025674999051261693,,,-1.4552148059010506e-05,0,,39572.552202691,,157.6800375590028,0.109375,57.06937309099885,,0.109375,0,,,0,1,0.0234375,0.140625,,0,0.2937967777252197,252,
,0.00021753015973204198,0.0,20401.065826416016,1945.046859649467,,0.18240437799977371,,253,47.25471878051758,0,0,,,,204.927734375,-0.02385062165558338,,0.25575891000335105,471.7440502536192,0,0,190.13741540908813,0.0002425003913231194,0.4921875,,0.00026088103959409636,0,148.1953125,2.9527870069046003e-05,1.7429605722427368,,,151.1197524839954,,0.0703125,999.98828125,0,,0.0009350023901788518,,,4096,,0,0.00020500192476902157,0.06502137282732182,,,752,0.16991523443721235,22.10119410200423,,39,0,0.875,0.546875,0,0.5078125,1780339608.1822214,,,,,,,0.05090859108505283,0.0703125,0,985,0.15625,14412,55539.47448730469,0,3e-06,0.15625,0,,35.76815128326416,76.44822888799536,,41,0,0.0,0.0673828125,,0.0005225010681897402,,,,0.001164999048341997,,-0.875,-0.02385062165558338,0.00056249882618431,0,0,0.2265625,1175740.0,0.5078125,0.1484375,,,1,170,0,0.0390625,0.875,,,0.0380859375,,,,,91.2011489868164,,0.2265625,,-0.875,0.002824999683070928,,,2.9393122531473637e-05,0,,39728.823761473,,151.1197524839954,0.078125,52.12978636800108,,0.078125,0,,,0,1,0.0390625,0.1484375,,0,0.2704891860485077,253,
,0.0002037484046902228,0.0,19943.85528564453,2069.2060371765565,,0.20407235199672868,,254,49.48780059814453,0,0,,,,204.927734375,-0.017241040244698524,,0.2634485210001003,503.66888762800954,0,0,190.13741540908813,0.00027999885787721723,0.515625,,0.0003297052885500307,0,155.421875,-7.237627841050198e-06,2.085146903991699,,,156.22042667200003,,0.125,1107.2822265625,0,,0.0010024996299762279,,,4096,,0,0.0002149990905309096,0.05943874216575261,,,812,0.16465524095110595,22.460958522999135,,51,0,0.875,0.484375,0,0.484375,1780339764.4537942,,,,,,,0.049772602466627756,0.125,0,973,0.109375,14478,56370.7275390625,0,3e-06,0.109375,0,,36.40487417578697,76.85482856899762,,44,0,0.0,0.0777587890625,,0.0005497513484442607,,,,0.001222499122377485,,-0.875,-0.017241040244698524,0.0005724996299250051,0,0,0.1806640625,1293009.0,0.484375,0.171875,,,1,212,0,0.0,0.875,,,0.0498046875,,,,,91.1881217956543,,0.1806640625,,-0.875,0.0034849981602746993,,,1.0787625797092915e-05,0,,39883.296496097,,156.22042667200003,0.109375,56.43501371500315,,0.109375,0,,,0,1,0.0,0.171875,,0,0.24875138700008392,254,
,0.00021450594562626957,0.0,20973.508834838867,1860.1073689758923,,0.18728046800242737,,255,47.37993240356445,0,0,,,,204.927734375,-0.029885146766901016,,0.24652052899909904,506.5015427699109,0,0,190.13741540908813,0.00024500150175299495,0.53125,,0.00024351335559913423,0,151.90625,7.21697481509409e-05,2.014983654022217,,,154.45990096699825,,0.1484375,970.40625,0,,0.0009550003596814349,,,4096,,0,0.00022750100470148027,0.06643291730679386,,,888,0.25222424301318824,21.93680957899778,,41,0,0.875,0.5234375,0,0.46875,1780339918.9265509,,,,,,,0.05609280159324413,0.1484375,0,983,0.09375,14546,54831.24542236328,0,3e-06,0.09375,0,,36.38254478573799,76.34789734899823,,32,0,0.0,0.070556640625,,0.0006200007192092016,,,,0.001312499080086127,,-0.875,-0.029885146766901016,0.0005849979061167687,0,0,0.23046875,1149248.0,0.46875,0.125,,,1,79,0,0.0546875,0.875,,,0.0400390625,,,,,91.1959114074707,,0.23046875,,-0.875,0.002834996848832816,,,-2.0270119421184063e-05,0,,40038.904707809,,154.45990096699825,0.109375,55.73919257200032,,0.109375,0,,,0,1,0.0546875,0.125,,0,0.2575152516365051,255,
,0.00020779674037854152,0.0,20491.985321044922,2004.2778146866895,,0.1989027250019717,,256,48.8942756652832,0,0,,,,204.927734375,-0.023850757628679276,,0.2591514189989539,492.7141943899187,0,0,190.13741540908813,0.0002699980541365221,0.4375,,0.00036724341862282017,0,160.890625,2.2234959722311487e-05,2.2707324028015137,,,155.55964732800203,,0.078125,1057.0185546875,0,,0.0010400017345091328,,,4096,,0,0.0003125005605397746,0.061198955960002056,,,625,0.22540974896401167,22.09790730199893,,46,0,0.875,0.609375,0,0.5625,1780340074.5347009,,,,,,,0.0523632326358341,0.078125,0,978,0.109375,14602,55301.23519897461,0,3e-06,0.109375,0,,37.43742033839226,76.323604737001,,47,0,0.0,0.060302734375,,0.0005400015652412549,,,,0.0012450018402887508,,-0.875,-0.023850757628679276,0.0005074998625786975,0,0,0.1943359375,1247139.0,0.5625,0.140625,,,1,113,0,0.046875,0.875,,,0.044921875,,,,,91.16360473632812,,0.1943359375,,-0.875,0.003277500582044013,,,1.019495539367199e-05,0,,40196.657625977,,155.55964732800203,0.0625,56.67728228300257,,0.0625,0,,,0,1,0.046875,0.140625,,0,0.2858537435531616,256,
,0.0002051359702435536,0.0,20465.09552001953,1993.9836605560486,,0.1979033919997164,,257,49.63529968261719,0,0,,,,204.927734375,-0.01300390437245369,,0.25802699799533,496.155470424128,0,0,190.13741540908813,0.00028750400815624744,0.453125,,0.00033355760751874186,0,154.8515625,3.556731360276899e-05,2.089930295944214,,,157.7036493429987,,0.1328125,1073.501953125,0,,0.0009550003596814349,,,4096,,0,0.00020500192476902157,0.061367226533869786,,,755,0.2344797394471243,22.347825930999534,,48,0,0.875,0.5703125,0,0.546875,1780340232.2875352,,,,,,,0.052496903051673156,0.1328125,0,976,0.0703125,14660,56191.97082519531,0,3e-06,0.0703125,0,,36.32143512368202,77.18978402000357,,38,0,2.5144834125967463e-06,0.06982421875,,0.0005199981387704611,,,,0.001054748281603679,,-0.875,-0.01300390437245369,0.00046749846660532057,0,0,0.1689453125,1257834.0,0.546875,0.140625,,,1,169,0,0.0234375,0.875,,,0.046875,,,,,91.20770263671875,,0.1689453125,,-0.875,0.002799750291160308,,,-3.0281138606369495e-05,0,,40350.221313904,,157.7036493429987,0.0859375,57.708060630000546,,0.0859375,0,,,0,1,0.0234375,0.140625,,0,0.28652217984199524,257,
,0.00021357398449081732,0.0,21113.87062072754,1979.56221616048,,0.1905544719993486,,258,48.15985107421875,0,0,,,,204.927734375,-0.020833786576986313,,0.2596463779991609,489.5949154251866,0,0,190.13741540908813,0.0002800006768666208,0.484375,,0.0002893423747991619,0,155.859375,5.010157963170059e-06,2.278271198272705,,,153.53407309899922,,0.125,1031.3681640625,0,,0.0010099993232870474,,,4096,,0,0.00022750100470148027,0.06355958472215209,,,806,0.24107674835249782,22.219428516000335,,40,0,0.875,0.546875,0,0.515625,1780340385.8513708,,,,,,,0.05074350740966152,0.125,0,984,0.078125,14722,55630.17272949219,0,3e-06,0.078125,0,,36.83580085635185,77.27072189799946,,36,0,0.0,0.068115234375,,0.0005750007403548807,,,,0.0010249987099086866,,-0.875,-0.020833786576986313,0.00048000038077589124,0,0,0.1865234375,1215721.0,0.515625,0.1640625,,,1,165,0,0.03125,0.875,,,0.0390625,,,,,91.19233703613281,,0.1865234375,,-0.875,0.003157249011565,,,-5.951733328402042e-06,0,,40506.099036409,,153.53407309899922,0.0859375,53.591283788999135,,0.0859375,0,,,0,1,0.03125,0.1640625,,0,0.26708918809890747,258,
,0.00021110312853761623,0.0,20935.338973999023,1944.986182971002,,0.1894925169981434,,259,48.20722198486328,0,0,,,,204.927734375,-0.014515853486955166,,0.2559659210019163,486.13851948903175,0,0,190.13741540908813,0.0002799970388878137,0.4140625,,0.0002277222210977925,0,142.234375,1.4930730174000928e-05,2.299661159515381,,,155.851492753005,,0.0703125,1041.86328125,0,,0.0010024996299762279,,,4096,,0,0.00028500107873696834,0.06338596737775364,,,624,0.2495319931767881,22.173324646995752,,36,0,0.875,0.59375,0,0.5859375,1780340541.7291074,,,,,,,0.05284093214343733,0.0703125,0,988,0.1328125,14775,55397.857666015625,0,3e-06,0.1328125,0,,36.90836951136589,76.85649962100433,,36,0,2.2846907086204737e-06,0.057861328125,,0.0006000009307172149,,,,0.0011124993761768565,,-0.875,-0.014515853486955166,0.00040499799069948494,0,0,0.171875,1212516.0,0.5859375,0.1328125,,,1,137,0,0.0078125,0.875,,,0.03515625,,,,,91.16279602050781,,0.171875,,-0.875,0.0028750000637955964,,,1.4670309610664845e-05,0,,40670.614814168,,155.851492753005,0.0703125,56.3742995940047,,0.0703125,0,,,0,1,0.0078125,0.1328125,,0,0.2620803415775299,259,
,0.00021223408283527027,0.0,20667.566299438477,1850.5671237439062,7.345760046002397,0.1874050839978736,,260,48.221519470214844,0,0,,,,204.927734375,-0.017346298322081566,,0.25841961500555044,472.01450491957075,0,0,190.13741540908813,0.0002950000634882599,0.3515625,,0.00012306716234888881,0,146.1640625,8.899581428067904e-05,2.2370638847351074,,,164.49227704000077,,0.09375,1042.9140625,0,,0.0011325009836582467,,,4096,,0,0.00023500069801229984,0.06287095835550416,,,914,0.18548249499872327,22.178168156999163,,48,0,0.875,0.65625,0,0.6484375,1780340706.2448132,,,,,,,0.054279892153525695,0.09375,0,976,0.1015625,14820,55375.57601928711,0,3e-06,0.1015625,0,,37.3358428478241,76.55268482899555,,42,0,0.0,0.058349609375,,0.0005625006451737136,,,,0.0011050015018554404,,-0.875,-0.017346298322081566,0.00046500281314365566,0,0,0.1474609375,1217616.0,0.6484375,0.1015625,,,1,137,0,0.0078125,0.875,,,0.046875,,,,,91.19396591186523,,0.1474609375,,-0.875,0.0028850008675362915,,,3.773369826376438e-06,0,,40827.910780628,,164.49227704000077,0.046875,57.967885146004846,,0.046875,0,,,0,1,0.0078125,0.1015625,,0,0.2830696105957031,260,
,0.0002104109359376304,0.0,21023.93341064453,1907.8096817569008,,0.19677836499613477,,261,49.15131759643555,0,0,,,,204.927734375,-0.017798449844121933,,0.2525253159983549,506.43345447861066,0,0,190.13741540908813,0.000364996594726108,0.3828125,,0.0002624749567985418,0,150.8515625,-4.2469526164268245e-05,2.0155324935913086,,,157.26843870699668,,0.1171875,1021.1728515625,0,,0.00096500116342213,,,4096,,0,0.00024749715521465987,0.06420811835490628,,,756,0.21514674881473184,22.16951948899805,,38,0,0.875,0.640625,0,0.6171875,1780340863.5407941,,,,,,,0.0550719979984352,0.1171875,0,986,0.0859375,14869,55492.28286743164,0,3e-06,0.0859375,0,,36.69422119855881,77.05956586799584,,46,0,0.0,0.062255859375,,0.0006324989954009652,,,,0.0012024993338854983,,-0.875,-0.017798449844121933,0.0006475002010120079,0,0,0.1689453125,1200153.0,0.6171875,0.09375,,,1,195,0,0.0234375,0.875,,,0.037109375,,,,,91.15084838867188,,0.1689453125,,-0.875,0.0027075002435594797,,,-1.9170809537172318e-05,0,,40981.411510249,,157.26843870699668,0.0625,57.58774193900172,,0.0625,0,,,0,1,0.0234375,0.09375,,0,0.2789140045642853,261,
,0.00020224853672576844,0.0,20513.729095458984,2041.0500536420066,,0.20254766599828145,,262,49.33197021484375,0,0,,,,204.927734375,-0.01813460700213909,,0.2534194390027551,467.22828044403286,0,0,190.13741540908813,0.0002449996827635914,0.3828125,,0.0004051815694765537,0,160.6015625,2.703040746609986e-05,1.0323430299758911,,,153.47614794700348,,0.0703125,1063.041015625,0,,0.0009150007826974615,,,4096,,0,0.00021499727154150605,0.061239827579184204,,,720,0.20079949172213674,22.15950171500299,,42,0,0.875,0.6484375,0,0.6171875,1780341017.0415797,,,,,,,0.04972101035685792,0.0703125,0,982,0.0859375,14918,55714.942932128906,0,3e-06,0.0859375,0,,38.00886496901512,76.7341163549936,,48,0,0.0,0.056396484375,,0.0006274985935306177,,,,0.001067501216311939,,-0.875,-0.01813460700213909,0.0005175024853087962,0,0,0.15625,1253010.0,0.6171875,0.1328125,,,1,146,0,0.03125,0.875,,,0.041015625,,,,,91.17918014526367,,0.15625,,-0.875,0.0027950009098276496,,,-1.7798622138798237e-05,0,,41134.069787923,,153.47614794700348,0.0625,54.12400470799912,,0.0625,0,,,0,1,0.03125,0.1328125,,0,0.2824481725692749,262,
,0.00020687391792108395,0.0,21143.909454345703,1986.2784570051886,,0.1960366090061143,,263,48.667442321777344,0,0,,,,204.927734375,-0.02191998064517975,,0.25087972399342107,479.51784948963905,0,0,190.13741540908813,0.0003099976311204955,0.5078125,,0.0002557133348091156,0,158.0625,-5.578507926884413e-05,1.295892596244812,,,152.6369572859985,,0.125,1026.232421875,0,,0.0010349995136493817,,,4096,,0,0.00024500150175299495,0.0635363236638714,,,604,0.206602257094346,22.11920060999546,,44,0,0.875,0.5234375,0,0.4921875,1780341169.6997383,,,,,,,0.05045099876482371,0.125,0,980,0.1484375,14983,55392.391204833984,0,3e-06,0.1484375,0,,35.61154007911682,77.05164336100279,,39,0,0.0,0.063720703125,,0.0006700010999338701,,,,0.001104999682866037,,-0.875,-0.02191998064517975,0.000459998773294501,0,0,0.234375,1212718.0,0.4921875,0.109375,,,1,177,0,0.03125,0.875,,,0.04296875,,,,,91.17662048339844,,0.234375,,-0.875,0.002884999048546888,,,-1.7577200196683407e-05,0,,41286.483758464,,152.6369572859985,0.09375,53.01703746400017,,0.09375,0,,,0,1,0.03125,0.109375,,0,0.2749468982219696,263,
,0.0002102551848614245,0.0,20555.194854736328,1960.1750007463065,,0.18075237699667923,,264,48.2044563293457,0,0,,,,204.927734375,-0.024046065285801888,,0.2512179409968667,475.03454571597103,0,0,190.13741540908813,0.00031500167096965015,0.578125,,0.0006656483456026763,0,171.5078125,-6.482129720097873e-06,1.4466989040374756,,,152.38741433100222,,0.1328125,995.3125,0,,0.0011100000847363845,,,4096,,0,0.00018750324670691043,0.06458646911177096,,,795,0.252681493293494,22.315400762003264,,43,0,0.875,0.4921875,0,0.421875,1780341322.1137695,,,,,,,0.051480109073782504,0.1328125,0,981,0.1171875,15057,56103.22189331055,0,3e-06,0.1171875,0,,35.752177238464355,77.16946337000263,,41,0,0.0,0.0693359375,,0.00048000038077589124,,,,0.0010050007404061034,,-0.875,-0.024046065285801888,0.0005974998202873394,0,0,0.2548828125,1194824.0,0.421875,0.1484375,,,1,154,0,0.0703125,0.875,,,0.0419921875,,,,,91.18986892700195,,0.2548828125,,-0.875,0.003522502083797008,,,-1.846544910222292e-05,0,,41446.137682434,,152.38741433100222,0.109375,52.46852716799913,,0.109375,0,,,0,1,0.0703125,0.1484375,,0,0.2768051028251648,264,
,0.00020241062707077961,0.0078125,21087.356567382812,1954.588497675083,,0.19539437100320356,,265,49.31829833984375,0,0,,,,204.927734375,-0.02937503345310688,,0.2525973299998441,439.7137864070828,0,0,190.13741540908813,0.0003450004442129284,0.546875,,0.00048591839276923565,0,174.5859375,-4.0029108106409694e-05,1.3437875509262085,,,159.61735698900156,,0.140625,1044.1103515625,0,,0.0010025014489656314,,,4096,,0,0.0002724973455769941,0.06243191323496017,,,1024,0.2191895036958158,22.332437170996855,,52,0,0.875,0.484375,0,0.453125,1780341481.7674735,,,,,,,0.05511112145507489,0.140625,0,972,0.1015625,15127,56348.50311279297,0,3e-06,0.1015625,0,,35.794928669929504,77.91159396200237,,42,0,0.0,0.072509765625,,0.0006172485882416368,,,,0.0010825006029335782,,-0.875,-0.02937503345310688,0.0005775000317953527,0,0,0.212890625,1247945.0,0.453125,0.15625,,,1,104,0,0.03125,0.875,,,0.05078125,,,,,91.23138809204102,,0.212890625,,-0.875,0.002479997419868596,,,-2.621905878186226e-05,0,,41600.667797855,,159.61735698900156,0.1171875,58.92310261500097,,0.1171875,0,,,0,1,0.03125,0.15625,,0,0.27723920345306396,265,
,0.00020031454072081003,0.0078125,21369.81964111328,2087.5562476788077,,0.20226599799934775,,266,49.171321868896484,0,0,,,,204.927734375,-0.027619007974863052,,0.2584149719987181,453.3807733823778,0,0,190.13741540908813,0.0002800006768666208,0.5,,0.0002005797309720947,0,186.40625,-7.274491764519553e-07,0.5990546941757202,,,154.49236414999905,,0.09375,1073.404296875,0,,0.0009647446859162301,,,4096,,0,0.00023249776859302074,0.060657075657765576,,,1024,0.1692377554718405,22.38623106200248,,51,0,0.875,0.515625,0,0.5,1780341636.297841,,,,,,,0.04857607831846954,0.09375,0,973,0.109375,15191,56391.18194580078,0,3e-06,0.109375,0,,35.85824370384216,78.25041782399785,,50,0,0.0,0.069091796875,,0.0005399997462518513,,,,0.0012325017451075837,,-0.875,-0.027619007974863052,0.00048749825509730726,0,0,0.1826171875,1290046.0,0.5,0.1796875,,,1,163,0,0.015625,0.875,,,0.0498046875,,,,,91.20054244995117,,0.1826171875,,-0.875,0.004244999217917211,,,-2.3792963474988937e-06,0,,41755.126790439,,154.49236414999905,0.1015625,53.39317370099889,,0.1015625,0,,,0,1,0.015625,0.1796875,,0,0.27856409549713135,266,
,0.00019748120611722542,0.0,20605.239868164062,2045.3968726598603,,0.19594932900508866,,267,49.50695037841797,0,0,,,,204.927734375,-0.011504335328936577,,0.249522045996855,462.44038273471233,0,0,190.13741540908813,0.00026750058168545365,0.390625,,0.0002438658611936262,0,164.0,4.347147461203349e-05,1.345693826675415,,,154.4349432730014,,0.1015625,1069.9091796875,0,,0.0010375006240792572,,,4096,,0,0.0002500019036233425,0.061366679315691466,,,722,0.21908199414610863,22.439041298006487,,41,0,0.875,0.6328125,0,0.609375,1780341790.7568145,,,,,,,0.04929822467407819,0.1015625,0,983,0.0625,15241,56433.101654052734,0,3e-06,0.0625,0,,37.20272704958916,77.53821074900043,,55,0,0.0,0.06005859375,,0.0006775026122340932,,,,0.0010874991858145222,,-0.875,-0.011504335328936577,0.0004925004759570584,0,0,0.1474609375,1263523.0,0.609375,0.1484375,,,1,90,0,0.0234375,0.875,,,0.0400390625,,,,,91.20480728149414,,0.1474609375,,-0.875,0.0032224997994489968,,,-3.546976950019598e-05,0,,41908.014392776,,154.4349432730014,0.0546875,54.010494075999304,,0.0546875,0,,,0,1,0.0234375,0.1484375,,0,0.2641250491142273,267,
,0.00020010715244249462,0.0,20607.45620727539,2060.0972660006146,,0.19587000000319676,,268,49.089168548583984,0,0,,,,204.927734375,-0.03485916182398796,,0.2520601720025297,475.54915721593716,0,0,190.13741540908813,0.000257497958955355,0.5,,0.00038193068394321017,0,153.5546875,4.105337995952141e-05,1.292411208152771,,,152.86001549399953,,0.109375,1076.548828125,0,,0.0011025022104149684,,,4096,,0,0.00021249798010103405,0.060779758186956974,,,748,0.215269741602242,22.106839232998027,,42,0,0.875,0.53125,0,0.5,1780341943.6444287,,,,,,,0.04875220921256283,0.109375,0,982,0.09375,15305,55439.94140625,0,3e-06,0.09375,0,,36.5944430232048,76.55976368600386,,41,0,0.0,0.065185546875,,0.0006799964467063546,,,,0.0010750009096227586,,-0.875,-0.03485916182398796,0.0004949997673975304,0,0,0.189453125,1259626.0,0.5,0.1953125,,,1,192,0,0.03125,0.875,,,0.041015625,,,,,91.23640823364258,,0.189453125,,-0.875,0.0033800024539232254,,,7.315771654248238e-06,0,,42062.919726655,,152.86001549399953,0.0703125,53.74375290500029,,0.0703125,0,,,0,1,0.03125,0.1953125,,0,0.26664748787879944,268,
,0.0002047037002318341,0.0,20039.52407836914,2015.449868095647,,0.1992861430044286,,269,48.32468032836914,0,0,,,,204.927734375,-0.019382663071155548,,0.2556200609978987,472.0046970523981,0,0,190.13741540908813,0.00023749998945277184,0.3984375,,0.0003015991301253962,0,176.625,2.4100839449259226e-05,0.8162055015563965,,,154.89494675199967,,0.078125,1042.83984375,0,,0.0011850006558233872,,,4096,,0,0.0002399974619038403,0.061259540842227386,,,753,0.20773975120391697,22.26050066699827,,36,0,0.875,0.6328125,0,0.6015625,1780342098.5497472,,,,,,,0.05214155495623323,0.078125,0,988,0.09375,15356,55948.35662841797,0,3e-06,0.09375,0,,36.648206412792206,76.49674895499629,,35,0,0.0,0.058837890625,,0.0006049976946087554,,,,0.0010449984984006733,,-0.75,-0.019382663071155548,0.0005450001481221989,0,0,0.1650390625,1248732.0,0.6015625,0.109375,,,1,125,0,0.03125,0.875,,,0.03515625,,,,,91.23283004760742,,0.1650390625,,-0.75,0.0037474983400898054,,,-3.900961019098759e-06,0,,42221.958589466,,154.89494675199967,0.0859375,55.680298008002865,,0.0859375,0,,,0,1,0.03125,0.109375,,0,0.28521114587783813,269,
,0.00021405356356001177,0.0,20870.269775390625,1890.1527977840528,7.76735184500285,0.18941824899957282,,270,47.898109436035156,0,0,,,,204.927734375,-0.007774797733873129,,0.25735874000383774,469.8414165741269,0,0,190.13741540908813,0.00022750100470148027,0.4296875,,0.0001828580525398138,0,146.546875,-6.758783094085175e-05,0.8682032823562622,,,159.02285802099505,,0.1015625,1027.583984375,0,,0.0010974999895552173,,,4096,,0,0.00020999868866056204,0.0637119149237697,,,599,0.18194474978372455,22.062218806997407,,30,0,0.875,0.6171875,0,0.5703125,1780342257.5885944,,,,,,,0.04955369906751539,0.1015625,0,994,0.109375,15411,55225.74996948242,0,3e-06,0.109375,0,,35.42260080575943,76.60147243199754,,46,0,0.0,0.0595703125,,0.0005549973138840869,,,,0.0011949996405746788,,-0.875,-0.007774797733873129,0.0005224992492003366,0,0,0.1962890625,1202310.0,0.5703125,0.09375,,,1,194,0,0.046875,0.875,,,0.029296875,,,,,91.23359680175781,,0.1962890625,,-0.875,0.0029174989322200418,,,-1.2453063391149044e-05,0,,42378.25198078,,159.02285802099505,0.078125,52.1426816289968,,0.078125,0,,,0,1,0.046875,0.09375,,0,0.26043811440467834,270,
,0.00021326604258133731,0.0,21152.965545654297,1963.0940224987394,,0.20967551400099183,,271,48.828704833984375,0,0,,,,204.927734375,-0.02809087373316288,,0.26169406899862224,471.57883152794966,0,0,190.13741540908813,0.00024750079319346696,0.484375,,0.0002480689815911319,0,155.4296875,-2.2310567828753847e-05,1.5615053176879883,,,156.26836844499485,,0.1328125,1042.888671875,0,,0.0009724990377435461,,,4096,,0,0.00026750058168545365,0.06342631403790153,,,755,0.23459651856683195,22.265991391999705,,44,0,0.875,0.5234375,0,0.515625,1780342413.8818927,,,,,,,0.05215747692613392,0.1328125,0,980,0.125,15473,56168.30062866211,0,3e-06,0.125,0,,35.94852238893509,77.82903457700013,,51,0,0.0,0.068115234375,,0.0005449983291327953,,,,0.0010999992809956893,,-0.875,-0.02809087373316288,0.0004675002855947241,0,0,0.1953125,1227078.0,0.515625,0.125,,,1,138,0,0.0078125,0.875,,,0.04296875,,,,,91.16293716430664,,0.1953125,,-0.875,0.0028522499633254483,,,-9.262468665838242e-06,0,,42535.528138236,,156.26836844499485,0.09375,55.699908444003086,,0.09375,0,,,0,1,0.0078125,0.125,,0,0.28015580773353577,271,
,0.00019991207541243737,0.0,21596.569061279297,2073.1848649649323,,0.2026683900039643,,272,49.91797637939453,0,0,,,,204.927734375,-0.018331430852413177,,0.260692942996684,464.7958610439673,0,0,190.13741540908813,0.00023000211513135582,0.4609375,,0.0003424501701374538,0,177.9375,-3.72629374396638e-05,0.9283832907676697,,,157.25056916500034,,0.078125,1095.537109375,0,,0.0010150015441467986,,,4096,,0,0.000262496541836299,0.0607703097079953,,,811,0.19910724950022995,22.59117452800274,,53,0,0.875,0.5625,0,0.5390625,1780342571.1581202,,,,,,,0.04897996126061722,0.078125,0,971,0.0859375,15532,57147.762298583984,0,3e-06,0.0859375,0,,37.45928034186363,79.24679313099477,,42,0,0.0,0.062255859375,,0.0005924975994275883,,,,0.0009899995347950608,,-0.875,-0.018331430852413177,0.000662499587633647,0,0,0.169921875,1304038.0,0.5390625,0.140625,,,1,3,0,0.0234375,0.875,,,0.0517578125,,,,,91.17494201660156,,0.169921875,,-0.875,0.0037699992390116677,,,2.4536973796784878e-05,0,,42683.847491165,,157.25056916500034,0.1328125,54.947189940998214,,0.1328125,0,,,0,1,0.0234375,0.140625,,0,0.2850854694843292,272,
,0.00021994199704458475,0.0,20436.443328857422,1945.4852660780496,,0.1900427380023757,,273,47.955116271972656,0,0,,,,204.927734375,-0.020507490262389183,,0.25378117299987935,483.0870822570432,0,0,190.13741540908813,0.0003274981281720102,0.5234375,,0.00047897654894768493,0,147.09375,2.1670988419764114e-05,0.4138556718826294,,,148.27341796400287,,0.109375,979.7177734375,0,,0.0009349987522000447,,,4096,,0,0.00024499786377418786,0.06572557547785077,,,663,0.1843450008891523,21.916767987997446,,35,0,0.875,0.5,0,0.4765625,1780342719.4775386,,,,,,,0.049911830802673765,0.109375,0,989,0.140625,15599,54880.60760498047,0,3e-06,0.140625,0,,37.45395690202713,75.8377838929955,,41,0,0.0,0.0712890625,,0.0005375022738007829,,,,0.0012350010365480557,,-0.875,-0.020507490262389183,0.000602500222157687,0,0,0.22265625,1153855.0,0.4765625,0.1484375,,,1,99,0,0.0234375,0.875,,,0.0341796875,,,,,91.20488739013672,,0.22265625,,-0.875,0.003692499376484193,,,3.525055944919586e-07,0,,42834.810057467,,148.27341796400287,0.1015625,50.0730959279972,,0.1015625,0,,,0,1,0.0234375,0.1484375,,0,0.27392351627349854,273,
,0.00021068127363697871,0.0,20689.481735229492,1987.4941749143009,,0.19430975100112846,,274,48.30237579345703,0,0,,,,204.927734375,-0.01303075160831213,,0.25280256999394624,470.97049683361547,0,0,190.13741540908813,0.0002874985511880368,0.4765625,,0.00035744165415962925,0,143.3359375,-0.00013094483995246264,0.42454713582992554,,,150.9349077779989,,0.0546875,1028.4697265625,0,,0.0009575014701113105,,,4096,,0,0.00032249954529106617,0.06392026627742295,,,737,0.1725722395349294,22.100961772994197,,33,0,0.875,0.5546875,0,0.5234375,1780342870.439858,,,,,,,0.049076591526590496,0.0546875,0,991,0.1484375,15660,55501.69372558594,0,3e-06,0.1484375,0,,37.45565935969353,76.69978119400184,,50,0,0.0,0.068359375,,0.000750003891880624,,,,0.001160000465461053,,-0.875,-0.01303075160831213,0.0005125002644490451,0,0,0.212890625,1199929.0,0.5234375,0.1171875,,,1,17,0,0.03125,0.875,,,0.0322265625,,,,,91.19677352905273,,0.212890625,,-0.875,0.0030147493816912174,,,2.1407147869467735e-05,0,,42989.47283307,,150.9349077779989,0.125,51.68515959600336,,0.125,0,,,0,1,0.03125,0.1171875,,0,0.2665746212005615,274,
,0.0002141463362161411,0.0,20834.50698852539,1961.389066870796,,0.1974546810015454,,275,49.40968322753906,0,0,,,,204.927734375,-0.013428828679025173,,0.2598051189997932,467.56520598319185,0,0,190.13741540908813,0.000252499376074411,0.5234375,,0.00017524160739412764,0,163.6796875,7.404677415934202e-05,0.47612443566322327,,,154.636963732999,,0.0859375,1021.0986328125,0,,0.0008400002116104588,,,4096,,0,0.00034000368032138795,0.06338158180220589,,,806,0.2531289937905967,22.005006765997678,,32,0,0.875,0.5234375,0,0.4765625,1780343025.1029088,,,,,,,0.052866428191334434,0.0859375,0,992,0.109375,15727,55556.22100830078,0,3e-06,0.109375,0,,36.805786192417145,76.89535900299961,,37,0,0.0,0.060791015625,,0.0005849997251061723,,,,0.0011050015018554404,,-0.875,-0.013428828679025173,0.0005500005499925464,0,0,0.205078125,1213213.0,0.4765625,0.234375,,,1,116,0,0.046875,0.875,,,0.03125,,,,,91.18978881835938,,0.205078125,,-0.875,0.0032124989957083017,,,2.584070898592472e-06,0,,43139.092708171,,154.636963732999,0.046875,55.27740164900024,,0.046875,0,,,0,1,0.046875,0.234375,,0,0.2588531970977783,275,
,0.00022047886991779586,0.0,20872.726440429688,1921.5523552076277,,0.19367773499834584,,276,47.49156188964844,0,0,,,,204.927734375,-0.020279059186577797,,0.25349756499781506,474.09770428384945,0,0,190.13741540908813,0.00026500129024498165,0.453125,,0.0002842209892151004,0,140.015625,-1.1889310513879536e-05,0.49271640181541443,,,149.58725908300403,,0.1171875,982.7958984375,0,,0.0009975010470952839,,,4096,,0,0.00018750142771750689,0.06672569074649339,,,759,0.17551251221448183,22.337859776002006,,30,0,0.875,0.5703125,0,0.546875,1780343174.7227263,,,,,,,0.04976402826557773,0.1171875,0,994,0.0859375,15785,55335.01052856445,0,3e-06,0.0859375,0,,36.44659370183945,76.71846346699749,,41,0,0.0,0.064453125,,0.0005425008566817269,,,,0.0011650008673314005,,-0.875,-0.020279059186577797,0.0004875000740867108,0,0,0.1787109375,1149759.0,0.546875,0.15625,,,1,166,0,0.0234375,0.875,,,0.029296875,,,,,91.21309661865234,,0.1787109375,,-0.875,0.003042499884031713,,,8.873175829648972e-07,0,,43291.778972039,,149.58725908300403,0.0703125,50.08167205799691,,0.0703125,0,,,0,1,0.0234375,0.15625,,0,0.2675922214984894,276,
,0.00021854937468079617,0.0,20708.328247070312,1998.1330935238273,,0.18832614699931582,,277,47.66977310180664,0,0,,,,204.927734375,-0.016982551664114,,0.2666850930036162,579.4682554897008,0,0,190.13741540908813,0.0002950000634882599,0.5390625,,0.00028800352174584987,0,159.3203125,0.0001497654699846862,0.5528140068054199,,,152.67388893599855,,0.1328125,1032.3310546875,0,,0.0011824995453935117,,,4096,,0,0.0002174983819713816,0.0632995847985353,,,722,0.22615448688156903,22.310906972998055,,42,0,0.875,0.484375,0,0.4609375,1780343327.4090052,,,,,,,0.04981909643488945,0.1328125,0,982,0.109375,15854,55917.03796386719,0,3e-06,0.109375,0,,36.31329908967018,77.24138164999749,,43,0,0.0,0.0673828125,,0.0007274993549799547,,,,0.001167498339782469,,-0.875,-0.016982551664114,0.000559999534743838,0,0,0.2041015625,1220251.0,0.4609375,0.171875,,,1,153,0,0.0234375,0.875,,,0.041015625,,,,,91.20637512207031,,0.2041015625,,-0.875,0.0035799985198536888,,,-6.820075213909149e-06,0,,43443.315697567,,152.67388893599855,0.1015625,52.664115574996686,,0.1015625,0,,,0,1,0.0234375,0.171875,,0,0.2832583785057068,277,
,0.0002182204588978991,0.0,20757.173538208008,1943.633249838225,,0.19881169599830173,,278,48.35157012939453,0,0,,,,204.927734375,-0.01300078071653843,,0.25705322599969804,477.00973572500516,0,0,190.13741540908813,0.0002725009835558012,0.484375,,0.00018345602711633546,0,152.0,-2.376185271657505e-05,1.474156141281128,,,151.51418099299917,,0.09375,998.34375,0,,0.0012299988156883046,,,4096,,0,0.00018500031728763133,0.06483935198123882,,,598,0.20260974997654557,22.057021084001462,,38,0,0.875,0.53125,0,0.515625,1780343478.9457119,,,,,,,0.05147341511233149,0.09375,0,986,0.125,15916,55108.01696777344,0,3e-06,0.125,0,,35.2344885468483,76.37764434500423,,40,0,0.0,0.0732421875,,0.0005625006451737136,,,,0.0010150015441467986,,-0.875,-0.01300078071653843,0.0005924994184169918,0,0,0.19921875,1177952.0,0.515625,0.125,,,1,158,0,0.015625,0.875,,,0.037109375,,,,,91.16854476928711,,0.19921875,,-0.875,0.003147499228361994,,,1.6737030819058418e-06,0,,43596.533686701,,151.51418099299917,0.125,52.62147816299694,,0.125,0,,,0,1,0.015625,0.125,,0,0.29749369621276855,278,
,0.00020692316219490133,0.0,20473.7606048584,2037.465691716898,,0.19547380499716382,,279,49.083126068115234,0,0,,,,204.927734375,-0.024378478527069092,,0.2583516380036599,476.5881124912994,0,0,190.13741540908813,0.0002824999683070928,0.4453125,,0.00014456990470534947,0,146.3125,5.1453119453981344e-05,1.5224300622940063,,,153.19754893000209,,0.0859375,1072.9638671875,0,,0.0010250005288980901,,,4096,,0,0.0002425003913231194,0.06149940934804603,,,766,0.16743523883633316,22.228998457998387,,42,0,0.875,0.578125,0,0.5546875,1780343632.1636384,,,,,,,0.048901006018851945,0.0859375,0,982,0.109375,15973,55795.127868652344,0,3e-06,0.109375,0,,38.760144263505936,76.78441104800004,,40,0,0.0,0.0628662109375,,0.0006124992069089785,,,,0.001227497705258429,,-0.875,-0.024378478527069092,0.0005450001481221989,0,0,0.1787109375,1248539.0,0.5546875,0.125,,,1,187,0,0.0234375,0.875,,,0.041015625,,,,,91.16949462890625,,0.1787109375,,-0.875,0.00294749770546332,,,1.8686754629015923e-05,0,,43757.012479105,,153.19754893000209,0.1015625,53.72826882800291,,0.1015625,0,,,0,1,0.0234375,0.125,,0,0.252660870552063,279,
,0.0002089073440219575,0.0,20315.786361694336,1930.9335305760803,7.0179573119967245,0.19680117100506322,,280,48.52416229248047,0,0,,,,204.927734375,-0.030272705480456352,,0.258908898998925,493.73898361045576,0,0,190.13741540908813,0.00036249912227503955,0.4609375,,0.0002735879211286374,0,163.5859375,-5.077394701658022e-05,0.8021091222763062,,,160.45969221300038,,0.109375,1046.71484375,0,,0.0011850006558233872,,,4096,,0,0.0003349996404722333,0.06181365362916702,,,812,0.22608748986385763,22.20289295299881,,49,0,0.875,0.546875,0,0.5390625,1780343792.6426122,,,,,,,0.050541972686117535,0.109375,0,975,0.1328125,16032,55762.962341308594,0,3e-06,0.1328125,0,,35.90664640069008,76.60862799800088,,43,0,0.0,0.066162109375,,0.0005824967956868932,,,,0.0011700030881911516,,-0.875,-0.030272705480456352,0.00047749745135661215,0,0,0.1923828125,1239348.0,0.5390625,0.1328125,,,1,218,0,0.0078125,0.875,,,0.0478515625,,,,,91.18562698364258,,0.1923828125,,-0.875,0.003465000190772116,,,3.511249087750912e-05,0,,43909.944799043,,160.45969221300038,0.078125,54.172705835997476,,0.078125,0,,,0,1,0.0078125,0.1328125,,0,0.27478253841400146,280,
,0.0002090415956031615,0.0,21098.283767700195,1961.5927732397597,,0.1949544369999785,,281,47.70866394042969,0,0,,,,204.927734375,-0.021189788356423378,,0.2507759139989503,477.1220659640676,0,0,190.13741540908813,0.00026999987312592566,0.4375,,0.0002245263931399677,0,151.578125,-8.03765212253893e-06,1.4705784320831299,,,152.89182550599799,,0.078125,1019.951171875,0,,0.0010474996088305488,,,4096,,0,0.0002575015969341621,0.06417105321986308,,,768,0.15776049986016005,22.064859689002333,,38,0,0.875,0.578125,0,0.5625,1780343945.5747366,,,,,,,0.05112492079507715,0.078125,0,986,0.1171875,16088,55372.51663208008,0,3e-06,0.1171875,0,,34.46108475327492,76.98254731099587,,30,0,0.0,0.0623779296875,,0.0005000001692678779,,,,0.0009874984243651852,,-0.875,-0.021189788356423378,0.0005524980224436149,0,0,0.1767578125,1199646.0,0.5625,0.1328125,,,1,87,0,0.015625,0.875,,,0.037109375,,,,,91.18682098388672,,0.1767578125,,-0.875,0.0023850006982684135,,,1.138180959969759e-05,0,,44066.375486682,,152.89182550599799,0.09375,53.39640102600242,,0.09375,0,,,0,1,0.015625,0.1328125,,0,0.2793411910533905,281,
,0.00021589903946152257,0.0,21848.373413085938,1970.8854243137105,,0.19936987300025066,,282,50.554019927978516,0,0,,,,204.927734375,-0.0307984109967947,,0.2661942319973605,583.8877617570688,0,0,190.13741540908813,0.0002999986463692039,0.4765625,,0.0002674209204087674,0,168.6953125,-1.8730672081801458e-05,0.40923064947128296,,,156.39633141400554,,0.0859375,1035.3642578125,0,,0.001057500412571244,,,4096,,0,0.00020750121620949358,0.06365159439056314,,,746,0.2101869904436171,22.41350791900186,,57,0,0.875,0.546875,0,0.5234375,1780344102.0055587,,,,,,,0.05190978697016807,0.0859375,0,967,0.1015625,16149,56009.857177734375,0,3e-06,0.1015625,0,,37.34336793422699,78.47967886500555,,56,0,0.0,0.08984375,,0.000505002390127629,,,,0.001110001903725788,,-0.875,-0.0307984109967947,0.0006299997039604932,0,0,0.185546875,1232957.0,0.5234375,0.171875,,,1,16,0,0.0234375,0.875,,,0.0556640625,,,,,91.18812561035156,,0.185546875,,-0.875,0.003147499228361994,,,3.967201337218285e-06,0,,44217.514573711,,156.39633141400554,0.09375,55.0354309730028,,0.09375,0,,,0,1,0.0234375,0.171875,,0,0.28706055879592896,282,
,0.0002083305016367908,0.0,20422.462463378906,2001.3896913172985,,0.1927606690005632,,283,47.95358657836914,0,0,,,,204.927734375,-0.012824499979615211,,0.25202949099912075,457.4254602775909,0,0,190.13741540908813,0.0003174991434207186,0.484375,,0.0002109336483044899,0,154.5078125,-1.3666766710329625e-05,0.5138068795204163,,,151.11474857299618,,0.09375,1026.896484375,0,,0.0009974974091164768,,,4096,,0,0.00030500086722895503,0.06313521742530459,,,723,0.20467473950702697,22.09198592800385,,40,0,0.875,0.5234375,0,0.515625,1780344253.1445818,,,,,,,0.0496391414979163,0.09375,0,984,0.1328125,16211,55463.60778808594,0,3e-06,0.1328125,0,,34.62586551904678,76.37833436200162,,43,0,0.0,0.078857421875,,0.0006325008143903688,,,,0.001165002686320804,,-0.875,-0.012824499979615211,0.0005399979272624478,0,0,0.189453125,1209758.0,0.515625,0.1484375,,,1,4,0,0.0078125,0.875,,,0.0390625,,,,,91.1762580871582,,0.189453125,,-0.875,0.004152501787757501,,,2.7213245630264282e-05,0,,44373.081084607,,151.11474857299618,0.1015625,52.197642129001906,,0.1015625,0,,,0,1,0.0078125,0.1484375,,0,0.279540091753006,283,
,0.0001998909387230502,0.0,21349.197387695312,2069.235148702985,,0.19879625100293197,,284,49.39165496826172,0,0,,,,204.927734375,-0.03825175389647484,,0.2573331980020157,468.8484461312328,0,0,190.13741540908813,0.0002375018084421754,0.5,,0.0005172252026568458,0,170.1875,2.1537299588203496e-05,0.47642576694488525,,,155.53669683299813,,0.125,1087.0078125,0,,0.0010024996299762279,,,4096,,0,0.00020250081433914602,0.06101210516417768,,,806,0.17252250108867884,22.440597360000538,,52,0,0.875,0.53125,0,0.5,1780344408.711027,,,,,,,0.04859688312418843,0.125,0,972,0.125,16275,56690.635681152344,0,3e-06,0.125,0,,36.170538514852524,78.5450318009971,,41,0,0.0,0.0662841796875,,0.0004475004971027374,,,,0.0011475003702798858,,-0.875,-0.03825175389647484,0.0006675018084933981,0,0,0.2158203125,1287368.0,0.5,0.15625,,,1,127,0,0.03125,0.875,,,0.05078125,,,,,91.21124649047852,,0.2158203125,,-0.875,0.003519997335388325,,,1.029216218739748e-05,0,,44525.264460193,,155.53669683299813,0.0625,54.092996218001645,,0.0625,0,,,0,1,0.03125,0.15625,,0,0.2706136405467987,284,
,0.00021350271888420793,0.0,21138.999938964844,2026.7806205580523,,0.1948317220012541,,285,48.912567138671875,0,0,,,,204.927734375,-0.027909327298402786,,0.2633756729992456,464.1822038574901,0,0,190.13741540908813,0.00033250216802116483,0.5234375,,0.00010259768532705493,0,154.046875,-3.136566411399144e-05,0.5537750720977783,,,152.16175686300267,,0.109375,1050.634765625,0,,0.0009950017556548119,,,4096,,0,0.00031499803299084306,0.06294439097709639,,,720,0.1927224948303774,22.26136356600182,,56,0,0.875,0.515625,0,0.4765625,1780344560.8944914,,,,,,,0.048140842475250856,0.109375,0,968,0.1015625,16342,56010.19287109375,0,3e-06,0.1015625,0,,34.24781933426857,77.64782304300024,,42,0,0.0,0.073486328125,,0.0005675010470440611,,,,0.0011575029930099845,,-0.875,-0.027909327298402786,0.0005749989213654771,0,0,0.2158203125,1233594.0,0.4765625,0.15625,,,1,142,0,0.0390625,0.875,,,0.0546875,,,,,91.17597198486328,,0.2158203125,,-0.875,0.003544750143191777,,,1.1115684174001217e-05,0,,44681.57033824,,152.16175686300267,0.1171875,51.79232537699863,,0.1171875,0,,,0,1,0.0390625,0.15625,,0,0.27723899483680725,285,
,0.00018849936330185937,0.0,21358.062744140625,2212.1017350825246,,0.21620076600083848,,286,51.2955322265625,0,0,,,,204.927734375,-0.033284060657024384,,0.26067822000186425,483.33297716089874,0,0,190.13741540908813,0.0002200013113906607,0.4453125,,9.711293841974111e-05,0,168.4375,1.1281471287816203e-05,0.4407182037830353,,,156.2894890940006,,0.1171875,1182.0634765625,0,,0.0009224986570188776,,,4096,,0,0.0003199984348611906,0.05706321713802998,,,629,0.20609499188140035,22.649683791001735,,68,0,0.875,0.5625,0,0.5546875,1780344717.2003741,,,,,,,0.044816688193398534,0.1171875,0,956,0.09375,16399,57036.216735839844,0,3e-06,0.09375,0,,35.639047622680664,78.91346480200446,,44,0,0.0,0.0654296875,,0.0005399979272624478,,,,0.0011249994713580236,,-0.875,-0.033284060657024384,0.0005000019882572815,0,0,0.15625,1382913.0,0.5546875,0.171875,,,1,174,0,0.0078125,0.875,,,0.06640625,,,,,91.1931266784668,,0.15625,,-0.875,0.003574750735424459,,,7.824157364666462e-06,0,,44833.549930501,,156.2894890940006,0.0546875,54.24759833999997,,0.0546875,0,,,0,1,0.0078125,0.171875,,0,0.26629313826560974,286,
,0.00020691745659908193,0.0,20600.345611572266,2029.2292481929032,,0.1892381369980285,,287,49.31089782714844,0,0,,,,204.927734375,-0.01473653968423605,,0.2552194399977452,458.76496059099736,0,0,190.13741540908813,0.00021500090952031314,0.4765625,,0.0003713604078257049,0,154.7578125,-3.6749181816730925e-05,0.4505298137664795,,,151.9586809990069,,0.1171875,1049.76953125,0,,0.0008299994078697637,,,4096,,0,0.00022999847715254873,0.06199928721960158,,,794,0.2492514904588461,22.71439168300276,,42,0,0.875,0.5703125,0,0.5234375,1780344869.179943,,,,,,,0.048676644226222615,0.1171875,0,982,0.078125,16460,55376.19400024414,0,3e-06,0.078125,0,,36.5925095975399,76.47215283099649,,42,0,0.0,0.0655517578125,,0.0005300007615005597,,,,0.0011650008673314005,,-0.875,-0.01473653968423605,0.0005249985406408086,0,0,0.19921875,1233436.0,0.5234375,0.1328125,,,1,126,0,0.046875,0.875,,,0.041015625,,,,,91.19005584716797,,0.19921875,,-0.875,0.003002502126037143,,,-7.066875696182251e-06,0,,44980.38157406,,151.9586809990069,0.1015625,52.325640183997166,,0.1015625,0,,,0,1,0.046875,0.1328125,,0,0.2777044475078583,287,
,0.0002302111413801531,0.0,20262.14599609375,1881.7060651232623,,0.18192393200297374,,288,46.33447265625,0,0,,,,204.927734375,-0.023046929389238358,,0.2543994260049658,495.51691920169105,0,0,190.13741540908813,0.0003274981281720102,0.484375,,0.00031520955826636055,0,135.09375,9.68764356059637e-05,0.48459485173225403,,,146.8175636570013,,0.171875,944.076171875,0,,0.0009849991329247132,,,4096,,0,0.0002600008883746341,0.068043906974219,,,811,0.2708512474782765,21.73006238200469,,33,0,0.875,0.5390625,0,0.515625,1780345016.011581,,,,,,,0.05115771903543274,0.171875,0,991,0.125,16522,54400.89797973633,0,3e-06,0.125,0,,34.4417542219162,75.19328028000018,,37,0,0.0,0.06640625,,0.0006572499842150137,,,,0.0010224994184682146,,-0.875,-0.023046929389238358,0.0005275014700600877,0,0,0.2236328125,1105070.0,0.515625,0.078125,,,1,135,0,0.0234375,0.875,,,0.0322265625,,,,,91.1828498840332,,0.2236328125,,-0.875,0.0029997499950695783,,,-1.9086990505456924e-05,0,,45132.825453937,,146.8175636570013,0.0859375,49.455906354000035,,0.0859375,0,,,0,1,0.0234375,0.078125,,0,0.2578706443309784,288,
,0.00020424225093704858,0.0,20501.388549804688,2045.3570214080614,,0.20356693400390213,,289,49.19533157348633,0,0,,,,204.927734375,-0.014739678241312504,,0.2546614930033684,463.86052729940275,0,0,190.13741540908813,0.0003324967110529542,0.4140625,,0.00026198748128081206,0,169.109375,-8.843737143138242e-05,1.7177332639694214,,,152.40126625199628,,0.0625,1048.52734375,0,,0.0009199993655784056,,,4096,,0,0.0002400010998826474,0.061536996967583704,,,751,0.16838748706504703,22.14690520700242,,40,0,0.875,0.609375,0,0.5859375,1780345168.4554386,,,,,,,0.04942386044321904,0.0625,0,984,0.0859375,16575,55725.006103515625,0,3e-06,0.0859375,0,,37.589605897665024,76.72802003900142,,47,0,0.0,0.0572509765625,,0.0004999983502784744,,,,0.0010325020411983132,,-0.875,-0.014739678241312504,0.0004749999789055437,0,0,0.154296875,1246860.0,0.5859375,0.1640625,,,1,209,0,0.0234375,0.875,,,0.0390625,,,,,91.19913101196289,,0.154296875,,-0.875,0.003364999429322779,,,-3.0588824301958084e-05,0,,45290.811856664,,152.40126625199628,0.078125,53.066003567000735,,0.078125,0,,,0,1,0.0234375,0.1640625,,0,0.2786698043346405,289,
,0.00021619881301662567,0.0,20884.94110107422,1897.2969966782052,7.603736098004447,0.19718795199878514,,290,47.97734451293945,0,0,,,,204.927734375,-0.015346954576671124,,0.2591867040027864,460.8099866472912,0,0,190.13741540908813,0.0002400010998826474,0.453125,,0.0006040154066795367,0,154.65625,-2.1747489853396473e-05,0.5068476796150208,,,157.9661753140026,,0.1015625,1016.0810546875,0,,0.001014999725157395,,,4096,,0,0.00025000008463393897,0.06421791846083658,,,748,0.14211800589691848,22.13352143100201,,45,0,0.875,0.5703125,0,0.546875,1780345326.4419596,,,,,,,0.04880870951024935,0.1015625,0,979,0.1015625,16633,55605.11016845703,0,3e-06,0.1015625,0,,35.67802906036377,76.98668827799702,,44,0,0.0,0.0625,,0.0005775018507847562,,,,0.001172496922663413,,-0.875,-0.015346954576671124,0.0005975034582661465,0,0,0.18359375,1198835.0,0.546875,0.15625,,,1,143,0,0.0234375,0.875,,,0.0439453125,,,,,91.20260238647461,,0.18359375,,-0.875,0.003022249075002037,,,-5.499459803104401e-06,0,,45443.106664815,,157.9661753140026,0.0703125,50.783851558000606,,0.0703125,0,,,0,1,0.0234375,0.15625,,0,0.2770885229110718,290,
,0.0002024222522961243,0.0078125,20448.516845703125,2052.538433180681,,0.20251983900379855,,291,48.871673583984375,0,0,,,,204.927734375,-0.011231772601604462,,0.253053522996197,457.7568765871547,0,0,190.13741540908813,0.00027750138542614877,0.4921875,,0.00030609978739448707,0,164.90625,4.64383499121368e-06,0.5567436218261719,,,152.26596732500184,,0.1015625,1055.9208984375,0,,0.0009522500477032736,,,4096,,0,0.00019999970390927047,0.06166839801076112,,,1024,0.191142491530627,22.37401243599743,,56,0,0.875,0.53125,0,0.5078125,1780345478.7366889,,,,,,,0.048407335220941004,0.1015625,0,968,0.0859375,16696,56149.76501464844,0,3e-06,0.0859375,0,,37.093233317136765,77.09332939999877,,43,0,0.0,0.067626953125,,0.0005500005499925464,,,,0.0010349976946599782,,-0.875,-0.011231772601604462,0.0004475004971027374,0,0,0.177734375,1250127.0,0.5078125,0.1796875,,,1,77,0,0.0234375,0.875,,,0.0546875,,,,,91.17450332641602,,0.177734375,,-0.875,0.0028250015020603314,,,1.3921526260674e-05,0,,45594.301299212,,152.26596732500184,0.1015625,52.341060503000335,,0.1015625,0,,,0,1,0.0234375,0.1796875,,0,0.2871740758419037,291,
,0.00020921611262090484,0.0,20492.734909057617,2020.4976342228701,,0.20240636599919526,,292,48.799659729003906,0,0,,,,204.927734375,-0.01883385330438614,,0.25560727500123903,541.3479043218103,0,0,190.13741540908813,0.0002575015969341621,0.4765625,,0.0003655183668342943,0,155.296875,-1.6809269993700582e-06,0.5040971040725708,,,151.16795725300472,,0.1328125,1037.806640625,0,,0.0010225012374576181,,,4096,,0,0.00022499807528220117,0.06296631580665957,,,887,0.17284549539908767,22.224827322002966,,42,0,0.875,0.546875,0,0.5234375,1780345629.93133,,,,,,,0.0485120352333754,0.1328125,0,982,0.0703125,16757,55857.60498046875,0,3e-06,0.0703125,0,,36.47290915250778,76.92834074099665,,49,0,0.0,0.067138671875,,0.0006449990905821323,,,,0.0012500004231696948,,-0.875,-0.01883385330438614,0.0005750007403548807,0,0,0.1787109375,1221738.0,0.5234375,0.140625,,,1,195,0,0.0234375,0.875,,,0.041015625,,,,,91.2145004272461,,0.1787109375,,-0.875,0.0032174993975786492,,,-2.7435016818344593e-05,0,,45745.280224639,,151.16795725300472,0.109375,51.5544190110013,,0.109375,0,,,0,1,0.0234375,0.140625,,0,0.2913638651371002,292,
,0.0002109876057023406,0.0,20638.74053955078,1967.9695441891683,,0.1951233290019445,,293,48.07749938964844,0,0,,,,204.927734375,-0.01874631643295288,,0.2507140400048229,463.5859466761758,0,0,190.13741540908813,0.0003924978955183178,0.4765625,,0.0002038722341239918,0,139.6640625,-2.511837455365651e-06,1.3102912902832031,,,150.95355559600284,,0.1171875,1020.7734375,0,,0.00096500116342213,,,4096,,0,0.0002725009835558012,0.06438351313570696,,,670,0.18391726189292967,22.0749009689971,,47,0,0.875,0.5390625,0,0.5234375,1780345780.9101512,,,,,,,0.049675711287589124,0.1171875,0,977,0.0859375,16818,55367.63000488281,0,3e-06,0.0859375,0,,36.00841388106346,76.50615605700295,,45,0,0.0,0.07080078125,,0.0006625014066230506,,,,0.0010525000107008964,,-0.875,-0.01874631643295288,0.0004449993866728619,0,0,0.169921875,1188288.0,0.5234375,0.1484375,,,1,61,0,0.015625,0.875,,,0.0458984375,,,,,91.13951873779297,,0.169921875,,-0.875,0.00344474938174244,,,-1.0989606380462646e-06,0,,45896.792772566,,150.95355559600284,0.109375,51.92463008900086,,0.109375,0,,,0,1,0.015625,0.1484375,,0,0.2566690444946289,293,
,0.00020726766043175295,0.0,20246.925354003906,2016.4188500628284,,0.19935509499919135,,294,48.326011657714844,0,0,,,,204.927734375,-0.027272308245301247,,0.253257037998992,465.6472745282372,0,0,190.13741540908813,0.0003825007297564298,0.4921875,,0.00034050877184199635,0,161.859375,-7.243880213536613e-05,0.4875894784927368,,,151.4918391040046,,0.109375,1031.38671875,0,,0.001017502654576674,,,4096,,0,0.0002774977474473417,0.06257302390815649,,,885,0.1812925038393587,22.121304953005165,,45,0,0.875,0.5234375,0,0.5078125,1780345932.42282,,,,,,,0.04967011431628424,0.109375,0,979,0.109375,16881,55709.922790527344,0,3e-06,0.109375,0,,34.29295867681503,76.45697674499388,,41,0,2.3408240394928725e-06,0.063232421875,,0.0007225007720990106,,,,0.001067501216311939,,-0.875,-0.027272308245301247,0.00048249967221636325,0,0,0.1826171875,1221884.0,0.5078125,0.1953125,,,1,147,0,0.015625,0.875,,,0.0439453125,,,,,91.20722198486328,,0.1826171875,,-0.875,0.0031247509468812495,,,-1.4218967407941818e-05,0,,46050.890257634,,151.4918391040046,0.0625,52.45859453400044,,0.0625,0,,,0,1,0.015625,0.1953125,,0,0.2747412323951721,294,
,0.00019971833937210872,0.0,21170.841217041016,2089.975421791911,,0.19861373199819354,,295,48.974464416503906,0,0,,,,204.927734375,-0.021234918385744095,,0.25724580899986904,463.4270220904,0,0,190.13741540908813,0.0003349996404722333,0.4609375,,0.00018750795015876065,0,166.8515625,3.434053637363377e-05,1.6545805931091309,,,154.07394108200242,,0.15625,1091.0029296875,0,,0.0009074992703972384,,,4096,,0,0.00025749977794475853,0.060724159630543895,,,805,0.1926247641677037,22.455473276000703,,60,0,0.875,0.5859375,0,0.5390625,1780346086.5202894,,,,,,,0.04739137719290007,0.15625,0,964,0.0703125,16940,56545.135498046875,0,3e-06,0.0703125,0,,35.72559356689453,78.21532874300465,,42,0,0.0,0.064697265625,,0.000604999513598159,,,,0.0011824995453935117,,-0.875,-0.021234918385744095,0.0004699995770351961,0,0,0.1982421875,1288043.0,0.5390625,0.1171875,,,1,85,0,0.046875,0.875,,,0.05859375,,,,,91.1890754699707,,0.1982421875,,-0.875,0.0030299979698611423,,,-1.8944265320897102e-06,0,,46205.976349998,,154.07394108200242,0.0703125,52.94503051200445,,0.0703125,0,,,0,1,0.046875,0.1171875,,0,0.2703772783279419,295,
,0.00020311399699786623,0.0,20785.972595214844,2028.9087462892312,,0.1975012879993301,,296,49.152366638183594,0,0,,,,204.927734375,-0.009901585057377815,,0.2556114500039257,453.3727117704984,0,0,190.13741540908813,0.0003474997356534004,0.453125,,0.00032508190133739845,0,158.3359375,2.550437687887097e-05,0.615501880645752,,,155.0664861470068,,0.078125,1070.6318359375,0,,0.0011475003702798858,,,4096,,0,0.0002174983819713816,0.06133979988287125,,,793,0.24788174778223038,22.25651781900524,,47,0,0.875,0.5546875,0,0.546875,1780346241.6063807,,,,,,,0.050314065493232404,0.078125,0,977,0.09375,16998,55917.327880859375,0,3e-06,0.09375,0,,36.9400829076767,77.1938685799978,,39,0,0.0,0.058837890625,,0.0006549998943228275,,,,0.001119999069487676,,-0.875,-0.009901585057377815,0.0005375004548113793,0,0,0.1640625,1258463.0,0.546875,0.15625,,,1,44,0,0.0078125,0.875,,,0.0458984375,,,,,91.18350982666016,,0.1640625,,-0.875,0.0034024997148662806,,,-5.804700776934624e-06,0,,46359.058084798,,155.0664861470068,0.1171875,55.160668479999,,0.1171875,0,,,0,1,0.0078125,0.15625,,0,0.2568390667438507,296,
,0.00020710543937930856,0.0,21050.395965576172,1977.412479315768,,0.19338656900072237,,297,48.33597183227539,0,0,,,,204.927734375,-0.023905420675873756,,0.2507023770012893,470.1797710476967,0,0,190.13741540908813,0.0002749984560068697,0.5078125,,0.0004674930423789192,0,159.8515625,4.771007155568441e-05,1.3337639570236206,,,153.0416658969989,,0.09375,1022.283203125,0,,0.0009899995347950608,,,4096,,0,0.00025999906938523054,0.06373231112526118,,,746,0.16925774980336428,22.112421630998142,,34,0,0.875,0.53125,0,0.4921875,1780346394.68815,,,,,,,0.05094958564239206,0.09375,0,990,0.1328125,17063,55590.22521972656,0,3e-06,0.1328125,0,,37.36821189522743,77.1483450109954,,36,0,0.0,0.065673828125,,0.0006099999154685065,,,,0.0011275024007773027,,-0.875,-0.023905420675873756,0.0005600013537332416,0,0,0.216796875,1210506.0,0.4921875,0.1640625,,,1,36,0,0.0390625,0.875,,,0.033203125,,,,,91.19669342041016,,0.216796875,,-0.875,0.0027624992071650922,,,1.3860873878002167e-05,0,,46508.103238839,,153.0416658969989,0.078125,53.334943342997576,,0.078125,0,,,0,1,0.0390625,0.1640625,,0,0.2642441987991333,297,
,0.0002177149841490341,0.0,20244.609832763672,2011.5614666478136,,0.19359056599932956,,298,47.96242141723633,0,0,,,,204.927734375,-0.018719106912612915,,0.26104178999958094,492.4292620671622,0,0,190.13741540908813,0.0003325003490317613,0.4609375,,0.00024238753735517093,0,169.4375,1.1973251659469497e-05,0.48923420906066895,,,149.0144621330037,,0.109375,1001.4677734375,0,,0.001109998265746981,,,4096,,0,0.00020250081433914602,0.06342552620459996,,,813,0.1916424953378737,22.060825546999695,,41,0,0.875,0.5859375,0,0.5390625,1780346543.7332919,,,,,,,0.04919466643296148,0.109375,0,983,0.1015625,17122,55274.06692504883,0,3e-06,0.1015625,0,,36.34487837553024,76.04764989799878,,43,0,0.0,0.0662841796875,,0.0006149984983494505,,,,0.0012122491170885041,,-0.875,-0.018719106912612915,0.0005250003596302122,0,0,0.203125,1199007.0,0.5390625,0.1328125,,,1,178,0,0.046875,0.875,,,0.0400390625,,,,,91.20097351074219,,0.203125,,-0.875,0.003360000846441835,,,1.1747470125555992e-06,0,,46658.12001544,,149.0144621330037,0.0703125,50.4492780110013,,0.0703125,0,,,0,1,0.046875,0.1328125,,0,0.28620025515556335,298,
,0.00021038994202490901,0.0,20454.973220825195,1988.7938749401326,,0.18842374499945436,,299,48.016197204589844,0,0,,,,204.927734375,-0.019288530573248863,,0.251050323000527,441.1117373911111,0,0,190.13741540908813,0.0002425003913231194,0.4921875,,0.0003344107908560545,0,149.4140625,3.921010687690796e-06,0.43601906299591064,,,149.99819928999932,,0.1171875,1015.880859375,0,,0.001277499904972501,,,4096,,0,0.0002649994712555781,0.06438193845274219,,,721,0.19505999807734042,22.20440325000527,,46,0,0.875,0.546875,0,0.5078125,1780346693.7500515,,,,,,,0.04857207943479699,0.1171875,0,978,0.0859375,17185,55893.4326171875,0,3e-06,0.0859375,0,,34.80039909482002,76.82452064199606,,39,0,0.0,0.0732421875,,0.0006150003173388541,,,,0.0011899974197149277,,-0.875,-0.019288530573248863,0.0004925004759570584,0,0,0.197265625,1193262.0,0.5078125,0.1640625,,,1,56,0,0.0390625,0.875,,,0.044921875,,,,,90.97173690795898,,0.197265625,,-0.875,0.00352500137523748,,,-2.1997839212417603e-05,0,,46878.735725385,,149.99819928999932,0.0859375,50.52768849700078,,0.0859375,0,,,0,1,0.0390625,0.1640625,,0,0.29173827171325684,299,
0.0,0.00021422998044671424,0.0,20183.9656829834,1344.6020661124248,7.625390106004488,0.22319666899420554,0.0,300,49.100791931152344,0,0,0.0,0.0,0.0,204.927734375,-0.012145117856562138,0.0,0.2629887239963864,458.8979846885195,0,0,190.13741540908813,0.0003474979166639969,0.5,0.0,0.00043151541922270553,0,157.6171875,-7.425776720992872e-05,0.49514883756637573,0.212890625,0.0,228.24596788499912,0.0,0.0703125,1041.2109375,0,0.0,0.0009049981599673629,0.0,0.0,4096,0.0,0,0.00020499828679021448,0.06185815201043136,0.0,0.7893738140417458,907,0.17594774544704705,22.13528042699909,0.0,42,0,0.875,0.5234375,0,0.5,1780346922.0246427,0.21062618595825428,0.0,0.0,0.0,"{'sha256': 'fc843007fc201721507a24436de3c8251bca29ba9ecd995ac9f90df2989d7cd6', 'nrows': 6, 'path': 'media/table/val/generations_299_fc843007fc201721507a.table.json', 'ncols': 13, 'artifact_path': 'wandb-client-artifact://0763pcnrwmeh3wzov1es8qec69vckp68wa6b0ojrzwy0mcjcq3mxeyyg2wugho53gs1gkyrfvbksge1g60s7mrlslzkix2y52njeuc9tk3lb50sjgmtbijwq6rfef6n8/val/generations.table.json', '_latest_artifact_path': 'wandb-client-artifact://w1xfwfwvudz5osilh2rc6azn5eqzdf84bjg59hp5e3h71dev251xqh3dmh0v0yas891ryuuha874pd6lbjxak8jf5yv867fnqjnx2j5r5jemoxdpg84ov9lve8lzsn4c:latest/val/generations.table.json', 'size': 80820, '_type': 'table-file', 'log_mode': 'IMMUTABLE'}",70.05918368999846,0.04877182458450475,0.0703125,0,982,0.15625,17249,55257.61413574219,0,3e-06,0.15625,0,0.20902090209020902,36.40710934996605,75.93706740800553,0.0,40,0,0.0,0.0931396484375,0.13333333333333333,0.0005775000317953527,0.0,0.8666666666666667,1024.0,0.001055001121130772,0.0,-0.875,-0.012145117856562138,0.000567497409065254,0,0,0.2138671875,1227600.0,0.5,0.171875,0.0,0.0,1,78,0,0.0234375,0.875,0.0,0.787109375,0.041015625,0.0,0.14814814814814817,0.0,30.0,91.15606689453125,0.0,0.2138671875,0.20726495726495728,-0.875,0.0028900030883960426,0.0,0.13333333333333333,-4.622270353138447e-06,0,0.0,47040.839145667,0.212890625,228.24596788499912,0.078125,52.00051937199896,0.0,0.078125,0,1054.0,0.0,0,1,0.0234375,0.171875,0.0,0,0.28981924057006836,300,0.0
,0.00021033369165986623,0.0,20581.113815307617,1953.3510245029045,,0.1970154700029525,,301,49.25513458251953,0,0,,,,204.927734375,-0.016931364312767982,,0.2537776950048283,477.397069822473,0,0,190.13741540908813,0.00040499799069948494,0.5234375,,0.00039906937308842316,0,167.359375,1.2866808901890181e-05,0.5310766696929932,,,154.42027378400235,,0.0859375,1010.91015625,0,,0.0011299998732283711,,,4096,,0,0.00030750015866942704,0.0635660846762837,,,805,0.21239749912638217,22.197053729003528,,42,0,0.875,0.5,0,0.4765625,1780347076.4691923,,,,,,,0.05320266733161128,0.0859375,0,982,0.09375,17316,55601.69219970703,0,3e-06,0.09375,0,,35.109639167785645,76.69553233400075,,45,0,0.0,0.073974609375,,0.0005800029612146318,,,,0.0010825006029335782,,-0.875,-0.016931364312767982,0.0006649970600847155,0,0,0.1806640625,1206548.0,0.4765625,0.203125,,,1,162,0,0.0234375,0.875,,,0.041015625,,,,,91.21195220947266,,0.1806640625,,-0.875,0.0030424980650423095,,,2.8284615837037563e-05,0,,47191.908148928,,154.42027378400235,0.1171875,55.073911546998715,,0.1171875,0,,,0,1,0.0234375,0.203125,,0,0.30777859687805176,301,
,0.00020628238043206588,0.0,20035.808563232422,2078.0464823221655,,0.19361222500447184,,302,48.952903747558594,0,0,,,,204.927734375,-0.026810333132743835,,0.2589914479976869,458.44601860699186,0,0,190.13741540908813,0.0002925007720477879,0.4453125,,0.00035032284176850226,0,158.2890625,5.6656545865507724e-05,0.43431854248046875,,,151.04558664599608,,0.0859375,1067.8037109375,0,,0.0010000003385357559,,,4096,,0,0.0003247496351832524,0.0610591492259346,,,807,0.19809449440799654,22.292401636994327,,50,0,0.875,0.5625,0,0.5546875,1780347227.538228,,,,,,,0.047225509578566714,0.0859375,0,974,0.1171875,17373,56130.94711303711,0,3e-06,0.1171875,0,,35.51463037729263,76.66092197699618,,48,0,0.0,0.06396484375,,0.0005674992280546576,,,,0.0011874999472638592,,-0.875,-0.026810333132743835,0.0006224981916602701,0,0,0.18359375,1255519.0,0.5546875,0.109375,,,1,9,0,0.0078125,0.875,,,0.048828125,,,,,91.1785659790039,,0.18359375,,-0.875,0.0035624998417915776,,,-1.262372825294733e-05,0,,47344.913520758,,151.04558664599608,0.125,51.63783616400178,,0.125,0,,,0,1,0.0078125,0.109375,,0,0.29133141040802,302,
,0.00020895885617546958,0.0,20450.504302978516,2042.7583499956258,,0.19811035299790092,,303,49.32617950439453,0,0,,,,204.927734375,-0.02292746864259243,,0.26120985399757046,467.32377820990223,0,0,190.13741540908813,0.00027750138542614877,0.453125,,0.0003205291159247281,0,159.6171875,8.101285229145105e-05,0.5331621170043945,,,152.98603479000303,,0.1171875,1061.138671875,0,,0.0009799987310543656,,,4096,,0,0.0002149990905309096,0.06160022367274003,,,813,0.1753527467371896,22.294780488999095,,51,0,0.875,0.5703125,0,0.546875,1780347380.5435722,,,,,,,0.04898420459302112,0.1171875,0,973,0.09375,17431,56050.697326660156,0,3e-06,0.09375,0,,34.89842265844345,77.00360600300337,,36,0,0.0,0.0631103515625,,0.0005999991117278114,,,,0.0010800013114931062,,-0.875,-0.02292746864259243,0.000455000190413557,0,0,0.1845703125,1250054.0,0.546875,0.1640625,,,1,185,0,0.0234375,0.875,,,0.0498046875,,,,,91.19297409057617,,0.1845703125,,-0.875,0.003212249794160016,,,3.970577381551266e-06,0,,47496.554016927,,152.98603479000303,0.0546875,53.22653061600431,,0.0546875,0,,,0,1,0.0234375,0.1640625,,0,0.28951209783554077,303,
,0.00020624525127198673,0.0078125,20439.35775756836,2048.8767284213714,,0.1959307400029502,,304,48.756256103515625,0,0,,,,204.927734375,-0.030589383095502853,,0.25629024900263175,463.6391185067623,0,0,190.13741540908813,0.000350000846083276,0.4609375,,0.00038730138703613193,0,154.90625,-4.838023544095904e-05,0.4411507546901703,,,151.62552031100495,,0.1328125,1058.6171875,0,,0.0009350023901788518,,,4096,,0,0.00021250161807984114,0.06152936804066983,,,1024,0.20162248983979225,22.108147349994397,,49,0,0.875,0.5625,0,0.5390625,1780347532.1840248,,,,,,,0.0485263509313438,0.1328125,0,975,0.1015625,17490,55520.98083496094,0,3e-06,0.1015625,0,,35.15908122062683,76.45934613700229,,33,0,0.0,0.066162109375,,0.0016647518350509927,,,,0.001107502612285316,,-0.875,-0.030589383095502853,0.0004299981810618192,0,0,0.189453125,1242648.0,0.5390625,0.1171875,,,1,219,0,0.0234375,0.875,,,0.0478515625,,,,,91.18665313720703,,0.189453125,,-0.875,0.0030224982765503228,,,-5.2372924983501434e-06,0,,47647.974221914,,151.62552031100495,0.0859375,52.60372904199903,,0.0859375,0,,,0,1,0.0234375,0.1171875,,0,0.26649361848831177,304,
,0.00021972257413000346,0.0,20233.827590942383,1896.4230097222455,,0.1811017419968266,,305,47.16642379760742,0,0,,,,204.927734375,-0.02364070899784565,,0.25231446299585514,470.86652544749086,0,0,190.13741540908813,0.0002625001798151061,0.5390625,,0.00018791307547871838,0,154.421875,9.804177622640964e-06,0.7020767331123352,,,151.38131024999893,,0.109375,966.99609375,0,,0.0009350005711894482,,,4096,,0,0.00023249776859302074,0.06615891359380818,,,994,0.198409499716945,22.038757020003686,,45,0,0.875,0.515625,0,0.4609375,1780347683.6042454,,,,,,,0.05345819932054608,0.109375,0,979,0.109375,17559,55231.65512084961,0,3e-06,0.109375,0,,35.84342077374458,75.97239756500494,,42,0,0.0,0.075927734375,,0.0005599977157544345,,,,0.0010899984772549942,,-0.875,-0.02364070899784565,0.00045249907998368144,0,0,0.2353515625,1148332.0,0.4609375,0.140625,,,1,88,0,0.0546875,0.875,,,0.0439453125,,,,,91.2045783996582,,0.2353515625,,-0.875,0.0029649982025148347,,,1.5418860130012035e-05,0,,47803.430802696,,151.38131024999893,0.125,52.934522800002014,,0.125,0,,,0,1,0.0546875,0.140625,,0,0.27768686413764954,305,
,0.00018939747610459347,0.0,20662.56332397461,2190.4281537168795,,0.20647687300515827,,306,50.57402801513672,0,0,,,,204.927734375,-0.017193809151649475,,0.2579186419970938,463.6696658180881,0,0,190.13741540908813,0.0002824999683070928,0.40625,,0.00011058442760258913,0,165.671875,2.4315299143040647e-05,0.3970126509666443,,,155.4245225630002,,0.0859375,1164.1962890625,0,,0.0011399988579796627,,,4096,,0,0.0003125005605397746,0.05702220755405269,,,752,0.19787473138421774,22.459220363001805,,57,0,0.875,0.625,0,0.59375,1780347839.0608282,,,,,,,0.04600738025495488,0.0859375,0,967,0.0390625,17611,56489.715576171875,0,3e-06,0.0390625,0,,35.83380579948425,77.65198691399564,,34,0,0.0,0.0577392578125,,0.0005900001269765198,,,,0.0011574993550311774,,-0.75,-0.017193809151649475,0.0005100009730085731,0,0,0.134765625,1361785.0,0.59375,0.1640625,,,1,125,0,0.03125,0.875,,,0.0556640625,,,,,91.21718215942383,,0.134765625,,-0.75,0.002675000359886326,,,-2.555316314101219e-06,0,,47952.895158197,,155.4245225630002,0.0859375,54.84710027500114,,0.0859375,0,,,0,1,0.03125,0.1640625,,0,0.2832704484462738,306,
,0.00021241255000554394,0.0,20804.1934967041,1985.5541760439107,,0.1903778100022464,,307,47.5338134765625,0,0,,,,204.927734375,-0.01953858882188797,,0.25210905700078,507.90295404840435,0,0,190.13741540908813,0.000297502992907539,0.4609375,,0.00020212904837535461,0,142.4296875,-0.00011630480182134306,0.4760563373565674,,,149.43989118000172,,0.1640625,1016.63671875,0,,0.0010375006240792572,,,4096,,0,0.0001974985934793949,0.06425358935414197,,,668,0.21569948876276612,21.91985450199718,,30,0,0.875,0.5546875,0,0.5390625,1780347988.5252094,,,,,,,0.048810915848248704,0.1640625,0,994,0.0859375,17670,54912.38784790039,0,3e-06,0.0859375,0,,36.85019910335541,76.26155714700144,,39,0,0.0,0.064208984375,,0.0004975008778274059,,,,0.0011975007510045543,,-0.875,-0.01953858882188797,0.0005375004548113793,0,0,0.1787109375,1186884.0,0.5390625,0.1171875,,,1,208,0,0.015625,0.875,,,0.029296875,,,,,91.2169303894043,,0.1787109375,,-0.875,0.003184752131346613,,,6.952323019504547e-06,0,,48110.139038797,,149.43989118000172,0.078125,50.81392059099744,,0.078125,0,,,0,1,0.015625,0.1171875,,0,0.27039504051208496,307,
,0.0002098398116689954,0.0,21799.4384765625,1884.2998045111026,,0.1837890789975063,,308,48.48992919921875,0,0,,,,204.927734375,-0.019365103915333748,,0.24864947499736445,507.67525991250295,0,0,190.13741540908813,0.0002900014806073159,0.453125,,0.00033602123130549444,0,147.46875,8.083187764640343e-05,0.481485515832901,,,157.2134377399998,,0.1015625,1009.7080078125,0,,0.0009349987522000447,,,4096,,0,0.00024750079319346696,0.06591834100117357,,,745,0.18970973906107247,22.40520746099355,,42,0,0.875,0.5625,0,0.546875,1780348145.7688618,,,,,,,0.05441712094597289,0.1015625,0,982,0.09375,17728,55766.24298095703,0,3e-06,0.09375,0,,36.31918132305145,78.10987225099962,,37,0,0.0,0.0732421875,,0.000505002390127629,,,,0.0009775012586032972,,-0.875,-0.019365103915333748,0.0005250021786196157,0,0,0.1748046875,1184949.0,0.546875,0.125,,,1,10,0,0.015625,0.875,,,0.041015625,,,,,91.16413116455078,,0.1748046875,,-0.875,0.003162498614983633,,,8.351285941898823e-06,0,,48257.777625661,,157.2134377399998,0.1171875,56.264092448000156,,0.1171875,0,,,0,1,0.015625,0.125,,0,0.27085810899734497,308,
,0.00021410254247598945,0.0,20075.27732849121,1983.5201017128418,,0.18628154500038363,,309,47.40937042236328,0,0,,,,204.927734375,-0.010739542543888092,,0.2507616080038133,459.45243539063085,0,0,190.13741540908813,0.00034750155464280397,0.5,,0.00027636641402750683,0,144.96875,6.844888065415944e-05,0.493523508310318,,,147.61912407499767,,0.1328125,998.802734375,0,,0.0010499970812816173,,,4096,,0,0.00026999987312592566,0.06462851095436914,,,747,0.19124474783893675,21.825741411004856,,25,0,0.875,0.53125,0,0.5,1780348293.4076507,,,,,,,0.048554096705627985,0.1328125,0,999,0.1171875,17792,55125.335693359375,0,3e-06,0.1171875,0,,34.070760011672974,75.69433385699813,,50,0,0.0,0.0655517578125,,0.000552501660422422,,,,0.001062498995452188,,-0.875,-0.010739542543888092,0.00056249882618431,0,0,0.224609375,1171222.0,0.5,0.0625,,,1,111,0,0.03125,0.875,,,0.0244140625,,,,,91.1627311706543,,0.224609375,,-0.875,0.0025499994080746546,,,-3.4517259337008e-05,0,,48419.998131717,,147.61912407499767,0.15625,49.659867704001954,,0.15625,0,,,0,1,0.03125,0.0625,,0,0.2681441605091095,309,
,0.00020757252346241322,0.0,21591.13311767578,1926.0497782652017,9.085471452999627,0.1961808089981787,,310,48.92353057861328,0,0,,,,204.927734375,-0.02131720632314682,,0.2593759829978808,458.3914697650471,0,0,190.13741540908813,0.00033249853004235774,0.46875,,0.0004589930344991444,0,162.6484375,9.86099375950289e-05,0.4123813509941101,,,162.19310815599601,,0.1171875,1057.6328125,0,,0.0010250005288980901,,,4096,,0,0.0014822508092038333,0.062483686371610045,,,813,0.18201451166532934,22.289845124003477,,43,0,0.875,0.5546875,0,0.53125,1780348455.628169,,,,,,,0.04827538034341308,0.1171875,0,981,0.046875,17852,55991.943359375,0,3e-06,0.046875,0,,35.95665842294693,78.07761501200002,,44,0,0.0,0.06640625,,0.0006400005077011883,,,,0.0010450003173900768,,-0.875,-0.02131720632314682,0.0005224992492003366,0,0,0.1533203125,1249568.0,0.53125,0.1796875,,,1,216,0,0.0234375,0.875,,,0.0419921875,,,,,91.19775772094727,,0.1533203125,,-0.875,0.0033449996408307925,,,-7.355120033025742e-07,0,,48571.970759641,,162.19310815599601,0.1015625,52.28300931800186,,0.1015625,0,,,0,1,0.0234375,0.1796875,,0,0.26983293890953064,310,
,0.00021352778546889802,0.0,20335.861206054688,1990.9648952416394,,0.20167256700369762,,311,49.67868423461914,0,0,,,,204.927734375,-0.01720355451107025,,0.2583615740004461,508.0143519826379,0,0,190.13741540908813,0.0002675024006748572,0.421875,,0.0001886198533611605,0,150.2421875,5.288716849349839e-06,0.5934052467346191,,,151.9322368380017,,0.109375,1031.3662109375,0,,0.0008899987733457237,,,4096,,0,0.00024000291887205094,0.06274425477637167,,,678,0.18147725495509803,21.97205363100511,,44,0,0.875,0.6171875,0,0.578125,1780348607.6006916,,,,,,,0.05073222440747848,0.109375,0,980,0.0703125,17906,55038.795471191406,0,3e-06,0.0703125,0,,35.618145018815994,75.91847771900211,,49,0,0.0,0.0634765625,,0.00048749825509730726,,,,0.001109998265746981,,-0.875,-0.01720355451107025,0.0006225000106496736,0,0,0.1748046875,1209967.0,0.578125,0.1015625,,,1,180,0,0.0390625,0.875,,,0.04296875,,,,,91.2409782409668,,0.1748046875,,-0.875,0.0034499989851610735,,,3.403984010219574e-06,0,,48726.723201091,,151.9322368380017,0.1015625,53.579266109001765,,0.1015625,0,,,0,1,0.0390625,0.1015625,,0,0.27555128931999207,311,
,0.00020810940962444154,0.0078125,21174.89242553711,2012.6446267973195,,0.20565630099736154,,312,50.05519104003906,0,0,,,,204.927734375,-0.016052421182394028,,0.25922940500458935,550.9270273978473,0,0,190.13741540908813,0.00038250254874583334,0.484375,,0.0002660447057678539,0,176.5859375,3.921400784179241e-05,0.7007768154144287,,,154.72676887600392,,0.09375,1039.859375,0,,0.0009650029824115336,,,4096,,0,0.0002649994712555781,0.0622514369352316,,,1024,0.19771499501075596,22.319572186002915,,42,0,0.875,0.5390625,0,0.515625,1780348762.3532486,,,,,,,0.051085737678618584,0.09375,0,982,0.0859375,17968,55780.189514160156,0,3e-06,0.0859375,0,,36.66546940803528,77.5428799040019,,47,0,0.0,0.066162109375,,0.0005974998202873394,,,,0.0011075007932959124,,-0.875,-0.016052421182394028,0.0006824975571362302,0,0,0.1796875,1245640.0,0.515625,0.1875,,,1,153,0,0.0234375,0.875,,,0.041015625,,,,,91.19659042358398,,0.1796875,,-0.875,0.0037525005609495565,,,-4.631001502275467e-06,0,,48875.990032621,,154.72676887600392,0.09375,54.396910851995926,,0.09375,0,,,0,1,0.0234375,0.1875,,0,0.28105223178863525,312,
,0.00020744906135898616,0.0,20633.350372314453,2032.006751466448,,0.19154046399489744,,313,47.85844421386719,0,0,,,,204.927734375,-0.015607256442308426,,0.25158654600090813,436.55301852413686,0,0,190.13741540908813,0.0002900014806073159,0.484375,,0.00033687173845464713,0,142.921875,2.1092980759362945e-05,0.49709999561309814,,,149.20755050700245,,0.125,1041.4169921875,0,,0.001122498360928148,,,4096,,0,0.0002625038177939132,0.0630314745634549,,,816,0.1553527545183897,22.08276893400034,,41,0,0.875,0.53125,0,0.515625,1780348911.6200714,,,,,,,0.04710878621469696,0.125,0,983,0.1015625,18030,55336.93313598633,0,3e-06,0.1015625,0,,35.24140641093254,76.44224018599925,,41,0,1.7629471358304727e-06,0.06884765625,,0.0005950023478362709,,,,0.001222499122377485,,-0.875,-0.015607256442308426,0.0006150021363282576,0,0,0.1904296875,1212763.0,0.515625,0.1171875,,,1,231,0,0.015625,0.875,,,0.0400390625,,,,,91.2490005493164,,0.1904296875,,-0.875,0.0027925016183871776,,,1.4329096302390099e-05,0,,49027.765490374,,149.20755050700245,0.125,50.2373278160012,,0.125,0,,,0,1,0.015625,0.1171875,,0,0.2696434557437897,313,
,0.00019852795293299528,0.0,20898.93913269043,2087.023832247015,,0.19628688000375405,,314,48.80488586425781,0,0,,,,204.927734375,-0.023740828037261963,,0.2514967989991419,463.7517617775302,0,0,190.13741540908813,0.0003225013642804697,0.4765625,,0.00015560668953185086,0,176.09375,-1.8600759403852862e-06,0.424700528383255,,,151.74814734100073,,0.09375,1061.0234375,0,,0.0010499989002710208,,,4096,,0,0.0001849984982982278,0.06100611115654571,,,721,0.2124522434314713,22.22001586099941,,51,0,0.875,0.5625,0,0.5234375,1780349063.3954914,,,,,,,0.04767211890789527,0.09375,0,973,0.109375,18091,55883.758544921875,0,3e-06,0.109375,0,,36.360785365104675,77.28302966200135,,37,0,0.0,0.070556640625,,0.0006125028448877856,,,,0.0010475014278199524,,-0.875,-0.023740828037261963,0.0005149995558895171,0,0,0.1875,1266808.0,0.5234375,0.1953125,,,1,171,0,0.0390625,0.875,,,0.05078125,,,,,91.27805709838867,,0.1875,,-0.875,0.0032525003916816786,,,1.9814237020909786e-05,0,,49178.132829179,,151.74814734100073,0.0390625,51.79518512800132,,0.0390625,0,,,0,1,0.0390625,0.1953125,,0,0.28795507550239563,314,
,0.00020682111553566067,0.0,20721.763610839844,2003.3659442634385,,0.19461960999615258,,315,47.849334716796875,0,0,,,,204.927734375,-0.012366640381515026,,0.24917807999736397,475.78321256878553,0,0,190.13741540908813,0.00028999966161791235,0.515625,,0.0002471716975378513,0,167.8515625,6.016756115911903e-05,0.4957790970802307,,,150.34697023899935,,0.125,1008.7109375,0,,0.0010124986147275195,,,4096,,0,0.00019500112102832645,0.06383064271248275,,,1017,0.1636130182305351,22.184784670003864,,27,0,0.875,0.515625,0,0.484375,1780349213.7628794,,,,,,,0.04919380722224669,0.125,0,997,0.0859375,18157,55668.277740478516,0,3e-06,0.0859375,0,,37.163183093070984,76.90315833999921,,45,0,0.0,0.0693359375,,0.0006099999154685065,,,,0.0010200019460171461,,-0.875,-0.012366640381515026,0.000604999513598159,0,0,0.197265625,1204800.0,0.484375,0.1796875,,,1,151,0,0.03125,0.875,,,0.0263671875,,,,,91.31135940551758,,0.197265625,,-0.875,0.003247499989811331,,,1.97818735614419e-05,0,,49326.164479845,,150.34697023899935,0.09375,50.81326735600305,,0.09375,0,,,0,1,0.03125,0.1796875,,0,0.28334328532218933,315,
,0.00021444341447196243,0.0,20072.525024414062,1978.8153128341853,,0.18917827399855014,,316,47.548004150390625,0,0,,,,204.927734375,-0.015433970838785172,,0.2512320399982855,475.8979943453596,0,0,190.13741540908813,0.0002625001798151061,0.515625,,0.00032659746557328617,0,157.296875,-1.6228285630859318e-06,0.5079182386398315,,,148.01204442900053,,0.15625,986.798828125,0,,0.000987251041806303,,,4096,,0,0.000252499376074411,0.06413566594796508,,,709,0.20076724467799067,21.816214427999512,,37,0,0.875,0.515625,0,0.484375,1780349361.7945378,,,,,,,0.050090166353285996,0.15625,0,987,0.1171875,18223,54552.84118652344,0,3e-06,0.1171875,0,,36.92461922764778,75.13839598400227,,35,0,0.0,0.076904296875,,0.0005149977369001135,,,,0.0010825006029335782,,-0.875,-0.015433970838785172,0.0005300007615005597,0,0,0.228515625,1171554.0,0.484375,0.1015625,,,1,106,0,0.03125,0.875,,,0.0361328125,,,,,91.3128547668457,,0.228515625,,-0.875,0.0027624973881756887,,,1.3152952305972576e-05,0,,49478.677081399,,148.01204442900053,0.109375,50.61521147700114,,0.109375,0,,,0,1,0.03125,0.1015625,,0,0.27413803339004517,316,
,0.00020281540556154928,0.0,21162.27912902832,2094.2214902307715,,0.18954835300246486,,317,48.86309051513672,0,0,,,,204.927734375,-0.024850422516465187,,0.2590676780018839,490.84297605259053,0,0,190.13741540908813,0.00038249891076702625,0.4609375,,0.000413002830100595,0,164.6171875,-2.023198827316719e-05,0.4941104054450989,,,152.48590060300194,,0.0625,1082.8017578125,0,,0.0009974992281058803,,,4096,,0,0.000252499376074411,0.06092525128292366,,,763,0.21698726050090045,22.2512200400015,,58,0,0.875,0.5625,0,0.5390625,1780349514.30699,,,,,,,0.046862724687924066,0.0625,0,966,0.109375,18282,56133.46862792969,0,3e-06,0.109375,0,,36.48198023438454,77.82329620300152,,39,0,2.6741399778984487e-06,0.05908203125,,0.0005124984454596415,,,,0.0010924995876848698,,-0.875,-0.024850422516465187,0.0005874990165466443,0,0,0.1728515625,1277357.0,0.5390625,0.1796875,,,1,252,0,0.0234375,0.875,,,0.056640625,,,,,91.21802139282227,,0.1728515625,,-0.875,0.0026775014703162014,,,-1.057283952832222e-05,0,,49629.554845377,,152.48590060300194,0.0859375,51.96087364399864,,0.0859375,0,,,0,1,0.0234375,0.1796875,,0,0.29214683175086975,317,
,0.00020408602022985208,0.0078125,20803.237915039062,2053.5609648798827,,0.19515992700326024,,318,48.06462097167969,0,0,,,,204.927734375,-0.0214613676071167,,0.2529146209999453,447.052068038829,0,0,190.13741540908813,0.00034249933378305286,0.484375,,0.00020722349404422857,0,162.59375,-4.767355207491164e-06,0.5908308029174805,,,150.86659480699745,,0.140625,1047.6162109375,0,,0.0010024978109868243,,,4096,,0,0.00021000050764996558,0.06191158757963496,,,1024,0.17122524150181562,22.088017348003632,,33,0,0.875,0.546875,0,0.515625,1780349665.1849031,,,,,,,0.04810415646384354,0.140625,0,991,0.0859375,18344,55436.68746948242,0,3e-06,0.0859375,0,,37.08891570568085,76.72424446600053,,43,0,0.0,0.07861328125,,0.0005549991328734905,,,,0.0011049978638766333,,-0.875,-0.0214613676071167,0.0005824986146762967,0,0,0.1962890625,1239255.0,0.515625,0.1484375,,,1,77,0,0.03125,0.875,,,0.0322265625,,,,,91.30899810791016,,0.1962890625,,-0.875,0.003074999767704867,,,5.6122662499547005e-06,0,,49781.967487332,,150.86659480699745,0.078125,51.604166783996334,,0.078125,0,,,0,1,0.03125,0.1484375,,0,0.27278003096580505,318,
,0.00020594497029677663,0.0,20252.296447753906,2028.564738853096,,0.18965271100023529,,319,48.526710510253906,0,0,,,,204.927734375,-0.0208915825933218,,0.2546538390015485,473.84648290062614,0,0,190.13741540908813,0.00029249895305838436,0.5,,0.0003498995872632804,0,165.9765625,-2.1271805849210068e-05,0.46503251791000366,,,152.38779126900045,,0.1328125,1041.556640625,0,,0.0009699997463030741,,,4096,,0,0.00022249696485232562,0.062261640158546176,,,766,0.14573524822480977,22.156367089002742,,37,0,0.875,0.5234375,0,0.5,1780349817.5975173,,,,,,,0.049502856266066306,0.1328125,0,987,0.09375,18408,56225.54397583008,0,3e-06,0.09375,0,,35.54864227771759,76.98738971900457,,41,0,0.0,0.0673828125,,0.0022074982553021982,,,,0.0011149986676173285,,-0.875,-0.0208915825933218,0.0005825004336657003,0,0,0.203125,1236514.0,0.5,0.1171875,,,1,169,0,0.0234375,0.875,,,0.0361328125,,,,,91.25365829467773,,0.203125,,-0.875,0.0030450009944615886,,,6.44288957118988e-06,0,,49945.234997906,,152.38779126900045,0.1328125,52.79746936199808,,0.1328125,0,,,0,1,0.0234375,0.1171875,,0,0.2677815854549408,319,
,0.0001968571979290832,0.0,20928.483963012695,1970.371104947734,8.985962327999005,0.196850665997772,,320,50.2767333984375,0,0,,,,204.927734375,-0.02099478431046009,,0.25328867600183,435.9749715804355,0,0,190.13741540908813,0.00028750037017744035,0.5390625,,0.0004009553078958561,0,155.140625,9.239546187700398e-05,0.4887598752975464,,,163.25122673199803,,0.109375,1101.365234375,0,,0.0009549985406920314,,,4096,,0,0.0002999986463692039,0.060031240352947546,,,788,0.19591249292716384,22.192672524004593,,48,0,0.875,0.46875,0,0.4609375,1780349980.8650405,,,,,,,0.04821828447204164,0.109375,0,976,0.109375,18477,55839.290618896484,0,3e-06,0.109375,0,,35.96372902393341,77.23991577500419,,40,0,0.0,0.0631103515625,,0.0006124992069089785,,,,0.0011124993761768565,,-0.875,-0.02099478431046009,0.0005549991328734905,0,0,0.1865234375,1286662.0,0.4609375,0.2265625,,,1,180,0,0.0078125,0.875,,,0.046875,,,,,91.2480239868164,,0.1865234375,,-0.875,0.0027575024432735518,,,-4.068249836564064e-06,0,,50099.060778965,,163.25122673199803,0.0859375,54.38048479099962,,0.0859375,0,,,0,1,0.0078125,0.2265625,,0,0.2523355782032013,320,
,0.00022082859254598085,0.0078125,20292.400360107422,1915.9511628396972,,0.19522663300449494,,321,48.32105255126953,0,0,,,,204.927734375,-0.03034386597573757,,0.26023015499959,593.7902676614613,0,0,190.13741540908813,0.00028250178729649633,0.4765625,,0.00032202394140767865,0,154.921875,6.207384643630576e-06,0.7543448209762573,,,153.76514063299692,,0.140625,995.884765625,0,,0.0010474996088305488,,,4096,,0,0.0002149990905309096,0.06576275248169773,,,1024,0.1899525086628273,22.215305962003185,,37,0,0.875,0.5390625,0,0.5234375,1780350134.6907241,,,,,,,0.052555665635732204,0.140625,0,987,0.09375,18538,56566.57409667969,0,3e-06,0.09375,0,,43.57590153813362,77.49653735599713,,51,0,0.0,0.068359375,,0.0004950034053763375,,,,0.0011299998732283711,,-0.875,-0.03034386597573757,0.0006424997991416603,0,0,0.1767578125,1178426.0,0.5234375,0.171875,,,1,141,0,0.015625,0.875,,,0.0361328125,,,,,91.2686767578125,,0.1767578125,,-0.875,0.0029649982025148347,,,1.3078446500003338e-05,0,,50252.357699129,,153.76514063299692,0.0546875,53.595532036000805,,0.0546875,0,,,0,1,0.015625,0.171875,,0,0.2670363485813141,321,
,0.00020459006696860218,0.0078125,20622.425079345703,2019.8189118713433,,0.19169164999766508,,322,48.601173400878906,0,0,,,,204.927734375,-0.02566416561603546,,0.25332587600132683,467.8732631618914,0,0,190.13741540908813,0.0002575015969341621,0.53125,,0.00029154332378311665,0,152.921875,-2.3079087725363934e-06,0.4267835021018982,,,153.25779859799513,,0.109375,1056.26953125,0,,0.0011050015018554404,,,4096,,0,0.00026750058168545365,0.0625484051535575,,,1024,0.18811449990607798,22.348400202994526,,50,0,0.875,0.484375,0,0.46875,1780350287.9876797,,,,,,,0.04901356756069662,0.109375,0,974,0.1328125,18606,56322.017669677734,0,3e-06,0.1328125,0,,35.67388281226158,77.44818584199675,,47,0,0.0,0.06982421875,,0.0005399997462518513,,,,0.001164999048341997,,-0.875,-0.02566416561603546,0.0005374986358219758,0,0,0.208984375,1238212.0,0.46875,0.1171875,,,1,99,0,0.015625,0.875,,,0.048828125,,,,,91.26676559448242,,0.208984375,,-0.875,0.003959998139180243,,,1.470616552978754e-05,0,,50404.540693095,,153.25779859799513,0.15625,53.01405494500068,,0.15625,0,,,0,1,0.015625,0.1171875,,0,0.24937556684017181,322,
,0.0002126655598882925,0.0,20472.858428955078,2023.3118407333031,,0.20543353899847716,,323,49.098663330078125,0,0,,,,204.927734375,-0.0216812901198864,,0.2618982749991119,494.49570680008037,0,0,190.13741540908813,0.0003225013642804697,0.4140625,,0.00036071221620659344,0,165.109375,-0.00011274682304929229,0.4378190040588379,,,152.16426049699658,,0.1484375,1037.5302734375,0,,0.0009900013537844643,,,4096,,0,0.00026250199880450964,0.06231713568622881,,,757,0.19264475849922746,22.22666493599536,,50,0,0.875,0.609375,0,0.5859375,1780350440.170616,,,,,,,0.04962573043708623,0.1484375,0,974,0.046875,18659,55740.54718017578,0,3e-06,0.046875,0,,35.63819080591202,76.74373954899784,,43,0,0.0,0.063720703125,,0.0006250011210795492,,,,0.0011724987416528165,,-0.875,-0.0216812901198864,0.0005524980224436149,0,0,0.1533203125,1231503.0,0.5859375,0.1171875,,,1,72,0,0.0234375,0.875,,,0.048828125,,,,,91.2325553894043,,0.1533203125,,-0.875,0.0034724998840829358,,,-7.137772627174854e-06,0,,50556.712223525,,152.16426049699658,0.078125,52.72391441400396,,0.078125,0,,,0,1,0.0234375,0.1171875,,0,0.2844890058040619,323,
,0.00021013689668778382,0.0,21169.677734375,1978.66181538492,,0.19089709199761273,,324,48.81529998779297,0,0,,,,204.927734375,-0.014721726067364216,,0.25303151099797105,484.19082290092774,0,0,190.13741540908813,0.00024500150175299495,0.5,,0.00030127769423415884,0,162.0859375,0.00012645359001339784,0.4304942190647125,,,152.13906068199867,,0.109375,1013.8193359375,0,,0.0010874991858145222,,,4096,,0,0.0002474989742040634,0.06417096056811473,,,767,0.1703277521301061,22.125454966997495,,40,0,0.875,0.5078125,0,0.5,1780350592.3422961,,,,,,,0.05037554125363614,0.109375,0,984,0.140625,18723,55578.89175415039,0,3e-06,0.140625,0,,37.04804182052612,77.2699862360023,,40,0,0.0,0.078857421875,,0.0005125039024278522,,,,0.001079997673514299,,-0.875,-0.014721726067364216,0.00048250331019517034,0,0,0.203125,1204127.0,0.5,0.15625,,,1,115,0,0.0078125,0.875,,,0.0390625,,,,,91.26181411743164,,0.203125,,-0.875,0.003899998773704283,,,-5.334499292075634e-06,0,,50711.675896783,,152.13906068199867,0.0859375,52.29741852800362,,0.0859375,0,,,0,1,0.0078125,0.15625,,0,0.27357497811317444,324,
,0.0001995956159719114,0.0,20645.694732666016,2064.2227672364147,,0.1977391929976875,,325,50.045379638671875,0,0,,,,204.927734375,-0.020281754434108734,,0.2553478609988815,463.0573735485086,0,0,190.13741540908813,0.00030750015866942704,0.4453125,,0.00019476700708764838,0,167.1328125,9.959759316302552e-05,0.5048723220825195,,,154.9403993970045,,0.1171875,1082.208984375,0,,0.0010250005288980901,,,4096,,0,0.00028224894776940346,0.060594577317278825,,,752,0.19324224558658898,22.48079285199492,,53,0,0.875,0.5625,0,0.5546875,1780350747.3059607,,,,,,,0.049165367403547156,0.1171875,0,971,0.1171875,18780,56375.770568847656,0,3e-06,0.1171875,0,,35.49562394618988,77.52021822100505,,37,0,0.0,0.070556640625,,0.000602500222157687,,,,0.0011374995665391907,,-0.875,-0.020281754434108734,0.0004600024112733081,0,0,0.1767578125,1279326.0,0.5546875,0.1328125,,,1,17,0,0.0078125,0.875,,,0.0517578125,,,,,91.20915222167969,,0.1767578125,,-0.875,0.0028649992600549012,,,6.0909660533070564e-06,0,,50863.497649035,,154.9403993970045,0.0703125,54.48417517999769,,0.0703125,0,,,0,1,0.0078125,0.1328125,,0,0.27846115827560425,325,
,0.0002208465063574009,0.0078125,21058.74252319336,1943.5661769471644,,0.2063035290047992,,326,47.56507873535156,0,0,,,,204.927734375,-0.012417659163475037,,0.26062118299887516,566.6370525123057,0,0,190.13741540908813,0.000257497958955355,0.515625,,0.0005212241449044086,0,164.3515625,-1.3353642735580706e-05,1.7020001411437988,,,151.79583463600284,,0.15625,988.0908203125,0,,0.0010274998203385621,,,4096,,0,0.00019750041246879846,0.0649485025366458,,,1024,0.21150473912712187,21.938975304998166,,32,0,0.875,0.4921875,0,0.484375,1780350899.1276245,,,,,,,0.052126401944051166,0.15625,0,992,0.078125,18846,54984.85565185547,0,3e-06,0.078125,0,,35.3398472070694,76.64579279199825,,38,0,0.0,0.0693359375,,0.0005999991117278114,,,,0.0010124986147275195,,-0.875,-0.012417659163475037,0.00046249988372437656,0,0,0.177734375,1180101.0,0.484375,0.1796875,,,1,163,0,0.0078125,0.875,,,0.03125,,,,,91.20953369140625,,0.177734375,,-0.875,0.0026549951144261286,,,9.494367986917496e-06,0,,51014.003711423,,151.79583463600284,0.09375,52.74175411900069,,0.09375,0,,,0,1,0.0078125,0.1796875,,0,0.27224597334861755,326,
,0.00021250511237289385,0.0,20176.1417388916,1997.7030349948266,,0.18426341300073545,,327,48.41397476196289,0,0,,,,204.927734375,-0.012933539226651192,,0.25553208500059554,457.1273229557846,0,0,190.13741540908813,0.00025999906938523054,0.3671875,,0.00013240964290162083,0,137.421875,4.865647849783272e-05,0.6056566834449768,,,150.48220117500023,,0.0546875,1036.8701171875,0,,0.0009499999578110874,,,4096,,0,0.0002149990905309096,0.06288684352855693,,,651,0.22015950526110828,21.966123067002627,,42,0,0.875,0.65625,0,0.6328125,1780351049.6337976,,,,,,,0.04940365748406561,0.0546875,0,982,0.109375,18893,54952.25143432617,0,3e-06,0.109375,0,,34.11009907722473,75.6198571720015,,45,0,0.0,0.0557861328125,,0.0006124992069089785,,,,0.0011349984561093152,,-0.875,-0.012933539226651192,0.0005874990165466443,0,0,0.1572265625,1202475.0,0.6328125,0.1171875,,,1,176,0,0.0234375,0.875,,,0.041015625,,,,,91.21363067626953,,0.1572265625,,-0.875,0.0026572506612865254,,,1.2470409274101257e-05,0,,51168.100445227,,150.48220117500023,0.0625,52.45458035199408,,0.0625,0,,,0,1,0.0234375,0.1171875,,0,0.24818964302539825,327,
,0.00020540897191956975,0.0,21113.36898803711,2052.7741237762148,,0.19740628600266064,,328,49.58655548095703,0,0,,,,204.927734375,-0.012470195069909096,,0.25987726900348207,472.56956756427826,0,0,190.13741540908813,0.00035750053939409554,0.4765625,,0.00033687002724036574,0,169.0,1.42107653431367e-05,0.48371198773384094,,,154.08051784000418,,0.140625,1066.517578125,0,,0.0009699979273136705,,,4096,,0,0.0002950000634882599,0.061443191289709265,,,768,0.14283550262916833,22.32257169699733,,49,0,0.875,0.546875,0,0.5234375,1780351203.7304802,,,,,,,0.0490448493554752,0.140625,0,975,0.078125,18954,56113.12484741211,0,3e-06,0.078125,0,,36.86921298503876,77.73608232400147,,40,0,0.0,0.1102294921875,,0.0006099999154685065,,,,0.0011175015970366076,,-0.875,-0.012470195069909096,0.0005225010681897402,0,0,0.1796875,1265170.0,0.5234375,0.15625,,,1,8,0,0.0234375,0.875,,,0.0478515625,,,,,91.2412223815918,,0.1796875,,-0.875,0.002999999196617864,,,-1.2564356438815594e-05,0,,51322.138350686,,154.08051784000418,0.078125,53.562566609005444,,0.078125,0,,,0,1,0.0234375,0.15625,,0,0.2746258080005646,328,
,0.00021213968370723625,0.0,20495.656967163086,1948.5262993613974,,0.19984101499721874,,329,48.59801483154297,0,0,,,,204.927734375,-0.025150395929813385,,0.25461704899498727,567.1301316870085,0,0,190.13741540908813,0.0002600008883746341,0.4765625,,0.00027575527315093495,0,171.9765625,4.849485935665143e-05,0.4161074161529541,,,153.99240446399926,,0.0859375,1000.1259765625,0,,0.0009975010470952839,,,4096,,0,0.00030250339477788657,0.0643694145270117,,,761,0.16974749451037496,22.406059554006788,,48,0,0.875,0.546875,0,0.5234375,1780351357.7683032,,,,,,,0.052602229433987326,0.0859375,0,976,0.1171875,19015,56160.62545776367,0,3e-06,0.1171875,0,,34.70631688833237,77.25829550599883,,44,0,0.0,0.07470703125,,0.000569996700505726,,,,0.0012000000424450263,,-0.875,-0.025150395929813385,0.0005100009730085731,0,0,0.1923828125,1200233.0,0.5234375,0.140625,,,1,88,0,0.0234375,0.875,,,0.046875,,,,,91.25994491577148,,0.1923828125,,-0.875,0.003044999175472185,,,-7.952796295285225e-06,0,,51485.326644817,,153.99240446399926,0.109375,53.871468628,,0.109375,0,,,0,1,0.0234375,0.140625,,0,0.29340648651123047,329,
,0.00020942814513182342,0.0,20572.067260742188,1891.726317524751,7.783148576003441,0.20016993000172079,,330,49.524253845214844,0,0,,,,204.927734375,-0.010979050770401955,,0.25854972600063775,514.7664031428576,0,0,190.13741540908813,0.0003300010575912893,0.4765625,,0.0002425081811452401,0,187.0859375,8.747001432141133e-05,0.4838372468948364,,,163.15137509100168,,0.1171875,1018.5302734375,0,,0.0010375006240792572,,,4096,,0,0.00035500124795362353,0.06270806181923143,,,983,0.13829825911670923,22.45450734399492,,46,0,0.875,0.5390625,0,0.5234375,1780351520.9566646,,,,,,,0.05276882377430495,0.1171875,0,978,0.0859375,19076,56292.54150390625,0,3e-06,0.0859375,0,,36.77944093942642,77.41630042699398,,37,0,0.0,0.0693359375,,0.0006350001058308408,,,,0.0010400017345091328,,-0.875,-0.010979050770401955,0.0004699995770351961,0,0,0.1748046875,1234551.0,0.5234375,0.15625,,,1,163,0,0.015625,0.875,,,0.044921875,,,,,91.23653793334961,,0.1748046875,,-0.875,0.0036524997995002195,,,-1.7653335817158222e-05,0,,51638.464049993,,163.15137509100168,0.1015625,55.03656397600571,,0.1015625,0,,,0,1,0.015625,0.15625,,0,0.29304641485214233,330,
,0.00021188915618491322,0.0,19901.06201171875,2038.1986732658359,,0.21121937099815113,,331,50.18161392211914,0,0,,,,204.927734375,-0.016934936866164207,,0.26450250500056427,480.81111382452946,0,0,190.13741540908813,0.00036750134313479066,0.4609375,,0.00013831981209477817,0,152.0703125,3.501794157045879e-05,0.6781401634216309,,,153.11387652900157,,0.0703125,1066.978515625,0,,0.0010325002222089097,,,4096,,0,0.00021499727154150605,0.06121311265266336,,,718,0.18113749683834612,22.242254251003033,,50,0,0.875,0.5625,0,0.5390625,1780351674.094124,,,,,,,0.04940638634670229,0.0703125,0,974,0.1875,19135,55995.39566040039,0,3e-06,0.1875,0,,35.23942455649376,76.41269580299559,,38,0,0.0,0.06396484375,,0.0005450001481221989,,,,0.0010174971976084635,,-0.875,-0.016934936866164207,0.0005025012796977535,0,0,0.2314453125,1248306.0,0.5390625,0.0859375,,,1,229,0,0.0234375,0.875,,,0.048828125,,,,,91.25078201293945,,0.2314453125,,-0.875,0.002775001121335663,,,-2.4173641577363014e-06,0,,51790.92093494,,153.11387652900157,0.09375,53.980726032998064,,0.09375,0,,,0,1,0.0234375,0.0859375,,0,0.2610812485218048,331,
,0.00020734378741961746,0.0,20721.52328491211,2017.6547303798982,,0.19495165399712278,,332,48.65574645996094,0,0,,,,204.927734375,-0.027116676792502403,,0.2550753640025505,455.63281652539445,0,0,190.13741540908813,0.00022499989427160472,0.515625,,0.0003011828812304884,0,145.375,1.6068429431470577e-07,0.3989750146865845,,,152.43006911400153,,0.15625,1055.9970703125,0,,0.0010399999155197293,,,4096,,0,0.0002649994712555781,0.06238694716246175,,,630,0.16595274792052805,22.132514828997955,,42,0,0.875,0.515625,0,0.484375,1780351826.55099,,,,,,,0.049102800641053636,0.15625,0,982,0.09375,19201,55536.895751953125,0,3e-06,0.09375,0,,34.51018035411835,76.74873433399625,,46,0,0.0,0.0693359375,,0.0004875000740867108,,,,0.0010350013326387852,,-0.875,-0.027116676792502403,0.0006274985935306177,0,0,0.2099609375,1230205.0,0.484375,0.125,,,1,169,0,0.03125,0.875,,,0.041015625,,,,,91.24403762817383,,0.2099609375,,-0.875,0.0026675043045543134,,,5.026580765843391e-06,0,,51942.772017874,,152.43006911400153,0.109375,53.09687154799758,,0.109375,0,,,0,1,0.03125,0.125,,0,0.263208270072937,332,
,0.000205313804786818,0.0,20424.26300048828,2073.967999125863,,0.1989638869999908,,333,49.13760757446289,0,0,,,,204.927734375,-0.02896186336874962,,0.25861162599903764,481.02394574016216,0,0,190.13741540908813,0.0002700016921153292,0.4375,,0.000346946775835022,0,159.671875,-6.643226945612923e-05,0.5934903025627136,,,151.83358669599693,,0.1328125,1070.3984375,0,,0.00097749762062449,,,4096,,0,0.00020500010577961802,0.06102290359576597,,,757,0.1803952327463776,22.419168944994453,,47,0,0.875,0.5703125,0,0.5625,1780351978.40207,,,,,,,0.04752427177379917,0.1328125,0,977,0.1171875,19257,55921.09298706055,0,3e-06,0.1171875,0,,37.393905222415924,76.86396118599805,,40,0,0.0,0.05908203125,,0.0006125010258983821,,,,0.0011350002750987187,,-0.875,-0.02896186336874962,0.0005250021786196157,0,0,0.17578125,1259592.0,0.5625,0.1328125,,,1,80,0,0.0078125,0.875,,,0.0458984375,,,,,91.24206924438477,,0.17578125,,-0.875,0.0032272509997710586,,,3.2640527933835983e-06,0,,52090.493489726,,151.83358669599693,0.046875,52.090783999999985,,0.046875,0,,,0,1,0.0078125,0.1328125,,0,0.27031320333480835,333,
,0.00022016550916786133,0.0,20754.011154174805,1958.5058403427672,,0.18251948899705894,,334,46.76298904418945,0,0,,,,204.927734375,-0.018504930660128593,,0.25475130900304066,464.3767772085994,0,0,190.13741540908813,0.00036500205169431865,0.484375,,0.00033292848183918977,0,149.453125,1.4288626857705822e-05,0.43608492612838745,,,147.70060626899794,,0.0859375,980.517578125,0,,0.001070000507752411,,,4096,,0,0.0002124997990904376,0.0658076498828973,,,757,0.16840550233609974,21.89279924499715,,34,0,0.875,0.53125,0,0.515625,1780352126.123552,,,,,,,0.04902432112245537,0.0859375,0,990,0.140625,19319,54890.88439941406,0,3e-06,0.140625,0,,35.92582419514656,76.14537360300164,,49,0,0.0,0.0679931640625,,0.0005950023478362709,,,,0.0010800013114931062,,-0.875,-0.018504930660128593,0.0005224992492003366,0,0,0.1923828125,1157090.0,0.515625,0.1953125,,,1,96,0,0.015625,0.875,,,0.033203125,,,,,91.2544059753418,,0.1923828125,,-0.875,0.003197501428076066,,,-2.7688220143318176e-05,0,,52242.88405321,,147.70060626899794,0.046875,49.222869623001316,,0.046875,0,,,0,1,0.015625,0.1953125,,0,0.2624739408493042,334,
,0.00021331887972675186,0.0,20987.29705810547,2025.7748876893984,,0.19707428599940613,,335,49.00518798828125,0,0,,,,204.927734375,-0.011664115823805332,,0.2633769280000706,463.8531664968468,0,0,190.13741540908813,0.00022249696485232562,0.4140625,,0.0004820522385671211,0,156.9296875,0.00010693885252521795,0.4718136191368103,,,152.36922516699997,,0.1015625,1048.7958984375,0,,0.0008749975677346811,,,4096,,0,0.00029750117391813546,0.06248496236867473,,,767,0.18787250155583024,22.17637910800113,,41,0,0.875,0.6171875,0,0.5859375,1780352278.514043,,,,,,,0.048960899319064215,0.1015625,0,983,0.0703125,19372,55660.69412231445,0,3e-06,0.0703125,0,,35.83131358027458,77.14787109299505,,46,0,0.0,0.058837890625,,0.0005024994607083499,,,,0.002587499693618156,,-0.875,-0.011664115823805332,0.0005199999577598646,0,0,0.158203125,1234663.0,0.5859375,0.1484375,,,1,124,0,0.03125,0.875,,,0.0400390625,,,,,91.26766967773438,,0.158203125,,-0.875,0.0025550016289344057,,,1.1349678970873356e-05,0,,52395.812494852,,152.36922516699997,0.0625,52.58239015899744,,0.0625,0,,,0,1,0.03125,0.1484375,,0,0.27092793583869934,335,
,0.00019745568463258798,0.0078125,20363.49105834961,2109.3995646365756,,0.2065439130019513,,336,49.0137939453125,0,0,,,,204.927734375,-0.016324462369084358,,0.254749820996949,477.7894940889382,0,0,190.13741540908813,0.00028500107873696834,0.4140625,,0.0002273924783366965,0,172.0078125,1.7349494839891122e-05,0.44887956976890564,,,152.90630822499952,,0.140625,1087.916015625,0,,0.0009275008778786287,,,4096,,0,0.0002650031092343852,0.059703108973137846,,,1024,0.18917526176664978,22.311554794003314,,35,0,0.875,0.59375,0,0.5859375,1780352431.4424818,,,,,,,0.047669313323928056,0.140625,0,989,0.046875,19425,56148.47183227539,0,3e-06,0.046875,0,,36.7329940199852,77.02668247900147,,44,0,0.0,0.2210693359375,,0.0006325008143903688,,,,0.0011849988368339837,,-0.875,-0.016324462369084358,0.0005000001692678779,0,0,0.1416015625,1290162.0,0.5859375,0.125,,,1,2,0,0.0078125,0.875,,,0.0341796875,,,,,91.26395416259766,,0.1416015625,,-0.875,0.004130000888835639,,,-2.2992026060819626e-07,0,,52548.85218309,,152.90630822499952,0.09375,53.104854445002275,,0.09375,0,,,0,1,0.0078125,0.125,,0,0.256097674369812,336,
,0.00020034165992645854,0.0,19910.898208618164,2083.1196713919267,,0.19881154500035336,,337,49.2661018371582,0,0,,,,204.927734375,-0.009677208960056305,,0.25539374499931,469.2367751213169,0,0,190.13741540908813,0.0003024997567990795,0.5078125,,0.0003514057880238397,0,163.8125,-5.7948231699356256e-05,0.7238301038742065,,,152.99061036999774,,0.09375,1081.1005859375,0,,0.0010300009307684377,,,4096,,0,0.00020749939722009003,0.059595309002024345,,,755,0.17187249613925815,22.134432468999876,,48,0,0.875,0.53125,0,0.4921875,1780352584.4822223,,,,,,,0.04916524324080184,0.09375,0,976,0.078125,19490,55552.55889892578,0,3e-06,0.078125,0,,38.69082033634186,75.97156355799962,,38,0,0.0,0.063720703125,,0.0007124999683583155,,,,0.001174999852082692,,-0.875,-0.009677208960056305,0.0005450019671116024,0,0,0.18359375,1274791.0,0.4921875,0.21875,,,1,129,0,0.0390625,0.875,,,0.046875,,,,,91.2852668762207,,0.18359375,,-0.875,0.003010000000358559,,,1.9039725884795189e-06,0,,52702.899058982,,152.99061036999774,0.078125,54.428235033999954,,0.078125,0,,,0,1,0.0390625,0.21875,,0,0.2599969804286957,337,
,0.00021165048535077345,0.0,21030.95245361328,1975.4703326008023,,0.19948371299688006,,338,48.56462097167969,0,0,,,,204.927734375,-0.01605246029794216,,0.25759176300198305,474.1976970144606,0,0,190.13741540908813,0.00023749998945277184,0.484375,,0.00027916744011236005,0,161.265625,-1.7532868952230274e-06,0.4860840439796448,,,154.02180178500566,,0.109375,1027.271484375,0,,0.0010825024219229817,,,4096,,0,0.0002349988790228963,0.06339709497133085,,,719,0.1388632517773658,22.16662140099652,,38,0,0.875,0.5234375,0,0.515625,1780352738.5290387,,,,,,,0.05156045883075384,0.109375,0,986,0.1484375,19552,55616.61148071289,0,3e-06,0.1484375,0,,36.28784790635109,77.15819519999786,,37,0,0.0,0.07421875,,0.0005325000529410318,,,,0.0010925014066742733,,-0.875,-0.01605246029794216,0.0005249967216514051,0,0,0.197265625,1217062.0,0.515625,0.125,,,1,116,0,0.0078125,0.875,,,0.037109375,,,,,91.2287368774414,,0.197265625,,-0.875,0.0031524996302323416,,,2.6490888558328152e-05,0,,52856.129703141,,154.02180178500566,0.09375,54.23778721599956,,0.09375,0,,,0,1,0.0078125,0.125,,0,0.27683225274086,338,
,0.0002195903349463192,0.0,21033.615112304688,1883.5030227979416,,0.18885122900246643,,339,48.332340240478516,0,0,,,,204.927734375,-0.021785462275147438,,0.2534691710025072,483.1697220415663,0,0,190.13741540908813,0.0003374989319127053,0.5390625,,0.0003528348170220852,0,153.875,-6.43998613858443e-06,0.44736719131469727,,,153.2094700710004,,0.09375,973.353515625,0,,0.002260001565446146,,,4096,,0,0.0003474979166639969,0.06661959832086103,,,811,0.17993224901147187,22.05220479900163,,37,0,0.875,0.484375,0,0.4609375,1780352891.7596862,,,,,,,0.05399208232753006,0.09375,0,987,0.15625,19621,55343.997955322266,0,3e-06,0.15625,0,,36.83199733495712,76.89780318900011,,47,0,0.0,0.07958984375,,0.0009549985406920314,,,,0.0013324988685781136,,-0.875,-0.021785462275147438,0.0005150013748789206,0,0,0.2216796875,1154282.0,0.4609375,0.1796875,,,1,55,0,0.0234375,0.875,,,0.0361328125,,,,,91.26617050170898,,0.2216796875,,-0.875,0.002722250428632833,,,1.5985919162631035e-05,0,,53016.316351422,,153.2094700710004,0.0859375,53.8146643450018,,0.0859375,0,,,0,1,0.0234375,0.1796875,,0,0.26565152406692505,339,
,0.00021437297434781266,0.0,20382.078170776367,1813.9278156884238,10.809973707997415,0.18950005400256487,,340,47.952152252197266,0,0,,,,204.927734375,-0.01591619849205017,,0.2491219759976957,447.01981943217106,0,0,190.13741540908813,0.0002849992597475648,0.515625,,0.0003481549961179553,0,143.03125,3.4411581987470186e-05,0.5298518538475037,,,160.162933435,,0.109375,991.828125,0,,0.001062502633430995,,,4096,,0,0.00020249899534974247,0.06502916617387719,,,567,0.16734524979256094,21.91922240099666,,35,0,0.875,0.5,0,0.484375,1780353051.9462695,,,,,,,0.05063157251740608,0.109375,0,989,0.140625,19687,54703.125,0,3e-06,0.140625,0,,37.73672878742218,75.57013389399799,,48,0,0.0,0.074951171875,,0.0005799993232358247,,,,0.0012300024536671117,,-0.875,-0.01591619849205017,0.0005300007615005597,0,0,0.20703125,1162096.0,0.484375,0.171875,,,1,102,0,0.015625,0.875,,,0.0341796875,,,,,91.26184844970703,,0.20703125,,-0.875,0.0029397488106042147,,,-7.21996184438467e-06,0,,53167.51808716,,160.162933435,0.078125,51.42304525899817,,0.078125,0,,,0,1,0.015625,0.171875,,0,0.27164143323898315,340,
,0.0002092883426269216,0.0,20881.38198852539,2014.1776086464374,,0.1937985030017444,,341,49.633460998535156,0,0,,,,204.927734375,-0.021167349070310593,,0.2549100619944511,458.4825239817292,0,0,190.13741540908813,0.00032999923860188574,0.515625,,0.0003871378019084659,0,159.75,6.959818961149722e-07,0.5796379446983337,,,151.17646462400444,,0.0859375,1029.6884765625,0,,0.0010049971024272963,,,4096,,0,0.00031499803299084306,0.0629991117214131,,,784,0.15373999485746026,22.032973811001284,,38,0,0.875,0.515625,0,0.484375,1780353203.148128,,,,,,,0.049280046058375604,0.0859375,0,986,0.0859375,19753,55356.34994506836,0,3e-06,0.0859375,0,,35.59761494398117,76.73197309000534,,45,0,0.0,0.064453125,,0.0006449990905821323,,,,0.0011225001799175516,,-0.875,-0.021167349070310593,0.000504998752148822,0,0,0.1904296875,1217985.0,0.484375,0.1953125,,,1,174,0,0.03125,0.875,,,0.037109375,,,,,91.27986145019531,,0.1904296875,,-0.875,0.003354998625582084,,,1.5523051843047142e-05,0,,53321.043030283,,151.17646462400444,0.1171875,51.96092984399729,,0.1171875,0,,,0,1,0.03125,0.1953125,,0,0.25285422801971436,341,
,0.00020858827021805488,0.0078125,20884.437561035156,1964.0165857816278,,0.19396070200309623,,342,48.7257080078125,0,0,,,,204.927734375,-0.003824191400781274,,0.2515482759990846,476.0163741066208,0,0,190.13741540908813,0.00028999966161791235,0.421875,,0.0002792032880734041,0,165.9375,-5.882961073666593e-05,0.5149282813072205,,,153.5063411289957,,0.0625,1011.75390625,0,,0.0009225004760082811,,,4096,,0,0.00026500129024498165,0.06358864758084556,,,1024,0.1798902521841228,22.06481550099852,,42,0,0.875,0.5859375,0,0.578125,1780353356.6729965,,,,,,,0.05241961260902284,0.0625,0,982,0.109375,19807,55287.36114501953,0,3e-06,0.109375,0,,37.10894659161568,76.68511108200619,,50,0,0.0,0.06298828125,,0.0005250021786196157,,,,0.001117499778047204,,-0.875,-0.003824191400781274,0.0005125002644490451,0,0,0.1484375,1205956.0,0.578125,0.1796875,,,1,201,0,0.0078125,0.875,,,0.041015625,,,,,91.28081893920898,,0.1484375,,-0.875,0.0035324974305694923,,,-7.5194984674453735e-06,0,,53468.821299795,,153.5063411289957,0.0625,54.30860576900159,,0.0625,0,,,0,1,0.0078125,0.1796875,,0,0.2701188623905182,342,
,0.00022297512315963127,0.0078125,20218.164443969727,1913.7982063303605,,0.18746221399487695,,343,47.49639129638672,0,0,,,,204.927734375,-0.011372305452823639,,0.25220537800487364,501.40232145713526,0,0,190.13741540908813,0.0003175027813995257,0.4609375,,0.00030561073572243913,0,153.453125,-1.4591113313144888e-05,0.5056618452072144,,,147.75486729199474,,0.09375,951.12890625,0,,0.0008799979696050286,,,4096,,0,0.00019750041246879846,0.06646365100716521,,,1024,0.17826500697992742,21.796501545002684,,23,0,0.875,0.578125,0,0.5390625,1780353504.4513185,,,,,,,0.0516862240573486,0.09375,0,1001,0.109375,19866,54419.44122314453,0,3e-06,0.109375,0,,37.31042891740799,75.17650394499651,,37,0,0.0,0.061767578125,,0.0005950005288468674,,,,0.0012349992175586522,,-0.875,-0.011372305452823639,0.0006050013325875625,0,0,0.2021484375,1131092.0,0.5390625,0.1171875,,,1,8,0,0.0390625,0.875,,,0.0224609375,,,,,91.26108932495117,,0.2021484375,,-0.875,0.003432498488109559,,,-2.9171351343393326e-06,0,,53622.058311513,,147.75486729199474,0.1015625,50.340108037999016,,0.1015625,0,,,0,1,0.0390625,0.1171875,,0,0.26435786485671997,343,
,0.00020994671096440624,0.0,21301.876068115234,1982.6804436422633,,0.19881355399411405,,344,49.07132339477539,0,0,,,,204.927734375,-0.024830032140016556,,0.255112127000757,480.9836064068804,0,0,190.13741540908813,0.0003300010575912893,0.5703125,,0.0004410129959069309,0,162.640625,5.329874253234834e-05,0.48511895537376404,,,153.2178324419947,,0.1171875,1024.0078125,0,,0.0009449977369513363,,,4096,,0,0.00022500171326100826,0.06382397818254376,,,805,0.18353750056121498,22.17271006899682,,39,0,0.875,0.46875,0,0.4296875,1780353657.6882374,,,,,,,0.05057764140879138,0.1171875,0,985,0.0859375,19939,55733.29544067383,0,3e-06,0.0859375,0,,37.956688553094864,77.55430296099803,,50,0,0.0,0.067626953125,,0.000555000951862894,,,,0.001182497726404108,,-0.875,-0.024830032140016556,0.0005474994395626709,0,0,0.212890625,1215128.0,0.4296875,0.1875,,,1,178,0,0.0390625,0.875,,,0.0380859375,,,,,91.31223678588867,,0.212890625,,-0.875,0.0038347498048096895,,,1.755543053150177e-05,0,,53775.717274748,,153.2178324419947,0.140625,53.0349055389961,,0.140625,0,,,0,1,0.0390625,0.1875,,0,0.2801855206489563,344,
,0.00021720042618597244,0.0078125,20575.46043395996,1925.4705848120461,,0.19225126699893735,,345,50.55241012573242,0,0,,,,204.927734375,-0.01707104966044426,,0.25695983300101943,496.74572422372876,0,0,190.13741540908813,0.00032749994716141373,0.46875,,0.0003173112422700797,0,150.328125,4.302134496469989e-05,0.55498206615448,,,153.6058261979997,,0.1171875,1004.998046875,0,,0.0010200001270277426,,,4096,,0,0.00024750079319346696,0.06468699817590735,,,1024,0.20711500837933272,22.0747456540048,,42,0,0.875,0.5703125,0,0.53125,1780353811.3472822,,,,,,,0.0530078596273659,0.1171875,0,982,0.125,19999,55418.46466064453,0,3e-06,0.125,0,,37.32705116271973,76.52821193999989,,35,0,0.0,0.0616455078125,,0.0006249993020901456,,,,0.001062498995452188,,-0.875,-0.01707104966044426,0.0006100017344579101,0,0,0.208984375,1183054.0,0.53125,0.1484375,,,1,112,0,0.0390625,0.875,,,0.041015625,,,,,91.32814407348633,,0.208984375,,-0.875,0.0030624996725236997,,,-3.4785130992531776e-05,0,,53928.512032832,,153.6058261979997,0.0390625,54.55134248399554,,0.0390625,0,,,0,1,0.0390625,0.1484375,,0,0.27161461114883423,345,
,0.0002099490117872788,0.0,20698.116302490234,1984.834217283419,,0.1957947310002055,,346,48.99641036987305,0,0,,,,204.927734375,-0.01902220956981182,,0.2546364489971893,509.9200523836771,0,0,190.13741540908813,0.00031750096241012216,0.515625,,0.00024798384629320935,0,150.828125,-1.2921237555474363e-05,0.5816235542297363,,,152.76452177199826,,0.125,1033.5947265625,0,,0.001062498995452188,,,4096,,0,0.0001700009306659922,0.06338657778586149,,,750,0.24202174972742796,22.104275421006605,,40,0,0.875,0.515625,0,0.484375,1780353964.1420565,,,,,,,0.05038679878136814,0.125,0,984,0.1015625,20065,55632.96890258789,0,3e-06,0.1015625,0,,37.09327429533005,76.87834748100431,,37,0,0.0,0.066162109375,,0.0006075006240280345,,,,0.0011699994502123445,,-0.875,-0.01902220956981182,0.0005874971975572407,0,0,0.2060546875,1212849.0,0.484375,0.1796875,,,1,216,0,0.03125,0.875,,,0.0390625,,,,,91.3292350769043,,0.2060546875,,-0.875,0.003012499291799031,,,1.779920421540737e-05,0,,54084.413105496,,152.76452177199826,0.078125,53.329438216998824,,0.078125,0,,,0,1,0.03125,0.1796875,,0,0.28310123085975647,346,
,0.00020428783009704196,0.0,20899.316787719727,2053.8358003809753,,0.21146739200048614,,347,50.76094055175781,0,0,,,,204.927734375,-0.021128682419657707,,0.26160302799689816,494.93150929993135,0,0,190.13741540908813,0.00022749918571207672,0.4453125,,0.00011972452421105118,0,159.6171875,-3.68378916562051e-05,0.49764636158943176,,,155.87431572700007,,0.046875,1090.9306640625,0,,0.001104999682866037,,,4096,,0,0.0002349988790228963,0.06068610086204474,,,863,0.24416676023975015,22.349530322004284,,55,0,0.875,0.59375,0,0.5546875,1780354120.0430923,,,,,,,0.049535941035507534,0.046875,0,969,0.1484375,20122,56280.250549316406,0,3e-06,0.1484375,0,,37.50280290842056,77.71225400600088,,43,0,0.0,0.070068359375,,0.0006350019248202443,,,,0.0024049986677709967,,-0.875,-0.021128682419657707,0.0005524962034542114,0,0,0.203125,1280561.0,0.5546875,0.1328125,,,1,163,0,0.0390625,0.875,,,0.0537109375,,,,,91.25659942626953,,0.203125,,-0.875,0.0030300016078399494,,,6.2301987782120705e-06,0,,54233.060515333,,155.87431572700007,0.078125,55.33724369799893,,0.078125,0,,,0,1,0.0390625,0.1328125,,0,0.2738726735115051,347,
,0.0002137348543558769,0.0,19722.591400146484,1971.4617593372805,,0.1920604079932673,,348,48.403621673583984,0,0,,,,204.927734375,-0.02712029218673706,,0.25050152400217485,494.8637041688926,0,0,190.13741540908813,0.0002674987626960501,0.5,,0.0003151451701342012,0,142.46875,3.5052275379143794e-05,0.44977909326553345,,,148.62322264799877,,0.1171875,1002.08203125,0,,0.0009722498361952603,,,4096,,0,0.00026750058168545365,0.06384475824644219,,,662,0.18189298862125725,21.8071787029985,,32,0,0.875,0.53125,0,0.5,1780354268.6905935,,,,,,,0.0502315906033552,0.1171875,0,992,0.109375,20186,54572.9866027832,0,3e-06,0.109375,0,,36.70267015695572,74.82733355999517,,50,0,0.0,0.065673828125,,0.0005425026756711304,,,,0.001179998434963636,,-0.875,-0.02712029218673706,0.0005474994395626709,0,0,0.2109375,1172020.0,0.5,0.1171875,,,1,165,0,0.03125,0.875,,,0.03125,,,,,91.32243347167969,,0.2109375,,-0.875,0.0035125012800563127,,,5.7513825595378876e-06,0,,54384.224008504,,148.62322264799877,0.125,51.54424252900208,,0.125,0,,,0,1,0.03125,0.1171875,,0,0.2646406292915344,348,
,0.00021304775707292384,0.0,20348.041534423828,1942.0338454600624,,0.19431411400000798,,349,48.64387512207031,0,0,,,,204.927734375,-0.015637313947081566,,0.2501323410033365,485.421431802024,0,0,190.13741540908813,0.0003500026650726795,0.53125,,0.0006100300361140398,0,158.9609375,7.079602380599681e-05,0.43220922350883484,,,151.1388437880014,,0.1328125,987.5888671875,0,,0.0010500007192604244,,,4096,,0,0.00021975029085297137,0.06428537903544025,,,816,0.22924449876882136,21.857120993001445,,32,0,0.875,0.484375,0,0.46875,1780354419.8541129,,,,,,,0.052764171222725455,0.1328125,0,992,0.1328125,20254,54605.674743652344,0,3e-06,0.1328125,0,,35.967521369457245,75.47534210800222,,40,0,0.0,0.07470703125,,0.0005474994395626709,,,,0.001167501977761276,,-0.875,-0.015637313947081566,0.000557500243303366,0,0,0.2138671875,1174067.0,0.46875,0.1484375,,,1,108,0,0.015625,0.875,,,0.03125,,,,,91.27957534790039,,0.2138671875,,-0.875,0.0037400004657683894,,,1.1800788342952728e-05,0,,54604.998931919,,151.1388437880014,0.1015625,53.35993148000125,,0.1015625,0,,,0,1,0.015625,0.1484375,,0,0.281870037317276,349,
0.0,0.00021355222227370326,0.0,20440.202713012695,1303.6290212083536,8.035100459994283,0.18832999199366895,0.0,350,49.099571228027344,0,0,0.0,0.0,0.0,204.927734375,-0.022878995165228844,0.0,0.2548141420047614,479.9220938675717,0,0,190.13741540908813,0.00024499786377418786,0.4609375,0.0,0.0002799881822284078,0,149.75,4.633696448763658e-06,0.42703723907470703,0.224609375,0.0,228.8260273029955,0.0,0.1015625,1015.5009765625,0,0.0,0.0010474977898411453,0.0,0.0,4096,0.0,0,0.000197502231458202,0.06398911334065907,0.0,0.777988614800759,733,0.16762499581091106,22.041001440004038,0.0,41,0,0.875,0.5546875,0,0.5390625,1780354648.7000673,0.222011385199241,0.0,0.0,0.0,"{'artifact_path': 'wandb-client-artifact://ayvgwgmxtbnhex78pmz0cixsjvetcie54lbe92wf1ug0ejwg3j06xkss3dvuzg73myuhzz19bwhergjfsqml98wuc4r3f9bivr0gw6fk5xhb4sf72jh6j63j02h8d6cu/val/generations.table.json', 'sha256': '268cde94611ad4abe8d7b6bc5de32e77af2b34c48b4aec5144ad8c8fe560f380', 'ncols': 13, '_latest_artifact_path': 'wandb-client-artifact://c9y1chnma566qr95ucfe2uwx3td9liy6gmuoi675581rtzb964qd8rz71x7i3pltlezthxm2yffw5dr6boxifwps9srkpgdhvg0k5w87l6s4tjv3uii9dcrled1e8vi6:latest/val/generations.table.json', 'nrows': 7, 'path': 'media/table/val/generations_349_268cde94611ad4abe8d7.table.json', 'size': 89896, '_type': 'table-file', 'log_mode': 'IMMUTABLE'}",70.35175379899738,0.04962109813314075,0.1015625,0,983,0.1484375,20313,55396.8505859375,0,3e-06,0.1484375,0,0.21940463065049615,35.748302936553955,76.3528978530012,0.0,47,0,0.0,0.0657958984375,0.13333333333333333,0.0006424997991416603,0.0,0.8666666666666667,1024.0,0.0010350013326387852,0.0,-0.875,-0.022878995165228844,0.0005800011422252283,0,0,0.201171875,1193217.0,0.5390625,0.125,0.0,0.0,1,154,0,0.015625,0.875,0.0,0.775390625,0.041015625,0.0,0.15384615384615385,0.0,30.0,91.29072189331055,0.0,0.201171875,0.21757770632368703,-0.875,0.0027847509045386687,0.0,0.13333333333333333,1.665565650910139e-05,0,0.0,54769.366190842,0.224609375,228.8260273029955,0.0703125,51.59964017900347,0.0,0.0703125,0,1054.0,0.0,0,1,0.015625,0.125,0.0,0,0.2714734673500061,350,0.0
,0.00020355324023052951,0.0,20650.911331176758,2042.6904290759169,,0.19607477200042922,,351,51.678565979003906,0,0,,,,204.927734375,-0.02452467940747738,,0.2598982019990217,502.6497352082515,0,0,190.13741540908813,0.0002800024958560243,0.53125,,0.00032803439353301656,0,161.265625,2.9467164665675227e-05,0.5078064203262329,,,156.26535742099804,,0.09375,1085.6162109375,0,,0.0010900021152338013,,,4096,,0,0.0002474989742040634,0.06073126849006984,,,796,0.218744738958776,22.302445323002758,,58,0,0.875,0.4921875,0,0.46875,1780354804.996256,,,,,,,0.050340389158301566,0.09375,0,966,0.1484375,20381,56351.28402709961,0,3e-06,0.1484375,0,,37.037193775177,77.5421087270006,,39,0,0.0,0.0703125,,0.0006449990905821323,,,,0.0012575001164805144,,-0.875,-0.02452467940747738,0.0005775000317953527,0,0,0.2158203125,1276807.0,0.46875,0.171875,,,1,96,0,0.0234375,0.875,,,0.056640625,,,,,91.17165756225586,,0.2158203125,,-0.875,0.0035974990169052035,,,1.5151454135775566e-05,0,,54919.18996471,,156.26535742099804,0.09375,55.96195075599826,,0.09375,0,,,0,1,0.0234375,0.171875,,0,0.2748872935771942,351,
,0.00021986910111334118,0.0,20578.304290771484,2022.3838897763858,,0.2014207219981472,,352,49.02516174316406,0,0,,,,204.927734375,-0.028781414031982422,,0.266431880001619,497.40586896587047,0,0,190.13741540908813,0.0003174991434207186,0.4765625,,0.00021478411008502007,0,148.2109375,2.6673876799776508e-05,0.4052288830280304,,,149.79537343599804,,0.109375,1035.1630859375,0,,0.001077498382073827,,,4096,,0,0.0001949993020389229,0.06282163764807958,,,497,0.20429250434972346,21.952301031997195,,37,0,0.875,0.546875,0,0.5234375,1780354954.8199065,,,,,,,0.04834621276274289,0.109375,0,987,0.078125,20442,55013.27896118164,0,3e-06,0.078125,0,,36.48935258388519,76.12568996100163,,48,0,0.0,0.06884765625,,0.0007125036063371226,,,,0.001160000465461053,,-0.875,-0.028781414031982422,0.0005824986146762967,0,0,0.1796875,1211775.0,0.5234375,0.140625,,,1,95,0,0.0234375,0.875,,,0.0361328125,,,,,91.01322937011719,,0.1796875,,-0.875,0.003149994881823659,,,-1.9965111277997494e-05,0,,55074.72113323,,149.79537343599804,0.125,51.247323951996805,,0.125,0,,,0,1,0.0234375,0.140625,,0,0.2969111204147339,352,
,0.0002065722200307411,0.0,21274.368286132812,2117.026990249195,,0.22908787099731853,,353,51.15381622314453,0,0,,,,204.927734375,-0.012812385335564613,,0.2719632759981323,506.44965388164565,0,0,190.13741540908813,0.00024500150175299495,0.4453125,,0.00021896987482250552,0,171.890625,-2.2523565633036924e-05,0.45989227294921875,,,155.4719195910002,,0.0859375,1113.8056640625,0,,0.0010525000107008964,,,4096,,0,0.00030249793780967593,0.05916770416762843,,,675,0.20128473988734186,22.325073740001244,,54,0,0.875,0.5859375,0,0.5546875,1780355110.3511112,,,,,,,0.04800020335508772,0.0859375,0,970,0.109375,20499,56080.1887512207,0,3e-06,0.109375,0,,36.203064024448395,77.8974184250037,,42,0,0.0,0.0654296875,,0.0005725014489144087,,,,0.001267502739210613,,-0.875,-0.012812385335564613,0.0005674992280546576,0,0,0.18359375,1316553.0,0.5546875,0.15625,,,1,148,0,0.03125,0.875,,,0.052734375,,,,,91.17729187011719,,0.18359375,,-0.875,0.00337750134349335,,,-1.4278339222073555e-06,0,,55223.674141632,,155.4719195910002,0.0625,54.74600793400168,,0.0625,0,,,0,1,0.03125,0.15625,,0,0.2720582187175751,353,
,0.00022346038347401516,0.0,20119.449615478516,1916.5642534158608,,0.1818724690019735,,354,47.137847900390625,0,0,,,,204.927734375,-0.005521315149962902,,0.2551180160007789,517.6014062944887,0,0,190.13741540908813,0.00038750113162677735,0.5390625,,0.00038064539830884314,0,151.78125,-4.8868835486715057e-05,0.4764706790447235,,,148.92143557999952,,0.140625,963.130859375,0,,0.0009725008567329496,,,4096,,0,0.0001949993020389229,0.06559697840006186,,,761,0.2520967391319573,21.82142987300176,,17,0,0.875,0.484375,0,0.4609375,1780355259.3042238,,,,,,,0.05249299980633938,0.140625,0,1007,0.1015625,20568,54218.509674072266,0,3e-06,0.1015625,0,,34.28184241056442,74.89010232999863,,41,0,0.0,0.0665283203125,,0.0006200025381986052,,,,0.0011275005817878991,,-0.875,-0.005521315149962902,0.0005224974302109331,0,0,0.2080078125,1141670.0,0.4609375,0.1796875,,,1,201,0,0.0234375,0.875,,,0.0166015625,,,,,91.24772644042969,,0.2080078125,,-0.875,0.0038700018194504082,,,-2.0106672309339046e-05,0,,55372.57395931,,148.92143557999952,0.09375,51.77101108700299,,0.09375,0,,,0,1,0.0234375,0.1796875,,0,0.26206180453300476,354,
,0.0002127436374051594,0.0,20226.0684967041,2021.5935353559346,,0.20221708999451948,,355,48.08483123779297,0,0,,,,204.927734375,-0.015857519581913948,,0.25613291499757906,532.075173832709,0,0,190.13741540908813,0.0002849992597475648,0.4296875,,0.0003607145645219134,0,141.9609375,-5.6492340310576594e-05,0.5949796438217163,,,148.88638330899994,,0.1171875,1033.7724609375,0,,0.0009049981599673629,,,4096,,0,0.00023249776859302074,0.06310508967225321,,,599,0.21543925686273724,22.10806226499699,,43,0,0.875,0.59375,0,0.5703125,1780355408.203933,,,,,,,0.04755635325147234,0.1171875,0,981,0.0703125,20623,55179.88967895508,0,3e-06,0.0703125,0,,37.17970475554466,75.97543581599894,,43,0,0.0,0.0623779296875,,0.0006549998943228275,,,,0.0011325009836582467,,-0.875,-0.015857519581913948,0.0005375004548113793,0,0,0.1611328125,1203951.0,0.5703125,0.140625,,,1,217,0,0.0234375,0.875,,,0.0419921875,,,,,91.32028579711914,,0.1611328125,,-0.875,0.0035749981179833412,,,-1.4116871170699596e-05,0,,55525.619212258,,148.88638330899994,0.078125,50.342347094003344,,0.078125,0,,,0,1,0.0234375,0.140625,,0,0.2437438666820526,355,
,0.00020179819570590674,0.0,21095.151901245117,2057.7311800852476,,0.19384137500310317,,356,49.11980056762695,0,0,,,,204.927734375,-0.015387488529086113,,0.2541523160034558,496.35825907716935,0,0,190.13741540908813,0.0003349996404722333,0.4453125,,0.00012432617586455308,0,179.5234375,8.280286594697372e-05,0.432229220867157,,,153.01294116899953,,0.0625,1050.396484375,0,,0.0010625008144415915,,,4096,,0,0.00028750037017744035,0.0615651498731979,,,812,0.19283675646875054,22.247554223002226,,40,0,0.875,0.5859375,0,0.5546875,1780355561.2492642,,,,,,,0.04906793147304995,0.0625,0,984,0.1171875,20680,55910.49575805664,0,3e-06,0.1171875,0,,35.28343886137009,77.53748922600062,,49,0,0.0,0.06103515625,,0.0006424997991416603,,,,0.001129499651142396,,-0.875,-0.015387488529086113,0.0005200017767492682,0,0,0.181640625,1259438.0,0.5546875,0.1796875,,,1,262,0,0.03125,0.875,,,0.0390625,,,,,91.18143081665039,,0.181640625,,-0.875,0.0030550017982022837,,,8.87666828930378e-06,0,,55681.2834571,,153.01294116899953,0.0546875,52.77776150000136,,0.0546875,0,,,0,1,0.03125,0.1796875,,0,0.28569844365119934,356,
,0.00019831206645035,0.0,20817.3770904541,2146.0336651572047,,0.21294970799499424,,357,50.494110107421875,0,0,,,,204.927734375,-0.011437025852501392,,0.2649584059981862,460.6134203277179,0,0,190.13741540908813,0.0003674995241453871,0.3671875,,0.0001540272924103192,0,191.234375,4.0876529055822175e-05,0.5132903456687927,,,155.64387708499999,,0.0546875,1113.51953125,0,,0.0010050007404061034,,,4096,,0,0.0003525019565131515,0.058586680933903915,,,805,0.17197526176460087,22.544747054002073,,53,0,0.875,0.6640625,0,0.6328125,1780355716.913526,,,,,,,0.04765922834937348,0.0546875,0,971,0.0625,20727,56962.894439697266,0,3e-06,0.0625,0,,34.72544625401497,78.27578962199914,,46,0,0.0,0.0496826171875,,0.0006199989002197981,,,,0.0010425010259496048,,-0.875,-0.011437025852501392,0.0005775018507847562,0,0,0.1416015625,1336068.0,0.6328125,0.1328125,,,1,216,0,0.03125,0.875,,,0.0517578125,,,,,91.2164077758789,,0.1416015625,,-0.875,0.0032850002753548324,,,-5.090259946882725e-06,0,,55840.196507352,,155.64387708499999,0.0859375,54.34314917000302,,0.0859375,0,,,0,1,0.03125,0.1328125,,0,0.28075122833251953,357,
,0.00019634875773296098,0.0,21403.182983398438,2045.0347126949337,,0.2050128830014728,,358,50.40919494628906,0,0,,,,204.927734375,-0.023419171571731567,,0.2551976220056531,461.1826815398672,0,0,190.13741540908813,0.00028999966161791235,0.515625,,0.0003842592188902927,0,168.6171875,-2.8472011138092057e-05,0.42845985293388367,,,158.88678954100033,,0.140625,1100.63671875,0,,0.0009374998626299202,,,4096,,0,0.000200001522898674,0.06031868275069432,,,733,0.1511252485215664,22.388542111002607,,57,0,0.875,0.515625,0,0.484375,1780355875.8264344,,,,,,,0.05114099695222756,0.140625,0,967,0.1015625,20793,56495.20492553711,0,3e-06,0.1015625,0,,37.42796927690506,78.39715707000141,,50,0,0.0,0.06884765625,,0.0006850023055449128,,,,0.0012824984878534451,,-0.875,-0.023419171571731567,0.0005549991328734905,0,0,0.2099609375,1299716.0,0.484375,0.1484375,,,1,133,0,0.03125,0.875,,,0.0556640625,,,,,91.24189758300781,,0.2099609375,,-0.875,0.0034349995985394344,,,8.331960998475552e-06,0,,55991.811818303,,158.88678954100033,0.09375,57.638562897001975,,0.09375,0,,,0,1,0.03125,0.1484375,,0,0.27667877078056335,358,
,0.00021061304785631406,0.0,19947.06153869629,2041.0132903693147,,0.20109342800424201,,359,49.0662727355957,0,0,,,,204.927734375,-0.029408104717731476,,0.26066397500107996,481.2417510274827,0,0,190.13741540908813,0.00023999928089324385,0.5546875,,0.0002649696261869394,0,172.8359375,5.6192459851445165e-05,0.4456998407840729,,,151.5967590509972,,0.1171875,1035.80078125,0,,0.0011550000635907054,,,4096,,0,0.00022500171326100826,0.06138582513873209,,,756,0.23242176393978298,22.116463093996572,,35,0,0.875,0.4609375,0,0.4453125,1780356027.4418838,,,,,,,0.05000903947164761,0.1171875,0,989,0.1484375,20864,55508.155822753906,0,3e-06,0.1484375,0,,37.09957376122475,75.97379816800094,,46,0,0.0,0.072509765625,,0.0005774963938165456,,,,0.0010974999895552173,,-0.875,-0.029408104717731476,0.0005025012796977535,0,0,0.2158203125,1237644.0,0.4453125,0.1875,,,1,77,0,0.015625,0.875,,,0.0341796875,,,,,91.2772445678711,,0.2158203125,,-0.875,0.00326249937643297,,,-3.2421667128801346e-06,0,,56150.144781605,,151.5967590509972,0.0859375,53.042587805997755,,0.0859375,0,,,0,1,0.015625,0.1875,,0,0.29952603578567505,359,
,0.0002201273103577338,0.0,20975.923538208008,1832.2181617155368,8.35461667799973,0.18837679399439367,,360,48.77616882324219,0,0,,,,204.927734375,-0.025919171050190926,,0.25539434700476704,489.28477418121474,0,0,190.13741540908813,0.00037499739846680313,0.4296875,,0.00030407632675633067,0,121.7109375,9.841255075571098e-05,0.5540391206741333,,,158.30702154399478,,0.09375,1011.30859375,0,,0.0009699997463030741,,,4096,,0,0.00019999970390927047,0.06581548621372686,,,533,0.1748927461449057,21.87876449900068,,31,0,0.875,0.59375,0,0.5703125,1780356185.774877,,,,,,,0.0495065315600914,0.09375,0,993,0.078125,20919,54857.74230957031,0,3e-06,0.078125,0,,36.782778799533844,76.35991689100047,,40,0,0.0,0.0595703125,,0.0005724996299250051,,,,0.0024499986466253176,,-0.875,-0.025919171050190926,0.000664998879074119,0,0,0.158203125,1160212.0,0.5703125,0.171875,,,1,269,0,0.0234375,0.875,,,0.0302734375,,,,,91.17097091674805,,0.158203125,,-0.875,0.0033650012483121827,,,-2.2567110136151314e-06,0,,56305.960932459,,158.30702154399478,0.0625,51.267973952999455,,0.0625,0,,,0,1,0.0234375,0.171875,,0,0.25069135427474976,360,
,0.00019764050950598478,0.0,20916.393280029297,2089.876220485352,,0.20412447399576195,,361,51.67287063598633,0,0,,,,204.927734375,-0.020983263850212097,,0.25733584899717243,482.28502250276506,0,0,190.13741540908813,0.00028500107873696834,0.421875,,0.00043914845218751,0,160.1640625,5.001145311211985e-06,0.7266175746917725,,,155.75563605599746,,0.1171875,1111.359375,0,,0.0010122494131792337,,,4096,,0,0.0002225006028311327,0.05971086889726702,,,703,0.20191975636407733,22.355257884999446,,50,0,0.875,0.609375,0,0.578125,1780356341.5909348,,,,,,,0.04849672328282229,0.1171875,0,974,0.0625,20973,56309.31854248047,0,3e-06,0.0625,0,,37.73394972085953,77.74593973899755,,44,0,0.0,0.05517578125,,0.0006400041456799954,,,,0.0011249994713580236,,-0.875,-0.020983263850212097,0.0005875026545254514,0,0,0.16015625,1302040.0,0.578125,0.15625,,,1,200,0,0.03125,0.875,,,0.048828125,,,,,91.22114181518555,,0.16015625,,-0.875,0.003152250428684056,,,-2.3632310330867767e-07,0,,56458.233037237,,155.75563605599746,0.0546875,55.19082299099682,,0.0546875,0,,,0,1,0.03125,0.15625,,0,0.269940048456192,361,
,0.00021197435260156259,0.0,21118.593215942383,1936.2507220454393,,0.20571724500041455,,362,49.27073287963867,0,0,,,,204.927734375,-0.017500009387731552,,0.24994023099861806,476.1521449927386,0,0,190.13741540908813,0.000257497958955355,0.4765625,,0.0002570696124166716,0,156.9609375,0.00013052668067814466,0.42602112889289856,,,152.2408728599985,,0.0703125,994.509765625,0,,0.0010549993021413684,,,4096,,0,0.00021999949240125716,0.0648923655676399,,,815,0.26155399973504245,22.080931085001794,,33,0,0.875,0.5703125,0,0.5234375,1780356493.8630998,,,,,,,0.052227200691692295,0.0703125,0,991,0.1171875,21034,54884.07897949219,0,3e-06,0.1171875,0,,35.88453307747841,76.51497759499762,,43,0,0.0,0.10205078125,,0.0006150003173388541,,,,0.0012749987945426255,,-0.875,-0.017500009387731552,0.0005499969120137393,0,0,0.2109375,1179106.0,0.5234375,0.15625,,,1,160,0,0.046875,0.875,,,0.0322265625,,,,,91.18613052368164,,0.2109375,,-0.875,0.0031950003176461905,,,-2.1516578271985054e-05,0,,56608.992862155,,152.2408728599985,0.0859375,53.18703218600422,,0.0859375,0,,,0,1,0.046875,0.15625,,0,0.2624281644821167,362,
,0.00021412680420544963,0.0,20455.202102661133,1929.3283140993758,,0.18872866599849658,,363,48.5630989074707,0,0,,,,204.927734375,-0.017025446519255638,,0.24905431200022576,506.03143822809216,0,0,190.13741540908813,0.0002124997990904376,0.453125,,0.00028166074935143115,0,131.9296875,-7.254996239680622e-05,0.44430482387542725,,,150.71514675600338,,0.1171875,1003.92578125,0,,0.001117499778047204,,,4096,,0,0.00022999847715254873,0.06533227098071029,,,635,0.21210225531831384,21.94996721100324,,40,0,0.875,0.578125,0,0.546875,1780356644.6229148,,,,,,,0.0509093493385321,0.1171875,0,984,0.078125,21092,54989.891052246094,0,3e-06,0.078125,0,,37.665896117687225,75.98900969399983,,42,0,0.0,0.0614013671875,,0.0006399986887117848,,,,0.0013074968592263758,,-0.875,-0.017025446519255638,0.0006274985935306177,0,0,0.1806640625,1163116.0,0.546875,0.1484375,,,1,251,0,0.03125,0.875,,,0.0390625,,,,,91.21481704711914,,0.1806640625,,-0.875,0.0029674993129447103,,,3.7129269912838936e-05,0,,56760.528527792,,150.71514675600338,0.078125,52.335829306997766,,0.078125,0,,,0,1,0.03125,0.1484375,,0,0.24632255733013153,363,
,0.00021165275567909067,0.0,20957.704544067383,1968.3686315784128,,0.19330322300083935,,364,48.79538345336914,0,0,,,,204.927734375,-0.016793575137853622,,0.2524691430007806,496.84350192364946,0,0,190.13741540908813,0.00031750096241012216,0.4609375,,0.00018870861867981148,0,152.7421875,4.8365898805968754e-05,0.4440346360206604,,,151.50185550400056,,0.1171875,1012.146484375,0,,0.0010225012374576181,,,4096,,0,0.00019999970390927047,0.06458432698269638,,,759,0.23042698740027845,22.125149774998135,,38,0,0.875,0.578125,0,0.5390625,1780356796.1585913,,,,,,,0.05006536025309837,0.1171875,0,986,0.0859375,21151,55548.500061035156,0,3e-06,0.0859375,0,,35.87082773447037,77.03915610400145,,41,0,0.0,0.0609130859375,,0.0005100009730085731,,,,0.0012847503967350349,,-0.875,-0.016793575137853622,0.000602500222157687,0,0,0.1904296875,1192846.0,0.5390625,0.1484375,,,1,163,0,0.0390625,0.875,,,0.037109375,,,,,91.20741271972656,,0.1904296875,,-0.875,0.002804999894578941,,,-5.005626007914543e-06,0,,56913.340502498,,151.50185550400056,0.0703125,51.88964185000077,,0.0703125,0,,,0,1,0.0390625,0.1484375,,0,0.2775178849697113,364,
,0.0002026345019548084,0.0,20679.561614990234,1997.9050687765086,,0.1920414729975164,,365,48.879825592041016,0,0,,,,204.927734375,-0.026105334982275963,,0.24742442699789535,463.444611592422,0,0,190.13741540908813,0.0002625001798151061,0.4609375,,0.000451223628488151,0,153.09375,-2.74219102607276e-05,0.5407450199127197,,,152.7897920530013,,0.109375,1039.326171875,0,,0.0009850027709035203,,,4096,,0,0.00023000029614195228,0.06314734112042121,,,806,0.20654473337344825,22.212352916998498,,39,0,0.875,0.5546875,0,0.5390625,1780356948.970526,,,,,,,0.04982816515357779,0.109375,0,985,0.1015625,21210,55924.888610839844,0,3e-06,0.1015625,0,,37.194542586803436,77.10530310699687,,49,0,0.0,0.063232421875,,0.0005425008566817269,,,,0.0011324973456794396,,-0.875,-0.026105334982275963,0.0006150003173388541,0,0,0.1884765625,1221038.0,0.5390625,0.1171875,,,1,190,0,0.015625,0.875,,,0.0380859375,,,,,91.21023178100586,,0.1884765625,,-0.875,0.0034147524274885654,,,9.210780262947083e-06,0,,57071.131652804,,152.7897920530013,0.1171875,53.03062132799823,,0.1171875,0,,,0,1,0.015625,0.1171875,,0,0.2396356761455536,365,
,0.0002045592264447253,0.0,21472.96905517578,1993.0990058498928,,0.20166021800105227,,366,49.87582778930664,0,0,,,,204.927734375,-0.015495785512030125,,0.2572997090028366,513.6682115571602,0,0,190.13741540908813,0.00030999945010989904,0.453125,,0.00015323417301260633,0,159.7578125,-2.4753765686114093e-05,0.4361386299133301,,,157.77251861400146,,0.078125,1068.5869140625,0,,0.0011050015018554404,,,4096,,0,0.00027750138542614877,0.062094108437974645,,,795,0.19336176046635956,22.287393393002276,,42,0,0.875,0.5703125,0,0.546875,1780357106.7616973,,,,,,,0.05201822606702552,0.078125,0,982,0.0859375,21268,56081.60400390625,0,3e-06,0.0859375,0,,35.07915884256363,78.10352194599545,,45,0,0.0,0.063720703125,,0.0005549991328734905,,,,0.0011975007510045543,,-0.75,-0.015495785512030125,0.0005399979272624478,0,0,0.1650390625,1257825.0,0.546875,0.140625,,,1,134,0,0.0234375,0.875,,,0.041015625,,,,,91.27293014526367,,0.1650390625,,-0.75,0.00416975308326073,,,1.584668643772602e-05,0,,57227.385440848,,157.77251861400146,0.125,56.92005956399953,,0.125,0,,,0,1,0.0234375,0.140625,,0,0.2703464925289154,366,
,0.00020249997676942928,0.0,21438.86375427246,2101.0526751457405,,0.19773882599838544,,367,50.9754753112793,0,0,,,,204.927734375,-0.027787933126091957,,0.26587700199888786,495.5171205347142,0,0,190.13741540908813,0.00026499765226617455,0.515625,,0.0004198385920517467,0,160.2734375,-3.853155746469383e-05,0.533153235912323,,,156.2279965100024,,0.1875,1121.9267578125,0,,0.0011175015970366076,,,4096,,0,0.00021000050764996558,0.059588501695008345,,,746,0.1942647504620254,22.338746560999425,,58,0,0.875,0.5078125,0,0.484375,1780357263.0154793,,,,,,,0.04803518322622516,0.1875,0,966,0.078125,21334,56265.83480834961,0,3e-06,0.078125,0,,37.67649084329605,78.23809383600019,,44,0,0.0,0.06884765625,,0.000559999534743838,,,,0.0012622494978131726,,-0.875,-0.027787933126091957,0.0006100017344579101,0,0,0.203125,1312973.0,0.484375,0.1484375,,,1,184,0,0.0234375,0.875,,,0.056640625,,,,,91.21405410766602,,0.203125,,-0.875,0.0033724991226335987,,,-4.852539859712124e-06,0,,57378.650765203,,156.2279965100024,0.078125,55.185364354998455,,0.078125,0,,,0,1,0.0234375,0.1484375,,0,0.27231624722480774,367,
,0.00021147606880716178,0.0,21054.34226989746,1994.4500585828923,,0.1958646810016944,,368,48.885562896728516,0,0,,,,204.927734375,-0.031705521047115326,,0.2551725230005104,497.4549118633149,0,0,190.13741540908813,0.0002875021891668439,0.5703125,,0.00047208713067448116,0,155.0625,1.6298083046706324e-05,0.4478832483291626,,,151.24795865499618,,0.140625,1023.283203125,0,,0.0010425010259496048,,,4096,,0,0.0002149990905309096,0.06376556392121392,,,1007,0.22548700508195907,22.013299224003276,,38,0,0.875,0.4765625,0,0.4296875,1780357414.280761,,,,,,,0.04947352561168132,0.140625,0,986,0.125,21407,55351.661682128906,0,3e-06,0.125,0,,37.49625384807587,76.94118733199866,,38,0,0.0,0.07177734375,,0.000555000951862894,,,,0.0010450003173900768,,-0.875,-0.031705521047115326,0.0004972498572897166,0,0,0.2421875,1206626.0,0.4296875,0.1640625,,,1,162,0,0.046875,0.875,,,0.037109375,,,,,91.2153549194336,,0.2421875,,-0.875,0.0030850023904349655,,,1.1321855708956718e-05,0,,57532.835679695,,151.24795865499618,0.09375,51.840438023995375,,0.09375,0,,,0,1,0.046875,0.1640625,,0,0.28576549887657166,368,
,0.00020322395855070313,0.0,20553.119659423828,2025.9472146395021,,0.19760338400374167,,369,49.5120735168457,0,0,,,,204.927734375,-0.03127048909664154,,0.2538383079954656,490.56350459431997,0,0,190.13741540908813,0.00027249916456639767,0.546875,,0.0005501391319739923,0,190.546875,9.694285978412154e-06,0.4671667218208313,,,154.13247084799514,,0.1328125,1029.2353515625,0,,0.0009950017556548119,,,4096,,0,0.00020250081433914602,0.06172667810676503,,,811,0.2418042568024248,22.258406781002122,,44,0,0.875,0.4765625,0,0.453125,1780357568.4657245,,,,,,,0.05153998651342521,0.1328125,0,980,0.1171875,21477,56012.5732421875,0,3e-06,0.1171875,0,,43.63390803337097,77.10013937600161,,45,0,0.0,0.07080078125,,0.0006475020200014114,,,,0.0012775035429513082,,-0.875,-0.03127048909664154,0.0005574984243139625,0,0,0.212890625,1249057.0,0.453125,0.1953125,,,1,144,0,0.0234375,0.875,,,0.04296875,,,,,91.27210998535156,,0.212890625,,-0.875,0.003305000063846819,,,3.874220419675112e-05,0,,57693.227077615,,154.13247084799514,0.078125,54.319898765999824,,0.078125,0,,,0,1,0.0234375,0.1953125,,0,0.2956780195236206,369,
,0.00021229433454180295,0.0,20834.25521850586,1849.344071063172,7.8680117199983215,0.18888475499989,,370,49.02170944213867,0,0,,,,204.927734375,-0.02035527676343918,,0.2518360649992246,468.68034635735967,0,0,190.13741540908813,0.0002950000634882599,0.5078125,,0.00037681543562939623,0,141.9609375,8.23785542927169e-05,0.4696425795555115,,,160.36212765399978,,0.1171875,1016.4951171875,0,,0.0009674986358731985,,,4096,,0,0.0002149990905309096,0.06454141787670184,,,769,0.21439974079839885,22.00648832099978,,43,0,0.875,0.5390625,0,0.4921875,1780357728.8570752,,,,,,,0.05138101147382567,0.1171875,0,981,0.1171875,21542,55221.946716308594,0,3e-06,0.1171875,0,,37.733253091573715,76.56283782899845,,37,0,0.0,0.069580078125,,0.000567497409065254,,,,0.0012450000212993473,,-0.875,-0.02035527676343918,0.0006375012162607163,0,0,0.216796875,1186259.0,0.4921875,0.1484375,,,1,191,0,0.046875,0.875,,,0.0419921875,,,,,91.22647476196289,,0.216796875,,-0.875,0.003967497832491063,,,1.602980773895979e-05,0,,57847.992260172,,160.36212765399978,0.078125,53.48203241400188,,0.078125,0,,,0,1,0.046875,0.1484375,,0,0.27933216094970703,370,
,0.00021077779201022394,0.0,20541.263580322266,1955.4213481792592,,0.19748315700417152,,371,50.825435638427734,0,0,,,,204.927734375,-0.01568545028567314,,0.2551201700043748,488.8016267450439,0,0,190.13741540908813,0.00034224649425596,0.421875,,0.00024609853062429465,0,157.9296875,-6.878763284134948e-05,0.5846676230430603,,,154.74606037299964,,0.109375,1024.0771484375,0,,0.0011275005817878991,,,4096,,0,0.00023249776859302074,0.06345338569947545,,,747,0.20161725115031004,22.210944307000318,,37,0,0.875,0.6015625,0,0.578125,1780357883.6221712,,,,,,,0.052712853863281436,0.109375,0,987,0.0859375,21596,55735.42022705078,0,3e-06,0.0859375,0,,36.69667989015579,76.8023917160026,,40,0,0.0,0.0654296875,,0.0005925030563957989,,,,0.0011724987416528165,,-0.875,-0.01568545028567314,0.0005699985194951296,0,0,0.1728515625,1210375.0,0.578125,0.109375,,,1,174,0,0.0234375,0.875,,,0.0361328125,,,,,91.29265975952148,,0.1728515625,,-0.875,0.003947498043999076,,,2.0569306798279285e-05,0,,57999.83134948,,154.74606037299964,0.09375,55.277597767999396,,0.09375,0,,,0,1,0.0234375,0.109375,,0,0.2526696026325226,371,
,0.00020775666024923104,0.0,21189.247131347656,2052.6935877033106,,0.20091059699916514,,372,49.89909744262695,0,0,,,,204.927734375,-0.014979831874370575,,0.2589686770006665,532.3036065019551,0,0,190.13741540908813,0.0002649994712555781,0.53125,,0.0002990659372699156,0,167.28125,-3.0043429433135316e-07,0.4982019066810608,,,151.81272152200108,,0.0625,1050.00390625,0,,0.0009425020834896713,,,4096,,0,0.00022499989427160472,0.06209608827838033,,,732,0.1713224919512868,22.1683325480044,,48,0,0.875,0.4765625,0,0.46875,1780358035.461338,,,,,,,0.048158183273123774,0.0625,0,976,0.1484375,21664,55645.88165283203,0,3e-06,0.1484375,0,,35.16366332769394,77.40277403900109,,42,0,0.0,0.0687255859375,,0.0005549991328734905,,,,0.001059999704011716,,-0.875,-0.014979831874370575,0.0005650017556035891,0,0,0.19921875,1246500.0,0.46875,0.1796875,,,1,239,0,0.0078125,0.875,,,0.046875,,,,,91.26574325561523,,0.19921875,,-0.875,0.003049997758353129,,,9.22719482332468e-06,0,,58156.810194774,,151.81272152200108,0.1328125,51.779871287995775,,0.1328125,0,,,0,1,0.0078125,0.1796875,,0,0.2771981358528137,372,
,0.00020243179041466012,0.0,20095.754623413086,2007.643562978883,,0.21480349399644183,,373,50.36654281616211,0,0,,,,204.927734375,-0.020359419286251068,,0.25514988700160757,500.9313828268205,0,0,190.13741540908813,0.00026750058168545365,0.4296875,,0.0002263195574414567,0,152.7421875,5.909578391083414e-07,0.5468306541442871,,,156.95315932099766,,0.0859375,1078.140625,0,,0.0010022486094385386,,,4096,,0,0.00020750121620949358,0.06073270939699524,,,814,0.17726776422932744,22.243992586001696,,48,0,0.875,0.6171875,0,0.5703125,1780358192.4402778,,,,,,,0.05225311165146474,0.0859375,0,976,0.109375,21719,55914.215087890625,0,3e-06,0.109375,0,,37.87941485643387,76.54896450899832,,39,0,0.0,0.056396484375,,0.0005849960871273652,,,,0.0011275024007773027,,-0.875,-0.020359419286251068,0.0005474994395626709,0,0,0.1943359375,1260424.0,0.5703125,0.1328125,,,1,129,0,0.046875,0.875,,,0.046875,,,,,91.21195983886719,,0.1943359375,,-0.875,0.0029949987947475165,,,5.652080290019512e-06,0,,58315.103927259,,156.95315932099766,0.0546875,57.6882713130035,,0.0546875,0,,,0,1,0.046875,0.1328125,,0,0.2560511529445648,373,
,0.00019816499481187282,0.0,21338.449478149414,2106.029156856317,,0.21482018299866468,,374,51.29559326171875,0,0,,,,204.927734375,-0.008758807554841042,,0.2642030830029398,525.4792375526449,0,0,190.13741540908813,0.00027250280254520476,0.4375,,0.00029404121596599,0,158.8984375,-3.625337367729742e-05,0.5078613758087158,,,158.26561513399793,,0.109375,1143.1015625,0,,0.0009024988685268909,,,4096,,0,0.0002899978426285088,0.05853303218306213,,,741,0.2534239902161062,22.424327615000948,,62,0,0.875,0.578125,0,0.5625,1780358350.7338898,,,,,,,0.04896981987140631,0.109375,0,962,0.0625,21775,56137.33673095703,0,3e-06,0.0625,0,,37.52165660262108,78.03904809200321,,41,0,0.0,0.061767578125,,0.0005874990165466443,,,,0.0012275031622266397,,-0.875,-0.008758807554841042,0.000604999513598159,0,0,0.15234375,1333248.0,0.5625,0.1484375,,,1,161,0,0.015625,0.875,,,0.060546875,,,,,91.23681640625,,0.15234375,,-0.875,0.00367975007975474,,,-3.055436536669731e-06,0,,58469.107886129,,158.26561513399793,0.1015625,57.32093707299646,,0.1015625,0,,,0,1,0.015625,0.1484375,,0,0.29071977734565735,374,
,0.00020368489574539532,0.0,20815.446853637695,2047.2506386579898,,0.2105771860005916,,375,50.23326873779297,0,0,,,,204.927734375,-0.0159336868673563,,0.2568444130010903,557.9864972660289,0,0,190.13741540908813,0.00038249891076702625,0.3828125,,0.0003156034827043186,0,157.640625,6.471231515092768e-06,0.481347918510437,,,153.9856645040054,,0.09375,1073.7939453125,0,,0.0009774994396138936,,,4096,,0,0.00023724714992567897,0.06143621605263639,,,722,0.3250532317906618,22.324301045002358,,38,0,0.875,0.6328125,0,0.6171875,1780358504.7378602,,,,,,,0.048856636753626774,0.09375,0,986,0.09375,21824,56061.851501464844,0,3e-06,0.09375,0,,34.77577865123749,77.47039264399791,,45,0,0.0,0.05908203125,,0.0006999998731771484,,,,0.0012175023584859446,,-0.875,-0.0159336868673563,0.0006324989954009652,0,0,0.1591796875,1260989.0,0.6171875,0.1015625,,,1,217,0,0.015625,0.875,,,0.037109375,,,,,91.24139785766602,,0.1591796875,,-0.875,0.0028124995878897607,,,-1.564621925354004e-06,0,,58620.781244718,,153.9856645040054,0.078125,53.72104779200163,,0.078125,0,,,0,1,0.015625,0.1015625,,0,0.2744531035423279,375,
,0.0002171018441723477,0.0,20463.918685913086,1945.8484732097056,,0.19762615299987374,,376,48.5921630859375,0,0,,,,204.927734375,-0.02488582395017147,,0.25624812900059624,496.8777316134947,0,0,190.13741540908813,0.00024000291887205094,0.4765625,,0.00038336190573318163,0,153.6484375,4.677897722871194e-05,0.5130499005317688,,,151.64502995100338,,0.09375,999.0009765625,0,,0.001012500433716923,,,4096,,0,0.00022999847715254873,0.06452848245676683,,,709,0.24373424821533263,22.029878446999646,,33,0,0.875,0.53125,0,0.5234375,1780358656.4112945,,,,,,,0.05180450369460986,0.09375,0,991,0.109375,21885,55165.3938293457,0,3e-06,0.109375,0,,37.36467286944389,76.16380671399384,,41,0,0.0,0.06640625,,0.0006024984031682834,,,,0.0012450000212993473,,-0.875,-0.02488582395017147,0.0007200014806585386,0,0,0.1728515625,1180313.0,0.5234375,0.203125,,,1,167,0,0.0078125,0.875,,,0.0322265625,,,,,91.22999572753906,,0.1728515625,,-0.875,0.004010002157883719,,,-4.508183337748051e-06,0,,58774.948984819,,151.64502995100338,0.0625,52.994815776000905,,0.0625,0,,,0,1,0.0078125,0.203125,,0,0.27510595321655273,376,
,0.00020924723640902094,0.0,20671.855926513672,1961.75841350758,,0.2016488869994646,,377,49.44786834716797,0,0,,,,204.927734375,-0.022209428250789642,,0.25306130599346943,492.0794565405231,0,0,190.13741540908813,0.00026999987312592566,0.4921875,,0.00026015332150564063,0,161.0078125,-9.338260549895949e-05,1.6146290302276611,,,154.12053182400268,,0.1171875,1020.0361328125,0,,0.0009249979484593496,,,4096,,0,0.0003975001163780689,0.06366601742532539,,,735,0.17643251339904964,22.271801390998007,,45,0,0.875,0.515625,0,0.5078125,1780358810.579006,,,,,,,0.05207658184691887,0.1171875,0,979,0.1640625,21948,55797.26791381836,0,3e-06,0.1640625,0,,35.59400886297226,76.99698114799685,,35,0,0.0,0.0670166015625,,0.0005775018507847562,,,,0.0010722505976445973,,-0.875,-0.022209428250789642,0.000602500222157687,0,0,0.21875,1209389.0,0.5078125,0.109375,,,1,148,0,0.0078125,0.875,,,0.0439453125,,,,,91.21808242797852,,0.21875,,-0.875,0.003564997314242646,,,1.4334102161228657e-05,0,,58926.24005387,,154.12053182400268,0.09375,54.39487504099816,,0.09375,0,,,0,1,0.0078125,0.109375,,0,0.269641637802124,377,
,0.00020945988282487224,0.0,20570.796966552734,1967.5274741441006,,0.1924199669956579,,378,49.632781982421875,0,0,,,,204.927734375,-0.019854526966810226,,0.24932805800199276,474.8928812950908,0,0,190.13741540908813,0.0003100012690993026,0.5,,0.00032001004365156405,0,144.4453125,-4.704645778019767e-05,0.8828963041305542,,,151.24795150799764,,0.078125,1017.994140625,0,,0.001057500412571244,,,4096,,0,0.00023249958758242428,0.06415287447598893,,,734,0.20940951071679592,22.027075908998086,,39,0,0.875,0.546875,0,0.5,1780358961.8700483,,,,,,,0.05027998088880652,0.078125,0,985,0.1171875,22012,55280.40313720703,0,3e-06,0.1171875,0,,37.293918430805206,76.3636042979997,,51,0,0.0,0.061767578125,,0.0006200007192092016,,,,0.0012475011317292228,,-0.875,-0.019854526966810226,0.0005825004336657003,0,0,0.2060546875,1190338.0,0.5,0.171875,,,1,106,0,0.046875,0.875,,,0.0380859375,,,,,91.21613693237305,,0.2060546875,,-0.875,0.003934999767807312,,,9.530340321362019e-06,0,,59077.548305728,,151.24795150799764,0.0859375,52.41315935799503,,0.0859375,0,,,0,1,0.046875,0.171875,,0,0.26969489455223083,378,
,0.00021393916126020879,0.0,19243.911743164062,1973.4455962031284,,0.19867053600319196,,379,50.45419692993164,0,0,,,,204.927734375,-0.016170289367437363,,0.25550154999655206,580.3926922362734,0,0,190.13741540908813,0.0003947498043999076,0.46875,,0.0003412795222175191,0,152.1796875,9.713491921203854e-05,0.5127700567245483,,,151.29274431199883,,0.1015625,1014.1015625,0,,0.0008324986993102357,,,4096,,0,0.00019750041246879846,0.06350047977931587,,,742,0.19057226018048823,22.161107214997173,,36,0,0.875,0.546875,0,0.53125,1780359113.1783726,,,,,,,0.05088261490601437,0.1015625,0,988,0.1171875,22072,55977.03552246094,0,3e-06,0.1171875,0,,35.307444632053375,75.83684498700313,,45,0,0.0,0.065673828125,,0.0005925012374063954,,,,0.001164999048341997,,-0.875,-0.016170289367437363,0.0006549998943228275,0,0,0.1884765625,1194272.0,0.53125,0.1640625,,,1,217,0,0.015625,0.875,,,0.03515625,,,,,91.28041458129883,,0.1884765625,,-0.875,0.003175000529154204,,,2.782326191663742e-08,0,,59238.559162649,,151.29274431199883,0.0703125,52.83854262300156,,0.0703125,0,,,0,1,0.015625,0.1640625,,0,0.2668711543083191,379,
,0.00020780679747537702,0.0,21166.500091552734,1923.514483116478,6.886456337000709,0.1966343010062701,,380,49.13324737548828,0,0,,,,204.927734375,-0.019184814766049385,,0.2573909540005843,509.43415799520153,0,0,190.13741540908813,0.0003950008249375969,0.515625,,0.00025064292049137293,0,167.875,8.826959458474448e-06,0.5293538570404053,,,160.98228150499926,,0.0546875,1041.7021484375,0,,0.0009874984243651852,,,4096,,0,0.0001949993020389229,0.06257278457169739,,,812,0.21101025049574673,22.16958140600036,,38,0,0.875,0.4921875,0,0.484375,1780359274.1892729,,,,,,,0.050592139328374586,0.0546875,0,986,0.140625,22138,55789.268493652344,0,3e-06,0.140625,0,,37.667904049158096,77.50308897999639,,30,0,0.0,0.067626953125,,0.0005749989213654771,,,,0.0011699994502123445,,-0.875,-0.019184814766049385,0.0005675010470440611,0,0,0.1953125,1238607.0,0.484375,0.1640625,,,1,185,0,0.0078125,0.875,,,0.037109375,,,,,91.23917770385742,,0.1953125,,-0.875,0.003432498488109559,,,-4.618195816874504e-06,0,,59389.679586937,,160.98228150499926,0.1484375,53.966786797995155,,0.1484375,0,,,0,1,0.0078125,0.1640625,,0,0.26764219999313354,380,
,0.00022147298083434493,0.0,20453.83644104004,1966.0687380670247,,0.2341992770016077,,381,49.67435073852539,0,0,,,,204.927734375,-0.01448465883731842,,0.26316504800342955,527.4747193907388,0,0,190.13741540908813,0.0002700016921153292,0.453125,,0.0002181905010729679,0,172.5546875,9.510814038549142e-06,0.49080705642700195,,,151.09453919299995,,0.109375,987.8447265625,0,,0.0009325012797489762,,,4096,,0,0.0003050026862183586,0.06399218429555102,,,760,0.22520951461046934,21.993045287003042,,28,0,0.875,0.5703125,0,0.546875,1780359425.3095741,,,,,,,0.0519631886238238,0.109375,0,996,0.09375,22196,55019.447326660156,0,3e-06,0.09375,0,,37.6574881374836,76.0386489970042,,55,0,0.0,0.064208984375,,0.0006375012162607163,,,,0.0012325035640969872,,-0.875,-0.01448465883731842,0.0005649999366141856,0,0,0.1767578125,1188249.0,0.546875,0.1640625,,,1,167,0,0.0234375,0.875,,,0.02734375,,,,,91.16547012329102,,0.1767578125,,-0.875,0.003869750798912719,,,-9.472831152379513e-06,0,,59538.980258233,,151.09453919299995,0.0625,52.563519341994834,,0.0625,0,,,0,1,0.0234375,0.1640625,,0,0.28354108333587646,381,
,0.0002202558560273077,0.0,20390.20538330078,1940.3462133580847,,0.1893909439968411,,382,48.219451904296875,0,0,,,,204.927734375,-0.02408340759575367,,0.2551868930022465,516.6977731769293,0,0,190.13741540908813,0.0002824999683070928,0.484375,,0.00023588135081809014,0,146.9296875,0.00011814872860327341,0.5027884244918823,,,149.276581676997,,0.1328125,984.5087890625,0,,0.0010872499842662364,,,4096,,0,0.0003799978003371507,0.06559125514999999,,,732,0.22745174646843225,21.940250864005066,,30,0,0.875,0.5625,0,0.515625,1780359574.6103268,,,,,,,0.050483647263222256,0.1328125,0,994,0.125,22258,55051.12075805664,0,3e-06,0.125,0,,35.31048446893692,75.99356907800393,,39,0,0.0,0.0609130859375,,0.0006925019988557324,,,,0.0013225035218056291,,-0.875,-0.02408340759575367,0.0005674992280546576,0,0,0.224609375,1158593.0,0.515625,0.125,,,1,181,0,0.046875,0.875,,,0.029296875,,,,,91.18096160888672,,0.224609375,,-0.875,0.0028950016712769866,,,-3.1466945074498653e-05,0,,59696.333065919,,149.276581676997,0.0546875,50.8944327010031,,0.0546875,0,,,0,1,0.046875,0.125,,0,0.264970064163208,382,
,0.00019633369541049173,0.0,21433.368682861328,2164.993228686771,,0.2125151049986016,,383,52.3990478515625,0,0,,,,204.927734375,-0.03128518909215927,,0.2675081940033124,498.019604550791,0,0,190.13741540908813,0.0004025005182484165,0.484375,,0.00017737116331772995,0,163.2109375,-1.6253528286824803e-05,0.4437292218208313,,,157.33513411800232,,0.0703125,1167.373046875,0,,0.0010275016393279657,,,4096,,0,0.00022750282369088382,0.05780703414046791,,,768,0.2472540072631091,22.47119664800266,,64,0,0.875,0.5390625,0,0.515625,1780359731.9630377,,,,,,,0.04652470954751202,0.0703125,0,960,0.09375,22320,56793.495178222656,0,3e-06,0.09375,0,,37.98589110374451,78.76312454300205,,43,0,0.0,0.064453125,,0.0006724985723849386,,,,0.0012975033314432949,,-0.875,-0.03128518909215927,0.0005699985194951296,0,0,0.1669921875,1362518.0,0.515625,0.234375,,,1,241,0,0.0234375,0.875,,,0.0625,,,,,91.2021598815918,,0.1669921875,,-0.875,0.003734750862349756,,,-5.472567863762379e-06,0,,59847.04827169,,157.33513411800232,0.0625,55.615172546000395,,0.0625,0,,,0,1,0.0234375,0.234375,,0,0.2997135818004608,383,
,0.00021243298689239056,0.0,20516.2410736084,1948.15854447079,,0.19030363899946678,,384,48.3021125793457,0,0,,,,204.927734375,-0.009321807883679867,,0.24946324300253764,493.55377209758444,0,0,190.13741540908813,0.0003024997567990795,0.375,,0.0002665770280145807,0,133.765625,1.91094649935053e-05,0.46250301599502563,,,150.6955123509979,,0.078125,1013.0263671875,0,,0.0010325002222089097,,,4096,,0,0.00020749757823068649,0.06485962062138358,,,720,0.25621126405894756,21.99617242399836,,42,0,0.875,0.6484375,0,0.625,1780359882.6782413,,,,,,,0.05021651881111276,0.078125,0,982,0.1015625,22368,55119.2741394043,0,3e-06,0.1015625,0,,36.29263862967491,76.16562539000006,,41,0,0.0,0.0570068359375,,0.0007749986252747476,,,,0.0011500014807097614,,-0.875,-0.009321807883679867,0.0005450001481221989,0,0,0.162109375,1174315.0,0.625,0.1015625,,,1,45,0,0.0234375,0.875,,,0.041015625,,,,,91.23515701293945,,0.162109375,,-0.875,0.0035424982343101874,,,-1.0677496902644634e-05,0,,60000.843792155,,150.6955123509979,0.0703125,52.0915534070009,,0.0703125,0,,,0,1,0.0234375,0.1015625,,0,0.271147757768631,384,
,0.0002065399895423625,0.0,20693.309783935547,2039.619701889412,,0.2031769129971508,,385,49.93114471435547,0,0,,,,204.927734375,-0.028451738879084587,,0.25905856500321534,483.52252693621267,0,0,190.13741540908813,0.0002525011950638145,0.4765625,,0.00033541407651682675,0,152.546875,-1.6265374966906165e-05,0.5164425373077393,,,153.73919937600294,,0.1484375,1072.333984375,0,,0.0010049989214166999,,,4096,,0,0.0002225006028311327,0.06132729634099766,,,768,0.22863400226924568,22.22642113499751,,39,0,0.875,0.5390625,0,0.5234375,1780360036.4737978,,,,,,,0.04929282814574565,0.1484375,0,985,0.09375,22429,55707.83996582031,0,3e-06,0.09375,0,,36.57069429755211,76.92147859999386,,52,0,0.0,0.06201171875,,0.0006325008143903688,,,,0.0011850006558233872,,-0.875,-0.028451738879084587,0.0005400015652412549,0,0,0.1826171875,1254278.0,0.5234375,0.1484375,,,1,146,0,0.015625,0.875,,,0.0380859375,,,,,91.18298721313477,,0.1826171875,,-0.875,0.0031574982131132856,,,2.8036534786224365e-05,0,,60160.236060719,,153.73919937600294,0.0703125,54.126975801998924,,0.0703125,0,,,0,1,0.015625,0.1484375,,0,0.2564571499824524,385,
,0.0001921530530964257,0.0,21594.96307373047,2039.214431956984,,0.18827877100011392,,386,50.315277099609375,0,0,,,,204.234375,-0.020005300641059875,,0.24581659699992997,489.8636380031676,0,0,190.13781070709229,0.0002799999379021756,0.4609375,,0.000279284788575751,0,168.0234375,-6.855073721112603e-05,0.5687299966812134,,,156.83429118000004,,0.0859375,1081.2685546875,0,,0.0012675000107265078,,,4096,,0,0.00039749994584781234,0.06112325261261262,,,862,0.2638449950609356,22.438194553999892,,61,0,0.875,0.5859375,0,0.5390625,1780375893.4848232,,,,,,,0.050366438933941673,0.0859375,0,963,0.0859375,348,56072.42965698242,0,3e-06,0.0859375,0,,35.91932728886604,78.19344898600002,,47,0,0.0,0.066162109375,,0.0006950000397409895,,,,0.00211750011658296,,-0.875,-0.020005300641059875,0.000727500037100981,0,0,0.1865234375,1279275.0,0.5390625,0.1640625,,,1,195,0,0.046875,0.875,,,0.0595703125,,,,,89.10483169555664,,0.1865234375,,-0.875,0.0039599999581696466,,,-2.065196167677641e-05,0,,61222.756707796,,156.83429118000004,0.078125,55.76667814999996,,0.078125,0,,,0,1,0.046875,0.1640625,,0,0.27865666151046753,386,
,0.00019998243186370148,0.0,20311.988830566406,2042.4137853439424,,0.1856636959998923,,387,49.13578414916992,0,0,,,,204.234375,-0.017304807901382446,,0.24611717900006624,489.50049079963355,0,0,190.13781070709229,0.00042499993924138835,0.4609375,,0.00024301349958477658,0,151.3984375,0.00011308836820944634,0.6526943445205688,,,150.64209917100015,,0.15625,1050.451171875,0,,0.0009975000239137444,,,4096,,0,0.00021750008727394743,0.06164235124815768,,,633,0.25455275317654014,21.96171366500016,,33,0,0.875,0.5703125,0,0.5390625,1780376044.1439507,,,,,,,0.04869932465867536,0.15625,0,991,0.109375,407,55024.87564086914,0,3e-06,0.109375,0,,36.243319511413574,75.86287182700016,,41,0,0.0,0.064697265625,,0.0006500000040432496,,,,0.0010999999631167157,,-0.875,-0.017304807901382446,0.0007199999458862294,0,0,0.205078125,1230694.0,0.5390625,0.109375,,,1,119,0,0.03125,0.875,,,0.0322265625,,,,,89.06301879882812,,0.205078125,,-0.875,0.004882500434177928,,,-8.093542419373989e-06,0,,61374.103861671,,150.64209917100015,0.0546875,52.38401296100005,,0.0546875,0,,,0,1,0.03125,0.109375,,0,0.2519424855709076,387,
,0.00020719388187012482,0.0,20726.768493652344,1955.3081793366337,,0.18605707400001847,,388,48.66986846923828,0,0,,,,204.234375,-0.011696793138980865,,0.24523405699983414,494.7574304411537,0,0,190.13781070709229,0.00045749999344479875,0.453125,,0.0004158984575042268,0,146.9765625,6.271836536342335e-05,0.5772584676742554,,,151.33125976099996,,0.15625,1008.8798828125,0,,0.0008974999445854337,,,4096,,0,0.00023499990220443578,0.0645568142796915,,,739,0.20766499801538885,22.03296553899986,,37,0,0.875,0.578125,0,0.546875,1780376195.4910667,,,,,,,0.05077516735860174,0.15625,0,987,0.140625,465,55150.306701660156,0,3e-06,0.140625,0,,37.2043177485466,76.40925171100002,,39,0,0.0,0.0697021484375,,0.0006925000661794911,,,,0.0011900000345121953,,-0.875,-0.011696793138980865,0.0005899999564462632,0,0,0.2216796875,1183597.0,0.546875,0.078125,,,1,78,0,0.03125,0.875,,,0.0361328125,,,,,89.12890243530273,,0.2216796875,,-0.875,0.0030399999104702147,,,-1.542398240417242e-05,0,,61526.928973233,,151.33125976099996,0.046875,52.455469971999946,,0.046875,0,,,0,1,0.03125,0.078125,,0,0.2754212021827698,388,
,0.00019586999154552564,0.0,21245.344161987305,2051.283232547928,,0.18820281099988279,,389,49.314697265625,0,0,,,,204.234375,-0.029483497142791748,,0.24557787799994912,484.53726109550917,0,0,190.13781070709229,0.00037499995642065187,0.546875,,0.00039815184118197067,0,165.1171875,7.679913962022056e-05,0.525845468044281,,,152.80434950500012,,0.1015625,1059.27734375,0,,0.0010625000186337274,,,4096,,0,0.0002824999683070928,0.06222916470273885,,,738,0.2521777350921184,22.27622242199982,,52,0,0.875,0.5078125,0,0.453125,1780376348.31612,,,,,,,0.04800465257121776,0.1015625,0,972,0.109375,535,56255.46646118164,0,3e-06,0.109375,0,,36.07378900051117,78.02168212099991,,52,0,0.0,0.070556640625,,0.0006550000080096652,,,,0.0013349999790079892,,-0.875,-0.029483497142791748,0.0006899999220877362,0,0,0.2197265625,1253780.0,0.453125,0.2265625,,,1,138,0,0.0546875,0.875,,,0.05078125,,,,,89.12878036499023,,0.2197265625,,-0.875,0.0038700000004610047,,,-2.36748019233346e-05,0,,61687.204334002,,152.80434950500012,0.0546875,52.07064664399991,,0.0546875,0,,,0,1,0.0546875,0.2265625,,0,0.28938549757003784,389,
,0.00020038933129053345,0.0,20594.566345214844,1898.279654228081,8.280436506999877,0.184898043999965,,390,50.03438949584961,0,0,,,,204.234375,-0.030141491442918777,,0.24381710599982398,490.90364017058164,0,0,190.13781070709229,0.00044500001195046934,0.515625,,0.0003826667286830343,0,161.84375,-8.166043414803426e-06,0.5477719306945801,,,160.23943011899996,,0.1015625,1026.3564453125,0,,0.0008800000159681076,,,4096,,0,0.00023999996301427018,0.0632412514191878,,,663,0.29285199707373977,22.145472186000006,,34,0,0.875,0.5078125,0,0.484375,1780376508.5915003,,,,,,,0.04989204418314565,0.1015625,0,990,0.1171875,601,55825.653076171875,0,3e-06,0.1171875,0,,35.282596945762634,76.9467057029999,,45,0,0.0,0.064697265625,,0.000624999984211172,,,,0.0011150000318593811,,-0.875,-0.030141491442918777,0.0005399999167821079,0,0,0.1953125,1216717.0,0.484375,0.2265625,,,1,89,0,0.0234375,0.875,,,0.0341796875,,,,,89.19733428955078,,0.1953125,,-0.875,0.0033474998417659663,,,5.91459684073925e-06,0,,61839.354959544,,160.23943011899996,0.046875,52.43598962400006,,0.046875,0,,,0,1,0.0234375,0.2265625,,0,0.27611908316612244,390,
,0.00021023327485860166,0.0,19819.26918029785,1907.2239527813829,,0.1833799139999428,,391,48.794166564941406,0,0,,,,204.234375,-0.019581126049160957,,0.24400052299984054,486.60310587739514,0,0,190.13781070709229,0.00044249998154555215,0.5078125,,0.00039984008981264196,0,140.5078125,3.6313041974267435e-05,0.5091410875320435,,,152.13446725900008,,0.0859375,992.908203125,0,,0.0009550000186209218,,,4096,,0,0.00027499993393576005,0.06524420542848716,,,767,0.2562377485446632,22.05217907500014,,40,0,0.875,0.5625,0,0.4921875,1780376660.7421534,,,,,,,0.053041253601222714,0.0859375,0,984,0.1484375,666,55379.573822021484,0,3e-06,0.1484375,0,,37.88933530449867,75.72359921599991,,36,0,2.1575531263806624e-06,0.06591796875,,0.0007149999419198139,,,,0.0011100000847363845,,-0.875,-0.019581126049160957,0.0006247501005418599,0,0,0.2490234375,1160618.0,0.4921875,0.140625,,,1,176,0,0.0703125,0.875,,,0.0390625,,,,,89.07843399047852,,0.2490234375,,-0.875,0.003412500063859625,,,1.3868790119886398e-05,0,,61990.210675732,,152.13446725900008,0.0625,53.92905810399998,,0.0625,0,,,0,1,0.0703125,0.140625,,0,0.2754146456718445,391,
,0.00020290668303577146,0.0,20374.130249023438,2007.526283049048,,0.1877984499997183,,392,49.17707061767578,0,0,,,,204.234375,-0.01883089356124401,,0.24576382099985494,487.23375897679944,0,0,190.13781070709229,0.0004099999841855606,0.4921875,,0.00040104122990669566,0,145.234375,-7.618559269673142e-05,0.5934396982192993,,,150.8343888479999,,0.140625,1037.59375,0,,0.0011175000054208795,,,4096,,0,0.00031000001854408765,0.06301720601527734,,,674,0.19950774731114507,22.063381670000126,,47,0,0.875,0.5234375,0,0.5078125,1780376811.5979276,,,,,,,0.04894886242112911,0.140625,0,977,0.109375,729,55429.16488647461,0,3e-06,0.109375,0,,36.7119237780571,76.32744820100015,,37,0,0.0,0.072021484375,,0.0007599999207741348,,,,0.0011900000345121953,,-0.875,-0.01883089356124401,0.0006150000899651786,0,0,0.1923828125,1211216.0,0.5078125,0.15625,,,1,41,0,0.015625,0.875,,,0.0458984375,,,,,89.06492233276367,,0.1923828125,,-0.875,0.0034724998840829358,,,3.4032040275633335e-05,0,,62142.397670299,,150.8343888479999,0.0703125,52.007970527,,0.0703125,0,,,0,1,0.015625,0.15625,,0,0.2772986888885498,392,
,0.0002017645825226043,0.0,21267.314910888672,1988.271942029395,,0.17864990899988697,,393,48.854400634765625,0,0,,,,204.234375,-0.023828424513339996,,0.24418215600007898,491.62171103068977,0,0,190.13781070709229,0.0003374999550942448,0.5078125,,0.00023234547916217707,0,171.296875,2.537675329605804e-05,0.5851936340332031,,,152.1714628689997,,0.0625,1010.5712890625,0,,0.0009925000767907477,,,4096,,0,0.0002499998572602635,0.06416569469598016,,,750,0.22374273976311088,22.190564793999783,,53,0,0.875,0.5390625,0,0.4921875,1780376963.7848365,,,,,,,0.0501539911965788,0.0625,0,971,0.125,794,55858.58917236328,0,3e-06,0.125,0,,37.68366947770119,77.65544118900016,,44,0,0.0,0.071533203125,,0.0007075000212353189,,,,0.0012475001085476833,,-0.875,-0.023828424513339996,0.00046249988372437656,0,0,0.208984375,1210233.0,0.4921875,0.203125,,,1,81,0,0.046875,0.875,,,0.0517578125,,,,,89.14406204223633,,0.208984375,,-0.875,0.003985000148531981,,,1.615018118172884e-05,0,,62294.387975464,,152.1714628689997,0.0703125,51.900603939999655,,0.0703125,0,,,0,1,0.046875,0.203125,,0,0.28079912066459656,393,
,0.0002030879655613025,0.0,20765.045166015625,1993.1300938471795,,0.1843329419998554,,394,49.22337341308594,0,0,,,,204.234375,-0.018152914941310883,,0.24607275200014556,462.98785165310255,0,0,190.13781070709229,0.00037749998682556907,0.53125,,0.0004120796393181081,0,152.2890625,-2.7798188568795013e-06,0.5489506721496582,,,151.97904087400002,,0.1015625,1030.96875,0,,0.0011225000662307139,,,4096,,0,0.00026750001325126505,0.06331667098417394,,,631,0.21391274640336633,22.148751102000006,,41,0,0.875,0.5,0,0.46875,1780377115.7751958,,,,,,,0.04989954935910579,0.1015625,0,983,0.125,862,55452.5146484375,0,3e-06,0.125,0,,37.25498914718628,76.71802429800027,,48,0,0.0,0.073974609375,,0.0006875000053696567,,,,0.0011500001164677087,,-0.875,-0.018152914941310883,0.0006325001322693424,0,0,0.21875,1211656.0,0.46875,0.171875,,,1,195,0,0.03125,0.875,,,0.0400390625,,,,,89.12778091430664,,0.21875,,-0.875,0.0034925001273222733,,,-1.0939664207398891e-05,0,,62446.191235097,,151.97904087400002,0.1015625,52.67955305300029,,0.1015625,0,,,0,1,0.03125,0.171875,,0,0.2936367988586426,394,
,0.00020154103436380253,0.0,20382.6961517334,2020.838102796088,,0.18671485000004395,,395,50.28337097167969,0,0,,,,204.234375,-0.029961226508021355,,0.24729004300024826,513.4061376305617,0,0,190.13781070709229,0.0003375000687810825,0.5859375,,0.00043952397663815646,0,164.578125,9.204123887229798e-05,0.6041061282157898,,,151.79296133399976,,0.1328125,1033.66015625,0,,0.0009447500133319409,,,4096,,0,0.0002650000396897667,0.06236665446994115,,,736,0.2722847566474229,22.08963617900008,,39,0,0.875,0.4375,0,0.4140625,1780377267.5784357,,,,,,,0.049830109303257396,0.1328125,0,985,0.1328125,937,55591.03775024414,0,3e-06,0.1328125,0,,36.21571138501167,76.52363556799992,,38,0,0.0,0.07568359375,,0.000885000076777942,,,,0.0011449999419710366,,-0.875,-0.029961226508021355,0.0005550000423681922,0,0,0.220703125,1226996.0,0.4140625,0.2265625,,,1,109,0,0.0234375,0.875,,,0.0380859375,,,,,89.13373565673828,,0.220703125,,-0.875,0.0033999999686784577,,,6.6998181864619255e-06,0,,62604.335866077,,151.79296133399976,0.0703125,52.74357613400025,,0.0703125,0,,,0,1,0.0234375,0.2265625,,0,0.2645428776741028,395,
,0.00019349123473639456,0.0078125,21160.003662109375,2034.5777527637033,,0.20266810100019939,,396,53.19469451904297,0,0,,,,204.234375,-0.020315341651439667,,0.2490034829997967,526.5396241324052,0,0,190.13781070709229,0.0003799999603870674,0.4453125,,0.0002121751385857351,0,183.7734375,-5.2936134750325436e-05,0.5239502191543579,,,158.12838784999985,,0.1015625,1072.962890625,0,,0.0010625000186337274,,,4096,,0,0.0002450000238241046,0.060276474231835186,,,1024,0.2623022592160851,22.489085699999578,,45,0,0.875,0.5859375,0,0.5546875,1780377425.7230704,,,,,,,0.05243935248208338,0.1015625,0,979,0.1015625,994,55846.53854370117,0,3e-06,0.1015625,0,,36.32238879799843,77.56967413600023,,49,0,0.0,0.060791015625,,0.000730000124349317,,,,0.0013449999869408202,,-0.875,-0.020315341651439667,0.0006450000000768341,0,0,0.1884765625,1286898.0,0.5546875,0.1171875,,,1,186,0,0.03125,0.875,,,0.0439453125,,,,,89.06797790527344,,0.1884765625,,-0.875,0.0032074999580800068,,,-2.4288427084684372e-05,0,,62754.27927524,,158.12838784999985,0.09375,57.61585072299977,,0.09375,0,,,0,1,0.03125,0.1171875,,0,0.2941994071006775,396,
,0.00020822935340520778,0.0078125,20003.864288330078,1960.580471796671,,0.18369759400002295,,397,48.658084869384766,0,0,,,,204.234375,-0.02315365895628929,,0.2448308680000082,497.8969614572852,0,0,190.13781070709229,0.0002824999683070928,0.4765625,,0.0002494618481705402,0,158.9296875,-6.301110630602125e-06,0.6131914854049683,,,149.9268988079998,,0.1015625,989.2880859375,0,,0.0010897499578277348,,,4096,,0,0.0002674998995644273,0.06385965228636407,,,1024,0.27555724955163896,21.861526996000066,,41,0,0.875,0.5546875,0,0.5234375,1780377575.6664734,,,,,,,0.05187455993745527,0.1015625,0,983,0.125,1055,54545.15075683594,0,3e-06,0.125,0,,37.38626837730408,75.08458266699972,,38,0,0.0,0.0723876953125,,0.0008100000741251279,,,,0.001247499881174008,,-0.875,-0.02315365895628929,0.0005449999207485234,0,0,0.20703125,1175775.0,0.5234375,0.1328125,,,1,106,0,0.03125,0.875,,,0.0400390625,,,,,89.13573837280273,,0.20703125,,-0.875,0.0045924998630653135,,,-3.6639394238591194e-06,0,,62908.160224315,,149.9268988079998,0.0859375,52.550537328000246,,0.0859375,0,,,0,1,0.03125,0.1328125,,0,0.28836295008659363,397,
,0.00019626198828885674,0.0,21009.540557861328,2109.782165199838,,0.19281873699992502,,398,50.28319549560547,0,0,,,,204.234375,-0.01892814412713051,,0.25482911700009936,504.8646666277782,0,0,190.13781070709229,0.00044999990223004716,0.40625,,0.00023178126593847992,0,162.8046875,3.480903465913343e-05,0.5365123748779297,,,153.85628684999983,,0.1015625,1105.1767578125,0,,0.000985000042419415,,,4096,,0,0.00020999993921577698,0.05970942548018223,,,813,0.2542200090829283,22.332998749000126,,53,0,0.875,0.625,0,0.59375,1780377729.547438,,,,,,,0.0473142410822296,0.1015625,0,971,0.1171875,1107,55978.843688964844,0,3e-06,0.1171875,0,,33.9835025370121,77.52749426599985,,47,0,0.0,0.0614013671875,,0.000720000116416486,,,,0.0011449998282841989,,-0.875,-0.01892814412713051,0.0006374999657055014,0,0,0.185546875,1298413.0,0.59375,0.1171875,,,1,195,0,0.03125,0.875,,,0.0517578125,,,,,89.1278076171875,,0.185546875,,-0.875,0.0034825000057026045,,,-1.3810698874294758e-05,0,,63060.083477555,,153.85628684999983,0.0390625,53.54557394700032,,0.0390625,0,,,0,1,0.03125,0.1171875,,0,0.2769528925418854,398,
,0.00020935585544800002,0.0,20755.895614624023,1943.8881113575114,,0.1835751700000401,,399,48.28388977050781,0,0,,,,204.234375,-0.0021328323055058718,,0.24728380900023694,554.7703990356385,0,0,190.13781070709229,0.0003849999075100641,0.421875,,0.00025857484979496803,0,146.8515625,-1.99257098145722e-05,0.7454583048820496,,,151.9075343249997,,0.109375,1006.6298828125,0,,0.0010425000027680653,,,4096,,0,0.00027499993393576005,0.06469165455630677,,,720,0.2722672652453184,21.980275342999903,,36,0,0.875,0.59375,0,0.578125,1780377881.4706998,,,,,,,0.05149729151164805,0.109375,0,988,0.09375,1161,55063.5986328125,0,3e-06,0.09375,0,,36.97383776307106,76.41151815400008,,47,0,0.0,0.0626220703125,,0.0006000001349093509,,,,0.0012499997410486685,,-0.875,-0.0021328323055058718,0.0006274998440858326,0,0,0.1650390625,1181165.0,0.578125,0.1328125,,,1,151,0,0.015625,0.875,,,0.03515625,,,,,89.01011276245117,,0.1650390625,,-0.875,0.0032225000268226722,,,4.329485818743706e-06,0,,63290.542790086,,151.9075343249997,0.0703125,53.08284162000018,,0.0703125,0,,,0,1,0.015625,0.1328125,,0,0.2774931788444519,399,
0.0,0.00020478770254611184,0.0078125,20735.584259033203,1249.909853622396,8.761060545999953,0.18697959900009664,0.0,400,48.611820220947266,0,0,0.0,0.0,0.0,204.234375,-0.023954687640070915,0.0,0.2440842099999827,504.6639308549202,0,0,190.13781070709229,0.0004024999498142279,0.4296875,0.0,0.0003240394580643624,0,150.6171875,0.00011926885013524569,0.9401736259460449,0.2001953125,0.0,238.39499235599988,0.0,0.1640625,1013.3369140625,0,0.0,0.0009174998467642581,0.0,0.0,4096,0.0,0,0.00029499983611458447,0.06441982487882683,0.0,0.801707779886148,1024,0.2981722354888916,22.247145894999903,0.0,32,0,0.875,0.5859375,0,0.5703125,1780378120.725477,0.198292220113852,0.0,0.0,0.0,"{'artifact_path': 'wandb-client-artifact://iin9xst7yprm16fsodzyhmxwm7bu7jb5lobnwez2cjy2p0da0e4bhusqud9o9hjg7q15m2xb1dwcp18tzeeumx47dl85f07tov7yo1v0bupwgbhw2qvatwdfejp09y5l/val/generations.table.json', '_latest_artifact_path': 'wandb-client-artifact://cn7dr1wdwl07k93f1tu4fmexwsrfxj1z9dtgmdq6tsww9351g8h90p90cfj4z4ox2lvesb5t0oh14oevnh3ci4b74mmfa4futsqspx30r9j0ujrf6it0t8iw58px2qmq:latest/val/generations.table.json', '_type': 'table-file', 'log_mode': 'IMMUTABLE', 'ncols': 13, 'nrows': 1, 'path': 'media/table/val/generations_399_bfe8157aff36288eba9d.table.json', 'sha256': 'bfe8157aff36288eba9d1423a56682c871d793e91b81de2dc8bc8de056298cbc', 'size': 14595}",75.3566627109999,0.05282486558275025,0.1640625,0,992,0.1015625,1216,55504.34112548828,0,3e-06,0.1015625,1,0.19933554817275748,36.38610988855362,76.78128065500005,0.0,45,0,0.0,0.0654296875,0.13333333333333333,0.0006650000159424962,0.0,0.8666666666666667,1024.0,0.0011675000450850348,0.0,-0.875,-0.023954687640070915,0.0005124999233885319,0,0,0.1796875,1191889.0,0.5703125,0.109375,0.0,0.0,1,132,0,0.015625,0.875,0.0,0.7998046875,0.03125,0.0,0.14285714285714285,0.0,30.0,89.65554809570312,0.0,0.1796875,0.19763694951664876,-0.875,0.0030974999845057027,0.0,0.13333333333333333,1.1061900295317173e-05,0,0.0,63299.357513711,0.2001953125,238.39499235599988,0.0390625,54.81409154599987,0.0,0.0390625,0,1054.0,0.0,0,1,0.015625,0.109375,0.0,0,0.2632368505001068,400,0.0
