"train_binning_for_dataset_polaris/fraction_of_prompts_in_(0.001953125, 0.00390625]","validation_binning_for_dataset_aime25/fraction_of_prompts_in_(0.00390625, 0.0078125]",actor/ppo_kl,response_length/mean,validation_majority_vote_accuracy/aime25/majority@1,validation_majority_vote_accuracy/polaris/majority@1,"train_all_datasets_binning/fraction_of_prompts_in_(0.25, 0.5]","validation_all_datasets_binning/fraction_of_prompts_in_(0.125, 0.25]",train/fraction_filtered,critic/returns/max,perf/throughput,_timestamp,train/pass_at_8,timing_distributed_ms/forward,"validation_binning_for_dataset_aime25/fraction_of_prompts_in_[0.0, 0.0]","validation_all_datasets_binning/fraction_of_prompts_in_(0.5, 1.0)","train_all_datasets_binning/fraction_of_prompts_in_(0, 0.0009765625]",timing_distributed_ms/load_model_to_gpu,timing_distributed_ms/sharding_preprocess,timing_distributed_ms/load_optimizer_to_gpu,"validation_all_datasets_binning/fraction_of_prompts_in_(0.0078125, 0.015625]",critic/advantages/max,"validation_binning_for_dataset_polaris/fraction_of_prompts_in_(0.03125, 0.0625]",critic/rewards/min,"validation_all_datasets_binning/fraction_of_prompts_in_(0.015625, 0.03125]","train_all_datasets_binning/fraction_of_prompts_in_[1.0, 1.0]","train_all_datasets_binning/fraction_of_prompts_in_(0.00390625, 0.0078125]","validation_binning_for_dataset_polaris/fraction_of_prompts_in_(0.001953125, 0.00390625]","validation_binning_for_dataset_aime25/fraction_of_prompts_in_(0.001953125, 0.00390625]","validation_binning_for_dataset_polaris/fraction_of_prompts_in_[0.0, 0.0]",training/epoch,timing_distributed_ms/output_to_cpu,timing_s/old_log_prob,"validation_binning_for_dataset_polaris/fraction_of_prompts_in_(0.0625, 0.125]","train_all_datasets_binning/fraction_of_prompts_in_(0.0078125, 0.015625]","validation_binning_for_dataset_aime25/fraction_of_prompts_in_(0.0009765625, 0.001953125]","validation_all_datasets_binning/fraction_of_prompts_in_(0.00390625, 0.0078125]",critic/returns/mean,critic/score/min,"validation_binning_for_dataset_aime25/fraction_of_prompts_in_(0.03125, 0.0625]","train_all_datasets_binning/fraction_of_prompts_in_(0.5, 1.0)",perf/max_memory_allocated_gb,timing_s/step,timing_distributed_ms/offload_model_to_cpu,train/judge_parse_ok_rate,"train_binning_for_dataset_polaris/fraction_of_prompts_in_[1.0, 1.0]",train/degenerate_rollouts,val/generations,actor/pg_clipfrac_lower,timing_per_token_ms/gen,timing_s/reshard,critic/advantages/mean,"train_binning_for_dataset_polaris/fraction_of_prompts_in_(0.015625, 0.03125]",actor/grad_norm,"train_all_datasets_binning/fraction_of_prompts_in_[0.0, 0.0]","train_all_datasets_binning/fraction_of_prompts_in_(0.015625, 0.03125]",actor/pg_loss,critic/rewards/mean,"train_binning_for_dataset_polaris/fraction_of_prompts_in_(0.5, 1.0)","train_binning_for_dataset_polaris/fraction_of_prompts_in_(0.25, 0.5]",prompt_length/mean,validation_majority_vote_accuracy/global/majority@1,"validation_all_datasets_binning/fraction_of_prompts_in_[1.0, 1.0]",actor/lr,"validation_binning_for_dataset_aime25/fraction_of_prompts_in_(0.5, 1.0)","validation_binning_for_dataset_polaris/fraction_of_prompts_in_(0, 0.0009765625]",timing_distributed_ms/offload_optimizer_to_cpu,response_length/min,timing_s/update_actor,"validation_binning_for_dataset_aime25/fraction_of_prompts_in_[1.0, 1.0]","validation_binning_for_dataset_aime25/fraction_of_prompts_in_(0.0625, 0.125]",timing_per_token_ms/update_actor,perf/mfu/actor,timing_distributed_ms/rpc_coordination,mean_accuracies/polaris/reward/mean@1,"train_binning_for_dataset_polaris/fraction_of_prompts_in_(0, 0.0009765625]","train_all_datasets_binning/fraction_of_prompts_in_(0.0625, 0.125]",train/judge_overflow_skipped,training/global_step,critic/score/max,train/finish_length,_runtime,timing_s/reward,"train_binning_for_dataset_polaris/fraction_of_prompts_in_(0.0078125, 0.015625]",actor/entropy,"validation_binning_for_dataset_aime25/fraction_of_prompts_in_(0, 0.0009765625]",timing_distributed_ms/data_to_cpu,"validation_all_datasets_binning/fraction_of_prompts_in_(0.001953125, 0.00390625]",perf/total_num_tokens,actor/entropy_coeff,timing_distributed_ms/sharding_postprocess,perf/time_per_step,"validation_all_datasets_binning/fraction_of_prompts_in_(0.03125, 0.0625]",timing_s/generate_sequences,"validation_binning_for_dataset_aime25/fraction_of_prompts_in_(0.015625, 0.03125]","validation_binning_for_dataset_polaris/fraction_of_prompts_in_(0.25, 0.5]",train/finish_eos,timing_s/save_checkpoint,"validation_binning_for_dataset_polaris/fraction_of_prompts_in_(0.00390625, 0.0078125]","validation_all_datasets_binning/fraction_of_prompts_in_[0.0, 0.0]","train_all_datasets_binning/fraction_of_prompts_in_(0.03125, 0.0625]",validation_num_examples/polaris,"train_all_datasets_binning/fraction_of_prompts_in_(0.125, 0.25]",critic/score/mean,timing_s/adv,"train_binning_for_dataset_polaris/fraction_of_prompts_in_(0.03125, 0.0625]","validation_all_datasets_binning/fraction_of_prompts_in_(0.0625, 0.125]",prompt_length/clip_ratio,timing_distributed_ms/optimizer_step,"validation_binning_for_dataset_polaris/fraction_of_prompts_in_(0.0078125, 0.015625]",response_length/clip_ratio,"validation_all_datasets_binning/fraction_of_prompts_in_(0.0009765625, 0.001953125]",train/prompts_unlocked,validation_num_examples/all,timing_distributed_ms/backward,prompt_length/max,critic/rewards/max,_step,response_length/max,critic/advantages/min,"validation_binning_for_dataset_polaris/fraction_of_prompts_in_(0.5, 1.0)",actor/pg_clipfrac,"validation_binning_for_dataset_polaris/fraction_of_prompts_in_(0.125, 0.25]","validation_binning_for_dataset_polaris/fraction_of_prompts_in_(0.015625, 0.03125]","train_binning_for_dataset_polaris/fraction_of_prompts_in_(0.0625, 0.125]","validation_binning_for_dataset_aime25/fraction_of_prompts_in_(0.0078125, 0.015625]","validation_binning_for_dataset_polaris/fraction_of_prompts_in_[1.0, 1.0]","train_binning_for_dataset_polaris/fraction_of_prompts_in_(0.0009765625, 0.001953125]",critic/returns/min,train/distinct_clusters_mean,"train_binning_for_dataset_polaris/fraction_of_prompts_in_[0.0, 0.0]",perf/cpu_memory_used_gb,"train_binning_for_dataset_polaris/fraction_of_prompts_in_(0.00390625, 0.0078125]",mean_accuracies/aime25/reward/mean@1,train/finish_stop,"train_all_datasets_binning/fraction_of_prompts_in_(0.0009765625, 0.001953125]","train_binning_for_dataset_polaris/fraction_of_prompts_in_(0.125, 0.25]",timing_s/testing,"validation_all_datasets_binning/fraction_of_prompts_in_(0, 0.0009765625]",prompt_length/min,"validation_all_datasets_binning/fraction_of_prompts_in_(0.25, 0.5]","validation_binning_for_dataset_aime25/fraction_of_prompts_in_(0.25, 0.5]","validation_binning_for_dataset_aime25/fraction_of_prompts_in_(0.125, 0.25]","validation_binning_for_dataset_polaris/fraction_of_prompts_in_(0.0009765625, 0.001953125]","train_all_datasets_binning/fraction_of_prompts_in_(0.001953125, 0.00390625]",perf/max_memory_reserved_gb,timing_s/gen,validation_num_examples/aime25,timing_per_token_ms/adv
0,,4.0968651319417404e-05,1066.5673828125,,,0.0625,,0.1875,0.34285715222358704,1241.6275282486863,1780300332.7790372,0.375,21117.755889892578,,,0,0.0019275000795460073,0.0014949999922464485,0.0013950000266049756,,0.34285715222358704,,0,,0.0078125,0,,,,0,0.002007500143008656,23.299912921999976,,0,,,0.0001745192421367392,0,,0.0390625,186.38323879241943,249.09020053399996,0.0013850000186721445,1.0,0.0078125,397,,0.0,0.04883312096432316,0.48087450861930847,0.0001745192421367392,0,0.011688232421875,0.625,0,-0.0024898462907003704,0.1025390625,0.0390625,0.0625,141.546875,,,3e-06,,,0.0010899999551838846,2,78.31520078999995,,,0.06330501256558634,0,693.1880193267134,,0,0.1953125,0,1,1,59,459.01170939,0.19641974299997855,0,243.3836669921875,,0.2752412692643702,,1237109.0,0,0.009479999789618887,249.09020053399996,,48.87766647338867,,,965,,,,0,,0.0703125,0.1025390625,93.94114219800002,0,,0.0,81.17233216762543,,0.0576171875,,48,,56422.79052734375,720,1,1,4096,-0.30000001192092896,,0.00014082499546930194,,,0.1953125,,,0,-0.30000001192092896,2.890625,0.625,88.04658126831055,0,,0,0,0.0703125,,,40,,,,,0,200.361328125,53.333825558,,0.07593602681574543
0,,-7.882070849518641e-05,1085.408203125,,,0.0625,,0.1171875,0.5,1517.180288699271,1780300541.5426724,0.4609375,19966.306686401367,,,0,0.0010200000133409048,0.0017524999975648825,0.0013575000821219874,,0.5,,0,,0.0,0,,,,0,0.00170974999491591,22.26914684999997,,0,,,-0.001423525856807828,0,,0.078125,190.13741540908813,208.73359768699993,0.0012824999657823355,1.0,0.0,374,,0.0,0.04868264730561122,0.4232866168022156,-0.001423525856807828,0,0.01312255859375,0.5390625,0,0.002755075038294308,0.134765625,0.078125,0.0625,151.6484375,,,3e-06,,,0.0008774999855631904,2,76.43734839500007,,,0.06034149576552842,0,693.4833437685884,,0,0.2421875,0,2,1,52,661.83099447,0.20135491200005617,0,209.77272033691406,,0.29267824720591307,,1266746.0,0,0.006555000254593324,208.73359768699993,,49.39618682861328,,,972,,,,0,,0.078125,0.134765625,55.71464564600001,0,,0.0,37.577517330646515,,0.05078125,,107,,55739.67361450195,694,1,2,4096,-0.4285714328289032,,0.00020779490955646907,,,0.2421875,,,0,-0.4285714328289032,2.84375,0.5390625,88.6699104309082,0,,0,0,0.078125,,,48,,,,,0,204.38671875,54.10871780900004,,0.04398249186971974
0,,-3.184782073617498e-05,1073.5224609375,,,0.0546875,,0.1484375,0.5,1542.8041741910465,1780300744.3619795,0.3515625,20513.37432861328,,,0,0.0005675000238625216,0.0011475000292193727,0.0002899999742567161,,0.5,,0,,0.0078125,0,,,,0,0.001262500063603511,22.237856172999955,,0,,,0.0005057627568021417,0,,0.0390625,190.13741540908813,202.79680028999996,0.0005550000423681922,1.0,0.0078125,396,,0.0,0.04742540874312169,0.40237972140312195,0.0005057627568021417,0,0.01007080078125,0.6484375,0,0.0020050568928127177,0.09765625,0.0390625,0.0546875,148.6484375,,,3e-06,,,0.0002250000648018613,2,76.99357102600004,,,0.06152088410974647,0,574.9269282749301,,0,0.1796875,0,3,1,57,884.938878395,0.2055063660000087,0,255.8584747314453,,0.28736848616972566,,1251503.0,0,0.008079749932221603,202.79680028999996,,49.92425537109375,,,967,,,,0,,0.0703125,0.09765625,51.22352127400006,0,,0.0,37.43182122707367,,0.0556640625,,152,,55867.53845214844,759,1,3,4096,-0.3571428656578064,,0.0002550656317907851,,,0.1796875,,,0,-0.3571428656578064,2.84375,0.6484375,88.67829132080078,0,,0,0,0.0703125,,,51,,,,,0,204.921875,52.134135301000015,,0.040929603264235136
0,,-3.6160686676112164e-06,1141.5341796875,,,0.125,,0.125,0.4285714328289032,1494.0565258737781,1780300967.469832,0.375,21183.204650878906,,,0,0.0006125000595602614,0.0013700000636163168,0.0003175000529154204,,0.4285714328289032,,0,,0.0,0,,,,0,0.001390000079481979,22.31450645699988,,0,,,-0.0024164447095245123,0,,0.0546875,190.13741540908813,223.07773784200003,0.000504999945860618,0.9921875,0.0,419,,0.0,0.048143529251085136,0.5173248052597046,-0.0024164447095245123,0,0.011993408203125,0.625,0,0.0033581215611775406,0.125,0.0546875,0.125,160.3828125,,,3e-06,,,0.0002724999603742617,2,77.77872539000009,,,0.05834149716876338,0,559.2052591256215,,0,0.109375,0,4,1,55,1096.963688219,0.24151002400003563,0,253.95050048828125,,0.31595275504514575,,1333163.0,0,0.006412249604181852,223.07773784200003,,51.29997253417969,,,969,,,,0,,0.0859375,0.125,66.46371024600012,0,,0.0,36.41970828175545,,0.0537109375,,200,,55999.568939208984,845,1,4,4096,-0.3571428656578064,,0.00017937104917109536,,,0.109375,,,0,-0.3571428656578064,3.0546875,0.625,88.70919418334961,0,,0,0,0.0859375,,,45,,,,,0,204.921875,56.2764637910002,,0.049854151552360906
0,,4.562624582860053e-05,1117.767578125,,,0.0625,,0.1796875,0.5,1554.1095625067853,1780301179.4946418,0.3828125,20787.830352783203,,,0,0.0006824999445598223,0.000865000004068861,0.00040750001062406227,,0.5,,0,,0.0,0,,,,0,0.0012099999366910197,22.404938712000103,,0,,,-0.0012526122154667974,0,,0.0390625,190.13741540908813,212.00596659899998,0.0005875000397281838,1.0,0.0,307,,0.0,0.04788362575900278,0.7572787404060364,-0.0012526122154667974,0,0.010101318359375,0.6171875,0,0.00018049350910587236,0.1044921875,0.0390625,0.0625,169.265625,,,3e-06,,,0.0002174999735871097,2,77.67020789100002,,,0.05893384273955516,0,517.8660978278349,,0,0.1640625,0,5,1,60,1377.514735809,0.20827621300009014,0,233.68576049804688,,0.25677651865407825,,1317922.0,0,0.0028875001589767635,212.00596659899998,,51.29609298706055,,,964,,,,0,,0.1171875,0.1044921875,56.91336531500019,0,,0.0,37.10699826478958,,0.05859375,,249,,56327.14080810547,756,1,5,4096,-0.3285714387893677,,6.715836707371636e-05,,,0.1640625,,,0,-0.3285714387893677,3.0234375,0.6171875,88.70133209228516,0,,0,0,0.1171875,,,43,,,,,0,204.921875,54.80731074200003,,0.04318416819432424
0,,1.98369529584852e-05,1085.703125,,,0.0546875,,0.234375,0.3142857253551483,1127.9863716244704,1780301460.0456843,0.296875,20633.31413269043,,,0,0.0005949999604126788,0.001204999989568023,0.00039250005556823453,,0.3142857253551483,,0,,0.0,0,,,,0,0.0012824998520954978,22.227640778000023,,0,,,0.0011142692528665066,0,,0.03125,190.13741540908813,280.529985078,0.0004825000701202953,0.9921875,0.0,371,,0.0,0.04722117133464064,0.4649198651313782,0.0011142692528665066,0,0.0074462890625,0.703125,0,-0.004071154045959702,0.0849609375,0.03125,0.0546875,150.3671875,,,3e-06,,,0.0003375000687810825,2,76.92705408899997,,,0.060776539569862884,0,540.1561469678418,,0,0.1171875,0,6,1,47,1757.731165482,0.21358701799999835,0,204.22994995117188,,0.3262645041104406,,1265736.0,0,0.003544999799487414,280.529985078,,50.0511589050293,,,977,,,,0,,0.09375,0.0849609375,128.660961089,0,,0.0,36.00651025772095,,0.0458984375,,287,,55717.24319458008,595,1,6,4096,-0.5,,0.00010784281766973436,,,0.1171875,,,0,-0.5,2.6171875,0.703125,88.74299621582031,0,,0,0,0.09375,,,39,,,,,0,204.921875,52.49860944300008,,0.10164912832454795
0,,-1.675651094501518e-05,1148.400390625,,,0.078125,,0.1640625,0.3571428656578064,890.9387963699863,1780301840.2619848,0.3671875,21351.40037536621,,,0,0.0006074999419070082,0.0010047498335552518,0.0003924999418813968,,0.3571428656578064,,0,,0.0,0,,,,0,0.0011449999419710366,22.366229559999965,,0,,,-0.0012129549868404865,0,,0.0390625,190.13741540908813,380.18604799800005,0.0004400000079840538,0.9921875,0.0,420,,0.0,0.048328564839680226,0.5371766090393066,-0.0012129549868404865,0,0.00994873046875,0.6328125,0,0.0026033861249743495,0.099609375,0.0390625,0.078125,174.734375,,,3e-06,,,0.00027749979381042067,2,78.26861908699993,,,0.05776750812759703,0,564.4820622822008,,0,0.171875,0,7,1,66,1981.962065857,0.21830866200002674,0,250.19598388671875,,0.26613124646246433,,1354890.0,0,0.002910000148403924,380.18604799800005,,51.60289764404297,,,958,,,,0,,0.078125,0.099609375,222.49822416100005,0,,0.0,37.6901812851429,,0.064453125,,334,,56314.77355957031,604,1,7,4096,-0.4285714328289032,,0.0001914540937377751,,,0.171875,,,0,-0.4285714328289032,2.6484375,0.6328125,88.71648788452148,0,,0,0,0.078125,,,51,,,,,0,204.921875,56.83255576600004,,0.1642186628885002
0,,2.4845420909969107e-05,1106.87109375,,,0.109375,,0.1796875,0.34285715222358704,1440.8476412168957,1780302064.492987,0.3515625,21364.429473876953,,,0,0.0005374998863771907,0.0010075000318465754,0.00038749999475840013,,0.34285715222358704,,0,,0.0,0,,,,0,0.001362500029244984,22.323274818999835,,0,,,-0.0013113600434735417,0,,0.0234375,190.13741540908813,224.19927739700006,0.0005099999498270336,0.9921875,0.0,344,,0.0,0.04765739283470809,0.4035000801086426,-0.0013113600434735417,0,0.008148193359375,0.6484375,0,0.00247981064603664,0.09765625,0.0234375,0.109375,154.9921875,,,3e-06,,,0.00018750006347545423,2,78.05568778799989,,,0.06040769926355177,0,603.4099905222101,,0,0.125,0,8,1,56,2254.077918553,0.20547246100022676,0,227.6352081298828,,0.3074827545788139,,1292148.0,0,0.003657499746623216,224.19927739700006,,50.24057388305664,,,968,,,,0,,0.09375,0.09765625,69.5959515970003,0,,0.0,36.240771412849426,,0.0546875,,379,,56051.292419433594,723,1,8,4096,-0.2785714268684387,,0.000148769134284521,,,0.125,,,0,-0.2785714268684387,2.859375,0.6484375,88.74114608764648,0,,0,0,0.09375,,,42,,,,,0,204.921875,54.01660470500019,,0.05386066580376265
0,,5.5338670156057645e-05,1059.9609375,,,0.125,,0.1640625,0.2857142984867096,1143.057747312708,1780302336.60899,0.4375,21185.728073120117,,,0,0.0005900000132896821,0.0010200000133409048,0.00032750006084825145,,0.2857142984867096,,0,,0.0,0,,,,0,0.0014224999631551327,22.24492831999987,,0,,,0.00012229180720169097,0,,0.0390625,190.13741540908813,272.06674442400026,0.0006299999313341687,0.9921875,0.0,405,,0.0,0.049410692679196434,0.6571427583694458,0.00012229180720169097,0,0.00921630859375,0.5625,0,-0.002876414101933733,0.1279296875,0.0390625,0.125,154.8359375,,,3e-06,,,0.0001850000899139559,2,77.70495100200014,,,0.06246619725037634,0,564.5795506010327,,0,0.171875,0,9,1,57,2471.805974887,0.1954758510000829,0,200.05807495117188,,0.28711598133668303,,1243952.0,0,0.0038472498999908566,272.06674442400026,,50.086326599121094,,,967,,,,0,,0.1015625,0.1279296875,118.28859451399967,0,,0.0,37.21872344613075,,0.0556640625,,435,,55917.12951660156,707,1,9,4096,-0.27142858505249023,,0.0001952713735136058,,,0.171875,,,0,-0.27142858505249023,2.6796875,0.5625,88.73758316040039,0,,0,0,0.1015625,,,41,,,,,0,204.921875,53.630365833999804,,0.09509096373011151
0,,-1.0236538216190638e-05,1138.6640625,,,0.1171875,,0.125,0.5,1527.878471592209,1780302554.3367755,0.4609375,20685.272216796875,,,0,0.0005900000132896821,0.00097750012173492,0.00043750003442255547,,0.5,,0,,0.0,0,,,,0,0.0012474999948608456,22.35629355300034,,0,,,-0.000518384447786957,0,,0.0234375,190.13741540908813,217.69925173000001,0.0004747500952362316,1.0,0.0,370,,0.0,0.048449269446960146,1.4971280097961426,-0.000518384447786957,0,0.01068115234375,0.5390625,0,0.003380285059392918,0.1123046875,0.0234375,0.1171875,160.625,,,3e-06,,,0.00023249992864293745,2,78.10904230899996,,,0.058707768603172374,0,552.953960377301,,0,0.25,0,10,1,64,2682.106112192,0.21586658799969882,0,243.0218505859375,,0.2956552489195019,,1330472.0,0,0.003099999958067201,217.69925173000001,,52.06597137451172,,,960,8.206804427999941,,,0,,0.0703125,0.1123046875,52.317667149000044,0,,0.0,35.750843584537506,,0.0625,,494,,56834.76257324219,837,1,10,4096,-0.27142858505249023,,0.0002079698933812324,,,0.25,,,0,-0.27142858505249023,2.9921875,0.5390625,88.7705192565918,0,,0,0,0.0703125,,,39,,,,,0,204.921875,56.491460580999956,,0.03932263674019449
0,,7.220287510278922e-05,1104.7109375,,,0.109375,,0.1171875,0.4285714328289032,1550.5212860969384,1780302764.6370633,0.3828125,21372.461318969727,,,0,0.0006274999577726703,0.0010049999445982394,0.00029999989692441886,,0.4285714328289032,,0,,0.0078125,0,,,,0,0.0011275001270405483,22.384580560999893,,0,,,-0.0023489154409617186,0,,0.0390625,190.13741540908813,210.27766785500035,0.0005025001428293763,1.0,0.0078125,396,,0.0,0.05071869665689546,0.5201864242553711,-0.0023489154409617186,0,0.010711669921875,0.6171875,0,0.0047318706710939296,0.12109375,0.0390625,0.109375,168.8828125,,,3e-06,,,0.00018250011635245755,2,78.08173287399995,,,0.05987128333486685,0,547.4010209306871,,0,0.1640625,0,11,1,56,2882.388679008,0.21654971599991768,0,222.64614868164062,,0.29369600815698504,,1304160.0,0,0.0037622498894052114,210.27766785500035,,53.21259689331055,,,968,,,,0,,0.0625,0.12109375,52.21819598299999,0,,0.0,38.21728006005287,,0.0546875,,543,,56123.35205078125,770,1,11,4096,-0.4285714328289032,,0.00011442763752711471,,,0.1640625,,,0,-0.4285714328289032,2.9453125,0.6171875,88.74209213256836,0,,0,0,0.0625,,,53,,,,,0,204.921875,57.374206906999916,,0.0400397159727334
0,,5.10017285222375e-05,1066.650390625,,,0.0703125,,0.125,0.5,1562.5316934720897,1780302964.9196749,0.34375,21103.530883789062,,,0,0.0005624999630526872,0.0009799999816095806,0.0003800000740739051,,0.5,,0,,0.0078125,0,,,,0,0.0010550000979492324,22.261962806000156,,0,,,-0.0003189353446941823,0,,0.0390625,190.13741540908813,200.25865798899986,0.0006047497436156846,1.0,0.0078125,367,,0.0,0.04910384469581172,0.4352410137653351,-0.0003189353446941823,0,0.00970458984375,0.65625,0,-0.002323703949514311,0.1005859375,0.0390625,0.0703125,155.65625,,,3e-06,,,0.00017749994185578544,3,77.71032325799979,,,0.06208670151528935,0,598.3044661960448,,0,0.1640625,0,12,1,51,3097.157854403,0.1980683950000639,0,198.23678588867188,,0.2886260044761002,,1251642.0,0,0.004007500137959141,200.25865798899986,,49.8864860534668,,,973,,,,0,,0.0625,0.1005859375,46.452432821,0,,0.0,37.557054311037064,,0.0498046875,,587,,55970.63446044922,809,1,12,4096,-0.5,,0.00015496505648116,,,0.1640625,,,0,-0.5,2.90625,0.65625,88.80304718017578,0,,0,0,0.0625,,,53,,,,,0,204.921875,53.633674369000346,,0.03711319436468256
0,,4.572741307384831e-05,1025.599609375,,,0.1015625,,0.1328125,0.3857142925262451,1392.5777849627882,1780303179.688805,0.453125,21603.195190429688,,,0,0.0006525001481350046,0.0010799998335642158,0.00033499986784590874,,0.3857142925262451,,0,,0.0,0,,,,0,0.0012449999076125096,22.199781394000183,,0,,,0.0015986950602382421,0,,0.0625,190.13741540908813,214.746711623,0.00043500006086105714,0.9921875,0.0,373,,0.0,0.04989931865695939,0.537315845489502,0.0015986950602382421,0,0.01263427734375,0.546875,0,-0.00630534668744076,0.134765625,0.0625,0.1015625,142.5703125,,,3e-06,,,0.0002949999498014222,2,77.86153108500002,,,0.0650904033962378,0,566.7500111487607,,0,0.1953125,0,13,1,49,3299.340827995,0.19895676500027548,0,193.21807861328125,,0.29556822846643627,,1196206.0,0,0.003299999889350147,214.746711623,,48.65959167480469,,,975,,,,0,,0.09375,0.134765625,62.07963274900021,0,,0.0,36.8640273809433,,0.0478515625,,645,,55654.4189453125,808,1,13,4096,-0.4285714328289032,,0.00013566400320996763,,,0.1953125,,,0,-0.4285714328289032,2.859375,0.546875,88.77441024780273,0,,0,0,0.09375,,,39,,,,,0,204.921875,52.40496304399994,,0.05189710864934653
0,,-2.7739941856452788e-05,1073.9921875,,,0.0703125,,0.1640625,0.5,1536.933505996488,1780303381.8716972,0.390625,20639.162063598633,,,0,0.0005350000265025301,0.0010425000027680653,0.00041474993395240745,,0.5,,0,,0.0,0,,,,0,0.0011300001006020466,22.145192534000216,,0,,,-0.0002758564369287342,0,,0.046875,190.13741540908813,202.15578539199987,0.0005300000793795334,1.0,0.0,361,,0.0,0.04788333969619028,0.5159662961959839,-0.0002758564369287342,0,0.01202392578125,0.609375,0,-0.0009723200091684703,0.1123046875,0.046875,0.0703125,139.6796875,,,3e-06,,,0.00033499998153274646,2,76.781243378,,,0.06178085241229482,0,586.3577125920856,,0,0.1640625,0,14,1,45,3500.427306288,0.2071970090000832,0,203.27996826171875,,0.31876025605015457,,1242800.0,0,0.0033474998417659663,202.15578539199987,,49.302391052246094,,,979,,,,0,,0.109375,0.1123046875,50.359557295000286,0,,0.0,37.209030240774155,,0.0439453125,,695,,55518.1884765625,812,1,14,4096,-0.4285714328289032,,0.00026549949370746617,,,0.1640625,,,0,-0.4285714328289032,2.9765625,0.609375,88.80717468261719,0,,0,0,0.109375,,,41,,,,,0,204.921875,52.660564730999795,,0.04052104706710676
0,,3.8589812401124135e-05,1093.12109375,,,0.09375,,0.171875,0.4285714328289032,1580.1215027120231,1780303582.9582632,0.4609375,20596.78077697754,,,0,0.000627500071459508,0.001050000037139398,0.00031500007935392205,,0.4285714328289032,,0,,0.0,0,,,,0,0.001129749989559059,22.252357127999858,,0,,,-0.001134459744207561,0,,0.0703125,190.13741540908813,201.0535262350004,0.0004800000397153781,1.0,0.0,332,,0.0,0.04769143473926078,0.5933105945587158,-0.001134459744207561,0,0.013519287109375,0.5390625,0,0.0026211601525574224,0.12890625,0.0703125,0.09375,147.8515625,,,3e-06,,,0.0002225000343969441,2,77.69290455100008,,,0.06113912076826715,0,549.0807504130353,,0,0.2265625,0,15,1,54,4306.606370207,0.21287112400023034,0,184.9705047607422,,0.30407076701521873,,1270756.0,0,0.003629999810073059,201.0535262350004,,50.326744079589844,,,970,,,,0,,0.0703125,0.12890625,47.50908345800008,0,,0.0,37.66777738928795,,0.052734375,,754,,56509.063720703125,807,1,15,4096,-0.5,,0.0001567793992762745,,,0.2265625,,,0,-0.5,3.078125,0.5390625,88.78974151611328,0,,0,0,0.0703125,,,39,,,,,0,204.921875,53.38369362399999,,0.037386471878157634
0,,3.805523457600657e-05,1059.2666015625,,,0.0546875,,0.1953125,0.4285714328289032,389.7715805283306,1780304389.1372535,0.375,20894.62661743164,,,0,0.0005400004283728776,0.0009349998890684219,0.0003199997991032433,,0.4285714328289032,,0,,0.0,0,,,,0,0.001285000280404347,22.467928755999765,,0,,,-0.001209099544212222,0,,0.0390625,190.13741540908813,806.1548499100004,0.0006425000265153358,1.0,0.0,345,,0.0,0.050730025812006724,0.5213222503662109,-0.001209099544212222,0,0.01263427734375,0.625,0,0.0011319930381432641,0.1015625,0.0390625,0.0546875,168.140625,,,3e-06,,,0.00020750007934111636,2,78.06269170499945,,,0.0621090504588794,0,672.2789203761204,,0,0.1640625,0,16,1,55,4581.141955159,0.22368722099963634,0,196.96987915039062,,0.2587389899417758,,1256865.0,0,0.004635000095731812,806.1548499100004,,50.57807159423828,,,969,,,,0,,0.1171875,0.1015625,650.3718280960002,0,,0.0,36.58026456832886,,0.0537109375,,802,,56458.93859863281,756,1,16,4096,-0.4285714328289032,,0.0002799629642140644,,,0.1640625,,,0,-0.4285714328289032,2.828125,0.625,88.87261199951172,0,,0,0,0.1171875,,,40,,,,,0,204.921875,55.02630096799976,,0.5174555963416916
0,,5.218296882958384e-05,1140.1953125,,,0.1015625,,0.1796875,0.5,1222.225850559822,1780304663.6728907,0.421875,21373.741149902344,,,0,0.0005474998943100218,0.0010674998520698864,0.00028749991543008946,,0.5,,0,,0.0,0,,,,0,0.001235000127053354,22.37063225700058,,0,,,-0.0011966623133048415,0,,0.0390625,190.13741540908813,274.4975487520005,0.0005974998202873394,0.9921875,0.0,353,,0.0,0.04812044080218571,0.5116961002349854,-0.0011966623133048415,0,0.01068115234375,0.578125,0,-0.0015210759793262696,0.12109375,0.0390625,0.1015625,170.34375,,,3e-06,,,0.00027749979381042067,2,78.26936091600055,,,0.05832326937567479,0,588.4463966829207,,0,0.1796875,0,17,1,69,4790.283070856,0.24670670199975575,0,229.65061950683594,,0.30156574212014675,,1341992.0,0,0.004214999989926582,274.4975487520005,,51.85862731933594,,,955,,,,0,,0.1015625,0.12109375,117.42546104800022,0,,0.0,37.9350483417511,,0.0673828125,,856,,56268.92852783203,813,1,17,4096,-0.4285714328289032,,0.00016953799377006362,,,0.1796875,,,0,-0.4285714328289032,2.8359375,0.578125,88.84142684936523,0,,0,0,0.1015625,,,39,,,,,0,204.921875,56.18350186299995,,0.08750086516760175
0,,-7.480770113943436e-05,1103.33203125,,,0.125,,0.15625,0.3571428656578064,1550.5430659523865,1780304872.814018,0.3828125,21486.377716064453,,,0,0.0005300000793795334,0.0009625000529922545,0.00028500016924226657,,0.3571428656578064,,0,,0.0,0,,,,0,0.0012524999419838423,22.38421497499985,,0,,,-0.0019426210783421993,0,,0.0390625,190.13741540908813,209.11060590300076,0.0004749999789055437,1.0,0.0,378,,0.0,0.04901920115116503,1.1315159797668457,-0.0019426210783421993,0,0.009552001953125,0.6171875,0,-0.002260862609546166,0.12109375,0.0390625,0.125,163.2109375,,,3e-06,,,0.00017000024854496587,2,78.70551700899978,,,0.06068554983962232,0,597.453165533123,,0,0.1484375,0,18,1,58,5062.582190809,0.2156937800000378,0,201.41595458984375,,0.29738800367340446,,1296940.0,0,0.0042100000428035855,209.11060590300076,,51.73612594604492,,,966,,,,0,,0.0703125,0.12109375,52.4206755059995,0,,0.0078125,39.38012197613716,,0.056640625,,905,,56582.000732421875,1024,1,18,4096,-0.2857142984867096,,0.00011663868735922733,,,0.1484375,,,0,-0.2857142984867096,2.9296875,0.6171875,88.79289627075195,0,,0,0,0.0703125,,,57,,,,,0,204.921875,55.382481691000066,,0.04041873602942272
0,,-3.110604797029737e-05,1074.09375,,,0.0703125,,0.125,0.3571428656578064,1155.1315146953903,1780305145.1131234,0.4609375,21382.198333740234,,,0,0.000594999846725841,0.0010900002962443978,0.00032499974622623995,,0.3571428656578064,,0,,0.0,0,,,,0,0.0013625001429318218,22.245657520999885,,0,,,-0.002921914681792259,0,,0.0625,190.13741540908813,272.2858791390008,0.0006349998784571653,0.9921875,0.0,333,,0.0,0.048904383336424814,0.42786338925361633,-0.002921914681792259,0,0.012451171875,0.5390625,0,0.0014636826126661617,0.1259765625,0.0625,0.0703125,154.5234375,,,3e-06,,,0.00023250004232977517,2,77.88318288600021,,,0.06190520249995248,0,586.7262609151803,,0,0.234375,0,19,1,51,5327.790962769,0.2094906730008006,0,181.3705291748047,,0.3208902489859611,,1258104.0,0,0.003534750248945784,272.2858791390008,,50.87091064453125,,,973,,,,0,,0.09375,0.1259765625,118.15678058100002,0,,0.0,37.30456531047821,,0.0498046875,,964,,55876.625061035156,806,1,19,4096,-0.30714285373687744,,0.00013644077625940554,,,0.234375,,,0,-0.30714285373687744,3.0703125,0.5390625,88.93528747558594,0,,0,0,0.09375,,,51,,,,,0,204.921875,53.78856190900024,,0.09391654472205797
0,,-8.85035187820904e-05,1132.6943359375,,,0.078125,,0.203125,0.37142857909202576,1250.7791013393003,1780305410.3219755,0.3828125,21460.113525390625,,,0,0.0005999995664751623,0.0008549998256057734,0.00036749975151906256,,0.37142857909202576,,0,,0.0078125,0,,,,0,0.001087500095309224,22.403892645999804,,0,,,-0.0011779090855270624,0,,0.0234375,190.13741540908813,265.1897122720002,0.000580000005356851,1.0,0.0078125,308,,0.0,0.049582435137631393,0.43841856718063354,-0.0011779090855270624,0,0.00885009765625,0.6171875,0,-0.0004227480385452509,0.10546875,0.0234375,0.078125,162.984375,,,3e-06,,,0.00016250010048679542,2,78.30512645399995,,,0.05901914526125376,0,550.3218175297079,,0,0.1640625,0,20,1,57,5552.854017844,0.21639581599993107,0,230.91021728515625,,0.30155075364746153,,1326775.0,0,0.003622499889388564,265.1897122720002,,54.57273483276367,,,967,7.378439484999944,,,0,,0.109375,0.10546875,99.37423442199997,0,,0.0,38.10710832476616,,0.0556640625,,1013,,56256.27517700195,735,1,20,4096,-0.30000001192092896,,0.00015590224029438104,,,0.1640625,,,0,-0.30000001192092896,2.6875,0.6171875,88.9184341430664,0,,0,0,0.109375,,,41,,,,,0,204.921875,57.509625285000766,,0.07489908569425861
0,,-1.4346726615599437e-05,1108.4306640625,,,0.0625,,0.2109375,0.5,1427.2000819420298,1780305635.3849409,0.3515625,21344.013214111328,,,0,0.0006799998573114863,0.0009022496669786051,0.0002525000581954373,,0.5,,0,,0.0078125,0,,,,0,0.0011849997463286854,22.27418374300032,,0,,,-0.003567158943042159,0,,0.0625,190.13741540908813,225.04080126100052,0.0005700001111108577,0.9921875,0.0078125,424,,0.0,0.05042796765380375,0.7469130158424377,-0.003567158943042159,0,0.0147705078125,0.6484375,0,-0.0016581584350205958,0.1171875,0.0625,0.0625,146.171875,,,3e-06,,,0.0002650003807502799,2,78.466286201,,,0.06107689904359963,0,573.9527899670793,,0,0.1484375,0,21,1,56,5755.441415454,0.2116390049995971,0,188.08224487304688,,0.29846077086403966,,1284713.0,0,0.0033299997994618025,225.04080126100052,,53.20399856567383,,,968,,,,0,,0.0703125,0.1171875,66.84912972199982,0,,0.0,36.532312631607056,,0.0546875,,1058,,56511.48223876953,705,1,21,4096,-0.5,,0.00020330292750259105,,,0.1484375,,,0,-0.5,2.7734375,0.6484375,88.97516250610352,0,,0,0,0.0703125,,,41,,,,,0,204.921875,57.23740740999983,,0.052034290710843444
0,,0.00011166832904052626,1071.001953125,,,0.1796875,,0.125,0.4000000059604645,1524.0210448060311,1780305837.972327,0.4765625,20476.224899291992,,,0,0.000617500063526677,0.0010899998414970469,0.0003624998043960659,,0.4000000059604645,,0,,0.0,0,,,,0,0.0011625002116488758,22.12271864700051,,0,,,-0.0033158285077661276,0,,0.0390625,190.13741540908813,202.5631477019997,0.000565000163987861,1.0,0.0,319,,0.0,0.050214204728523074,0.41297414898872375,-0.0033158285077661276,0,0.011383056640625,0.5234375,0,0.005520167971553747,0.150390625,0.0390625,0.1796875,134.8984375,,,3e-06,,,0.0001850000899139559,2,76.60957956000038,,,0.06203998532605823,0,543.5970476544317,,0,0.171875,0,22,1,52,5960.673205142,0.2038352939998731,0,178.6947021484375,,0.3196372417733073,,1234842.0,0,0.004585000169754494,202.5631477019997,,51.28519058227539,,,972,,,,0,,0.0859375,0.150390625,48.55481386500014,0,,0.0,36.67977452278137,,0.05078125,,1119,,55552.74963378906,721,1,22,4096,-0.4285714328289032,,0.00023714845474387403,,,0.171875,,,0,-0.4285714328289032,3.1640625,0.5234375,88.89435577392578,0,,0,0,0.0859375,,,47,,,,,0,204.921875,55.07021961099963,,0.03932066925566197
0,,-3.491417638556982e-05,1078.1376953125,,,0.109375,,0.15625,0.30000001192092896,1538.8069651709136,1780306043.2041733,0.328125,20938.690185546875,,,0,0.0007974997515702853,0.0009500001851847628,0.00034249978853040375,,0.30000001192092896,,0,,0.0,0,,,,0,0.0013424998996924842,22.142240078000214,,0,,,-0.0015750945312902331,0,,0.046875,190.13741540908813,205.20263889299986,0.00042500005292822607,1.0,0.0,331,,0.0,0.05154887380673905,1.3812792301177979,-0.0015750945312902331,0,0.007415771484375,0.671875,0,0.0030376089707715437,0.1064453125,0.046875,0.109375,155.328125,,,3e-06,,,0.00023749998945277184,2,76.80994891199953,,,0.0608121558774695,0,567.360631293006,,0,0.140625,0,23,1,49,6331.539580381,0.22156912699938403,0,175.84629821777344,,0.3111627302132547,,1263069.0,0,0.003052500005651382,205.20263889299986,,50.83748245239258,,,975,,,,0,,0.03125,0.1064453125,49.11543615299979,0,,0.0,37.5809445977211,,0.0478515625,,1161,,55265.99884033203,794,1,23,4096,-0.30714285373687744,,0.00013560822071667644,,,0.140625,,,0,-0.30714285373687744,3.0,0.671875,88.91094207763672,0,,0,0,0.03125,,,31,,,,,0,204.921875,56.9106268179994,,0.038885790208610764
0,,8.193687932589455e-05,1096.517578125,,,0.046875,,0.1953125,0.3857142925262451,862.9479143737603,1780306414.070549,0.3125,21777.09197998047,,,0,0.0006000000212225132,0.0010199998996540671,0.00040750001062406227,,0.3857142925262451,,0,,0.0078125,0,,,,0,0.001204999989568023,22.220663099000376,,0,,,-0.002929535461589694,0,,0.046875,190.13741540908813,370.8479905559998,0.0005875001534150215,0.9921875,0.0078125,347,,0.0,0.04746650791390356,0.4690946042537689,-0.002929535461589694,0,0.013397216796875,0.6875,0,0.0025109847192652524,0.09375,0.046875,0.046875,153.5703125,,,3e-06,,,0.00018749983610177878,2,78.10666150099951,,,0.061016539072252345,0,598.0448281702411,,0,0.15625,0,24,1,50,6537.292883271,0.22218892000000778,0,189.70816040039062,,0.3013352397829294,,1280090.0,0,0.003627250180215924,370.8479905559998,,50.4443359375,,,974,,,,0,,0.0546875,0.09375,216.99948735399994,0,,0.0,37.63509541749954,,0.048828125,,1201,,55693.580627441406,766,1,24,4096,-0.5,,0.0002099215653288411,,,0.15625,,,0,-0.5,2.953125,0.6875,89.03471755981445,0,,0,0,0.0546875,,,44,,,,,0,204.921875,53.297008946999995,,0.16951893019553307
0,,1.9919848085692138e-05,1076.77734375,,,0.09375,,0.1171875,0.4285714328289032,1528.426878583098,1780306619.823796,0.4140625,20556.93817138672,,,0,0.0006125003437773557,0.0009197499366564443,0.000352500137523748,,0.4285714328289032,,0,,0.0078125,0,,,,0,0.0013275000583234942,22.339494326000022,,0,,,-0.004494212102144957,0,,0.0546875,190.13741540908813,205.66832761499973,0.0005350002538762055,1.0,0.0078125,351,,0.0,0.0496996404092073,0.6963815689086914,-0.004494212102144957,0,0.0137939453125,0.5859375,0,0.0024810029135551304,0.1298828125,0.0546875,0.09375,151.1484375,,,3e-06,,,0.00023499978851759806,2,77.37652308399993,,,0.06153711566125543,0,548.696329399274,,0,0.1875,0,25,1,59,6735.426619514,0.2099816229992939,0,185.1963348388672,,0.2733512665145099,,1257396.0,0,0.003699999751916039,205.66832761499973,,50.131221771240234,,,965,,,,0,,0.0703125,0.1298828125,50.94063494799957,0,,0.0,36.778051406145096,,0.0576171875,,1254,,56233.829498291016,722,1,25,4096,-0.41428571939468384,,0.00011521078886289615,,,0.1875,,,0,-0.41428571939468384,2.8828125,0.5859375,88.91350173950195,0,,0,0,0.0703125,,,41,,,,,0,204.921875,54.79981750800016,,0.04051280181263466
0,,1.0453325216985832e-05,987.6826171875,,,0.109375,,0.1171875,0.4000000059604645,1449.4706361259166,1780306817.9575799,0.390625,20246.47331237793,,,0,0.0005675001375493594,0.0010300002486474114,0.00034500021683925297,,0.4000000059604645,,0,,0.0078125,0,,,,0,0.001207499735755846,21.97529891100021,,0,,,9.2313188361004e-05,0,,0.0625,190.13741540908813,198.11284398799944,0.0005800002327305265,1.0,0.0078125,356,,0.0,0.052293772683453685,0.48351776599884033,9.2313188361004e-05,0,0.008392333984375,0.609375,0,0.0002717856732488144,0.134765625,0.0625,0.109375,134.03125,,,3e-06,,,0.0003024999841727549,2,75.86774242200045,,,0.06605034882447465,0,636.4221222008928,,0,0.15625,0,26,1,39,6952.185392508,0.19522796799992648,0,194.31764221191406,,0.2571740187704563,,1148635.0,0,0.002865000169549603,198.11284398799944,,48.4775390625,,,985,,,,0,,0.0546875,0.134765625,47.18335320099959,0,,0.0,35.39086878299713,,0.0380859375,,1304,,54949.19204711914,706,1,26,4096,-0.44285714626312256,,0.00016670611512381583,,,0.15625,,,0,-0.44285714626312256,2.9609375,0.609375,88.9981575012207,0,,0,0,0.0546875,,,49,,,,,0,204.921875,52.889241873000174,,0.0410777602989632
0,,-9.56932624163187e-06,1099.0595703125,,,0.1015625,,0.1640625,0.4000000059604645,1472.4237965763002,1780307034.7162836,0.453125,20965.78598022461,,,0,0.0006150000899651786,0.0009922498520609224,0.00021500000002561137,,0.4000000059604645,,0,,0.0,0,,,,0,0.0012849998256569961,22.164322380000158,,0,,,0.0015795201761648059,0,,0.0625,190.13741540908813,216.74279561500043,0.0005697497726941947,0.9921875,0.0,354,,0.0,0.0471120116372577,0.46330469846725464,0.0015795201761648059,0,0.012176513671875,0.546875,0,-0.0022966579367675877,0.134765625,0.0625,0.1015625,147.5703125,,,3e-06,,,0.00017249999473278876,2,77.2375495160004,,,0.060504962610914585,0,554.338626363693,,0,0.203125,0,27,1,55,7152.513451376,0.2160600990000603,0,216.49432373046875,,0.29791801352985203,,1276549.0,0,0.00354500048160844,216.74279561500043,,50.99630355834961,,,969,,,,0,,0.0859375,0.134765625,64.1009616829997,0,,0.0,37.119291722774506,,0.0537109375,,1362,,55680.00030517578,756,1,27,4096,-0.5,,0.00010771200618364674,,,0.203125,,,0,-0.5,2.7265625,0.546875,88.96335983276367,0,,0,0,0.0859375,,,50,,,,,0,204.921875,53.021601041000395,,0.050214258663787835
0,,4.430739869576428e-05,1034.6318359375,,,0.109375,,0.1484375,0.4000000059604645,1505.4276286057245,1780307235.044271,0.3984375,20528.25927734375,,,0,0.0005999997938488377,0.0010599999313853914,0.00022500012164528016,,0.4000000059604645,,0,,0.0078125,0,,,,0,0.0011700003597070463,22.080389300000206,,0,,,0.00043714113417081535,0,,0.0234375,190.13741540908813,200.2977388419995,0.0005474998943100218,1.0,0.0078125,338,,0.0,0.049270873996542855,0.6241036057472229,0.00043714113417081535,0,0.013031005859375,0.6015625,0,-0.00304104306451336,0.1171875,0.0234375,0.109375,143.234375,,,3e-06,,,0.00021500000002561137,2,76.58046062700032,,,0.0634924453954162,0,604.8418784942041,,0,0.171875,0,28,1,41,7380.58780763,0.21348785099962697,0,163.47056579589844,,0.2902682463172823,,1206135.0,0,0.003917500180250499,200.2977388419995,,49.158714294433594,,,983,,,,0,,0.0859375,0.1171875,49.219790526,0,,0.0,36.16898134350777,,0.0400390625,,1413,,55410.892486572266,670,1,28,4096,-0.3285714387893677,,0.00017723402697811252,,,0.171875,,,0,-0.3285714387893677,2.921875,0.6015625,88.92899703979492,0,,0,0,0.0859375,,,42,,,,,0,204.921875,52.200667976999284,,0.04080786191098011
0,,-3.833443303591366e-05,1066.052734375,,,0.0625,,0.171875,0.3285714387893677,1370.4066414687122,1780307463.1187558,0.390625,21162.4755859375,,,0,0.0005675001375493594,0.0010674998520698864,0.00032499974622623995,,0.3285714387893677,,0,,0.0078125,0,,,,0,0.001087500095309224,22.328208035999523,,0,,,-0.00035436227335594594,0,,0.0625,190.13741540908813,228.05603135799993,0.0004800001534022158,0.9921875,0.0078125,345,,0.0,0.053953684351405906,0.46102291345596313,-0.00035436227335594594,0,0.010955810546875,0.609375,0,-0.003072550091019366,0.125,0.0625,0.0625,154.765625,,,3e-06,,,0.000277500475931447,2,77.86395630799962,,,0.06228528531546591,0,568.8635754059069,,0,0.15625,0,29,1,47,7611.289158189,0.2031375710002976,0,181.51853942871094,,0.3079702437389642,,1250118.0,0,0.003452249757174286,228.05603135799993,,50.651737213134766,,,977,,,,0,,0.1015625,0.125,68.76071590399988,0,,0.0,37.43421286344528,,0.0458984375,,1463,,56094.86770629883,812,1,29,4096,-0.3571428656578064,,0.00020732212487928336,,,0.15625,,,0,-0.3571428656578064,2.953125,0.609375,88.91719436645508,0,,0,0,0.1015625,,,44,,,,,0,204.921875,58.89789207800004,,0.05500338040408976
0,,-2.5644788834711107e-05,1073.3525390625,,,0.0859375,,0.1875,0.5,1375.918334296647,1780307693.8201487,0.4296875,20631.235122680664,,,0,0.00047999992602854036,0.0008474999049212784,0.0003422501322347671,,0.5,,0,,0.0078125,0,,,,0,0.0013075002698315075,22.532233916000223,,0,,,-0.00231230934150517,0,,0.0,190.13741540908813,230.676663061,0.0006125001164036803,0.9921875,0.0078125,325,,0.0,0.050162478242910806,0.4711349904537201,-0.00231230934150517,0,0.010101318359375,0.5703125,0,0.003319035517051816,0.0966796875,0.0,0.0859375,166.4609375,,,3e-06,,,0.00017000002117129043,2,78.08742495099978,,,0.06150703502605985,0,575.3868482909165,,0,0.234375,0,30,1,52,7817.495032244,0.21879229600017425,0,180.29058837890625,,0.30943300225771964,,1269569.0,0,0.003515000116749434,230.676663061,,50.70628356933594,,,972,8.540674066000065,,,0,,0.1015625,0.0966796875,66.16077152099933,0,,0.0,38.025639951229095,,0.05078125,,1518,,56842.46063232422,717,1,30,4096,-0.30714285373687744,,0.00016323524914696463,,,0.234375,,,0,-0.30714285373687744,2.65625,0.5703125,88.89035034179688,0,,0,0,0.1015625,,,48,,,,,0,204.921875,55.13423194900042,,0.05211278120448698
0,,-3.124278060084862e-05,1112.2939453125,,,0.0859375,,0.1796875,0.4285714328289032,1593.905849354109,1780307900.0260413,0.4453125,21670.631408691406,,,0,0.0005424997198133497,0.0008974996035249205,0.000360000058208243,,0.4285714328289032,,0,,0.0,0,,,,0,0.001397500000166474,22.357015820000015,,0,,,-0.0001063851741491817,0,,0.0703125,190.13741540908813,206.1748190039998,0.0004850003278988879,1.0,0.0,358,,0.0,0.05057856536630295,0.5558490753173828,-0.0001063851741491817,0,0.0108642578125,0.5546875,0,-0.0002521610658732243,0.138671875,0.0703125,0.0859375,171.390625,,,3e-06,,,0.0001949997567862738,2,78.38231071100017,,,0.05962931009218016,0,569.0947763111908,,0,0.171875,0,31,1,51,8090.050533047,0.21785319700029504,0,168.89614868164062,,0.27110849623568356,,1314493.0,0,0.003767250291275559,206.1748190039998,,53.129295349121094,,,973,,,,0,,0.1171875,0.138671875,47.607013869000184,0,,0.0,37.20323368906975,,0.0498046875,,1575,,56105.1025390625,837,1,31,4096,-0.5,,0.00030288191373983864,,,0.171875,,,0,-0.5,2.8671875,0.5546875,88.93983459472656,0,,0,0,0.1171875,,,43,,,,,0,204.921875,57.608429588000035,,0.036217015890537406
0,,4.227131339895607e-05,1061.4326171875,,,0.125,,0.140625,0.4285714328289032,1143.9051159832102,1780308172.5814025,0.390625,20713.47427368164,,,0,0.0005100000635138713,0.0008150004759954754,0.00036000028558191843,,0.4285714328289032,,0,,0.015625,0,,,,0,0.0011599995559663512,22.31047559000035,,0,,,-0.00310418545268476,0,,0.0390625,190.13741540908813,272.53025241699834,0.00042999954530387186,0.9921875,0.015625,327,,0.0,0.04996239235739551,0.4614909291267395,-0.00310418545268476,0,0.015045166015625,0.609375,0,0.0008074254074017517,0.1376953125,0.0390625,0.125,156.3359375,,,3e-06,,,0.00016999956642393954,2,77.27783537800133,,,0.06197124718062328,0,577.5126760372659,,0,0.109375,0,32,1,54,8292.754746407,0.21573572699890065,0,189.08355712890625,,0.27803124976344407,,1246995.0,0,0.003567500243661925,272.53025241699834,,49.679664611816406,,,970,,,,0,,0.1015625,0.1376953125,118.41967686899989,0,,0.0,37.39041090011597,,0.052734375,,1625,,55949.17297363281,806,1,32,4096,-0.5,,8.825130043987883e-05,,,0.109375,,,0,-0.5,2.9609375,0.609375,88.9223861694336,0,,0,0,0.1015625,,,43,,,,,0,204.921875,54.30447398999968,,0.09496403503542507
0,,-4.8968425232942536e-05,1040.6494140625,,,0.0703125,,0.1640625,0.41428571939468384,1507.7365864604299,1780308375.2856874,0.4140625,21010.894775390625,,,0,0.0008422498467552941,0.0009375003173772711,0.0002849997144949157,,0.41428571939468384,,0,,0.0078125,0,,,,0,0.0011550000635907054,22.26799460499933,,0,,,-0.0023228416685014963,0,,0.1171875,190.13741540908813,202.6681933330001,0.0005875003807886969,1.0,0.0078125,350,,0.0,0.052102399550498155,0.6278018951416016,-0.0023228416685014963,0,0.0128173828125,0.5859375,0,0.0024680672113390756,0.1591796875,0.1171875,0.0703125,152.984375,,,3e-06,,,0.00020499965103226714,2,77.63707522999903,,,0.06351818872255972,0,578.4214445270627,,0,0.171875,0,33,1,44,8493.869471207,0.22394122799960314,0,164.02908325195312,,0.3038379945792258,,1222281.0,0,0.0039924998418428,202.6681933330001,,51.57496643066406,,,980,,,,0,,0.046875,0.1591796875,47.01532447200043,0,,0.0,37.284813821315765,,0.04296875,,1678,,56010.162353515625,860,1,33,4096,-0.5,,8.020023005883559e-05,,,0.171875,,,0,-0.5,2.7734375,0.5859375,88.91901397705078,0,,0,0,0.046875,,,44,,,,,0,204.921875,55.52161952099959,,0.03846523383084612
0,,-6.637985592305995e-05,1051.380859375,,,0.0703125,,0.1484375,0.37142857909202576,1543.9904662892768,1780308576.4003978,0.453125,21170.690536499023,,,0,0.0005250003596302122,0.0009049999789567664,0.0003825002750090789,,0.37142857909202576,,0,,0.0078125,0,,,,0,0.0011772490324801765,22.241067868000755,,0,,,-0.002038882579654455,0,,0.09375,190.13741540908813,201.090296073,0.0005200004125072155,1.0,0.0078125,328,,0.0,0.04786803033677703,0.454895555973053,-0.002038882579654455,0,0.010711669921875,0.546875,0,0.0038624202425125986,0.1494140625,0.09375,0.0703125,161.4375,,,3e-06,,,0.0002975002644234337,2,77.29992972299988,,,0.06224197715725404,0,556.7662734519981,,0,0.1875,0,34,1,40,8689.467984012,0.20080237299953296,0,143.08511352539062,,0.33335748594254255,,1241926.0,0,0.0031050003599375486,201.090296073,,49.076759338378906,,,984,,,,0,,0.09375,0.1494140625,49.81108326299909,0,,0.0,35.946425050497055,,0.0390625,,1736,,55536.18621826172,818,1,34,4096,-0.4285714328289032,,0.00015345964766311226,,,0.1875,,,0,-0.4285714328289032,2.9375,0.546875,88.92175674438477,0,,0,0,0.09375,,,41,,,,,0,204.921875,51.535391612998865,,0.04010793176324442
0,,2.8080374136152386e-05,980.951171875,,,0.0703125,,0.125,0.41428571939468384,1480.9349716344068,1780308771.9989872,0.40625,20994.30274963379,,,0,0.0006000004759698641,0.000925000222196104,0.0003650002327049151,,0.41428571939468384,,0,,0.0078125,0,,,,0,0.0011850006558233872,22.03297873200063,,0,,,0.0004917156184092164,0,,0.0546875,190.13741540908813,195.57610938200014,0.00042500005292822607,1.0,0.0078125,320,,0.0,0.050412920939299034,0.6744563579559326,0.0004917156184092164,0,0.009033203125,0.59375,0,-0.0031215072704071645,0.119140625,0.0546875,0.0703125,150.4375,,,3e-06,,,0.00030250066629378125,2,76.81575193199933,,,0.0663038128371689,0,570.221267883433,,0,0.203125,0,35,1,38,8964.752185327,0.1988248020006722,0,175.83682250976562,,0.3018830029759556,,1158542.0,0,0.002424999820505036,195.57610938200014,,48.08702850341797,,,986,,,,0,,0.0703125,0.119140625,45.88688819199888,0,,0.0,36.930546164512634,,0.037109375,,1788,,55213.9892578125,756,1,35,4096,-0.5,,0.00016918137453103554,,,0.203125,,,0,-0.5,3.1328125,0.59375,88.88410568237305,0,,0,0,0.0703125,,,44,,,,,0,204.921875,50.639476606000244,,0.03960744469514172
0,,-1.1785395486185735e-06,1073.875,,,0.1015625,,0.1015625,0.4285714328289032,1146.0969899926854,1780309047.2831619,0.375,20575.523376464844,,,0,0.00048499987315153703,0.000794999778008787,0.00028500062398961745,,0.4285714328289032,,0,,0.0,0,,,,0,0.0011749989425879903,22.408330557000227,,0,,,-0.0005652981344610453,0,,0.046875,190.13741540908813,275.2541911850003,0.00042500005292822607,0.9921875,0.0,356,,0.0,0.047926281048116866,0.4198917746543884,-0.0005652981344610453,0,0.010284423828125,0.625,0,-0.0032438835842185654,0.111328125,0.046875,0.1015625,158.421875,,,3e-06,,,0.0001774992597347591,2,78.40684189500098,,,0.062135336939880575,0,549.3787374434614,,0,0.1796875,0,36,1,44,9173.036901473,0.20844898399991507,0,171.70596313476562,,0.30923524172976613,,1261872.0,0,0.0031022500479593873,275.2541911850003,,49.961463928222656,,,980,,,,0,,0.046875,0.111328125,121.52649945600024,0,,0.0,36.60228103399277,,0.04296875,,1836,,57245.02182006836,753,1,36,4096,-0.3571428656578064,,0.0001933002713485621,,,0.1796875,,,0,-0.3571428656578064,3.359375,0.625,89.01723098754883,0,,0,0,0.046875,,,44,,,,,0,204.921875,52.70203910199962,,0.0963065187721102
0,,3.5877523732352756e-05,1171.5,,,0.09375,,0.125,0.3499999940395355,1672.5596462908247,1780309255.5678904,0.421875,20844.768524169922,,,0,0.0004900007297692355,0.0009899999895424116,0.0003175000529154204,,0.3499999940395355,,0,,0.0078125,0,,,,0,0.0010200001270277426,22.516798447999463,,0,,,-0.0024071072693914175,0,,0.0546875,190.13741540908813,208.27239301899863,0.0005325005076883826,1.0,0.0078125,304,,0.0,0.04716529721260766,0.4461565613746643,-0.0024071072693914175,0,0.0126953125,0.578125,0,0.002285043985466473,0.1279296875,0.0546875,0.09375,189.234375,,,3e-06,,,0.00021749974621343426,2,78.32288935699944,,,0.05621023327032123,0,582.599231237502,,0,0.1640625,0,37,1,55,9446.71802592,0.23302456199962762,0,196.82130432128906,,0.3072932595387101,,1393392.0,0,0.0034474996937206015,208.27239301899863,,53.130043029785156,,,969,,,,0,,0.1015625,0.1279296875,50.61734429999888,0,,0.0,37.65953332185745,,0.0537109375,,1890,,56857.547760009766,926,1,37,4096,-0.3571428656578064,,0.00012055418301315513,,,0.1640625,,,0,-0.3571428656578064,3.1875,0.578125,89.02290725708008,0,,0,0,0.1015625,,,45,,,,,0,204.921875,56.580245180999555,,0.03632670799028477
0,,8.020313418910519e-05,1140.861328125,,,0.0859375,,0.265625,0.4285714328289032,1228.1963803945553,1780309529.2489073,0.3671875,20584.339141845703,,,0,0.000470000031782547,0.0009924997357302345,0.00030500041248160414,,0.4285714328289032,,0,,0.0078125,0,,,,0,0.0010975004443025682,22.268245502000354,,0,,,-0.000753916974645108,0,,0.03125,190.13741540908813,273.66348359699987,0.0004500006980379112,0.984375,0.0078125,317,,0.0,0.04623109268969923,0.452781081199646,-0.000753916974645108,0,0.0082244873046875,0.6328125,0,0.00031358925480162725,0.10546875,0.03125,0.0859375,172.078125,,,3e-06,,,0.00018999980966327712,2,77.0712863610006,,,0.057325513303581835,0,555.3998333102645,,0,0.171875,0,38,1,49,9722.582219022,0.2279762110010779,0,190.42098999023438,,0.31707549351267517,,1344450.0,0,0.0038822499845991842,273.66348359699987,,51.26310729980469,,,975,,,,0,,0.0703125,0.10546875,120.08467016800023,0,,0.0,35.03609448671341,,0.0478515625,,1937,,55896.18682861328,794,1,38,4096,-0.24285714328289032,,0.00015548703504464356,,,0.171875,,,0,-0.24285714328289032,2.5703125,0.6328125,88.94920349121094,0,,0,0,0.0703125,,,38,,,,,0,204.921875,54.009104185999604,,0.08931880707203706
0,,6.586605965708259e-05,1062.3837890625,,,0.09375,,0.1640625,0.5,1129.7475589587232,1780309805.113245,0.3671875,20684.680938720703,,,0,0.0007049998203001451,0.0009324994607595727,0.0003849995664495509,,0.5,,0,,0.0,0,,,,0,0.0011199999789823778,22.15818015900004,,0,,,-0.003037014976143837,0,,0.0703125,190.13741540908813,275.83706424400043,0.000527500560565386,0.9921875,0.0,290,,0.0,0.047683057064145794,0.44476318359375,-0.003037014976143837,0,0.01275634765625,0.6328125,0,0.0022658750385744497,0.125,0.0703125,0.09375,154.90625,,,3e-06,,,0.0002575006874394603,2,77.66465350599901,,,0.06230593018559814,0,1262.3261412668508,,0,0.140625,0,39,1,45,9927.052746122,0.2069836539994867,0,156.94444274902344,,0.32695275149308145,,1246505.0,0,0.0029899997571192216,275.83706424400043,,49.22684097290039,,,979,,,,0,,0.0625,0.125,123.93193608399997,0,,0.0,36.19072958827019,,0.0439453125,,1984,,55681.121826171875,759,1,39,4096,-0.5,,0.00021758709601726878,,,0.140625,,,0,-0.5,2.8046875,0.6328125,88.9354362487793,0,,0,0,0.0625,,,33,,,,,0,204.921875,51.87349180199999,,0.0994235370768669
0,,7.976613582627579e-05,993.1142578125,,,0.09375,,0.1640625,0.5,1424.854547602055,1780310009.583773,0.359375,20411.123275756836,,,0,0.000542500401934376,0.0008800002433417831,0.0003875002221320756,,0.5,,0,,0.0,0,,,,0,0.001322500338574173,21.9232916990004,,0,,,-0.0012555905850604177,0,,0.046875,190.13741540908813,204.44841228899895,0.0006025006769050378,1.0,0.0,320,,0.0,0.05016293433790707,0.4956246018409729,-0.0012555905850604177,0,0.0098419189453125,0.640625,0,0.002759969060207368,0.11328125,0.046875,0.09375,144.8125,,,3e-06,,,0.00018249966160510667,2,75.77844175199971,,,0.06503264293186684,0,545.2965328559221,,0,0.1484375,0,40,1,42,10139.808349659,0.2013087639988953,0,161.016357421875,,0.3046432393603027,,1165237.0,0,0.0031500007935392205,204.44841228899895,,48.37425231933594,,,982,8.423511383000005,,,0,,0.0703125,0.11328125,47.1065877480014,0,,0.0078125,37.70602121949196,,0.041015625,,2030,,54784.00421142578,1024,1,40,4096,-0.4285714328289032,,0.00011970487048529321,,,0.1484375,,,0,-0.4285714328289032,3.171875,0.640625,88.93994140625,0,,0,0,0.0703125,,,42,,,,,0,204.921875,51.013145912000255,,0.04042661514181355
0,,7.07177351273458e-05,1136.43359375,,,0.0625,,0.1953125,0.5,1587.8493518413911,1780310222.3392134,0.3515625,21277.084350585938,,,0,0.0005775004865427036,0.0009225000212609302,0.00028749991543008946,,0.5,,0,,0.0,0,,,,0,0.0011649999578366987,22.427500973999486,,0,,,-6.510879029519856e-05,0,,0.0703125,190.13741540908813,212.71476390899988,0.0005450001481221989,1.0,0.0,304,,0.0,0.04902714553307184,0.5176801681518555,-6.510879029519856e-05,0,0.01031494140625,0.6484375,0,-0.003742307311767945,0.1123046875,0.0703125,0.0625,182.9375,,,3e-06,,,0.00023500024326494895,2,78.2079088749997,,,0.05788736116210057,0,589.5590487070731,,0,0.15625,0,41,1,50,10345.336520489,0.2249585619993013,0,188.41275024414062,,0.25001674657687545,,1351036.0,0,0.003934999767807312,212.71476390899988,,53.584232330322266,,,974,,,,0,,0.0625,0.1123046875,54.798858913000004,0,,0.0,37.830911576747894,,0.048828125,,2075,,56303.17687988281,751,1,41,4096,-0.5,,0.00010828609310920001,,,0.15625,,,0,-0.5,2.7890625,0.6484375,88.97010803222656,0,,0,0,0.0625,,,36,,,,,0,204.921875,57.05328147399996,,0.04056062082209504
0,,4.441031421720254e-06,1100.173828125,,,0.1015625,,0.203125,0.5,1587.4089700347702,1780310427.8673651,0.3984375,20513.708114624023,,,0,0.000617500063526677,0.0008874994819052517,0.0002774995664367452,,0.5,,0,,0.0078125,0,,,,0,0.0011550000635907054,22.318489290999423,,0,,,-0.0009122824412770569,0,,0.0390625,190.13741540908813,205.49619295199955,0.00046500008465955034,1.0,0.0078125,309,,0.0,0.04966003752425388,0.5081057548522949,-0.0009122824412770569,0,0.01287841796875,0.6015625,0,0.0030321217855089344,0.1201171875,0.0390625,0.1015625,174.0703125,,,3e-06,,,0.00022250014808378182,2,77.23348819400053,,,0.059190641659501365,0,597.1047868647584,,0,0.15625,0,42,1,50,10549.396151752,0.21562315899973328,0,152.01553344726562,,0.25309674674645066,,1304826.0,0,0.0035050002225034405,205.49619295199955,,51.86872100830078,,,974,,,,0,,0.09375,0.1201171875,49.78032601800078,0,,0.0078125,37.587642669677734,,0.048828125,,2126,,56084.8274230957,1024,1,42,4096,-0.4285714328289032,,0.0001897530214591825,,,0.15625,,,0,-0.4285714328289032,2.8984375,0.6015625,88.92789077758789,0,,0,0,0.09375,,,59,,,,,0,204.921875,55.945905753998886,,0.03815093048268564
0,,5.128600162151997e-05,1069.8857421875,,,0.0703125,,0.140625,0.24285714328289032,1519.8099535602096,1780310631.9272141,0.3828125,20638.282775878906,,,0,0.000777500190451974,0.000940000063565094,0.00030500041248160414,,0.24285714328289032,,0,,0.0,0,,,,0,0.0011775005077652168,22.22157266999966,,0,,,-0.0007110111764632165,0,,0.015625,190.13741540908813,204.03916244500033,0.000617500063526677,1.0,0.0,397,,0.0,0.049869804467657215,2.1002931594848633,-0.0007110111764632165,0,0.009185791015625,0.6171875,0,0.002547148753365036,0.0908203125,0.015625,0.0703125,141.4453125,,,3e-06,,,0.00018500031728763133,2,76.78019471100015,,,0.06189939456047764,0,598.2430876897561,,0,0.1640625,0,43,1,46,10756.243590954,0.20628521100115904,0,144.52261352539062,,0.28830848168581724,,1240403.0,0,0.003585000285966089,204.03916244500033,,49.51017761230469,,,978,,,,0,,0.1328125,0.0908203125,50.19352289900053,0,,0.0,37.01385110616684,,0.044921875,,2175,,55506.3591003418,572,1,43,4096,-0.2785714268684387,,0.00021438522367134283,,,0.1640625,,,0,-0.2785714268684387,3.015625,0.6171875,88.94730758666992,0,,0,0,0.1328125,,,39,,,,,0,204.921875,54.63551259199994,,0.04046549621292477
0,,1.4734906955027327e-05,1053.4140625,,,0.0859375,,0.1875,0.5,1505.0832485708534,1780310838.7746084,0.3671875,20621.929168701172,,,0,0.0005975002750346903,0.0009949999366654083,0.00048250012696371414,,0.5,,0,,0.0078125,0,,,,0,0.0012800001059076749,22.234098421000454,,0,,,-0.0020017551723867655,0,,0.0703125,190.13741540908813,206.8151381630014,0.0004249995981808752,1.0,0.0078125,310,,0.0,0.05139075281636283,0.5215187668800354,-0.0020017551723867655,0,0.0477294921875,0.6328125,0,0.004878599313087761,0.130859375,0.0703125,0.0859375,162.5,,,3e-06,,,0.00027749911168939434,2,77.11364951300129,,,0.061933898681709114,0,617.3842994130537,,0,0.1484375,0,44,1,41,10958.848461725,0.2076803470008599,0,146.2364959716797,,0.29737575096078217,,1245096.0,0,0.0033174997042806353,206.8151381630014,,49.49496841430664,,,983,,,,0,,0.0546875,0.130859375,51.82220141899961,0,,0.015625,37.452924996614456,,0.0400390625,,2222,,55836.578369140625,1024,1,44,4096,-0.5,,0.0001393860338794184,,,0.1484375,,,0,-0.5,2.8828125,0.6328125,88.91870880126953,0,,0,0,0.0546875,,,39,,,,,0,204.921875,55.43499949999932,,0.04162104883398518
0,,-3.7013614516467896e-05,1113.01171875,,,0.046875,,0.1796875,0.30000001192092896,1603.064238365414,1780311041.379485,0.3671875,21347.835540771484,,,0,0.0005924998731643427,0.000997500137600582,0.00030750015866942704,,0.30000001192092896,,0,,0.0,0,,,,0,0.0013475000741891563,22.20449145600105,,0,,,-0.0008629063959233463,0,,0.0703125,190.13741540908813,202.5814014360003,0.0006424997991416603,1.0,0.0,285,,0.0,0.047120500231635415,0.4867256283760071,-0.0008629063959233463,0,0.01025390625,0.6328125,0,0.002153845538487076,0.1201171875,0.0703125,0.046875,155.546875,,,3e-06,,,0.0002775000211840961,2,77.97181586700026,,,0.06002430775193938,0,624.0260588183592,,0,0.125,0,45,1,47,11229.318058682,0.22992675500063342,0,157.69277954101562,,0.29873099992983043,,1299004.0,0,0.0028600006771739572,202.5814014360003,,50.15703582763672,,,977,,,,0,,0.125,0.1201171875,48.46881412699986,0,,0.0,36.82655096054077,,0.0458984375,,2269,,55962.82196044922,805,1,45,4096,-0.5,,0.00013695783445655252,,,0.125,,,0,-0.5,2.953125,0.6328125,88.94303894042969,0,,0,0,0.125,,,39,,,,,0,204.921875,53.704365006000444,,0.037312290129206574
0,,4.66172914812546e-05,1032.7021484375,,,0.140625,,0.125,0.37142857909202576,1111.7585699638955,1780311311.849018,0.421875,20877.9296875,,,0,0.0005124998097016942,0.0009049995242094155,0.0004224998519930523,,0.37142857909202576,,0,,0.0,0,,,,0,0.0012100003914383706,22.071735817000445,,0,,,0.0011205743066966534,0,,0.078125,190.13741540908813,270.45057993999944,0.0005100005182612222,0.9921875,0.0,333,,0.0,0.050771986649481154,0.6324671506881714,0.0011205743066966534,0,0.011016845703125,0.578125,0,0.0008060208929236978,0.1484375,0.078125,0.140625,141.8125,,,3e-06,,,0.00016250032786047086,2,76.58105501099999,,,0.0636741198874535,0,554.5233513275743,,0,0.140625,0,46,1,40,11435.91791432,0.20570997600043484,0,154.1713104248047,,0.24309972650371492,,1202703.0,0,0.004330000137997558,270.45057993999944,,51.262672424316406,,,984,,,,0,,0.0625,0.1484375,117.8991877289991,0,,0.0,37.83522546291351,,0.0390625,,2323,,55110.51559448242,600,1,46,4096,-0.3571428656578064,,0.0002871966312341101,,,0.140625,,,0,-0.3571428656578064,3.1796875,0.578125,88.9256477355957,0,,0,0,0.0625,,,39,,,,,0,204.921875,53.690715845999875,,0.09802851387998458
0,,-2.286154503394755e-05,1065.9150390625,,,0.0703125,,0.1796875,0.4000000059604645,1516.1777586413887,1780311518.448902,0.4140625,21190.711975097656,,,0,0.0007049998203001451,0.0010024996299762279,0.00030499995773425326,,0.4000000059604645,,0,,0.015625,0,,,,0,0.0013572494026448112,22.169737939999322,,0,,,-0.00020180614956188947,0,,0.0546875,190.13741540908813,206.56301559299936,0.000572500084672356,1.0,0.015625,284,,0.0,0.049017644725545685,0.7042369246482849,-0.00020180614956188947,0,0.010772705078125,0.5859375,0,-0.000921619386645034,0.1328125,0.0546875,0.0703125,157.46875,,,3e-06,,,0.0002600004336272832,2,77.76093976599986,,,0.06207244073295033,0,620.3054058178241,,0,0.15625,0,47,1,39,11653.430877769,0.2134017070002301,0,132.39544677734375,,0.315045501338318,,1252745.0,0,0.004102249477000441,206.56301559299936,,50.61305618286133,,,985,,,,0,,0.1171875,0.1328125,52.91454763299953,0,,0.0,37.66513615846634,,0.0380859375,,2376,,55911.93389892578,681,1,47,4096,-0.5,,5.906309343117755e-05,,,0.15625,,,0,-0.5,2.8359375,0.5859375,88.89156723022461,0,,0,0,0.1171875,,,38,,,,,0,204.921875,53.502612164998936,,0.042238881522576044
0,,-6.0367951135731346e-05,1049.482421875,,,0.09375,,0.1875,0.3857142925262451,1408.4864248047916,1780311735.9619296,0.3984375,21074.77569580078,,,0,0.0006550003490701783,0.0009725004019855987,0.00029249986255308613,,0.3857142925262451,,0,,0.0078125,0,,,,0,0.0011849997463286854,22.114401670000007,,0,,,-0.0015708508435636759,0,,0.046875,190.13741540908813,217.4855892150008,0.0006125005711510312,1.0,0.0078125,272,,0.0,0.0501040439316264,0.47180402278900146,-0.0015708508435636759,0,0.00958251953125,0.6015625,0,-0.0005522369465325028,0.1220703125,0.046875,0.09375,147.1015625,,,3e-06,,,0.00025000008463393897,2,77.17884087899984,,,0.0629876070381015,0,552.5987535634195,,0,0.125,0,48,1,32,11854.914826469,0.20685569700071937,0,137.59385681152344,,0.2796437474898994,,1225302.0,0,0.004255000931152608,217.4855892150008,,50.06135940551758,,,992,,,,0,,0.125,0.1220703125,64.13810634299989,0,,0.0,36.45764663815498,,0.03125,,2427,,55514.72091674805,767,1,48,4096,-0.4285714328289032,,0.00015123305274755694,,,0.125,,,0,-0.4285714328289032,3.046875,0.6015625,88.91384506225586,0,,0,0,0.125,,,40,,,,,0,204.921875,53.84531289200095,,0.052344733251883935
0,,6.870441828255025e-05,1042.7138671875,,,0.0859375,,0.25,0.3642857074737549,1515.7562766808076,1780311937.4458084,0.3984375,20998.247146606445,,,0,0.000632499904895667,0.0009775003491085954,0.00031499894248554483,,0.3642857074737549,,0,,0.015625,0,,,,0,0.001192499439639505,22.1189344659997,,0,,,-0.001016574096865952,0,,0.0703125,190.13741540908813,201.4458093939993,0.0005574997885560151,1.0,0.015625,331,,0.0,0.050139811436128535,0.565536618232727,-0.001016574096865952,0,0.009490966796875,0.6015625,0,0.0009491489381616701,0.1416015625,0.0703125,0.0859375,150.03125,,,3e-06,,,0.00016750027498346753,2,77.00535788399975,,,0.06304829399420794,0,545.5888775022904,,0,0.1328125,0,49,1,42,12138.375081078,0.20844758999919577,0,147.94882202148438,,0.2610367373563349,,1221371.0,0,0.003732499862962868,201.4458093939993,,49.38248825073242,,,982,,,,0,,0.09375,0.1416015625,48.574716310999065,0,,0.0,37.219129502773285,,0.041015625,,2478,,55424.034118652344,734,1,49,4096,-0.5,,0.00019736746276066697,,,0.1328125,,,0,-0.5,2.9609375,0.6015625,88.93996810913086,0,,0,0,0.09375,,,41,,,,,0,204.921875,53.536232123000445,,0.03977064815768433
0,0.0,-3.856516852351888e-05,1052.7138671875,0.16666666666666666,0.19797525309336333,0.0703125,0.0,0.2109375,0.33571428060531616,1041.4991522017704,1780312228.9763308,0.421875,21747.528076171875,0.8333333333333334,0.0,0,0.0006524996933876537,0.000925000222196104,0.00028500062398961745,0.0,0.33571428060531616,0.0,0,0.0,0.0,0,0.0,0.0,0.79296875,0,0.0011249994713580236,22.03207849499995,0.0,0,0.0,0.0,-0.0016654275823384523,0,0.0,0.0625,190.13741540908813,291.49783690000004,0.0004500002432905603,1.0,0.0,331,"{'_latest_artifact_path': 'wandb-client-artifact://ltzaktn54asfj53ozzqermtt1ar7mcczi1thry3is6f22kimt0z7ifi6r0p459pfs7bi2cildlo1xwduk9fhmbu5axs8mdy3ex1ahea1y51gfz1qfmznzgybczfiseyl:latest/val/generations.table.json', 'nrows': 1, 'log_mode': 'IMMUTABLE', '_type': 'table-file', 'size': 9805, 'path': 'media/table/val/generations_49_d4674cb2d611cd0c2db1.table.json', 'ncols': 13, 'sha256': 'd4674cb2d611cd0c2db193b06569addbc44196f3204ecff0b45667e048005bc9', 'artifact_path': 'wandb-client-artifact://7n954z7aba0xrn1lb0oftfxetbzi5oiyxyvpzk2asv5o3ol7krtqn7xn63ifc26b7wq63gy43mhqu3ovg7h49zzrrwkvp3pu9f4mym2ri5vglj43pjfks9w4od7bix67/val/generations.table.json'}",0.0,0.050235797214973545,1.2507517337799072,-0.0016654275823384523,0,0.010986328125,0.578125,0,0.0038894195677130483,0.1298828125,0.0625,0.0703125,133.203125,0.1969532100108814,0.20588235294117646,3e-06,0.0,0.0,0.0002900005711126141,2,77.40165108600013,0.16666666666666666,0.0,0.06373763963803733,0,587.1246262286149,0.20703125,0,0.15625,0,50,1,28,12370.439023227,0.20885555899985775,0,139.98521423339844,0.0,0.2929732436314225,0.0,1214379.0,0,0.0034222498470626306,291.49783690000004,0.0,49.68135070800781,0.0,0.0,996,8.027089122999314,0.0,0.7941176470588235,0,1024.0,0.1328125,0.1298828125,54.38242309100133,0,0.0,0.0,37.33653575181961,0.0,0.02734375,0.0,2532,1054.0,55029.361724853516,526,1,50,4096,-0.3571428656578064,0.0,0.0002358328465561499,0.0,0.0,0.15625,0.0,0.20703125,0,-0.3571428656578064,3.0234375,0.578125,88.95735931396484,0,0.16666666666666666,0,0,0.1328125,75.28987579299974,0.0,40,0.0,0.0,0.0,0.0,0,204.921875,54.15313444599997,30.0,0.044782084580679775
0,,-3.1277166385734745e-05,1082.2529296875,,,0.0546875,,0.140625,0.41428571939468384,1458.5226183597463,1780312452.9700062,0.3984375,22014.6484375,,,0,0.0006850000318081584,0.001074999545380706,0.00036475012166192755,,0.41428571939468384,,0,,0.0,0,,,,0,0.0012897503438580316,22.532898815999943,,0,,,0.00017517973901703954,0,,0.0859375,190.13741540908813,223.9696154780013,0.00044749913286068477,1.0,0.0,314,,0.0,0.05338693174683452,0.48806941509246826,0.00017517973901703954,0,0.00970458984375,0.6015625,0,-0.00046924492198741063,0.125,0.0859375,0.0546875,193.78125,,,3e-06,,,0.0002824999683070928,2,80.32012911200036,,,0.061469847230226374,0,544.5220650099072,,0,0.1796875,0,51,1,55,12571.849100738,0.23326465700120025,0,186.01141357421875,,0.274018500931561,,1306659.0,0,0.003499999365885742,223.9696154780013,,53.80402374267578,,,969,,,,0,,0.078125,0.125,61.71599513000001,0,,0.0,36.33078560233116,,0.0537109375,,2583,,57724.34616088867,813,1,51,4096,-0.4285714328289032,,0.00019552217531781935,,,0.1796875,,,0,-0.4285714328289032,3.1484375,0.6015625,89.0859146118164,0,,0,0,0.078125,,,49,,,,,0,204.921875,59.16483920899918,,0.047231906051999804
0,,1.5573135271118588e-05,1054.7666015625,,,0.0546875,,0.140625,0.34285715222358704,1528.213694975057,1780312654.3800447,0.4140625,21047.76382446289,,,0,0.0005700003384845331,0.000922500930755632,0.00034249933378305286,,0.34285715222358704,,0,,0.0,0,,,,0,0.001134999365604017,22.172155406000456,,0,,,-0.00037001867895014584,0,,0.0859375,190.13741540908813,201.36467237000033,0.000492249455419369,1.0,0.0,328,,0.0,0.04897980174635142,0.5150045156478882,-0.00037001867895014584,0,0.009307861328125,0.5859375,0,0.0001427902461728081,0.134765625,0.0859375,0.0546875,147.296875,,,3e-06,,,0.00029000011636526324,3,77.2966408480006,,,0.06279618530960401,0,556.3559198899311,,0,0.171875,0,52,1,40,12789.406989229,0.24454273099945567,0,138.09986877441406,,0.31740026315674186,,1230913.0,0,0.0037272502595442347,201.36467237000033,,49.47591781616211,,,984,,,,0,,0.1015625,0.134765625,48.74695384400002,0,,0.0,36.23995557427406,,0.0390625,,2636,,55655.95626831055,611,1,52,4096,-0.2857142984867096,,0.00012395231374284776,,,0.171875,,,0,-0.2857142984867096,3.203125,0.5859375,89.1286849975586,0,,0,0,0.1015625,,,38,,,,,0,204.921875,52.90215325000099,,0.03960227395762334
0,,-1.4580293168364733e-05,1088.65625,,,0.078125,,0.1875,0.37142857909202576,1478.7903271061953,1780312871.9379745,0.390625,20591.943740844727,,,0,0.0007100006769178435,0.0010249996194033884,0.00038249891076702625,,0.37142857909202576,,0,,0.0078125,0,,,,0,0.0012725004125968553,22.149631604001115,,0,,,-0.0007518461789004505,0,,0.0703125,190.13741540908813,217.54132016100084,0.0005250008143775631,0.9921875,0.0078125,333,,0.0,0.04768615629126267,0.5731005668640137,-0.0007518461789004505,0,0.010589599609375,0.609375,0,-0.0022084653173806146,0.1396484375,0.0703125,0.078125,167.9765625,,,3e-06,,,0.0001725002221064642,2,76.70200740600012,,,0.059607152831226896,0,518.6312271366623,,0,0.125,0,53,1,42,13004.964304378,0.22955816899957426,0,146.88217163085938,,0.29464575345627964,,1286792.0,0,0.0029749999157502316,217.54132016100084,,50.0142936706543,,,982,,,,0,,0.109375,0.1396484375,65.29823071699866,0,,0.0,38.259025663137436,,0.041015625,,2686,,55552.87170410156,725,1,53,4096,-0.5,,5.518302532436792e-05,,,0.125,,,0,-0.5,2.859375,0.609375,89.13290786743164,0,,0,0,0.109375,,,45,,,,,0,204.921875,53.15976405499896,,0.050744977212322316
0,,-3.963350678759525e-06,1067.0078125,,,0.0859375,,0.1875,0.5,1454.4657023097786,1780313087.495264,0.359375,21259.73892211914,,,0,0.0006150003173388541,0.0009597497410140932,0.00037749987313873135,,0.5,,0,,0.015625,0,,,,0,0.0010922508408839349,22.275646876998508,,0,,,-0.0025051634293049574,0,,0.078125,190.13741540908813,215.53756785199948,0.0006149998625915032,0.9921875,0.015625,324,,0.0,0.04786819009240264,0.4851227104663849,-0.0025051634293049574,0,0.01123046875,0.640625,0,-0.0017205113254021853,0.1396484375,0.078125,0.0859375,157.5703125,,,3e-06,,,0.00028999920687056147,2,77.52837163799995,,,0.061826435473632466,0,557.9768651296035,,0,0.140625,0,54,1,46,13204.546336506,0.21870054499959224,0,144.9349365234375,,0.26865125983022153,,1253968.0,0,0.0037575000533252023,215.53756785199948,,49.47224807739258,,,978,,,,0,,0.0390625,0.1396484375,63.21135714000047,0,,0.0078125,36.58188506960869,,0.044921875,,2732,,55673.797607421875,1024,1,54,4096,-0.3857142925262451,,0.0,,,0.140625,,,0,-0.3857142925262451,2.9453125,0.640625,89.14856338500977,0,,0,0,0.0390625,,,44,,,,,0,204.921875,52.3015503860006,,0.05040906716917854
0,,-5.5681926312445285e-05,1052.2841796875,,,0.1328125,,0.15625,0.34285715222358704,1573.1992300627026,1780313287.0772138,0.390625,20599.56932067871,,,0,0.00047750017984071746,0.0008225006240536459,0.000292500317300437,,0.34285715222358704,,0,,0.0,0,,,,0,0.0011824995453935117,22.34200472900011,,0,,,-0.0010151732712984085,0,,0.0859375,190.13741540908813,199.5518075529999,0.0006325003596430179,1.0,0.0,281,,0.0,0.04843479363809523,0.48621267080307007,-0.0010151732712984085,0,0.0086669921875,0.609375,0,0.0006211613545019645,0.1484375,0.0859375,0.1328125,174.0234375,,,3e-06,,,0.0016625003809167538,2,76.94446875799986,,,0.06127425265759832,0,539.8871184629679,,0,0.1015625,0,55,1,42,13440.114599436,0.20835498799897323,0,160.63014221191406,,0.26023099781014025,,1255739.0,0,0.0032622501748846844,199.5518075529999,,48.96442413330078,,,982,,,,0,,0.0703125,0.1484375,47.86434897899926,0,,0.0,36.71549633145332,,0.041015625,,2782,,55768.028259277344,811,1,55,4096,-0.4285714328289032,,0.0001928591480009345,,,0.1015625,,,0,-0.4285714328289032,3.1484375,0.609375,89.11258316040039,0,,0,0,0.0703125,,,42,,,,,0,204.921875,52.1903791019995,,0.03811647880570665
0,,-6.969264921963259e-05,1057.8056640625,,,0.0703125,,0.171875,0.3285714387893677,1322.811730319455,1780313522.6456165,0.3359375,21034.28840637207,,,0,0.0005525002961803693,0.0008424999577982817,0.000382499820261728,,0.3285714387893677,,0,,0.0,0,,,,0,0.0014950005606806371,22.152351689999705,,0,,,-0.001220172387547791,0,,0.0546875,190.13741540908813,235.5439121519994,0.0006750005923095159,1.0,0.0,308,,0.0,0.048560178372644376,0.41308605670928955,-0.001220172387547791,0,0.00830078125,0.6640625,0,0.0013429982827801723,0.107421875,0.0546875,0.0703125,159.3046875,,,3e-06,,,0.0003075006134167779,2,77.04254314699938,,,0.06181597128428341,0,543.731024209148,,0,0.125,0,56,1,32,13645.547158008,0.20827274099974602,0,162.12716674804688,,0.29164575971663,,1246321.0,0,0.0037975000850565266,235.5439121519994,,48.78615951538086,,,992,,,,0,,0.0859375,0.107421875,83.53850147199955,0,,0.0,36.72996908426285,,0.03125,,2825,,55427.494049072266,758,1,56,4096,-0.4285714328289032,,0.00014714082954014884,,,0.125,,,0,-0.4285714328289032,2.96875,0.6640625,89.12909698486328,0,,0,0,0.0859375,,,44,,,,,0,204.921875,52.60004529199978,,0.06702807821740912
0,,2.5327742605441017e-05,1042.171875,,,0.1015625,,0.203125,0.34285715222358704,1493.570361844704,1780313728.078075,0.4765625,21174.625396728516,,,0,0.0005100000635138713,0.0009675000001152512,0.00039000042306724936,,0.34285715222358704,,0,,0.0,0,,,,0,0.001070000507752411,22.110531442000138,,0,,,7.366503996308893e-05,0,,0.0703125,190.13741540908813,205.39641642400056,0.00046500008465955034,1.0,0.0,292,,0.0,0.05148031819161431,0.46084731817245483,7.366503996308893e-05,0,0.008880615234375,0.5234375,0,0.0019744875680771656,0.146484375,0.0703125,0.1015625,156.1640625,,,3e-06,,,0.0003475001904007513,2,77.13137526500032,,,0.06285683863772705,0,539.1821686011826,,0,0.171875,0,57,1,39,14014.817662542,0.23196044600081223,0,132.89468383789062,,0.29212574008852243,,1227096.0,0,0.003994749476987636,205.39641642400056,,49.69667434692383,,,985,,,,0,,0.1328125,0.146484375,50.98129823400086,0,,0.0,37.38120198249817,,0.0380859375,,2886,,55379.886627197266,871,1,57,4096,-0.3571428656578064,,0.00012833498249165132,,,0.171875,,,0,-0.3571428656578064,3.0234375,0.5234375,89.21414947509766,0,,0,0,0.1328125,,,48,,,,,0,204.921875,54.93897188899973,,0.041546299746719785
0,,5.054050038211244e-05,1107.328125,,,0.0859375,,0.1953125,0.4000000059604645,868.3889244876918,1780314097.3486502,0.375,21102.195739746094,,,0,0.0005775004865427036,0.0009075001798919402,0.000367499978892738,,0.4000000059604645,,0,,0.0,0,,,,0,0.00130500075101736,22.26052945599986,,0,,,-0.0006324577261693776,0,,0.046875,190.13741540908813,369.23547843400047,0.0005400006557465531,0.9921875,0.0,325,,0.0,0.046569604043200645,0.5664653778076172,-0.0006324577261693776,0,0.007568359375,0.625,0,0.002315226651262492,0.10546875,0.046875,0.0859375,145.171875,,,3e-06,,,0.00021999994714860804,2,77.58284400499906,,,0.060490615647610296,0,538.5845735313487,,0,0.171875,0,58,1,50,14228.575130963,0.2129106590000447,0,132.3149871826172,,0.2834885090123862,,1282560.0,0,0.0041674998101370875,369.23547843400047,,50.453948974609375,,,974,,,,0,,0.0703125,0.10546875,216.37154150199967,0,,0.0,36.70085966587067,,0.048828125,,2934,,55905.07125854492,710,1,58,4096,-0.3214285671710968,,0.0001350359261778067,,,0.171875,,,0,-0.3214285671710968,3.0234375,0.625,89.20365142822266,0,,0,0,0.0703125,,,43,,,,,0,204.921875,52.80546030300138,,0.16870286107628465
0,,-6.167027450487694e-05,1053.55078125,,,0.09375,,0.15625,0.4285714328289032,1454.4372525581632,1780314311.1061146,0.453125,21233.56819152832,,,0,0.0006549994395754766,0.0009450000106880907,0.0004524999894783832,,0.4285714328289032,,0,,0.0078125,0,,,,0,0.0011669999366858974,22.30211237900039,,0,,,-3.2839983759913594e-05,0,,0.109375,190.13741540908813,213.73558704800053,0.0005074998625786975,1.0,0.0078125,295,,0.0,0.050232706733924735,0.4297376275062561,-3.2839983759913594e-05,0,0.01104736328125,0.546875,0,-0.0015214703817036934,0.1689453125,0.109375,0.09375,160.765625,,,3e-06,,,0.0003875002221320756,2,77.88014509000095,,,0.06263180567931494,0,579.0907026875939,,0,0.1640625,0,59,1,45,14473.132821259,0.27968074700038414,0,157.6382293701172,,0.31590298749506474,,1243460.0,0,0.0037874997360631824,213.73558704800053,,49.51008224487305,,,979,,,,0,,0.078125,0.1689453125,59.0787300159991,0,,0.0,36.53037175536156,,0.0439453125,,2992,,56030.63201904297,753,1,59,4096,-0.5,,0.00012393190490911365,,,0.1640625,,,0,-0.5,3.1015625,0.546875,89.11859130859375,0,,0,0,0.078125,,,36,,,,,0,204.921875,54.192852402000426,,0.047511564518359334
0,,-1.0788702553554685e-05,1087.4990234375,,,0.0859375,,0.1640625,0.3142857253551483,1306.5893846729225,1780314555.6637242,0.3515625,20496.450424194336,,,0,0.0006574996405106504,0.0009425002645002678,0.0004199996510578785,,0.3142857253551483,,0,,0.0,0,,,,0,0.0013400003808783367,22.214244879000034,,0,,,-0.00027751410380005836,0,,0.0625,190.13741540908813,244.52192383300098,0.000587499926041346,1.0,0.0,297,,0.0,0.04826572986416096,0.5059078931808472,-0.00027751410380005836,0,0.00848388671875,0.6484375,0,-0.0002360299695283175,0.115234375,0.0625,0.0859375,160.5078125,,,3e-06,,,0.00023000029614195228,2,76.76495084400085,,,0.060068398785877206,0,539.15057122914,,0,0.1484375,0,60,1,37,14681.768930627,0.1991400810002233,0,130.6984100341797,,0.30423750285990536,,1277959.0,0,0.003202499556209659,244.52192383300098,,50.80139923095703,,,987,8.000522545000422,,,0,,0.0546875,0.115234375,83.59214418300144,0,,0.0,35.5071946978569,,0.0361328125,,3037,,55693.53103637695,733,1,60,4096,-0.30000001192092896,,0.00016011323191378324,,,0.1484375,,,0,-0.30000001192092896,3.0234375,0.6484375,89.11781311035156,0,,0,0,0.0546875,,,41,,,,,0,204.921875,53.74866851099978,,0.06541066198759228
0,,2.452898380944646e-05,1045.1474609375,,,0.109375,,0.1484375,0.41428571939468384,1456.664213155252,1780314764.2998087,0.40625,20442.659378051758,,,0,0.0004950002221448813,0.0009225000212609302,0.0004574999366013799,,0.41428571939468384,,0,,0.0,0,,,,0,0.001442499524273444,22.198638595000375,,0,,,-0.0016747885383665562,0,,0.109375,190.13741540908813,208.61482506099856,0.000529999852005858,1.0,0.0,292,,0.0,0.05102771593609186,0.5522521138191223,-0.0016747885383665562,0,0.0113525390625,0.59375,0,0.0003444322283030486,0.15234375,0.109375,0.109375,141.890625,,,3e-06,,,0.00022000040189595893,2,76.58506507899983,,,0.06300564699837999,0,526.604226078256,,0,0.1171875,0,61,1,41,15046.445193786,0.2115279459994781,0,124.22368621826172,,0.2731912536546588,,1215527.0,0,0.0037872500797675457,208.61482506099856,,51.23720932006836,,,983,,,,0,,0.0703125,0.15234375,55.00555639600134,0,,0.0,36.640118807554245,,0.0400390625,,3089,,55578.880310058594,605,1,61,4096,-0.4285714328289032,,0.00014687411567138042,,,0.1171875,,,0,-0.4285714328289032,3.234375,0.59375,89.13224029541016,0,,0,0,0.0703125,,,50,,,,,0,204.921875,54.61144345399953,,0.04525243486652402
0,,-5.964206833652952e-05,1056.2568359375,,,0.109375,,0.2421875,0.33571428060531616,840.8310274708062,1780315128.9761386,0.46875,20990.049362182617,,,0,0.0005800002327305265,0.0009425002645002678,0.00034249978853040375,,0.33571428060531616,,0,,0.0078125,0,,,,0,0.0013997500900586601,22.233893421000175,,0,,,-0.0019385109189897776,0,,0.078125,190.13741540908813,364.6556085380016,0.0006149994078441523,0.9921875,0.0078125,302,,0.0,0.049996178044336495,0.6029631495475769,-0.0019385109189897776,0,0.01043701171875,0.53125,0,0.00037209111178526655,0.1552734375,0.078125,0.109375,141.453125,,,3e-06,,,0.00017249976735911332,2,77.51057242100069,,,0.06319887188767682,0,533.5776831370749,,0,0.2109375,0,62,1,46,15247.877164841,0.19944385400049214,0,141.98036193847656,,0.30461273854598403,,1226455.0,0,0.003585000285966089,364.6556085380016,,48.96764373779297,,,978,,,,0,,0.0625,0.1552734375,210.63336773599985,0,,0.0,36.75061836838722,,0.044921875,,3149,,55949.88250732422,757,1,62,4096,-0.5,,0.00021050758869023412,,,0.2109375,,,0,-0.5,2.78125,0.53125,89.19359588623047,0,,0,0,0.0625,,,39,,,,,0,204.921875,54.07621614600066,,0.17174161933050938
0,,4.0392411550627116e-05,1033.376953125,,,0.1328125,,0.171875,0.4000000059604645,1490.6446076829557,1780315330.408128,0.40625,20443.090438842773,,,0,0.0005775004865427036,0.0009697496352600865,0.00032000025385059416,,0.4000000059604645,,0,,0.015625,0,,,,0,0.0013700000636163168,22.548488550999537,,0,,,-0.0019834532868117094,0,,0.09375,190.13741540908813,201.40179520499987,0.0005375004548113793,1.0,0.015625,275,,0.0,0.04773274672786644,0.5230371952056885,-0.0019834532868117094,0,0.009033203125,0.59375,0,-0.00028690864928648807,0.166015625,0.09375,0.1328125,139.3515625,,,3e-06,,,0.00028749946068273857,2,76.79742121299932,,,0.06395127316687622,0,553.089284317568,,0,0.1171875,0,63,1,41,15456.271564074,0.1954173060003086,0,124.69964599609375,,0.3057277644984424,,1200874.0,0,0.003844749699055683,201.40179520499987,,47.80405807495117,,,983,,,,0,,0.046875,0.166015625,51.348577075999856,0,,0.0,36.56170517206192,,0.0400390625,,3201,,55764.366149902344,757,1,63,4096,-0.3571428656578064,,0.0002982923733725329,,,0.1171875,,,0,-0.3571428656578064,3.1328125,0.59375,89.16645431518555,0,,0,0,0.046875,,,52,,,,,0,204.921875,50.50974246700025,,0.04275933784560233
0,,-5.378037284486936e-05,1121.349609375,,,0.1015625,,0.203125,0.3857142925262451,1584.9148122994986,1780315538.8025322,0.3671875,21370.973587036133,,,0,0.0005800002327305265,0.000952500613493612,0.0003275004019087646,,0.3857142925262451,,0,,0.0,0,,,,0,0.0012075001905031968,22.636711089999153,,0,,,-0.00027002330170944333,0,,0.0546875,190.13741540908813,208.37302890799947,0.0005299993972585071,1.0,0.0,280,,0.0,0.047292687659261354,0.4930753707885742,-0.00027002330170944333,0,0.008636474609375,0.6328125,0,-0.0002811230660881847,0.1220703125,0.0546875,0.1015625,168.703125,,,3e-06,,,0.00023250049707712606,2,78.33909269399919,,,0.05930224259091818,0,546.9938951841905,,0,0.125,0,64,1,52,15657.299991006,0.2256277640008193,0,175.0796356201172,,0.24875649251043797,,1321014.0,0,0.0032524999369343277,208.37302890799947,,50.89854431152344,,,972,,,,0,,0.0859375,0.1220703125,52.86497127599978,0,,0.0,37.534259259700775,,0.05078125,,3248,,56383.33511352539,654,1,64,4096,-0.3571428656578064,,0.0001193081652672845,,,0.125,,,0,-0.3571428656578064,2.765625,0.6328125,89.16245651245117,0,,0,0,0.0859375,,,43,,,,,0,204.921875,54.30439611699876,,0.0400184791955269
0,,-2.7005834454030264e-05,1064.505859375,,,0.078125,,0.1875,0.41428571939468384,1554.9237323743573,1780315739.8308747,0.4296875,20471.111297607422,,,0,0.0006199998097144999,0.0010399999155197293,0.00035750053939409554,,0.41428571939468384,,0,,0.0,0,,,,0,0.001264999355043983,22.099229612000272,,0,,,-0.0018195626325905323,0,,0.0546875,190.13741540908813,200.9934593529997,0.0005299993972585071,1.0,0.0,331,,0.0,0.04883168138000549,0.5063347816467285,-0.0018195626325905323,0,0.010406494140625,0.5703125,0,0.00699349519709358,0.1240234375,0.0546875,0.078125,156.3125,,,3e-06,,,0.00027250007406109944,3,76.50381346300128,,,0.06119727374775923,0,536.7778166673816,,0,0.1953125,0,65,1,42,15944.932349006,0.2047302339997259,0,138.10211181640625,,0.2991005312651396,,1250118.0,0,0.0035499997466104105,200.9934593529997,,49.655364990234375,,,982,,,,0,,0.1015625,0.1240234375,48.95437906799998,0,,0.0,37.213072180747986,,0.041015625,,3303,,55458.404541015625,738,1,65,4096,-0.4285714328289032,,0.0002180153910558147,,,0.1953125,,,0,-0.4285714328289032,3.03125,0.5703125,89.20019149780273,0,,0,0,0.1015625,,,32,,,,,0,204.921875,53.2291696150005,,0.0391598065686599
0,,8.439315278963022e-05,1058.7685546875,,,0.078125,,0.1484375,0.27142858505249023,1091.3475185944071,1780316027.4632797,0.40625,21535.19630432129,,,0,0.0006149998625915032,0.0009075006346392911,0.00037249992601573467,,0.27142858505249023,,0,,0.0078125,0,,,,0,0.0012000000424450263,22.12970511599997,,0,,,-0.004442120436578989,0,,0.0390625,190.13741540908813,287.54429240300124,0.0004875009835814126,0.9921875,0.0078125,307,,0.0,0.04939965199473661,0.47647345066070557,-0.004442120436578989,0,0.0087432861328125,0.59375,0,0.002839495175066986,0.1171875,0.0390625,0.078125,167.0546875,,,3e-06,,,0.0002474998836987652,2,77.75494346399864,,,0.06194413628596108,0,540.128994243787,,0,0.1796875,0,66,1,37,16234.117268186,0.2053524090006249,0,129.13949584960938,,0.31284301076084375,,1255243.0,0,0.003512500370561611,287.54429240300124,,49.86325454711914,,,987,,,,0,,0.1015625,0.1171875,133.8940272740001,0,,0.0,36.956366151571274,,0.0361328125,,3355,,55642.34161376953,721,1,66,4096,-0.5,,8.123271118165576e-05,,,0.1796875,,,0,-0.5,3.3046875,0.59375,89.14909362792969,0,,0,0,0.1015625,,,46,,,,,0,204.921875,53.558065300001545,,0.10666781433873769
0,,0.00012678697285650742,1023.6767578125,,,0.1015625,,0.171875,0.2857142984867096,1028.3864151952932,1780316316.6482346,0.453125,19844.741821289062,,,0,0.000555000951862894,0.0008025008355616592,0.0003175000529154204,,0.2857142984867096,,0,,0.0078125,0,,,,0,0.0011999991329503246,22.10040127799948,,0,,,0.0004814683343283832,0,,0.1171875,190.13741540908813,289.1629504299981,0.000634999196336139,0.9921875,0.0078125,334,,0.0,0.05285609640303755,0.5015621185302734,0.0004814683343283832,0,0.0086669921875,0.546875,0,0.0010358216022723354,0.1708984375,0.1171875,0.1015625,137.9296875,,,3e-06,,,0.0001999987944145687,2,75.69880869500048,,,0.06363998595610745,0,527.3100354543421,,0,0.109375,0,67,1,40,16511.593845069,0.2017827030031185,0,139.40443420410156,,0.2941107377409935,,1189485.0,0,0.003599499905249104,289.1629504299981,,51.293128967285156,,,984,,,,0,,0.1171875,0.1708984375,135.7537847370004,0,,0.0,36.50790825486183,,0.0390625,,3413,,55289.947509765625,732,1,67,4096,-0.3571428656578064,,0.00024385544497818046,,,0.109375,,,0,-0.3571428656578064,3.2265625,0.546875,89.1199951171875,0,,0,0,0.1171875,,,49,,,,,0,204.921875,55.4061387740021,,0.11412820232033223
0,,7.359349151858652e-06,1019.798828125,,,0.1171875,,0.15625,0.3571428656578064,1073.5352262478048,1780316594.1248503,0.3671875,20928.279876708984,,,0,0.0006949994713068008,0.0009374998626299202,0.00028250087780179456,,0.3571428656578064,,0,,0.0,0,,,,0,0.0013400012903730385,21.9884711779996,,0,,,-0.00044533348409458995,0,,0.03125,190.13741540908813,277.4482780979997,0.0004172488843323663,0.9921875,0.0,309,,0.0,0.0513392733305628,0.5272074937820435,-0.00044533348409458995,0,0.011077880859375,0.6328125,0,0.0006637585829594173,0.109375,0.03125,0.1171875,143.6796875,,,3e-06,,,0.00034250024327775463,2,76.39704421300121,,,0.06412364945920958,0,536.9971933250781,,0,0.1484375,0,68,1,31,16762.61272892,0.21376662500188104,0,144.18759155273438,,0.2942482242360711,,1191402.0,0,0.003514999662002083,277.4482780979997,,50.03218460083008,,,993,,,,0,,0.0703125,0.109375,125.23458526400282,0,,0.0,36.35428100824356,,0.0302734375,,3460,,54895.111083984375,586,1,68,4096,-0.3571428656578064,,0.00011096047910541529,,,0.1484375,,,0,-0.3571428656578064,2.9140625,0.6328125,89.13825988769531,0,,0,0,0.0703125,,,51,,,,,0,204.921875,53.61226831800013,,0.1051153055509415
0,,-9.029741309518613e-05,1054.599609375,,,0.1015625,,0.234375,0.3571428656578064,1227.62902317089,1780316845.143695,0.4140625,20444.311141967773,,,0,0.0005524998414330184,0.000882499989529606,0.00030499995773425326,,0.3571428656578064,,0,,0.015625,0,,,,0,0.0010824996934388764,22.151992858001904,,0,,,-2.3923790649860166e-05,0,,0.09375,190.13741540908813,250.99398448899956,0.0004322491804487072,1.0,0.015625,262,,0.0,0.04751719780352063,0.4398915469646454,-2.3923790649860166e-05,0,0.00958251953125,0.5859375,0,-0.00226935360024072,0.166015625,0.09375,0.1015625,149.0234375,,,3e-06,,,0.00021750111045548692,2,76.65381492400047,,,0.062193260033590374,0,582.3254819906724,,0,0.109375,0,69,1,41,16989.414189463,0.20678681900244555,0,120.83206176757812,,0.2795335021801293,,1232510.0,0,0.0029325001378310844,250.99398448899956,,48.49359130859375,,,983,,,,0,,0.09375,0.166015625,100.66507022500082,0,,0.0,35.71728244423866,,0.0400390625,,3513,,55591.1750793457,721,1,69,4096,-0.4285714328289032,,6.13851198068005e-05,,,0.109375,,,0,-0.4285714328289032,2.96875,0.5859375,89.07279205322266,0,,0,0,0.09375,,,37,,,,,0,204.921875,51.31429707999996,,0.08167485069086727
0,,2.5496857517737226e-05,1114.591796875,,,0.0859375,,0.203125,0.34285715222358704,1468.9805306999604,1780317071.945069,0.328125,20761.445999145508,,,0,0.0006024993126629852,0.0009424984455108643,0.00036249912227503955,,0.34285715222358704,,0,,0.0,0,,,,0,0.0011475003702798858,22.449521012000332,,0,,,-0.000537484185770154,0,,0.0234375,190.13741540908813,226.77870335099942,0.000587499926041346,1.0,0.0,270,,0.0,0.0484459913864534,0.44450175762176514,-0.000537484185770154,0,0.0084075927734375,0.671875,0,-3.948216181015596e-05,0.09375,0.0234375,0.0859375,186.7109375,,,3e-06,,,0.00019500021153362468,2,77.77482458699888,,,0.058366108922548225,0,542.0210342126666,,0,0.1015625,0,70,1,42,17199.550822844,0.2259968510006729,0,133.34959411621094,,0.27242876240052283,,1332534.0,0,0.0024072496671578847,226.77870335099942,,50.489776611328125,,,982,8.437821104998875,,,0,,0.1171875,0.09375,62.59488836699893,0,,0.0,35.024650394916534,,0.041015625,,3555,,56436.05422973633,916,1,70,4096,-0.24285714328289032,,5.628143571811961e-05,,,0.1015625,,,0,-0.24285714328289032,3.03125,0.671875,89.16181182861328,0,,0,0,0.1171875,,,42,,,,,0,204.921875,55.2934447009975,,0.046974327384516214
0,,-8.85887143553532e-05,1092.05859375,,,0.1015625,,0.1796875,0.34285715222358704,1522.5666453029023,1780317282.081832,0.3671875,21087.949752807617,,,0,0.0006574991857632995,0.0009000004865811206,0.00030999854061519727,,0.34285715222358704,,0,,0.0,0,,,,0,0.0012324999261181802,22.274006853000174,,0,,,-0.0016312371008098125,0,,0.03125,190.13741540908813,210.0932665160035,0.0005174988473299891,1.0,0.0,321,,0.0,0.04805278087631895,0.5450296998023987,-0.0016312371008098125,0,0.0126953125,0.6328125,0,-0.0005315641574270559,0.1015625,0.03125,0.1015625,157.4765625,,,3e-06,,,0.00023000029614195228,2,77.56190997100202,,,0.060617784403420354,0,555.81141977472,,0,0.171875,0,71,1,45,17401.354570767,0.22568999500072096,0,131.74737548828125,,0.3050430095754564,,1279524.0,0,0.0031747504181112163,210.0932665160035,,51.31158447265625,,,979,,,,0,,0.0625,0.1015625,56.293459995002195,0,,0.0,37.82422095537186,,0.0439453125,,3602,,55880.01251220703,752,1,71,4096,-0.4285714328289032,,4.273370905139018e-05,,,0.171875,,,0,-0.4285714328289032,3.15625,0.6328125,89.1157112121582,0,,0,0,0.0625,,,44,,,,,0,204.921875,53.73588716499944,,0.04399562649469818
0,,-2.0741458214956765e-05,1070.48046875,,,0.0859375,,0.1796875,0.4000000059604645,1546.8907087064001,1780317483.8855646,0.421875,20643.394470214844,,,0,0.0006299987944657914,0.000807500327937305,0.00043000000005122274,,0.4000000059604645,,0,,0.0,0,,,,0,0.001209999027196318,22.318567016998713,,0,,,-0.00030362169491127133,0,,0.0625,190.13741540908813,201.78865788199982,0.00043499949242686853,1.0,0.0,312,,0.0,0.04799514580193544,0.4708273410797119,-0.00030362169491127133,0,0.01025390625,0.578125,0,-0.0021612249438476283,0.1279296875,0.0625,0.0859375,148.8359375,,,3e-06,,,0.00016250032786047086,3,77.22338582199882,,,0.0618489690864813,0,533.0164035458292,,0,0.171875,0,72,1,49,17608.236656618,0.21307059500031755,0,143.63583374023438,,0.2633589901961386,,1248580.0,0,0.003577249117370229,201.78865788199982,,49.74454116821289,,,975,,,,0,,0.1015625,0.1279296875,49.42021148200001,0,,0.0,34.62700545787811,,0.0478515625,,3656,,56012.07733154297,710,1,72,4096,-0.3499999940395355,,0.00014846799058432225,,,0.171875,,,0,-0.3499999940395355,2.8515625,0.578125,89.17405319213867,0,,0,0,0.1015625,,,43,,,,,0,204.921875,52.61093496399917,,0.03958113335308912
0,,-0.00010022368493878275,1110.865234375,,,0.15625,,0.171875,0.34285715222358704,1582.6361295145011,1780317690.7675006,0.4765625,21475.820541381836,,,0,0.0005725005394197069,0.0010349995136493817,0.0004375006028567441,,0.34285715222358704,,0,,0.0,0,,,,0,0.0012999989849049598,22.80330156099808,,0,,,-0.0008295509032905102,0,,0.0546875,190.13741540908813,206.84824129499975,0.0005150004653842188,1.0,0.0,270,,0.0,0.04619303561676845,0.47455546259880066,-0.0008295509032905102,0,0.009307861328125,0.5234375,0,0.0026793946817633696,0.15234375,0.0546875,0.15625,167.90625,,,3e-06,,,0.00021500000002561137,2,78.48407270799726,,,0.059936120871012105,0,532.3793850675429,,0,0.1953125,0,73,1,48,17818.093418442,0.20520305799800553,0,119.03768920898438,,0.3037377609871328,,1309462.0,0,0.003912500687874854,206.84824129499975,,50.25871276855469,,,976,,,,0,,0.0703125,0.15234375,52.807545899002434,0,,0.0,37.81691566109657,,0.046875,,3717,,56437.744140625,756,1,73,4096,-0.2857142984867096,,0.00029096502794345724,,,0.1953125,,,0,-0.2857142984867096,3.1328125,0.5234375,89.13736724853516,0,,0,0,0.0703125,,,35,,,,,0,204.921875,52.545779033000144,,0.04032766578869981
0,,9.832018145061738e-05,1109.7841796875,,,0.109375,,0.1875,0.37142857909202576,1561.194220538484,1780317900.6242518,0.390625,20046.817779541016,,,0,0.0006250002115848474,0.0009299992598243989,0.00030500086722895503,,0.37142857909202576,,0,,0.0,0,,,,0,0.0012099999366910197,22.274640693001857,,0,,,-0.0013504824601113796,0,,0.0546875,190.13741540908813,209.8321564930011,0.0005125002644490451,1.0,0.0,299,,0.0,0.04777902506998045,0.5243936777114868,-0.0013504824601113796,0,0.008148193359375,0.609375,0,0.0023736235198157374,0.123046875,0.0546875,0.109375,169.859375,,,3e-06,,,0.00021750020096078515,2,76.5080255540015,,,0.05838725044282008,0,530.8024679552473,,0,0.1640625,0,74,1,39,18021.848194033,0.24096825200103922,0,146.27801513671875,,0.2789487480185926,,1310355.0,0,0.0031625004339730367,209.8321564930011,,50.81632995605469,,,985,,,,0,,0.0625,0.123046875,56.509214488,0,,0.0,34.516215324401855,,0.0380859375,,3767,,55895.60317993164,757,1,74,4096,-0.5,,0.00012572324158099946,,,0.1640625,,,0,-0.5,3.2265625,0.609375,89.16182327270508,0,,0,0,0.0625,,,41,,,,,0,204.921875,54.29699189100211,,0.04312511837479156
0,,4.81695678899996e-08,1063.201171875,,,0.09375,,0.1484375,0.30000001192092896,1567.5084147332798,1780318104.379154,0.421875,21131.845474243164,,,0,0.0006874997779959813,0.0011499996617203578,0.00040500071918359026,,0.30000001192092896,,0,,0.015625,0,,,,0,0.0012500004231696948,22.200694323997595,,0,,,-0.0017828928539529443,0,,0.0859375,190.13741540908813,203.73192067000127,0.0006125001164036803,1.0,0.015625,277,,0.0,0.04815449458720967,0.5222011804580688,-0.0017828928539529443,0,0.00946044921875,0.578125,0,0.0014561404022970237,0.16015625,0.0859375,0.09375,184.265625,,,3e-06,,,0.00033474952942924574,2,77.37407058399913,,,0.060571244055530604,0,528.052473630858,,0,0.125,0,75,1,40,18219.004066126,0.2021765099998447,0,121.53912353515625,,0.3197252517566085,,1277406.0,0,0.0031250001484295353,203.73192067000127,,49.589881896972656,,,984,,,,0,,0.1015625,0.16015625,51.526288123000995,0,,0.0,36.76709905266762,,0.0390625,,3821,,55677.07824707031,808,1,75,4096,-0.5,,0.00013583311192633118,,,0.125,,,0,-0.5,3.046875,0.578125,89.11851119995117,0,,0,0,0.1015625,,,47,,,,,0,204.921875,52.426665037997736,,0.040336657353262
0,,5.146959011881336e-05,952.96484375,,,0.078125,,0.1171875,0.3857142925262451,1412.8253485903588,1780318301.5350106,0.4140625,20032.304763793945,,,0,0.0005800011422252283,0.0008725010047783144,0.00025749977794475853,,0.3857142925262451,,0,,0.0,0,,,,0,0.0013400003808783367,21.696959187000175,,0,,,-1.5129962775972672e-05,0,,0.109375,190.13741540908813,197.12769188200036,0.0006199989002197981,1.0,0.0,337,,0.0,0.05059552494886159,0.5166968107223511,-1.5129962775972672e-05,0,0.01910400390625,0.5859375,0,-0.0003291954199085012,0.1513671875,0.109375,0.078125,134.953125,,,3e-06,,,0.00016250123735517263,2,74.72073123299924,,,0.0670725791748495,0,525.7352360968071,,0,0.15625,0,76,1,25,18432.870854155,0.19708388700018986,0,108.64228820800781,,0.2835534978657961,,1114028.0,0,0.0030649998734588735,197.12769188200036,,46.39460754394531,,,999,,,,0,,0.0703125,0.1513671875,51.137986418001674,0,,0.0,37.438929080963135,,0.0244140625,,3874,,54124.961853027344,597,1,76,4096,-0.5,,0.00026351172346039675,,,0.15625,,,0,-0.5,3.1015625,0.5859375,89.10543441772461,0,,0,0,0.0703125,,,40,,,,,0,204.921875,49.3729346839973,,0.04590368143170699
0,,-2.2408244348071094e-05,1057.830078125,,,0.0703125,,0.171875,0.4285714328289032,1470.790926868495,1780318515.4017675,0.40625,20492.414474487305,,,0,0.0006047494025551714,0.0010274989108438604,0.0005249994501355104,,0.4285714328289032,,0,,0.0,0,,,,0,0.0011950005500693806,22.154883098999562,,0,,,-0.0027183354832232,0,,0.0703125,190.13741540908813,213.84582557199974,0.0005625006451737136,1.0,0.0,319,,0.0,0.04841492828313534,0.4127946197986603,-0.0027183354832232,0,0.0108184814453125,0.59375,0,0.00546891545127437,0.1298828125,0.0703125,0.0703125,170.7734375,,,3e-06,,,0.00026999987312592566,2,76.68742320900128,,,0.06095543499193323,0,526.3822208653437,,0,0.125,0,77,1,40,18650.035760249,0.21372072300073341,0,140.09991455078125,,0.303393229842186,,1258090.0,0,0.0028172507882118225,213.84582557199974,,49.174468994140625,,,984,,,,0,,0.140625,0.1298828125,62.34386453299885,0,,0.0078125,36.117784678936005,,0.0390625,,3926,,55632.198333740234,1024,1,77,4096,-0.5,,0.0001341748784398078,,,0.125,,,0,-0.5,2.8828125,0.59375,89.17041015625,0,,0,0,0.140625,,,31,,,,,0,204.921875,52.443921785001294,,0.04955437570682451
0,,4.747599200527475e-05,1008.005859375,,,0.125,,0.09375,0.3499999940395355,1362.3746521862402,1780318732.5667038,0.3828125,20284.582138061523,,,0,0.0005174997568246908,0.0008575016181566752,0.00034000095183728263,,0.3499999940395355,,0,,0.0,0,,,,0,0.0011575002645258792,21.980807100000675,,0,,,-0.00017053745978046209,0,,0.0546875,190.13741540908813,217.1469496480022,0.0004675011950894259,1.0,0.0,284,,0.0,0.04967181086187156,0.6358104944229126,-0.00017053745978046209,0,0.00738525390625,0.6171875,0,0.00028538501646835357,0.1240234375,0.0546875,0.125,147.6015625,,,3e-06,,,0.00027250007406109944,2,75.89804405099858,,,0.06413872240738398,0,552.4955329902004,,0,0.1484375,0,78,1,33,18871.538019558,0.19692527199731558,0,111.12486267089844,,0.31230549211613834,,1183342.0,0,0.0038125008359202184,217.1469496480022,,48.47801208496094,,,991,,,,0,,0.0546875,0.1240234375,67.7978342589995,0,,0.0078125,37.605877965688705,,0.0322265625,,3975,,55023.040771484375,1024,1,78,4096,-0.4285714328289032,,8.847485651131137e-05,,,0.1484375,,,0,-0.4285714328289032,3.2890625,0.6171875,89.17781448364258,0,,0,0,0.0546875,,,42,,,,,0,204.921875,51.271143828002096,,0.05729352482967688
0,,2.518434775744538e-05,1044.1259765625,,,0.0625,,0.15625,0.5,1380.3413907731967,1780318954.0689478,0.3828125,20976.032257080078,,,0,0.0005849997251061723,0.0009425011739949696,0.00030000046535860747,,0.5,,0,,0.015625,0,,,,0,0.001192499439639505,22.106472854000458,,0,,,0.0004236603854224086,0,,0.0625,190.13741540908813,221.46278597700075,0.0005974989107926376,1.0,0.015625,334,,0.0,0.05013496785776003,0.5408735275268555,0.0004236603854224086,0,0.013153076171875,0.6171875,0,9.19704616535455e-05,0.1298828125,0.0625,0.0625,149.9921875,,,3e-06,,,0.00019749950297409669,2,77.01816892499846,,,0.06298627544106444,0,547.3746421412216,,0,0.171875,0,79,1,40,19140.078526955,0.20826682600090862,0,142.76100158691406,,0.29393850127235055,,1222777.0,0,0.004412249836605042,221.46278597700075,,50.629974365234375,,,984,,,,0,,0.0703125,0.1298828125,68.52443208399927,0,,0.0,36.299459636211395,,0.0390625,,4024,,55458.160400390625,757,1,79,4096,-0.5,,0.00015114478719624458,,,0.171875,,,0,-0.5,3.0234375,0.6171875,89.09729766845703,0,,0,0,0.0703125,,,39,,,,,0,204.921875,53.60355560899916,,0.056040007363566104
0,,-1.7023631130541617e-05,1085.802734375,,,0.1171875,,0.1953125,0.3571428656578064,1160.756313761976,1780319222.6093917,0.3828125,21199.663162231445,,,0,0.0006524987838929519,0.0008575007086619735,0.0002625001798151061,,0.3571428656578064,,0,,0.0078125,0,,,,0,0.001049749698722735,22.263252443000965,,0,,,-0.001259136013686657,0,,0.0546875,190.13741540908813,268.52621545500006,0.0004249995981808752,0.9921875,0.0078125,288,,0.0,0.04786802392293328,0.44523927569389343,-0.001259136013686657,0,0.008941650390625,0.6171875,0,0.0003737261940841563,0.1328125,0.0546875,0.1171875,131.75,,,3e-06,,,0.0001725002221064642,3,77.9702399179987,,,0.0625375889439455,0,574.0041825711087,,0,0.140625,0,80,1,48,19345.378313429,0.20773331800228334,0,115.94297790527344,,0.29192850342951715,,1246774.0,0,0.002702251549635548,268.52621545500006,,51.152587890625,,,976,7.875888620001206,,,0,,0.0625,0.1328125,106.98405984599958,0,,0.0,36.01527586579323,,0.046875,,4073,,56160.25924682617,581,1,80,4096,-0.34285715222358704,,0.00021169115279917605,,,0.140625,,,0,-0.34285715222358704,2.9375,0.6171875,89.18730163574219,0,,0,0,0.0625,,,36,,,,,0,204.921875,53.22263681500044,,0.08580870297744385
0,,7.893077730614095e-05,1037.607421875,,,0.15625,,0.203125,0.4000000059604645,1505.7648164282098,1780319427.9093013,0.453125,21180.76515197754,,,0,0.0006099999154685065,0.000942499355005566,0.00032749994716141373,,0.4000000059604645,,0,,0.015625,0,,,,0,0.0013574999684351496,22.24477747399942,,0,,,-0.0021749441511929035,0,,0.046875,190.13741540908813,205.26147020299686,0.0005274996510706842,1.0,0.015625,260,,0.0,0.05040926848500516,0.7473042011260986,-0.0021749441511929035,0,0.010223388671875,0.546875,0,0.003074359912716318,0.15625,0.046875,0.15625,169.71875,,,3e-06,,,0.0004350004019215703,3,77.62307576999956,,,0.06278650019978901,0,548.2085793682782,,0,0.15625,0,81,1,36,19561.46037414,0.21438785500140511,0,115.72193908691406,,0.24962201132439077,,1236302.0,0,0.0035972498153569177,205.26147020299686,,51.09575271606445,,,988,,,,0,,0.078125,0.15625,51.61674159500035,0,,0.0,35.827651619911194,,0.03515625,,4131,,55858.01696777344,752,1,81,4096,-0.5,,0.00019433196348472848,,,0.15625,,,0,-0.5,2.9453125,0.546875,89.19190216064453,0,,0,0,0.078125,,,44,,,,,0,204.921875,53.56035185800283,,0.04175091651958854
0,,5.738465142712812e-05,1004.9140625,,,0.09375,,0.1328125,0.5,1381.5880565550717,1780319643.9913666,0.3828125,21059.65805053711,,,0,0.0005775000317953527,0.0009524992492515594,0.00047500179789494723,,0.5,,0,,0.0,0,,,,0,0.0011674992492771707,22.150693421997858,,0,,,-0.00015327132132370025,0,,0.046875,190.13741540908813,216.05137550499785,0.0006050004230928607,0.9921875,0.0,331,,0.0,0.050039745674574664,0.501024067401886,-0.00015327132132370025,0,0.008514404296875,0.6171875,0,-0.0009221257059834898,0.1162109375,0.046875,0.09375,161.078125,,,3e-06,,,0.00021749929146608338,3,77.08425046100092,,,0.06456097146090116,0,537.015782065253,,0,0.140625,0,82,1,36,19833.466125779,0.22767437199945562,0,130.92367553710938,,0.26581648853607476,,1193976.0,0,0.003924999873561319,216.05137550499785,,48.619571685791016,,,988,,,,0,,0.1015625,0.1162109375,65.09371717600152,0,,0.0,36.99313849210739,,0.03515625,,4180,,55450.30975341797,651,1,82,4096,-0.3499999940395355,,0.00015456193705176702,,,0.140625,,,0,-0.3499999940395355,3.09375,0.6171875,89.21923065185547,0,,0,0,0.1015625,,,39,,,,,0,204.921875,51.492499570998916,,0.05451844691685722
0,,4.424539474712219e-05,1086.6083984375,,,0.0859375,,0.203125,0.4000000059604645,1181.8563345584184,1780319915.9971282,0.3828125,20666.385650634766,,,0,0.0006125010258983821,0.0009475006663706154,0.00032000025385059416,,0.4000000059604645,,0,,0.0234375,0,,,,0,0.0011200008884770796,22.386789985001087,,0,,,-0.001325045246630907,0,,0.0703125,190.13741540908813,271.98039271000016,0.00046500008465955034,0.9921875,0.0234375,327,,0.0,0.04823037259984096,0.41373294591903687,-0.001325045246630907,0,0.010467529296875,0.6171875,0,0.002567822259152308,0.146484375,0.0703125,0.0859375,169.0234375,,,3e-06,,,0.0003124996510450728,2,77.20573794200027,,,0.060046445383961686,0,537.9020734772203,,0,0.125,0,83,1,47,20041.920894758,0.21425093799916795,0,112.17790222167969,,0.27695149765349925,,1285767.0,0,0.0031750014386489056,271.98039271000016,,49.733543395996094,,,977,,,,0,,0.078125,0.146484375,118.50636610400034,0,,0.0078125,37.955254316329956,,0.0458984375,,4229,,55963.21105957031,1024,1,83,4096,-0.3642857074737549,,0.00021384358797149616,,,0.125,,,0,-0.3642857074737549,3.0625,0.6171875,89.18103790283203,0,,0,0,0.078125,,,50,,,,,0,204.921875,53.66530859699924,,0.09216783919948197
0,,7.74427761740526e-06,1033.498046875,,,0.15625,,0.1015625,0.4285714328289032,1452.4762600133263,1780320124.451893,0.484375,20388.164520263672,,,0,0.0005775000317953527,0.0008950000847107731,0.00036499932321021333,,0.4285714328289032,,0,,0.0,0,,,,0,0.0011675001587718725,22.07299174400032,,0,,,-0.002381996251642704,0,,0.0625,190.13741540908813,208.42578177299947,0.0005550000423681922,1.0,0.0,299,,0.0,0.04947377257248,0.434898316860199,-0.002381996251642704,0,0.009857177734375,0.515625,0,0.001874418929219246,0.154296875,0.0625,0.15625,149.0546875,,,3e-06,,,0.0002124997990904376,3,76.0627193629989,,,0.06281326592778706,0,561.4165657007252,,0,0.1796875,0,84,1,32,20252.911948167,0.20947582500230055,0,126.39262390136719,,0.2233975101262331,,1210934.0,0,0.002959749508590903,208.42578177299947,,48.2831916809082,,,992,,,,0,,0.0859375,0.154296875,57.7197926000008,0,,0.0,36.04581207036972,,0.03125,,4291,,55076.86233520508,794,1,84,4096,-0.3142857253551483,,0.00019953924106630438,,,0.1796875,,,0,-0.3142857253551483,3.15625,0.515625,89.21796798706055,0,,0,0,0.0859375,,,41,,,,,0,204.921875,52.358192461000726,,0.047665514883553355
0,,6.676926673776507e-07,992.69921875,,,0.1640625,,0.1328125,0.37857142090797424,1382.057979041624,1780320335.4427893,0.453125,21246.99592590332,,,0,0.000737499249225948,0.0009324994607595727,0.0004875000740867108,,0.37857142090797424,,0,,0.0078125,0,,,,0,0.0013847511581843719,22.0853867299993,,0,,,-0.0010525082470849156,0,,0.03125,190.13741540908813,210.9687179709981,0.000504998752148822,1.0,0.0078125,292,,0.0,0.05350149905560604,0.5369672179222107,-0.0010525082470849156,0,0.00860595703125,0.546875,0,0.0024474047859257553,0.150390625,0.03125,0.1640625,146.25,,,3e-06,,,0.0002275000952067785,2,76.87287039399962,,,0.06591265111585139,0,580.3094660668721,,0,0.109375,0,85,1,35,20457.745640951,0.20970277200103737,0,101.87309265136719,,0.2573942474555224,,1166284.0,0,0.003125001057924237,210.9687179709981,,52.2311897277832,,,989,,,,0,,0.140625,0.150390625,57.41304786899855,0,,0.0,36.656104028224945,,0.0341796875,,4349,,55008.644104003906,769,1,85,4096,-0.3285714387893677,,0.00015055062976898625,,,0.109375,,,0,-0.3285714387893677,3.2109375,0.546875,89.22656631469727,0,,0,0,0.140625,,,47,,,,,0,204.921875,54.38555782600088,,0.04922733045210133
0,,-7.750212932933209e-05,1048.375,,,0.078125,,0.171875,0.5,1472.4146958059284,1780320540.2765527,0.3828125,20958.599090576172,,,0,0.0006649997885688208,0.0007574999472126365,0.0003224986357963644,,0.5,,0,,0.0078125,0,,,,0,0.0012524978956207633,22.048227739996946,,0,,,-0.0009890944929793477,0,,0.109375,190.13741540908813,204.80779012799758,0.0005025003702030517,1.0,0.0078125,277,,0.0,0.049083718368084256,1.154648780822754,-0.0009890944929793477,0,0.00982666015625,0.6171875,0,-0.0006410311387980983,0.1494140625,0.109375,0.078125,129.6015625,,,3e-06,,,0.00016999911167658865,2,76.7311033900005,,,0.06361138289141247,0,533.9924008967355,,0,0.1484375,0,86,1,33,20669.107861496,0.22996510899974965,0,124.43081665039062,,0.244484021095559,,1206248.0,0,0.00352749975718325,204.80779012799758,,49.240333557128906,,,991,,,,0,,0.0390625,0.1494140625,53.10304698899927,0,,0.0,36.516137421131134,,0.0322265625,,4398,,55201.744079589844,735,1,86,4096,-0.3571428656578064,,0.00016203007999138208,,,0.1484375,,,0,-0.3571428656578064,2.96875,0.6171875,89.1963119506836,0,,0,0,0.0390625,,,40,,,,,0,204.921875,52.6931386819997,,0.04402332438188438
0,,1.2515539111745966e-05,1141.5087890625,,,0.09375,,0.2265625,0.34285715222358704,1552.3286025910047,1780320751.6388702,0.375,21413.076400756836,,,0,0.0005199999577598646,0.0009575005606166087,0.00034475033316994086,,0.34285715222358704,,0,,0.0078125,0,,,,0,0.001145000169344712,22.35298233299909,,0,,,-0.00022232031915336847,0,,0.0390625,190.13741540908813,211.3342815770011,0.0005147503543412313,1.0,0.0078125,263,,0.0,0.04588430365256441,0.41730356216430664,-0.00022232031915336847,0,0.008575439453125,0.625,0,0.0007996341155376285,0.1142578125,0.0390625,0.09375,139.9765625,,,3e-06,,,0.00025000008463393897,3,78.23978278300274,,,0.05962302868375759,0,545.6154385901755,,0,0.1640625,0,87,1,58,21033.542824873,0.2275302460002422,0,113.21852111816406,,0.22504724620375782,,1312241.0,0,0.0031522513381787576,211.3342815770011,,50.70896911621094,,,966,,,,0,,0.0703125,0.1142578125,56.87748364100116,0,,0.0,37.553805857896805,,0.056640625,,4446,,56243.30520629883,719,1,87,4096,-0.3571428656578064,,0.00014929022381693358,,,0.1640625,,,0,-0.3571428656578064,3.171875,0.625,89.23984146118164,0,,0,0,0.0703125,,,39,,,,,0,204.921875,53.6343919610008,,0.043343778803589555
0,,-6.619109569783177e-06,1029.0771484375,,,0.1015625,,0.203125,0.5,840.8676215498748,1780321116.073709,0.3984375,20381.90460205078,,,0,0.0006225000106496736,0.0009750001481734216,0.00028749946068273857,,0.5,,0,,0.0078125,0,,,,0,0.0012975006029591896,22.06846869799847,,0,,,-0.002025540918111801,0,,0.0703125,190.13741540908813,364.4137818449999,0.0004900002750218846,0.9921875,0.0078125,280,,0.0,0.0512482979089473,0.6676572561264038,-0.002025540918111801,0,0.01104736328125,0.6015625,0,0.002415076218312606,0.134765625,0.0703125,0.1015625,167.890625,,,3e-06,,,0.00027249916456639767,2,76.24203577700246,,,0.06220310581099087,0,548.4935380036477,,0,0.1640625,0,88,1,39,21251.574824622,0.2212935829993512,0,121.33494567871094,,0.2781257499009371,,1225695.0,0,0.003462249878793955,364.4137818449999,,48.810791015625,,,985,,,,0,,0.0546875,0.134765625,211.87529922499743,0,,0.0,38.02904486656189,,0.0380859375,,4497,,55273.32305908203,873,1,88,4096,-0.3214285671710968,,0.00021959610876365332,,,0.1640625,,,0,-0.3214285671710968,2.890625,0.6015625,89.15069198608398,0,,0,0,0.0546875,,,36,,,,,0,204.921875,54.00417512900094,,0.17286135557785373
0,,-3.9962678783922456e-05,1086.5576171875,,,0.109375,,0.15625,0.3142857253551483,1469.2181949895837,1780321334.1057916,0.4453125,20783.50067138672,,,0,0.0005349993443815038,0.000839751010062173,0.00031974832381820306,,0.3142857253551483,,0,,0.0234375,0,,,,0,0.0010750000001280569,22.452070694998838,,0,,,-0.0012918456923216581,0,,0.0703125,190.13741540908813,217.9994442569987,0.0004175008143647574,0.9921875,0.0234375,312,,0.0,0.04863443554534868,0.7319408655166626,-0.0012918456923216581,0,0.009613037109375,0.5546875,0,0.002481459181581158,0.166015625,0.0703125,0.109375,164.5703125,,,3e-06,,,0.0002724982550716959,2,78.55162786599976,,,0.06131313374728254,0,555.7884430636332,,0,0.1328125,0,89,1,51,21461.208371006,0.23078422999969916,0,121.4935302734375,,0.2648865047376603,,1281155.0,0,0.0030249993869801983,217.9994442569987,,49.98747253417969,,,973,,,,0,,0.109375,0.166015625,62.650429541998164,0,,0.0,35.019651055336,,0.0498046875,,4554,,57177.04772949219,758,1,89,4096,-0.5,,0.0002046540294031729,,,0.1328125,,,0,-0.5,2.8515625,0.5546875,89.25485610961914,0,,0,0,0.109375,,,44,,,,,0,204.921875,54.112375192999025,,0.048901522096856484
0,,3.374468536776476e-05,986.1376953125,,,0.0859375,,0.1484375,0.3857142925262451,1370.5363408386056,1780321543.7393956,0.4609375,20360.260009765625,,,0,0.0007224998626043089,0.0009049999789567664,0.0004300009095459245,,0.3857142925262451,,0,,0.0078125,0,,,,0,0.0010450003173900768,21.906496674000664,,0,,,-0.002178886206820607,0,,0.09375,190.13741540908813,209.61228202399798,0.0005049996616435237,1.0,0.0078125,296,,0.0,0.050892114502304395,0.45635586977005005,-0.002178886206820607,0,0.010345458984375,0.5390625,0,0.0008750656998017803,0.16796875,0.09375,0.0859375,136.0546875,,,3e-06,,,0.0003175000529154204,2,75.71881339099855,,,0.06589258208723903,0,555.6650065200374,,0,0.140625,0,90,1,32,21744.116938186,0.20937065700127278,0,122.07500457763672,,0.2526867319829762,,1149125.0,0,0.0031824993129703216,209.61228202399798,,48.49181365966797,,,992,7.83715609200226,,,0,,0.1328125,0.16796875,52.547086757000216,0,,0.0,41.16922989487648,,0.03125,,4613,,54761.45935058594,625,1,90,4096,-0.5,,0.0001316754851359292,,,0.140625,,,0,-0.5,3.265625,0.5390625,89.27249526977539,0,,0,0,0.1328125,,,34,,,,,0,204.921875,51.39111168499949,,0.045727911895572904
0,,-3.571602468355195e-05,1059.970703125,,,0.078125,,0.140625,0.3857142925262451,1093.9570254799785,1780321826.647817,0.4296875,21085.132598876953,,,0,0.0006224991011549719,0.0008950009942054749,0.0004074991011293605,,0.3857142925262451,,0,,0.0,0,,,,0,0.0012322489055804908,22.290352915999392,,0,,,-0.0007511870935559273,0,,0.09375,190.13741540908813,282.8909114269991,0.0005499987310031429,0.9921875,0.0,342,,0.0,0.05183580207663311,0.6960991621017456,-0.0007511870935559273,0,0.0133056640625,0.5703125,0,-0.002604608016554266,0.146484375,0.09375,0.078125,148.8984375,,,3e-06,,,0.000200001522898674,1,77.24177793199851,,,0.06239833678169528,0,543.3236383050971,,0,0.171875,0,91,1,39,21948.690289786,0.2173582460018224,0,116.55509948730469,,0.2541412541177124,,1237882.0,0,0.003272501089668367,282.8909114269991,,51.72748565673828,,,985,,,,0,,0.0859375,0.146484375,126.87591225700089,0,,0.0,36.86942532658577,,0.0380859375,,4668,,55576.19094848633,707,1,91,4096,-0.5,,0.00015401206565002212,,,0.171875,,,0,-0.5,3.1171875,0.5703125,89.26495361328125,0,,0,0,0.0859375,,,40,,,,,0,204.921875,56.263097931998345,,0.10249435104234562
0,,3.8378713782094565e-05,1003.3916015625,,,0.1015625,,0.1015625,0.34285715222358704,1441.922121677471,1780322031.2213092,0.421875,20364.959716796875,,,0,0.0006150003173388541,0.0008924989742808975,0.00039000133256195113,,0.34285715222358704,,0,,0.0078125,0,,,,0,0.0012775017239619046,21.988442907997523,,0,,,-0.002082118997350335,0,,0.0859375,190.13741540908813,204.54242678299852,0.000582501343160402,1.0,0.0078125,296,,0.0,0.05235539905768893,0.9712820053100586,-0.002082118997350335,0,0.0101318359375,0.578125,0,0.0007601019924550199,0.1533203125,0.0859375,0.1015625,148.6953125,,,3e-06,,,0.0002450005922582932,2,75.66938134600059,,,0.06414089016958914,0,566.3847729938279,,0,0.140625,0,92,1,24,22153.564414115,0.2039912699983688,0,111.43814086914062,,0.2750737185124308,,1179737.0,0,0.0034797503758454695,204.54242678299852,,48.749549865722656,,,1000,,,,0,,0.0859375,0.1533203125,52.884940257998096,0,,0.0,36.849454045295715,,0.0234375,,4722,,54700.904846191406,758,1,92,4096,-0.5,,0.00018340326323595946,,,0.140625,,,0,-0.5,3.34375,0.578125,89.26398086547852,0,,0,0,0.0859375,,,51,,,,,0,204.921875,53.79375893600081,,0.04482773724821557
0,,9.04885915815612e-05,991.7734375,,,0.078125,,0.1328125,0.5,1416.8103766032518,1780322236.0954518,0.3828125,20994.647979736328,,,0,0.0005474985300679691,0.0010050007404061034,0.00028999966161791235,,0.5,,0,,0.0,0,,,,0,0.0013050002962700091,21.929153379998752,,0,,,-0.0011538563994690776,0,,0.046875,190.13741540908813,204.8573364460026,0.0005149995558895171,1.0,0.0,319,,0.0,0.05161216008058267,0.6382138133049011,-0.0011538563994690776,0,0.00933837890625,0.6171875,0,-0.00013441576447803527,0.109375,0.046875,0.078125,141.9921875,,,3e-06,,,0.00023749998945277184,2,76.3237281210022,,,0.06574100422489544,0,532.7047523523943,,0,0.1953125,0,93,1,26,22452.717913355,0.2015910369991616,0,111.00679779052734,,0.2724690129980445,,1160976.0,0,0.0032574998840573244,204.8573364460026,,48.59764862060547,,,998,,,,0,,0.0625,0.109375,53.984591422999074,0,,0.0,37.03967109322548,,0.025390625,,4771,,54759.056091308594,514,1,93,4096,-0.5,,9.681189567345427e-05,,,0.1953125,,,0,-0.5,3.2890625,0.6171875,89.27487182617188,0,,0,0,0.0625,,,46,,,,,0,204.921875,52.41607108599783,,0.04649931731835893
0,,7.998612801429772e-06,1095.4365234375,,,0.0390625,,0.28125,0.5,1086.366000069242,1780322535.248905,0.3984375,20774.871826171875,,,0,0.0005950014383415692,0.001032499312714208,0.00032749994716141373,,0.5,,0,,0.0078125,0,,,,0,0.0012447508197510615,22.553776803997607,,0,,,-0.0014008342986926436,0,,0.0625,190.13741540908813,299.1346838719983,0.0006125001164036803,0.9921875,0.0078125,271,,0.0,0.0529650686575285,0.4607894718647003,-0.0014008342986926436,0,0.010894775390625,0.6015625,0,-0.00027418656100053346,0.1181640625,0.0625,0.0390625,173.9765625,,,3e-06,,,0.00016499961930094287,2,78.31997792200127,,,0.06025174491010415,0,550.4589187803504,,0,0.1953125,0,94,1,49,22703.526044344,0.23130390799997258,0,129.3163299560547,,0.2836862695403397,,1299879.0,0,0.0032650004868628457,299.1346838719983,,56.73280715942383,,,975,,,,0,,0.09375,0.1181640625,138.61463288999948,0,,0.0,36.920640617609024,,0.0478515625,,4822,,56957.435607910156,758,1,94,4096,-0.5,,0.00013690069408767158,,,0.1953125,,,0,-0.5,2.9375,0.6015625,89.2689323425293,0,,0,0,0.09375,,,47,,,,,0,204.921875,59.412347570003476,,0.10663656608807395
0,,7.702209964577378e-05,1038.80078125,,,0.125,,0.1328125,0.27142858505249023,1208.229656063694,1780322786.0570056,0.3984375,20258.485794067383,,,0,0.000687500687490683,0.0008799997885944322,0.00035999983083456755,,0.27142858505249023,,0,,0.0,0,,,,0,0.0012924992915941402,22.112834643998212,,0,,,-0.0007603815174661577,0,,0.0859375,190.13741540908813,250.77434449599969,0.0005800002327305265,1.0,0.0,276,,0.0,0.04883991801036268,0.6114575862884521,-0.0007603815174661577,0,0.00823974609375,0.6015625,0,-0.0004072092560818419,0.150390625,0.0859375,0.125,144.765625,,,3e-06,,,0.0002575006874394603,3,75.97341464800047,,,0.06268578370457442,0,522.2115941069351,,0,0.1015625,0,95,1,34,22937.01298382,0.21533818500029156,0,117.66278839111328,,0.24581700563430786,,1211972.0,0,0.002832500285876449,250.77434449599969,,48.69898223876953,,,990,,,,0,,0.0859375,0.150390625,100.51762693299679,0,,0.0,36.3442525267601,,0.033203125,,4873,,55156.12030029297,718,1,95,4096,-0.5,,2.7178639356861822e-06,,,0.1015625,,,0,-0.5,3.3515625,0.6015625,89.24083709716797,0,,0,0,0.0859375,,,44,,,,,0,204.921875,51.95258366499911,,0.08293725179541837
0,,2.6599690500006545e-05,1093.5400390625,,,0.078125,,0.140625,0.5,1369.3945257003597,1780323019.5439916,0.3671875,19822.154998779297,,,0,0.0005025003702030517,0.0008924989742808975,0.0003250015652156435,,0.5,,0,,0.0078125,0,,,,0,0.002947249413409736,22.2264265470003,,0,,,-0.0029995394870638847,0,,0.0390625,190.13741540908813,233.4654067909978,0.0004974999683327042,1.0,0.0078125,310,,0.0,0.045468753725939094,0.5023374557495117,-0.0029995394870638847,0,0.01025390625,0.6328125,0,0.0065632475598249584,0.1103515625,0.0390625,0.078125,155.3125,,,3e-06,,,0.00017499951354693621,2,76.1095444499988,,,0.05951521470881379,0,520.8079258573125,,0,0.1484375,0,96,1,44,23150.833595242,0.21958864800035371,0,127.70867919921875,,0.26905350387096405,,1278825.0,0,0.0025124982130364515,233.4654067909978,,48.894081115722656,,,980,,,,0,,0.09375,0.1103515625,83.99249463500018,0,,0.0,37.15575486421585,,0.04296875,,4920,,55729.148864746094,768,1,96,4096,-0.3571428656578064,,0.00023504715727540315,,,0.1484375,,,0,-0.3571428656578064,3.3671875,0.6328125,89.27240371704102,0,,0,0,0.09375,,,47,,,,,0,204.921875,50.91522839100071,,0.06567942809610398
0,,-5.288876251086094e-05,1062.4697265625,,,0.0859375,,0.1640625,0.5,1477.2703845439275,1780323233.3646019,0.453125,21102.754592895508,,,0,0.0006325008143903688,0.0007899998308857903,0.0004200001058052294,,0.5,,0,,0.0,0,,,,0,0.0012000009519397281,22.33376637100082,,0,,,-0.0022206713911145926,0,,0.0859375,190.13741540908813,213.77687747899836,0.0004350004019215703,1.0,0.0,293,,0.0,0.048864587978149195,0.8117434978485107,-0.0022206713911145926,0,0.010894775390625,0.546875,0,0.003652942192275077,0.1396484375,0.0859375,0.0859375,171.1484375,,,3e-06,,,0.0002575015969341621,2,77.3811690520015,,,0.06125683789665459,0,520.1944785594678,,0,0.2109375,0,97,1,44,23661.196898644,0.20597871899735765,0,116.9706039428711,,0.25852874387055635,,1263225.0,0,0.003432250196055975,213.77687747899836,,48.631961822509766,,,980,,,,0,,0.0703125,0.1396484375,60.69037674399806,0,,0.0,35.607025027275085,,0.04296875,,4978,,55722.347259521484,756,1,97,4096,-0.5,,0.00018212852637589094,,,0.2109375,,,0,-0.5,3.171875,0.546875,89.22270584106445,0,,0,0,0.0703125,,,49,,,,,0,204.921875,53.163156917999004,,0.04804399591838197
0,,4.049809220418865e-05,975.7958984375,,,0.109375,,0.1640625,0.4285714328289032,561.8690994612762,1780323743.727901,0.453125,20197.59750366211,,,0,0.0005924994184169918,0.0009450013749301434,0.0002275000952067785,,0.4285714328289032,,0,,0.015625,0,,,,0,0.0013724993550567888,21.90667932499855,,0,,,-0.001368059660308063,0,,0.1015625,190.13741540908813,510.3390634489988,0.0006099990059738047,0.9921875,0.015625,299,,0.0,0.050838277241637274,0.5833183526992798,-0.001368059660308063,0,0.010589599609375,0.546875,0,0.0016811645327834412,0.1708984375,0.1015625,0.109375,144.296875,,,3e-06,,,0.00022249969333643094,2,75.53483875700113,,,0.06585569760195395,0,518.7563912004407,,0,0.15625,0,98,1,24,23867.135768198,0.21382575099778478,0,100.63691711425781,,0.2748837578110397,,1146975.0,0,0.003747500159079209,510.3390634489988,,47.30454635620117,,,1000,,,,0,,0.0703125,0.1708984375,361.88276867199966,0,,0.0,37.184957414865494,,0.0234375,,5036,,54781.0173034668,752,1,98,4096,-0.4000000059604645,,0.00019140638278258848,,,0.15625,,,0,-0.4000000059604645,2.8984375,0.546875,89.21294784545898,0,,0,0,0.0703125,,,50,,,,,0,204.921875,50.79836919400259,,0.315510598462913
0,,2.5904879976224038e-05,1020.224609375,,,0.0859375,,0.171875,0.4285714328289032,1469.1398037105437,1780323949.6667044,0.390625,20402.976989746094,,,0,0.0006924992703716271,0.000940000063565094,0.0005100000635138713,,0.4285714328289032,,0,,0.0078125,0,,,,0,0.0012599994079209864,22.401558154000668,,0,,,-0.000506644428241998,0,,0.0703125,190.13741540908813,205.91879631600023,0.0005874990165466443,1.0,0.0078125,267,,0.0,0.04858960976252016,0.47524920105934143,-0.000506644428241998,0,0.009185791015625,0.609375,0,-0.0004041210049763322,0.1416015625,0.0703125,0.0859375,161.5078125,,,3e-06,,,0.0002975002644234337,2,76.420329949,,,0.06315239142496369,0,509.00521158927586,,0,0.1171875,0,99,1,37,24149.023237147,0.1959146420012985,0,111.30387115478516,,0.27878349646925926,,1210094.0,0,0.0029547491067205556,205.91879631600023,,48.45477294921875,,,987,,,,0,,0.109375,0.1416015625,56.136689709001075,0,,0.0,36.72154247760773,,0.0361328125,,5086,,55471.34017944336,737,1,99,4096,-0.5,,0.00012484450917327194,,,0.1171875,,,0,-0.5,2.9453125,0.609375,89.2963981628418,0,,0,0,0.109375,,,49,,,,,0,204.921875,50.76205121500243,,0.04639035455840709
0,0.0,8.236894223578872e-05,1082.90625,0.10344827586206896,0.20044792833146696,0.1796875,0.0,0.171875,0.5,1118.157655253543,1780324238.6319206,0.4375,21147.34649658203,0.9,0.0,0,0.0006497493814094923,0.0008750002962187864,0.0003650002327049151,0.0,0.5,0.0,0,0.0,0.0078125,0,0.0,0.0,0.796875,0,0.001282250195799861,22.32118397299928,0.0,0,0.0,0.0,0.0006725478451699018,0,0.0,0.0234375,190.13741540908813,288.9324224379998,0.0005174997568246908,1.0,0.0078125,284,"{'nrows': 2, 'path': 'media/table/val/generations_99_47fc92beb88166b6bac6.table.json', 'log_mode': 'IMMUTABLE', 'ncols': 13, 'artifact_path': 'wandb-client-artifact://7l9vbmnyl0afva2gxanctwqtpdg14eje2xqr5dbl03ctc9e9ov498cu5yy75vz4yen5om7agh178cr4r446v496lg6fvn0n0qf56kl20z96klrys26i39dv6qxce70wu/val/generations.table.json', '_type': 'table-file', 'sha256': '47fc92beb88166b6bac64406503844a4e1e54a5ed16c9a3bdd0e0c03d209bab0', '_latest_artifact_path': 'wandb-client-artifact://a0jpxm66qog2gzo2totix21n0debn3gv9u43thffrbxchenx3w3z0sl78fxe7l4p1twbb0bkc3wd99vunv92nmhole1erz6i00j2gwtuqjg7j68c01dnkm2xzfhlfqt7:latest/val/generations.table.json', 'size': 27280}",0.0,0.04707794092593056,0.5373977422714233,0.0006725478451699018,0,0.010894775390625,0.5625,0,-0.0031432679388672113,0.142578125,0.0234375,0.1796875,179.09375,0.19739696312364424,0.20018975332068312,3e-06,0.0,0.0,0.0001747512214933522,2,77.79824916300277,0.1,0.0,0.06020194350098644,0,511.139949446253,0.203125,0,0.1328125,0,100,1,49,24381.190113471,0.2077379119982652,0,115.8104248046875,0.0,0.2578462299425155,0.0,1292288.0,0,0.002802500603138469,288.9324224379998,0.0,49.83617401123047,0.0,0.0,975,7.040252416998555,0.0,0.7998102466793169,0,1024.0,0.09375,0.142578125,53.89084385800015,0,0.0,0.0078125,35.917729139328,0.0,0.0478515625,0.0,5142,1054.0,56103.580474853516,1024,1,100,4096,-0.5,0.0,0.00015802098914718954,0.0,0.0,0.1328125,0.0,0.203125,0,-0.5,3.0078125,0.5625,89.20220947265625,0,0.1,0,0,0.09375,75.46605242300211,0.0,36,0.0,0.0,0.0,0.0,0,204.921875,52.2045403810007,30.0,0.041701883680727636
0,,-2.8277267801968264e-05,1072.1455078125,,,0.0703125,,0.1484375,0.3571428656578064,1391.4280239628986,1780324463.7210898,0.3203125,20466.217041015625,,,0,0.0005950005288468674,0.0008974993761512451,0.0002975002644234337,,0.3571428656578064,,0,,0.015625,0,,,,0,0.0014799998098169453,22.290387788998487,,0,,,-0.001246997737325728,0,,0.046875,190.13741540908813,225.0703914299993,0.0005447500370792113,0.9921875,0.015625,310,,0.0,0.05062636935285187,0.43960607051849365,-0.001246997737325728,0,0.010406494140625,0.6796875,0,0.002003603665798437,0.1123046875,0.046875,0.0703125,151.171875,,,3e-06,,,0.0002474998836987652,2,76.92989286599914,,,0.06141239351085646,0,526.2783741181775,,0,0.125,0,101,1,39,24589.073321751,0.22411345299769891,0,120.10768127441406,,0.2511295024305582,,1252677.0,0,0.003012500201293733,225.0703914299993,,51.371883392333984,,,985,,,,0,,0.0625,0.1123046875,70.04190926400042,0,,0.0,35.92083230614662,,0.0380859375,,5183,,55901.21841430664,806,1,101,4096,-0.3571428656578064,,0.00019240174333390314,,,0.125,,,0,-0.3571428656578064,3.1796875,0.6796875,89.3687744140625,0,,0,0,0.0625,,,52,,,,,0,204.921875,55.581526506000955,,0.05591378245469537
0,,0.00013629369210832465,1028.4814453125,,,0.1484375,,0.2109375,0.2857142984867096,1463.315708574495,1780324671.6043162,0.4453125,20300.52375793457,,,0,0.0006250002115848474,0.0008774995876592584,0.00030725095712114125,,0.2857142984867096,,0,,0.0,0,,,,0,0.001224998413817957,21.953112807001162,,0,,,-0.0010273251682519913,0,,0.1015625,190.13741540908813,207.86713913999847,0.0004024996087537147,1.0,0.0,287,,0.0,0.048490568373425386,0.5779749155044556,-0.0010273251682519913,0,0.01025390625,0.5546875,0,-0.0003446157443249831,0.16796875,0.1015625,0.1484375,159.703125,,,3e-06,,,0.0002425003913231194,2,75.82698076100132,,,0.06232178716134969,0,516.3161844384158,,0,0.140625,0,102,1,35,24803.39768803,0.20239035000122385,0,107.53244018554688,,0.2510090125724673,,1216701.0,0,0.002890001269406639,207.86713913999847,,47.43474578857422,,,989,,,,0,,0.0546875,0.16796875,58.81374705300186,0,,0.0,34.48803722858429,,0.0341796875,,5240,,54975.39520263672,808,1,102,4096,-0.3571428656578064,,0.0001270153020414,,,0.140625,,,0,-0.3571428656578064,3.0859375,0.5546875,89.3687629699707,0,,0,0,0.0546875,,,51,,,,,0,204.921875,51.068569440998544,,0.04833870199252065
0,,-1.7277200356602407e-05,1098.9853515625,,,0.125,,0.2265625,0.5,1514.2338467508225,1780324885.9286792,0.375,20553.983688354492,,,0,0.0005749989213654771,0.0009425002645002678,0.00048749916459200904,,0.5,,0,,0.0,0,,,,0,0.0011697511581587605,22.390936379997584,,0,,,-0.001398199237883091,0,,0.046875,190.13741540908813,214.2973165580006,0.0006199998097144999,1.0,0.0,288,,0.0,0.04843288036194605,0.5178536176681519,-0.001398199237883091,0,0.01068115234375,0.625,0,0.00024219553961302154,0.119140625,0.046875,0.125,168.578125,,,3e-06,,,0.0002974993549287319,2,77.3637954759979,,,0.05960299654926513,0,521.2704423311225,,0,0.1640625,0,103,1,64,25016.266083136,0.21664451099786675,0,121.59966278076172,,0.2510022313799709,,1297985.0,0,0.0029400016501313075,214.2973165580006,,49.96021270751953,,,960,,,,0,,0.0390625,0.119140625,59.81921223599784,0,,0.0,40.67131131887436,,0.0625,,5288,,56247.61199951172,766,1,103,4096,-0.5,,8.400993147006375e-05,,,0.1640625,,,0,-0.5,2.6875,0.625,89.44111251831055,0,,0,0,0.0390625,,,43,,,,,0,204.921875,54.50447467699996,,0.04608621227209701
0,,5.743072592778731e-05,985.87109375,,,0.1015625,,0.15625,0.4285714328289032,1353.486248129538,1780325098.7971206,0.484375,20118.694305419922,,,0,0.0005950005288468674,0.0009050008884514682,0.0003625000317697413,,0.4285714328289032,,0,,0.0078125,0,,,,0,0.001209999027196318,21.854967143000977,,0,,,-0.004661241080611944,0,,0.1015625,190.13741540908813,212.85255051400236,0.0006150012268335558,1.0,0.0078125,318,,0.0,0.049851349613486216,0.46381598711013794,-0.004661241080611944,0,0.0120849609375,0.515625,0,0.005330670313924202,0.1728515625,0.1015625,0.1015625,139.4921875,,,3e-06,,,0.00022000040189595893,2,75.382683197,,,0.06541523327276262,0,524.4680380601494,,0,0.15625,0,104,1,31,25386.439332415,0.19925947900264873,0,106.35031127929688,,0.2610764931887388,,1152372.0,0,0.0028850008675362915,212.85255051400236,,47.461753845214844,,,993,,,,0,,0.1171875,0.1728515625,65.08710021200022,0,,0.0,36.47130727767944,,0.0302734375,,5350,,54702.781677246094,812,1,104,4096,-0.5,,0.0001669190294251166,,,0.15625,,,0,-0.5,3.1875,0.515625,89.33842468261719,0,,0,0,0.1171875,,,41,,,,,0,204.921875,50.32653267800197,,0.05648098028414455
0,,7.341839778973736e-05,1012.1611328125,,,0.0859375,,0.2109375,0.4285714328289032,808.7927519027795,1780325468.970311,0.4375,21648.128509521484,,,0,0.0005600004442385398,0.0010000003385357559,0.00039999940781854093,,0.4285714328289032,,0,,0.015625,0,,,,0,0.0012449991118046455,22.07104387399886,,0,,,-0.0014646034687757492,0,,0.078125,190.13741540908813,370.1285023829987,0.0005375004548113793,0.9921875,0.015625,263,,0.0,0.04934681945925143,0.46768686175346375,-0.0014646034687757492,0,0.011016845703125,0.5625,0,-0.0007577286014566198,0.1552734375,0.078125,0.0859375,157.203125,,,3e-06,,,0.00023750089894747362,3,77.53800816999865,,,0.06475374169992429,0,527.3022631426866,,0,0.1640625,0,105,1,35,25594.003696714,0.19856602400250267,0,121.0359115600586,,0.2517142565920949,,1197429.0,0,0.003194750206603203,370.1285023829987,,48.05921173095703,,,989,,,,0,,0.09375,0.1552734375,219.17258077500082,0,,0.0,38.046352565288544,,0.0341796875,,5406,,55324.27215576172,758,1,105,4096,-0.5,,0.00024904480915211025,,,0.1640625,,,0,-0.5,3.140625,0.5625,89.40776443481445,0,,0,0,0.09375,,,40,,,,,0,204.921875,51.14565906899952,,0.18303597188225842
0,,-7.343257583158902e-05,1082.2646484375,,,0.078125,,0.1796875,0.37142857909202576,1537.2021684884646,1780325676.5346007,0.4375,21281.803131103516,,,0,0.0006499994924524799,0.0009575005606166087,0.0003450004442129284,,0.37142857909202576,,0,,0.015625,0,,,,0,0.0012525006241048686,22.423742309998488,,0,,,-0.0005164922913536429,0,,0.0546875,190.13741540908813,207.53662500599967,0.00037999961932655424,1.0,0.015625,272,,0.0,0.04706536093297691,0.5010102391242981,-0.0005164922913536429,0,0.009918212890625,0.5625,0,-0.0006537288063555025,0.14453125,0.0546875,0.078125,163.9296875,,,3e-06,,,0.00037500012695090845,3,78.15972669799885,,,0.06124876024740859,0,571.1253063291078,,0,0.1484375,0,106,1,49,25826.748358406,0.25315947600029176,0,116.68800354003906,,0.2548267657402903,,1276103.0,0,0.0034475006032153033,207.53662500599967,,49.10378646850586,,,975,,,,0,,0.140625,0.14453125,54.5382836739991,0,,0.0,38.042373955249786,,0.0478515625,,5462,,56268.49365234375,711,1,106,4096,-0.3499999940395355,,0.00013983413305140857,,,0.1484375,,,0,-0.3499999940395355,3.296875,0.5625,89.36709594726562,0,,0,0,0.140625,,,37,,,,,0,204.921875,52.1596685350014,,0.04273815175890904
0,,1.452704582671771e-05,1016.5048828125,,,0.0859375,,0.1640625,0.3499999940395355,1272.4472341696583,1780325909.279399,0.453125,20945.95718383789,,,0,0.0005924994184169918,0.001017499016597867,0.00037750032788608223,,0.3499999940395355,,0,,0.015625,0,,,,0,0.0012025020623696037,21.98073305000071,,0,,,-0.0034926021471619606,0,,0.1015625,190.13741540908813,232.7289038380004,0.00047750017984071746,1.0,0.015625,270,,0.0,0.051584056725853214,0.8620919585227966,-0.0034926021471619606,0,0.011077880859375,0.546875,0,0.006432988309825305,0.171875,0.1015625,0.0859375,140.2734375,,,3e-06,,,0.0002425003913231194,2,76.60655369199958,,,0.06467193089306286,0,544.1705422317609,,0,0.1328125,0,107,1,34,26038.236697053,0.2065630079996481,0,113.02022552490234,,0.27834600768983364,,1184541.0,0,0.003430001925153192,232.7289038380004,,48.39055633544922,,,990,,,,0,,0.1171875,0.171875,80.23901663500146,0,,0.0,37.1798612177372,,0.033203125,,5520,,55078.96041870117,863,1,107,4096,-0.3571428656578064,,0.00019639567017293302,,,0.1328125,,,0,-0.3571428656578064,3.2109375,0.546875,89.43652725219727,0,,0,0,0.1171875,,,47,,,,,0,204.921875,53.693896229997335,,0.06773848827098553
0,,4.709200143437897e-05,1023.419921875,,,0.125,,0.2421875,0.5,1426.6489336644413,1780326120.7676644,0.453125,20464.818954467773,,,0,0.0006050004230928607,0.0009272498573409393,0.00029499915399355814,,0.5,,0,,0.015625,0,,,,0,0.0012824993973481469,22.08926202600196,,0,,,-0.001528979279100895,0,,0.0703125,190.13741540908813,211.4658293859975,0.0005675001375493594,1.0,0.015625,285,,0.0,0.053353723632658424,0.48903417587280273,-0.001528979279100895,0,0.009368896484375,0.546875,0,0.0024984571646200493,0.166015625,0.0703125,0.125,155.046875,,,3e-06,,,0.00018500031728763133,2,76.44822566600124,,,0.06335050811352909,0,577.2894374486204,,0,0.1484375,0,108,1,39,26252.133494929,0.193268299997726,0,100.9769515991211,,0.2636342542245984,,1206750.0,0,0.004247250217304099,211.4658293859975,,51.630706787109375,,,985,,,,0,,0.09375,0.166015625,56.818503548998706,0,,0.0,37.101633846759796,,0.0380859375,,5578,,55368.743896484375,676,1,108,4096,-0.3499999940395355,,0.000176055793190244,,,0.1484375,,,0,-0.3499999940395355,3.0078125,0.546875,89.45885467529297,0,,0,0,0.09375,,,48,,,,,0,204.921875,55.91374200000064,,0.047083905986325836
0,,4.495790422254231e-05,1049.5302734375,,,0.125,,0.15625,0.5,1431.9422248944031,1780326334.6643832,0.453125,20220.054626464844,,,0,0.0006700001904391684,0.0009025006875162944,0.0003899995135725476,,0.5,,0,,0.0,0,,,,0,0.0011999991329503246,21.913472139000078,,0,,,1.4638297216151841e-05,0,,0.0546875,190.13741540908813,213.86180578799758,0.0006324989954009652,0.9921875,0.0,269,,0.0,0.047912655766764546,0.48957559466362,1.4638297216151841e-05,0,0.009765625,0.546875,0,-0.0018954782135551795,0.134765625,0.0546875,0.125,146.7109375,,,3e-06,,,0.00017749971448211,2,75.85195690999899,,,0.061922441722157856,0,641.1665068872244,,0,0.203125,0,109,1,21,26469.769296566,0.22473611399982474,0,103.91812133789062,,0.25775900576263666,,1224951.0,0,0.0029949997042422183,213.86180578799758,,48.93988800048828,,,1003,,,,0,,0.0703125,0.134765625,64.37650421899889,0,,0.0,38.12043368816376,,0.0205078125,,5636,,54952.35061645508,767,1,109,4096,-0.3214285671710968,,0.00022112257056505769,,,0.203125,,,0,-0.3214285671710968,3.2265625,0.546875,89.37352752685547,0,,0,0,0.0703125,,,38,,,,,0,204.921875,51.49264149300143,,0.052554350516060555
0,,2.7473261852151154e-05,1091.9794921875,,,0.109375,,0.1640625,0.4000000059604645,1450.7737745413565,1780326552.3001175,0.40625,20950.49285888672,,,0,0.000660000296193175,0.0009750001481734216,0.00034000095183728263,,0.4000000059604645,,0,,0.0078125,0,,,,0,0.0011799993444583379,22.047323020000476,,0,,,0.0007445438532158732,0,,0.046875,190.13741540908813,217.6126667990029,0.0005150013748789206,1.0,0.0078125,308,,0.0,0.04908677237170368,0.5109052658081055,0.0007445438532158732,0,0.008575439453125,0.59375,0,-0.0016410406351496931,0.126953125,0.046875,0.109375,141.25,,,3e-06,,,0.00018499940779292956,2,76.61181389400008,,,0.060666911535784455,0,544.3521678953257,,0,0.1640625,0,110,1,27,26685.054172365,0.2303697600000305,0,105.8818588256836,,0.23417724878527224,,1262827.0,0,0.0031549998311675154,217.6126667990029,,50.44963836669922,,,997,7.4843811850005295,,,0,,0.078125,0.126953125,56.34835153300082,0,,0.0,36.75636649131775,,0.0263671875,,5688,,55079.97131347656,608,1,110,4096,-0.3571428656578064,,0.0002791711654026585,,,0.1640625,,,0,-0.3571428656578064,3.1015625,0.59375,89.45123291015625,0,,0,0,0.078125,,,43,,,,,0,204.921875,54.88819073799823,,0.04462080042080255
0,,2.114657024776534e-05,1048.2685546875,,,0.09375,,0.1875,0.34285715222358704,1434.4209974684613,1780326767.585161,0.46875,19840.192794799805,,,0,0.0005799993232358247,0.0007699991328991018,0.00035999983083456755,,0.34285715222358704,,0,,0.015625,0,,,,0,0.001174999852082692,22.06759113299995,,0,,,-0.0009551618131808937,0,,0.09375,190.13741540908813,215.25531942499947,0.00044749958760803565,0.9921875,0.015625,289,,0.0,0.050988047772228935,0.5584597587585449,-0.0009551618131808937,0,0.00994873046875,0.53125,0,0.0017375029565300792,0.1708984375,0.09375,0.09375,157.8515625,,,3e-06,,,0.00025250028556911275,2,75.71267536999949,,,0.0613024842943739,0,555.9550447014626,,0,0.1796875,0,111,1,35,26906.551903939,0.21349802600161638,0,119.63999938964844,,0.27010400663129985,,1235067.0,0,0.004232500032230746,215.25531942499947,,52.341796875,,,989,,,,0,,0.0859375,0.1708984375,62.52653504800037,0,,0.0,35.24374961853027,,0.0341796875,,5748,,55281.005859375,747,1,111,4096,-0.5,,7.50880581108504e-05,,,0.1796875,,,0,-0.5,3.1328125,0.53125,89.39994049072266,0,,0,0,0.0859375,,,44,,,,,0,204.921875,54.73194715600039,,0.05062602680502383
0,,6.406952496718077e-05,1028.5693359375,,,0.078125,,0.2109375,0.37142857909202576,1362.9511551109129,1780326989.0828917,0.4140625,20967.67807006836,,,0,0.0006674990800092928,0.0009025006875162944,0.0003250006557209417,,0.37142857909202576,,0,,0.0078125,0,,,,0,0.0011575002645258792,22.060612465000304,,0,,,-0.001575459144078195,0,,0.1171875,190.13741540908813,221.4736374580025,0.00041249950299970806,1.0,0.0078125,261,,0.0,0.05122408123768557,0.5319337248802185,-0.001575459144078195,0,0.009185791015625,0.5859375,0,0.0013372086541494355,0.1650390625,0.1171875,0.078125,150.5625,,,3e-06,,,0.00028750037017744035,2,76.66268371099795,,,0.06349239311480155,0,586.3932802403724,,0,0.125,0,112,1,37,27126.714154623,0.19259148399942205,0,106.26470184326172,,0.2786584955174476,,1207431.0,0,0.002512500941520557,221.4736374580025,,49.317718505859375,,,987,,,,0,,0.0859375,0.1650390625,68.60355845400045,0,,0.0,36.153364926576614,,0.0361328125,,5801,,55072.174072265625,768,1,112,4096,-0.4285714328289032,,0.0001331304829363944,,,0.125,,,0,-0.4285714328289032,2.953125,0.5859375,89.37141036987305,0,,0,0,0.0859375,,,49,,,,,0,204.921875,53.952019683998515,,0.05681778789347006
0,,-1.695496328579793e-05,1139.4208984375,,,0.1015625,,0.203125,0.3285714387893677,1508.7515709777601,1780327209.244896,0.4375,21206.073760986328,,,0,0.0006675008989986964,0.001072499799192883,0.000350000846083276,,0.3285714387893677,,0,,0.0078125,0,,,,0,0.0012747505024890415,22.33512590600003,,0,,,-0.0013317172415554523,0,,0.078125,190.13741540908813,220.12619995800196,0.0005424999471870251,0.9921875,0.0078125,261,,0.0,0.04544490563840114,0.46163210272789,-0.0013317172415554523,0,0.0087890625,0.5625,0,-0.00024549975569243543,0.150390625,0.078125,0.1015625,157.90625,,,3e-06,,,0.00016500052879564464,2,77.84788822900009,,,0.05859996720194698,0,536.0929617108923,,0,0.15625,0,113,1,56,27348.431757762,0.22856661100013298,0,130.847412109375,,0.2776787441689521,,1328463.0,0,0.003314748937555123,220.12619995800196,,50.16128158569336,,,968,,,,0,,0.09375,0.150390625,66.68849098200008,0,,0.0,36.813851445913315,,0.0546875,,5857,,56068.62258911133,679,1,113,4096,-0.5,,0.00017856130830296024,,,0.15625,,,0,-0.5,3.0390625,0.5625,89.4975700378418,0,,0,0,0.09375,,,44,,,,,0,204.921875,53.02361621700038,,0.05019973531968905
0,,2.016954059058662e-05,1089.2509765625,,,0.0859375,,0.2734375,0.4000000059604645,1436.339856434409,1780327430.962751,0.4453125,21004.356384277344,,,0,0.000632499904895667,0.0008725000952836126,0.0004199991963105276,,0.4000000059604645,,0,,0.0078125,0,,,,0,0.0012249993233126588,22.210617406999518,,0,,,-0.0008203130564652383,0,,0.09375,190.13741540908813,221.69700894500056,0.0004472494765650481,0.9921875,0.0078125,250,,0.0,0.047731628834860054,0.4470751881599426,-0.0008203130564652383,0,0.0086669921875,0.5546875,0,0.0019365207990631461,0.162109375,0.09375,0.0859375,154.625,,,3e-06,,,0.00017499951354693621,3,77.37507147200085,,,0.06074688687468124,0,544.3290909061179,,0,0.1484375,0,114,1,39,27551.168570152,0.21945822599809617,0,116.94149780273438,,0.2844030095729977,,1273729.0,0,0.0034474996937206015,221.69700894500056,,49.5650520324707,,,985,,,,0,,0.109375,0.162109375,68.64987956500045,0,,0.0,36.94795072078705,,0.0380859375,,5914,,55789.146423339844,735,1,114,4096,-0.5,,4.278293499737629e-05,,,0.1484375,,,0,-0.5,3.046875,0.5546875,89.45168685913086,0,,0,0,0.109375,,,42,,,,,0,204.921875,53.23952468100106,,0.05389677047865005
0,,-0.00012948830760706187,980.671875,,,0.09375,,0.1328125,0.3571428656578064,1426.4826008098864,1780327633.699647,0.390625,20992.80548095703,,,0,0.0007449998520314693,0.0008724991857889108,0.00041499970393488184,,0.3571428656578064,,0,,0.0078125,0,,,,0,0.001322499883826822,21.924239757998293,,0,,,-0.001232815906405449,0,,0.0625,190.13741540908813,202.71961244800332,0.0006250002115848474,1.0,0.0078125,312,,2.171345158785698e-06,0.05040470833233784,0.4826972484588623,-0.001232815906405449,0,0.009307861328125,0.609375,0,0.0010481054050615057,0.138671875,0.0625,0.09375,148.921875,,,3e-06,,,0.0002824999683070928,2,76.50493783600177,,,0.06614046275970496,0,559.8385317816865,,0,0.1328125,0,115,1,27,27758.624080246,0.2093827050011896,0,96.72077941894531,,0.260483764577657,,1156704.0,0,0.002869999661925249,202.71961244800332,,47.365570068359375,,,997,,,,0,,0.09375,0.138671875,53.46190584800206,0,,0.0,37.330467253923416,,0.0263671875,,5964,,54914.695739746094,758,1,115,4096,-0.5,,0.0001254763574252138,,,0.1328125,,,0,-0.5,3.5390625,0.609375,89.46688842773438,0,,0,0,0.09375,,,45,,,,,0,204.921875,50.616811345000315,,0.046219176079621116
0,,1.9667485105401283e-05,989.90234375,,,0.09375,,0.1484375,0.4000000059604645,1406.7701064731639,1780327841.1550622,0.453125,19901.56364440918,,,0,0.000602500222157687,0.0008199995136237703,0.00030250066629378125,,0.4000000059604645,,0,,0.0234375,0,,,,0,0.0012149994290666655,22.120256517999223,,0,,,-0.0004459086339920759,0,,0.0859375,190.13741540908813,207.42621602299914,0.0005824995241709985,1.0,0.0234375,329,,0.0,0.050791992873350705,0.5203857421875,-0.0004459086339920759,0,0.012359619140625,0.546875,0,0.002220022761321161,0.16796875,0.0859375,0.09375,149.9453125,,,3e-06,,,0.0003175000529154204,2,75.92901408600301,,,0.06505205095767579,0,531.3832782494428,,0,0.1640625,0,116,1,41,28005.416992598,0.20391550799831748,0,109.45233154296875,,0.240342240431346,,1167204.0,0,0.0028425010896171443,207.42621602299914,,47.976566314697266,,,983,,,,0,,0.0859375,0.16796875,57.685118291003164,0,,0.0,36.14911809563637,,0.0400390625,,6022,,55459.67102050781,810,1,116,4096,-0.5,,0.00019497313633110025,,,0.1640625,,,0,-0.5,3.1328125,0.546875,89.33426284790039,0,,0,0,0.0859375,,,46,,,,,0,204.921875,51.48581149600068,,0.04942162491818325
0,,-9.731919059685623e-05,1023.1298828125,,,0.0859375,,0.1328125,0.4000000059604645,1214.9515831409642,1780328087.947937,0.4453125,21152.135848999023,,,0,0.0006824993761256337,0.0009574996511219069,0.00040500071918359026,,0.4000000059604645,,0,,0.0,0,,,,0,0.001284998688788619,22.151382109001133,,0,,,-0.0015038972487673163,0,,0.1171875,190.13741540908813,246.77958707200014,0.0005074998625786975,1.0,0.0,247,,0.0,0.04893272561695347,0.44433772563934326,-0.0015038972487673163,0,0.009552001953125,0.5546875,0,0.003373559822648531,0.1513671875,0.1171875,0.0859375,148.0625,,,3e-06,,,0.0002299993866472505,2,77.26155066200226,,,0.06442215145489102,0,544.7926308697643,,0,0.1953125,0,117,1,43,28219.695204054,0.19411957299962523,0,103.93617248535156,,0.2388897555647418,,1199301.0,0,0.0033474998417659663,246.77958707200014,,48.61935806274414,,,981,,,,0,,0.046875,0.1513671875,95.90426966700034,0,,0.0,37.077903747558594,,0.0419921875,,6079,,55527.29797363281,758,1,117,4096,-0.3571428656578064,,0.00012324863382673357,,,0.1953125,,,0,-0.3571428656578064,3.4609375,0.5546875,89.45801544189453,0,,0,0,0.046875,,,43,,,,,0,204.921875,51.2660826379979,,0.079966805386638
0,,7.950693178582213e-05,1083.3466796875,,,0.03125,,0.125,0.5,1499.7462962468844,1780328302.2262113,0.4609375,20672.983169555664,,,0,0.0006499994924524799,0.0009499999578110874,0.0004099993020645343,,0.5,,0,,0.0078125,0,,,,0,0.001232500835612882,22.27661270599856,,0,,,-0.0003369550977367908,0,,0.0625,190.13741540908813,214.26207272800093,0.0005624997356790118,1.0,0.0078125,330,,0.0,0.04720978910115715,0.5279654860496521,-0.0003369550977367908,0,0.010101318359375,0.5390625,0,-0.0005715802690247074,0.126953125,0.0625,0.03125,171.8828125,,,3e-06,,,0.00043000000005122274,2,77.2676263329995,,,0.06011384118239669,0,538.6821502161038,,0,0.2265625,0,118,1,41,28433.834891028,0.21605665500101168,0,114.57330322265625,,0.23548949684482068,,1285355.0,0,0.003552248927007895,214.26207272800093,,49.86345672607422,,,983,,,,0,,0.1328125,0.126953125,62.12712370499867,0,,0.0,35.404473543167114,,0.0400390625,,6138,,56020.31326293945,674,1,118,4096,-0.5,,0.0002560377415647963,,,0.2265625,,,0,-0.5,3.2265625,0.5390625,89.47547149658203,0,,0,0,0.1328125,,,45,,,,,0,204.921875,52.37203791000138,,0.048334603051296075
0,,9.210833127326623e-07,1106.30859375,,,0.0703125,,0.125,0.3142857253551483,1516.0791462149568,1780328516.365859,0.421875,20680.429458618164,,,0,0.0006000009307172149,0.0010774992915685289,0.0003325003490317613,,0.3142857253551483,,0,,0.0,0,,,,0,0.0011524989531608298,22.346576666001056,,0,,,-0.000340825121384114,0,,0.078125,190.13741540908813,214.1068959430013,0.00044250009523238987,1.0,0.0,271,,0.0,0.04898475445509632,1.070176124572754,-0.000340825121384114,0,0.008514404296875,0.578125,0,-0.001092693863029126,0.1328125,0.078125,0.0703125,161.671875,,,3e-06,,,0.00023749907995807007,2,77.53975912000169,,,0.05971891750846549,0,538.8022174047364,,0,0.1484375,0,119,1,47,28657.13279015,0.20849355400059721,0,123.1207504272461,,0.25664400891400874,,1298412.0,0,0.00326249937643297,214.1068959430013,,49.71371078491211,,,977,,,,0,,0.125,0.1328125,58.51717596900198,0,,0.0078125,36.28237172961235,,0.0458984375,,6192,,56283.98132324219,1024,1,119,4096,-0.5,,0.0002960986721518566,,,0.1484375,,,0,-0.5,3.09375,0.578125,89.39879608154297,0,,0,0,0.125,,,47,,,,,0,204.921875,55.49286893200042,,0.04506826490282128
0,,1.617646863394384e-05,1048.3369140625,,,0.1484375,,0.1953125,0.4000000059604645,1373.8129081863706,1780328739.6637516,0.5,20365.833282470703,,,0,0.0005375013643060811,0.0008625002010376193,0.00035999983083456755,,0.4000000059604645,,0,,0.015625,0,,,,0,0.0012775008144672029,22.16773511700012,,0,,,0.0009568626992404461,0,,0.0703125,190.13741540908813,223.27949327899842,0.0004774992703460157,1.0,0.015625,285,,0.0,0.04917056880270568,0.4421674609184265,0.0009568626992404461,0,0.01495361328125,0.5,0,-0.0010207215400441783,0.1796875,0.0703125,0.1484375,149.8828125,,,3e-06,,,0.0002425003913231194,2,76.53110881799876,,,0.062373711013326866,0,555.4355156173115,,0,0.1328125,0,120,1,37,28876.219955694,0.22625745000186726,0,121.94586181640625,,0.25305149029009044,,1226977.0,0,0.003312501576147042,223.27949327899842,,48.722904205322266,,,987,12.128081446000579,,,0,,0.1328125,0.1796875,59.43973525800175,0,,0.0,36.3529697060585,,0.0361328125,,6256,,55573.22692871094,669,1,120,4096,-0.5,,0.0003384412261766556,,,0.1328125,,,0,-0.5,3.0546875,0.5,89.40681076049805,0,,0,0,0.1328125,,,39,,,,,0,204.921875,52.78445809799814,,0.04844405009874003
0,,6.134003473334815e-05,1076.0419921875,,,0.0859375,,0.1875,0.5,1456.3473792945958,1780328958.750876,0.46875,20445.602416992188,,,0,0.000585000634600874,0.0008474980859318748,0.00036750134313479066,,0.5,,0,,0.015625,0,,,,0,0.001100000190490391,22.276495844002056,,0,,,-0.0020415806211531162,0,,0.0859375,190.13741540908813,219.03891512100017,0.0004599996827892028,0.9921875,0.015625,228,,0.0,0.049367691382898045,0.5432645678520203,-0.0020415806211531162,0,0.00982666015625,0.53125,0,0.004148878768319264,0.16796875,0.0859375,0.0859375,170.0390625,,,3e-06,,,0.00016000103641999885,4,76.94817509299901,,,0.0603048268461975,0,518.1736649555824,,0,0.1875,0,121,1,39,29102.70277964,0.218627293001191,0,101.27214813232422,,0.2490142360329628,,1275987.0,0,0.003547498636180535,219.03891512100017,,50.59079360961914,,,985,,,,0,,0.09375,0.16796875,65.19670261300053,0,,0.0,36.47294640541077,,0.0380859375,,6316,,55947.669982910156,750,1,121,4096,-0.5,,0.00019801954613285488,,,0.1875,,,0,-0.5,3.3671875,0.53125,89.4242057800293,0,,0,0,0.09375,,,43,,,,,0,204.921875,54.39663000099972,,0.051095115085812416
0,,-4.638229837894414e-05,1067.2373046875,,,0.125,,0.1640625,0.24285714328289032,1401.6975518535382,1780329185.233791,0.4453125,20619.468688964844,,,0,0.0005925003279116936,0.0010525000107008964,0.000352500137523748,,0.24285714328289032,,0,,0.03125,0,,,,0,0.0012199989214423113,22.280330027999298,,0,,,-0.00021133779955562204,0,,0.0625,190.13741540908813,226.45594948800135,0.0006750005923095159,1.0,0.03125,242,,0.0,0.047597588687756334,0.441989541053772,-0.00021133779955562204,0,0.008636474609375,0.5546875,0,0.0007287118132808245,0.169921875,0.0625,0.125,172.6953125,,,3e-06,,,0.00030999945010989904,2,77.1929114049999,,,0.060796612250539624,0,530.7487797426875,,0,0.140625,0,122,1,43,29308.014596208,0.20856285899935756,0,113.91508483886719,,0.22052976419217885,,1269691.0,0,0.004079749487573281,226.45594948800135,,48.65489196777344,,,981,,,,0,,0.0859375,0.169921875,74.75499714800026,0,,0.0,35.28204932808876,,0.0419921875,,6373,,56007.18307495117,831,1,122,4096,-0.5,,0.00019711678487510653,,,0.140625,,,0,-0.5,3.078125,0.5546875,89.14839172363281,0,,0,0,0.0859375,,,55,,,,,0,204.921875,52.0170723950032,,0.05887652755512976
0,,-3.985863421007707e-05,1043.5126953125,,,0.0859375,,0.1796875,0.4285714328289032,1519.5821271192926,1780329390.5455863,0.46875,21061.965942382812,,,0,0.0005025003702030517,0.0009799996405490674,0.00044999978854320943,,0.4285714328289032,,0,,0.0234375,0,,,,0,0.0012974996934644878,22.286011800999404,,0,,,-0.001550238230265677,0,,0.078125,190.13741540908813,205.29805163700075,0.0005325000529410318,1.0,0.0234375,262,,0.0,0.049307235395021416,0.520342230796814,-0.001550238230265677,0,0.01116943359375,0.53125,0,0.0040222171919594985,0.16015625,0.078125,0.0859375,175.109375,,,3e-06,,,0.0001725002221064642,2,77.78842492100011,,,0.06233701207498553,0,533.2348230713396,,0,0.1953125,0,123,1,44,29523.186895582,0.267921425998793,0,111.59427642822266,,0.22737224935553968,,1247869.0,0,0.0037149984564166516,205.29805163700075,,50.05393600463867,,,980,,,,0,,0.0859375,0.16015625,52.26576386099987,0,,0.0,36.052487790584564,,0.04296875,,6433,,56156.93664550781,886,1,123,4096,-0.3857142925262451,,0.0002718408900364011,,,0.1953125,,,0,-0.3857142925262451,3.2890625,0.53125,89.45908737182617,0,,0,0,0.0859375,,,43,,,,,0,204.921875,52.687591531997896,,0.04188401495749944
0,,0.00014816949170892713,1028.9697265625,,,0.1328125,,0.140625,0.33571428060531616,1393.1896324350707,1780329605.7178462,0.421875,21008.499145507812,,,0,0.0006324989954009652,0.0009699997463030741,0.000350000846083276,,0.33571428060531616,,0,,0.015625,0,,,,0,0.001194750439026393,22.200645308003004,,0,,,-0.001486993278376758,0,,0.0625,190.13741540908813,215.14246375499715,0.0005900010364712216,0.9921875,0.015625,269,,0.0,0.048005061336384186,0.6098940372467041,-0.001486993278376758,0,0.01043701171875,0.578125,0,0.0009179543558275327,0.15625,0.0625,0.1328125,141.8671875,,,3e-06,,,0.0001772505129338242,2,77.32023014000151,,,0.06449065308686071,0,538.210696907292,,0,0.1171875,0,124,1,40,29724.352136219,0.1877896120022342,0,111.7671127319336,,0.2587309863884002,,1198937.0,0,0.0036822502806899138,215.14246375499715,,48.03593063354492,,,984,,,,0,,0.09375,0.15625,64.8503914210014,0,,0.0,36.368899047374725,,0.0390625,,6487,,55736.88507080078,660,1,124,4096,-0.5,,0.0001708041293113638,,,0.1171875,,,0,-0.5,3.1796875,0.578125,89.41490936279297,0,,0,0,0.09375,,,47,,,,,0,204.921875,50.58125295300124,,0.054089907493889505
0,,1.3125015286163944e-05,1056.9150390625,,,0.0703125,,0.125,0.41428571939468384,1526.3815823248037,1780329806.8830369,0.3984375,20349.510192871094,,,0,0.0006174996087793261,0.001030000021273736,0.00043000000005122274,,0.41428571939468384,,0,,0.015625,0,,,,0,0.0013424996723188087,22.117860401001963,,0,,,-0.0010860562324523926,0,,0.0546875,190.13741540908813,201.15301020100014,0.0005775000317953527,1.0,0.015625,268,,0.0,0.047950106390115294,0.42415449023246765,-0.0010860562324523926,0,0.0098876953125,0.6015625,0,0.0016424235509475693,0.1298828125,0.0546875,0.0703125,142.4453125,,,3e-06,,,0.00026000179786933586,2,76.29609409100158,,,0.0621230344063621,0,518.2972669281298,,0,0.1484375,0,125,1,47,29928.288745209,0.20988278100048774,0,106.4956283569336,,0.23793951550032943,,1228145.0,0,0.0035497505450621247,201.15301020100014,,49.01826095581055,,,977,,,,0,,0.109375,0.1298828125,50.630906917001994,0,,0.0,37.946127355098724,,0.0458984375,,6538,,55390.09475708008,755,1,125,4096,-0.5,,0.00016406737881879963,,,0.1484375,,,0,-0.5,3.421875,0.6015625,89.44218826293945,0,,0,0,0.109375,,,43,,,,,0,204.921875,51.89548909400037,,0.04122551239226801
0,,3.059340605204852e-05,1011.12890625,,,0.125,,0.203125,0.5,1466.8619031274018,1780330010.8197453,0.4921875,20982.336044311523,,,0,0.0006275004125200212,0.0011025013009202667,0.0003499999365885742,,0.5,,0,,0.0234375,0,,,,0,0.0012649989002966322,22.11022815400065,,0,,,7.850336987758055e-05,0,,0.109375,190.13741540908813,203.91217425599825,0.0005122492439113557,1.0,0.0234375,253,,0.0,0.052310227647197026,0.5871415734291077,7.850336987758055e-05,0,0.0098876953125,0.5078125,0,-0.0007483500085072592,0.193359375,0.109375,0.125,157.2734375,,,3e-06,,,0.00025000008463393897,3,77.24038597699837,,,0.06455829606483744,0,574.6868619635352,,0,0.140625,0,126,1,40,30129.726531846,0.2145609350009181,0,126.57158660888672,,0.26474849437363446,,1196444.0,0,0.003442499291850254,203.91217425599825,,48.2908821105957,,,984,,,,0,,0.09375,0.193359375,50.18307446600011,0,,0.0,33.84837135672569,,0.0390625,,6601,,55649.24240112305,749,1,126,4096,-0.5,,0.00024634941610202077,,,0.140625,,,0,-0.5,3.1171875,0.5078125,89.37421798706055,0,,0,0,0.09375,,,42,,,,,0,204.921875,54.161800464997214,,0.04194352135662021
0,,-3.141416067364844e-05,1014.7685546875,,,0.09375,,0.171875,0.3142857253551483,1498.0522171478926,1780330212.2574937,0.4296875,21534.643173217773,,,0,0.0005572492227656767,0.0008775014066486619,0.00031750096241012216,,0.3142857253551483,,0,,0.03125,0,,,,0,0.0011824995453935117,22.18727023899919,,0,,,-0.0024186705704778433,0,,0.09375,190.13741540908813,201.4113704090014,0.00048499987315153703,1.0,0.03125,248,,0.0,0.05019912681174374,0.48096853494644165,-0.0024186705704778433,0,0.0108642578125,0.5703125,0,0.0025511316853226162,0.1748046875,0.09375,0.09375,163.84375,,,3e-06,,,0.00027000078262062743,2,77.90991328300152,,,0.06455379719678409,0,523.6695855383005,,0,0.140625,0,127,1,43,30339.270303571,0.20013003699932597,0,110.39226531982422,,0.25214400375261903,,1206899.0,0,0.003357249624968972,201.4113704090014,,47.88911437988281,,,981,,,,0,,0.0703125,0.1748046875,48.948845889997756,0,,0.0,37.23534569144249,,0.0419921875,,6656,,55814.10598754883,736,1,127,4096,-0.5,,0.00020944270863765269,,,0.140625,,,0,-0.5,3.0078125,0.5703125,89.47605514526367,0,,0,0,0.0703125,,,40,,,,,0,204.921875,52.163067249999585,,0.040557532892145705
0,,-7.807996124142846e-05,1032.126953125,,,0.0546875,,0.171875,0.5,1433.9316225076227,1780330421.8013077,0.390625,20966.98760986328,,,0,0.0006225009201443754,0.0009550012691761367,0.0004225003067404032,,0.5,,0,,0.0234375,0,,,,0,0.0012700011211563833,22.139785334002227,,0,,,-0.0006503835902549326,0,,0.078125,190.13741540908813,209.51940475000083,0.0004374996933620423,1.0,0.0234375,311,,0.0,0.04968103676892338,0.6226197481155396,-0.0006503835902549326,0,0.009063720703125,0.609375,0,-0.00020924863929394633,0.1435546875,0.078125,0.0546875,141.453125,,,3e-06,,,0.00021500000002561137,3,76.99174051499722,,,0.06406656690764706,0,516.4754790757725,,0,0.1484375,0,128,1,37,30543.341759669,0.22356907200082787,0,107.73576354980469,,0.27580372989177704,,1201746.0,0,0.002977250005642418,209.51940475000083,,48.3348503112793,,,987,,,,0,,0.0859375,0.1435546875,57.654572284001915,0,,0.0,35.910677164793015,,0.0361328125,,6706,,55472.084045410156,785,1,128,4096,-0.5,,0.00016964208589342888,,,0.1484375,,,0,-0.5,3.1640625,0.609375,89.4203872680664,0,,0,0,0.0859375,,,43,,,,,0,204.921875,52.50778839900158,,0.04797567230013823
0,,6.898623527717973e-05,1066.34765625,,,0.109375,,0.1953125,0.4285714328289032,1532.2075267614,1780330625.872812,0.4453125,20500.77247619629,,,0,0.0006000009307172149,0.000997500137600582,0.00041499970393488184,,0.4285714328289032,,0,,0.0,0,,,,0,0.0013250000847619958,22.230668393000087,,0,,,-0.0011977176181972027,0,,0.0859375,190.13741540908813,204.03437167599986,0.0004975008778274059,1.0,0.0,322,,0.0,0.04836495867629927,0.4594162702560425,-0.0011977176181972027,0,0.01104736328125,0.5546875,0,0.003400264533411246,0.150390625,0.0859375,0.109375,154.8359375,,,3e-06,,,0.00035750053939409554,3,76.83772635199784,,,0.06144599593759724,0,540.4501543607912,,0,0.1640625,0,129,1,51,30755.778182164,0.21577723800146487,0,105.51148986816406,,0.2318547631148249,,1250492.0,0,0.0031747495086165145,204.03437167599986,,49.439231872558594,,,973,,,,0,,0.0859375,0.150390625,51.936389752998366,0,,0.0,35.96863150596619,,0.0498046875,,6763,,55760.29586791992,736,1,129,4096,-0.5,,0.0002391455047927593,,,0.1640625,,,0,-0.5,3.0234375,0.5546875,89.46720123291016,0,,0,0,0.0859375,,,47,,,,,0,204.921875,52.811632976998226,,0.04153276450628902
0,,6.757486278274882e-05,1026.1455078125,,,0.0859375,,0.1640625,0.3571428656578064,1432.9868727900666,1780330838.3091319,0.453125,21047.82485961914,,,0,0.000587499926041346,0.0008500010153511539,0.00038500093069160357,,0.3571428656578064,,0,,0.0078125,0,,,,0,0.0013175003914511763,22.134829962000367,,0,,,-0.004400977864861488,0,,0.109375,190.13741540908813,212.41035474900127,0.0005250003596302122,1.0,0.0078125,255,,0.0,0.05036028300879319,0.673922061920166,-0.004400977864861488,0,0.01251220703125,0.546875,0,-0.0012150666225352325,0.1650390625,0.109375,0.0859375,162.84375,,,3e-06,,,0.00022499989427160472,4,77.11186258899761,,,0.06333493159401048,0,511.480098347427,,0,0.1796875,0,130,1,41,31273.132686135,0.201835358999233,0,92.77980041503906,,0.25127700064331293,,1217525.0,0,0.0030800001695752144,212.41035474900127,,48.31172180175781,,,983,7.6570671440022124,,,0,,0.0703125,0.1650390625,52.38562174800245,0,,0.0,36.63623705506325,,0.0400390625,,6821,,55515.663146972656,767,1,130,4096,-0.5,,6.93354154464032e-05,,,0.1796875,,,0,-0.5,3.28125,0.546875,89.46334075927734,0,,0,0,0.0703125,,,49,,,,,0,204.921875,52.91722565799864,,0.04302632122379618
0,,-2.1374731716150563e-05,1067.296875,,,0.0546875,,0.1484375,0.3214285671710968,601.8639338669476,1780331355.6636758,0.4296875,19870.506286621094,,,0,0.0005775000317953527,0.0008199995136237703,0.0002999995558639057,,0.3214285671710968,,0,,0.0078125,0,,,,0,0.0011825004548882134,22.158828744002676,,0,,,-0.0017760088667273521,0,,0.0625,190.13741540908813,517.3295532090015,0.0004700004865298979,0.9921875,0.0078125,327,,0.0,0.04951372145149772,0.763617992401123,-0.0017760088667273521,0,0.008148193359375,0.5703125,0,0.0022771434178139316,0.1298828125,0.0625,0.0546875,148.9609375,,,3e-06,,,0.00028749946068273857,4,75.8384569789996,,,0.06089251175400306,0,518.8772643860138,,0,0.203125,0,131,1,49,31476.675125773,0.20075141199777136,0,111.34070587158203,,0.2593712415546179,,1245448.0,0,0.002609749572002329,517.3295532090015,,51.50648880004883,,,975,,,,0,,0.1015625,0.1298828125,365.01546317700195,0,,0.0,37.26300969719887,,0.0478515625,,6876,,55411.54479980469,1011,1,131,4096,-0.25,,0.0002829367053891474,,,0.203125,,,0,-0.25,3.28125,0.5703125,89.36587524414062,0,,0,0,0.1015625,,,47,,,,,0,204.921875,54.11414033899928,,0.2930796493928305
0,,7.69471267147992e-06,953.814453125,,,0.1015625,,0.109375,0.5,1388.5423317345874,1780331559.205997,0.4765625,20198.686599731445,,,0,0.0004949997673975304,0.0009175009836326353,0.0004174999048700556,,0.5,,0,,0.015625,0,,,,0,0.0013150001905160025,21.924913746999664,,0,,,-0.003972814418375492,0,,0.09375,190.13741540908813,203.51594153199767,0.0006050004230928607,1.0,0.015625,306,,0.0,0.05270565481526612,0.47636842727661133,-0.003972814418375492,0,0.01422119140625,0.5234375,0,0.004550997437036131,0.171875,0.09375,0.1015625,150.0546875,,,3e-06,,,0.00025250028556911275,2,76.31456283599982,,,0.06751338317813216,0,511.0376612819964,,0,0.1953125,0,132,1,37,31692.391337595,0.17878562300029444,0,102.70704650878906,,0.30648050596937537,,1130362.0,0,0.0034497497836127877,203.51594153199767,,46.92527770996094,,,987,,,,0,,0.0703125,0.171875,53.617149615001836,0,,0.0,37.511855363845825,,0.0361328125,,6937,,55567.012786865234,806,1,132,4096,-0.5,,0.00015004434658294485,,,0.1953125,,,0,-0.5,3.1953125,0.5234375,89.62139511108398,0,,0,0,0.0703125,,,43,,,,,0,204.921875,51.47792929199932,,0.0474336094233545
0,,-5.0515771473413906e-05,1064.205078125,,,0.0546875,,0.1640625,0.4000000059604645,1474.4982809735359,1780331774.9223516,0.5,20609.638214111328,,,0,0.0006375003067660145,0.0008375009201699868,0.0002650003807502799,,0.4000000059604645,,0,,0.0078125,0,,,,0,0.0012874997992184944,22.25824499800001,,0,,,0.0002636982244439423,0,,0.125,190.13741540908813,215.69947154499823,0.000557500243303366,0.9921875,0.0078125,275,,0.0,0.04763961684190645,0.41980239748954773,0.0002636982244439423,0,0.00927734375,0.5,0,-0.0031238593146554194,0.169921875,0.125,0.0546875,178.171875,,,3e-06,,,0.0002200013113906607,2,77.13122535999719,,,0.06062850898526262,0,526.5963093379396,,0,0.25,0,133,1,48,31895.8627902,0.20724366500144242,0,125.1420669555664,,0.2742664946708828,,1272194.0,0,0.0030200008040992543,215.69947154499823,,49.58263397216797,,,976,,,,0,,0.0625,0.169921875,64.18540954700075,0,,0.0078125,36.4082008600235,,0.046875,,7001,,55958.30154418945,1024,1,133,4096,-0.5,,0.00020363375097076641,,,0.25,,,0,-0.5,3.1875,0.5,89.63293075561523,0,,0,0,0.0625,,,47,,,,,0,204.921875,51.915081895000185,,0.050452532826755
0,,-4.896591839553821e-05,1045.2490234375,,,0.125,,0.1875,0.5,1488.4209343582695,1780331978.3935537,0.4375,20889.888763427734,,,0,0.000587499926041346,0.0009924997357302345,0.00032249954529106617,,0.5,,0,,0.0078125,0,,,,0,0.0012925011105835438,22.079625657999713,,0,,,0.0008138511911965907,0,,0.109375,190.13741540908813,203.4489995469994,0.0005700003384845331,1.0,0.0078125,270,,0.0,0.04918989232249633,0.424402117729187,0.0008138511911965907,0,0.011474609375,0.5625,0,0.00015826087110326625,0.169921875,0.109375,0.125,137.6328125,,,3e-06,,,0.0001875005182228051,4,76.71635651999895,,,0.06333541917539423,0,528.3964215068554,,0,0.1015625,0,134,1,37,32105.655079774,0.19390171900158748,0,90.66854095458984,,0.3120680048596114,,1211271.0,0,0.00341474969900446,203.4489995469994,,48.582393646240234,,,987,,,,0,,0.09375,0.169921875,51.80739984799948,0,,0.0,36.300178617239,,0.0361328125,,7057,,55261.451721191406,767,1,134,4096,-0.41428571939468384,,0.00014914695248080534,,,0.1015625,,,0,-0.41428571939468384,2.9921875,0.5625,89.63656234741211,0,,0,0,0.09375,,,41,,,,,0,204.921875,52.64966339899911,,0.042771105597343186
0,,-2.868551405299513e-05,1073.9072265625,,,0.140625,,0.2109375,0.4285714328289032,1512.7221819791118,1780332188.186087,0.4296875,19350.797653198242,,,0,0.000634999196336139,0.0008772485671215691,0.00045249907998368144,,0.4285714328289032,,0,,0.0078125,0,,,,0,0.0011375004760338925,22.234506550001242,,0,,,-0.0007363532204180956,0,,0.0546875,190.13741540908813,209.7610875149985,0.0004199991963105276,1.0,0.0078125,242,,0.0,0.04878534784814912,0.6724408864974976,-0.0007363532204180956,0,0.009979248046875,0.5703125,0,0.003718991676578298,0.15234375,0.0546875,0.140625,165.5859375,,,3e-06,,,0.00019500021153362468,9,76.24342157199862,,,0.0600700903705432,0,532.8602876152145,,0,0.09375,0,135,1,45,32352.437334146,0.19806859500022256,0,104.84532165527344,,0.3001582226715982,,1269241.0,0,0.0030750006771995686,209.7610875149985,,49.5479736328125,,,979,,,,0,,0.1328125,0.15234375,57.43465740999818,0,,0.0,36.862991750240326,,0.0439453125,,7112,,56322.593688964844,697,1,135,4096,-0.4285714328289032,,0.00021109751287440304,,,0.09375,,,0,-0.4285714328289032,3.375,0.5703125,89.4665298461914,0,,0,0,0.1328125,,,48,,,,,0,204.921875,53.64832010700047,,0.04525118351045875
0,,5.3548681307802326e-05,1049.251953125,,,0.1328125,,0.171875,0.3142857253551483,1230.5708936739973,1780332434.9681702,0.4296875,21138.40675354004,,,0,0.0005675001375493594,0.0008700008038431406,0.00028250178729649633,,0.3142857253551483,,0,,0.0234375,0,,,,0,0.0013025010048295371,22.13061874699997,,0,,,-0.0011087465099990368,0,,0.0703125,190.13741540908813,246.7655472439983,0.0005024994607083499,1.0,0.0234375,252,,0.0,0.04901454941113275,0.45944705605506897,-0.0011087465099990368,0,0.01055908203125,0.5703125,0,0.003100689922575839,0.1689453125,0.0703125,0.1328125,136.9296875,,,3e-06,,,0.00022499898477690294,3,77.19277386199974,,,0.06355145421479418,0,542.9336308925413,,0,0.1171875,0,136,1,40,32574.241118943,0.19920867700056988,0,88.21256256103516,,0.24299926008097827,,1214650.0,0,0.0036825003917329013,246.7655472439983,,49.20036315917969,,,984,,,,0,,0.0859375,0.1689453125,94.57790825499978,0,,0.0,37.06195205450058,,0.0390625,,7167,,55474.12109375,595,1,136,4096,-0.5,,0.00017325647286270396,,,0.1171875,,,0,-0.5,3.28125,0.5703125,89.43193435668945,0,,0,0,0.0859375,,,48,,,,,0,204.921875,52.662898382001,,0.07786432985222062
0,,2.8753944491199945e-05,1021.6845703125,,,0.0859375,,0.171875,0.5,1372.490955647412,1780332656.772075,0.390625,20533.950805664062,,,0,0.0006500013114418834,0.0008850020094541833,0.0003300010575912893,,0.5,,0,,0.03125,0,,,,0,0.001104999682866037,22.21028992200445,,0,,,-0.0002688969543669373,0,,0.0859375,190.13741540908813,221.76703514700057,0.0006400005077011883,1.0,0.03125,270,,0.0,0.04919556262395885,0.4091811776161194,-0.0002688969543669373,0,0.009033203125,0.609375,0,0.0017864047313196352,0.1591796875,0.0859375,0.0859375,167.2734375,,,3e-06,,,0.00016749982023611665,2,76.70966341400344,,,0.06300624596117058,0,520.610776518879,,0,0.1171875,0,137,1,40,32781.437626172,0.2144060040009208,0,107.19244384765625,,0.30136547866277397,,1217493.0,0,0.004007501047453843,221.76703514700057,,49.27753448486328,,,984,,,,0,,0.0703125,0.1591796875,71.16185461100395,0,,0.0,37.50599920749664,,0.0390625,,7217,,55617.286682128906,699,1,137,4096,-0.5,,0.00023286379018827574,,,0.1171875,,,0,-0.5,3.359375,0.609375,89.44307708740234,0,,0,0,0.0703125,,,49,,,,,0,204.921875,51.468643594998866,,0.058449497952763545
0,,-1.1963900623968016e-05,1004.53515625,,,0.078125,,0.1796875,0.5,1422.3075147379795,1780332863.9686198,0.390625,20286.890029907227,,,0,0.000614996679360047,0.000862501110532321,0.00026499765226617455,,0.5,,0,,0.0078125,0,,,,0,0.0012000018614344299,21.95608989000175,,0,,,-0.0010017314925789833,0,,0.09375,190.13741540908813,207.18093446499552,0.0005425026756711304,1.0,0.0078125,296,,0.0,0.050735121107008826,0.5503988265991211,-0.0010017314925789833,0,0.0080108642578125,0.609375,0,0.0006686724191240501,0.146484375,0.09375,0.078125,146.5390625,,,3e-06,,,0.00023499706003349274,2,75.70932568200078,,,0.06423120868923457,0,548.7050710908079,,0,0.1328125,0,138,1,22,32987.668129603,0.2086653859951184,0,101.61748504638672,,0.29428850393742323,,1178700.0,0,0.0038924990803934634,207.18093446499552,,48.47093200683594,,,1002,,,,0,,0.078125,0.146484375,57.116478686002665,0,,0.0,36.80834919214249,,0.021484375,,7267,,54836.62033081055,1005,1,138,4096,-0.5,,0.00023279863125935663,,,0.1328125,,,0,-0.5,3.15625,0.609375,89.44044876098633,0,,0,0,0.078125,,,47,,,,,0,204.921875,52.18837791599799,,0.048457180526005485
0,,-6.90211300025112e-05,1018.1982421875,,,0.078125,,0.2109375,0.3214285671710968,1468.9241562366367,1780333070.199112,0.3359375,20568.24493408203,,,0,0.0005649999366141856,0.0009375016816193238,0.0004025005182484165,,0.3214285671710968,,0,,0.0,0,,,,0,0.0011949996405746788,22.205680500002927,,0,,,-0.0003873973910231143,0,,0.078125,190.13741540908813,206.21265482899616,0.0006100035534473136,1.0,0.0,226,,0.0,0.05182178072192234,1.3927925825119019,-0.0003873973910231143,0,0.0064544677734375,0.6640625,0,0.000351158600551571,0.1240234375,0.078125,0.078125,165.046875,,,3e-06,,,0.0002674987626960501,5,76.81323620400508,,,0.06339593114804037,0,597.8954872498434,,0,0.109375,0,139,1,39,33196.728479708,0.21562505300244084,0,96.19126892089844,,0.28695823857560754,,1211643.0,0,0.003785002263612114,206.21265482899616,,48.36698532104492,,,985,,,,0,,0.0703125,0.1240234375,52.94426376999763,0,,0.0,35.61026602983475,,0.0380859375,,7310,,55611.19079589844,709,1,139,4096,-0.4285714328289032,,0.000223740221144908,,,0.109375,,,0,-0.4285714328289032,3.5546875,0.6640625,89.39601135253906,0,,0,0,0.0703125,,,44,,,,,0,204.921875,54.031202343001496,,0.043696256875992046
0,,0.00013368968971860795,1013.03515625,,,0.0703125,,0.15625,0.3571428656578064,1447.444572654001,1780333279.2593658,0.4375,20483.684539794922,,,0,0.0006297486834228039,0.0010875010048039258,0.00036750134313479066,,0.3571428656578064,,0,,0.0,0,,,,0,0.001267499101231806,22.056720168002357,,0,,,0.0006277307984419167,0,,0.125,190.13741540908813,209.03252926999994,0.0005125002644490451,0.9921875,0.0,272,,0.0,0.04900550284860497,0.438204824924469,0.0006277307984419167,0,0.011871337890625,0.5625,0,-0.0015132161861401983,0.16015625,0.125,0.0703125,168.8515625,,,3e-06,,,0.00022499807528220117,2,76.1704062630015,,,0.06293764130363057,0,563.3070513304119,,0,0.125,0,140,1,28,33400.557175003,0.19894160800322425,0,97.52032470703125,,0.3299652598798275,,1210252.0,0,0.0036825003917329013,209.03252926999994,,48.27824401855469,,,996,6.431064778000291,,,0,,0.1171875,0.16015625,53.33739906399569,0,,0.0,36.70455887913704,,0.02734375,,7366,,55086.37237548828,719,1,140,4096,-0.5,,0.00017490097684458306,,,0.125,,,0,-0.5,3.265625,0.5625,89.35747146606445,0,,0,0,0.1171875,,,49,,,,,0,204.921875,50.83576036899467,,0.04407131660513322
0,,2.6723005817075318e-05,1052.884765625,,,0.09375,,0.171875,0.4285714328289032,1560.2155546862246,1780333483.0880406,0.375,20627.18963623047,,,0,0.000559999534743838,0.0008400020305998623,0.00033249853004235774,,0.4285714328289032,,0,,0.0,0,,,,0,0.0011725023796316236,22.298593980995065,,0,,,-0.000980800366960466,0,,0.0703125,190.13741540908813,203.81446592099383,0.0004400026227813214,1.0,0.0,261,,0.0,0.052295014095389655,0.5601072311401367,-0.000980800366960466,0,0.009765625,0.625,0,3.067425132030621e-05,0.1337890625,0.0703125,0.09375,189.28125,,,3e-06,,,0.00020750303519889712,2,77.08284996699513,,,0.060600772943396136,0,546.9315244554309,,0,0.1015625,0,141,1,41,33668.851520163,0.31550477699784096,0,108.18589782714844,,0.2814562467392534,,1271978.0,0,0.00323000131174922,203.81446592099383,,52.8950309753418,,,983,,,,0,,0.109375,0.1337890625,47.73307880300126,0,,0.0,34.989334642887115,,0.0400390625,,7414,,55873.451232910156,865,1,141,4096,-0.5,,0.0001457782991565182,,,0.1015625,,,0,-0.5,3.2109375,0.625,89.25308227539062,0,,0,0,0.109375,,,47,,,,,0,204.921875,56.38207862700074,,0.037526654394180764
0,,2.8484083448798714e-05,1067.6337890625,,,0.0859375,,0.1328125,0.5,1169.664005036453,1780333751.382493,0.3984375,21157.894134521484,,,0,0.0005725014489144087,0.0008900005923351273,0.0004100020305486396,,0.5,,0,,0.0078125,0,,,,0,0.0011775009625125676,22.16839270699711,,0,,,-0.0005340298521332443,0,,0.0703125,190.13741540908813,268.27212656699703,0.0005750007403548807,1.0,0.0078125,284,,0.0,0.0477152347718787,0.4477730393409729,-0.0005340298521332443,0,0.010711669921875,0.6015625,0,-0.0024396647204412147,0.138671875,0.0703125,0.0859375,158.1015625,,,3e-06,,,0.00020500010577961802,2,77.26933541399922,,,0.061561686435039564,0,543.4205483998085,,0,0.109375,0,142,1,39,33904.196003308,0.20678252699872246,0,105.4215316772461,,0.2783485106192529,,1255153.0,0,0.0033425003493903205,268.27212656699703,,49.463096618652344,,,985,,,,0,,0.125,0.138671875,116.46001053900545,0,,0.0,36.29447519779205,,0.0380859375,,7465,,55531.44073486328,812,1,142,4096,-0.5,,0.00015454106414836133,,,0.109375,,,0,-0.5,3.1015625,0.6015625,89.24786758422852,0,,0,0,0.125,,,40,,,,,0,204.921875,52.165014420999796,,0.09278550944705981
0,,9.643438306738972e-05,1001.671875,,,0.140625,,0.21875,0.3571428656578064,1251.5573535479623,1780333986.7269099,0.421875,21593.95980834961,,,0,0.0005675028660334647,0.0008900024113245308,0.00033249853004235774,,0.3571428656578064,,0,,0.0234375,0,,,,0,0.0013372500689001754,22.002841786001227,,0,,,0.00029782106867060065,0,,0.1015625,190.13741540908813,235.30204122500436,0.0006125010258983821,1.0,0.0234375,280,,0.0,0.050432835814536094,0.41697007417678833,0.00029782106867060065,0,0.0092620849609375,0.578125,0,0.00011883946717716753,0.1748046875,0.1015625,0.140625,148.6953125,,,3e-06,,,0.0002425003913231194,3,77.10242077000294,,,0.06545330360720672,0,526.4857347956422,,0,0.1171875,0,143,1,29,34111.468179951,0.2145938589965226,0,83.96300506591797,,0.31753050279803574,,1177976.0,0,0.0034175009204773232,235.30204122500436,,48.19860076904297,,,995,,,,0,,0.0390625,0.1748046875,84.25019516599423,0,,0.0,36.53616085648537,,0.0283203125,,7519,,54945.11413574219,728,1,143,4096,-0.4285714328289032,,0.00012859159005529364,,,0.1171875,,,0,-0.4285714328289032,3.1171875,0.578125,89.3054084777832,0,,0,0,0.0390625,,,36,,,,,0,204.921875,51.72956488899945,,0.07152114743084259
0,,-5.595027172944356e-05,1042.1669921875,,,0.1015625,,0.25,0.5,1475.6045701692772,1780334193.9991248,0.421875,20520.915985107422,,,0,0.0006899990694364533,0.0010249987099086866,0.00032000389182940125,,0.5,,0,,0.0078125,0,,,,0,0.0012924992915941402,22.23966918800579,,0,,,-0.0027551373932510614,0,,0.09375,190.13741540908813,207.24979861299653,0.0004650009941542521,1.0,0.0078125,257,,0.0,0.048478650777424415,0.5566123127937317,-0.0027551373932510614,0,0.009979248046875,0.578125,0,0.0006658151287410874,0.1640625,0.09375,0.1015625,152.4375,,,3e-06,,,0.00022499989427160472,4,76.75426129999687,,,0.06274489489280569,0,550.8872960181179,,0,0.1171875,0,144,1,48,34319.437622903,0.2182814639963908,0,106.76729583740234,,0.30503049492836,,1223275.0,0,0.003084751369897276,207.24979861299653,,49.04429244995117,,,976,,,,0,,0.1015625,0.1640625,56.30017011900054,0,,0.0,35.83698719739914,,0.046875,,7573,,55646.30889892578,617,1,144,4096,-0.4285714328289032,,0.00017029419586833683,,,0.1171875,,,0,-0.4285714328289032,2.96875,0.578125,89.23469543457031,0,,0,0,0.1015625,,,51,,,,,0,204.921875,51.73539805800101,,0.04602413203817665
0,,7.244866938549421e-05,1050.3173828125,,,0.0859375,,0.171875,0.5,1478.977475762201,1780334401.9685907,0.359375,20603.923797607422,,,0,0.0006275004125200212,0.0009449977369513363,0.0002925007720477879,,0.5,,0,,0.0,0,,,,0,0.0012300006346777081,22.18967090800288,,0,,,0.00018524531333241612,0,,0.078125,190.13741540908813,207.92422808300034,0.0004774992703460157,1.0,0.0,270,,0.0,0.04850128749680783,0.451244056224823,0.00018524531333241612,0,0.0076751708984375,0.640625,0,-0.0018563270896265749,0.125,0.078125,0.0859375,150.9140625,,,3e-06,,,0.00018000173440668732,2,76.78055858000153,,,0.06242012272562216,0,622.7728804988146,,0,0.1328125,0,145,1,38,34532.422608052,0.19834766699932516,0,91.49739837646484,,0.2650937531143427,,1230061.0,0,0.0028249978640815243,207.92422808300034,,49.02036666870117,,,986,,,,0,,0.0625,0.125,56.589107990999764,0,,0.0,36.92000359296799,,0.037109375,,7619,,55516.67022705078,721,1,145,4096,-0.33571428060531616,,0.00014157861232888536,,,0.1328125,,,0,-0.33571428060531616,3.1640625,0.640625,89.2502555847168,0,,0,0,0.0625,,,54,,,,,0,204.921875,52.16434723500424,,0.04600512331583537
0,,7.009652347278461e-05,998.6591796875,,,0.078125,,0.1640625,0.5,1398.3644392146064,1780334614.9534023,0.390625,20883.9168548584,,,0,0.000607498805038631,0.0008899987733457237,0.0003425011527724564,,0.5,,0,,0.0234375,0,,,,0,0.0012597520253621042,21.949452640001255,,0,,,-0.000618648249655962,0,,0.0546875,190.13741540908813,212.96933878500568,0.000507498043589294,1.0,0.0234375,292,,0.0,0.051711155158234566,1.4436851739883423,-0.000618648249655962,0,0.009521484375,0.609375,0,0.002026940754149109,0.1357421875,0.0546875,0.078125,164.65625,,,3e-06,,,0.0001775024429662153,2,76.33146807299636,,,0.06407759012537102,0,592.9895821736864,,0,0.1796875,0,146,1,28,34768.725239156,0.21382674499909626,0,92.8792724609375,,0.301220512483269,,1191235.0,0,0.003130000550299883,212.96933878500568,,48.53309631347656,,,996,,,,0,,0.0546875,0.1357421875,61.59126358899812,0,,0.0,37.3055636882782,,0.02734375,,7669,,54816.94793701172,758,1,146,4096,-0.30000001192092896,,0.00018576961656435742,,,0.1796875,,,0,-0.30000001192092896,3.28125,0.609375,89.34992599487305,0,,0,0,0.0546875,,,40,,,,,0,204.921875,52.88122346599994,,0.05170370547289
0,,-2.047374466940255e-05,1038.1396484375,,,0.1015625,,0.234375,0.34285715222358704,1289.8814964359406,1780334851.256184,0.421875,20545.894622802734,,,0,0.0006225000106496736,0.0010149979061679915,0.000450001607532613,,0.34285715222358704,,0,,0.015625,0,,,,0,0.001162499756901525,22.16796033999708,,0,,,-0.0010659168474376202,0,,0.078125,190.13741540908813,236.28507800300576,0.0006199989002197981,0.9921875,0.015625,292,,0.0,0.048755033222176995,0.5532523393630981,-0.0010659168474376202,0,0.010009765625,0.578125,0,0.00022483717475552112,0.1630859375,0.078125,0.1015625,152.40625,,,3e-06,,,0.00021000050764996558,3,76.90296885299904,,,0.06308077296227771,0,576.4603036568587,,0,0.1328125,0,147,1,37,34977.64866788,0.2084999080034322,0,109.25074768066406,,0.313692755298689,,1219119.0,0,0.0036875026125926524,236.28507800300576,,49.227962493896484,,,987,,,,0,,0.09375,0.1630859375,85.1741664709989,0,,0.0,36.50279343128204,,0.0361328125,,7723,,55743.78967285156,689,1,147,4096,-0.4285714328289032,,0.00011257943788223201,,,0.1328125,,,0,-0.4285714328289032,2.8515625,0.578125,89.28968811035156,0,,0,0,0.09375,,,43,,,,,0,204.921875,51.829281842001365,,0.0698653424899447
0,,8.40645504922577e-05,1014.162109375,,,0.125,,0.171875,0.3857142925262451,1416.4680339950419,1780335060.179648,0.4765625,20600.210189819336,,,0,0.0006199970812303945,0.0010524981917114928,0.0003349996404722333,,0.3857142925262451,,0,,0.0234375,0,,,,0,0.0010675030353013426,22.103770545996667,,0,,,-0.00226374133490026,0,,0.1484375,190.13741540908813,208.90234929299913,0.0005900001269765198,1.0,0.0234375,263,,0.0,0.04890971878435874,0.4302424192428589,-0.00226374133490026,0,0.01275634765625,0.5234375,0,0.008089771392405964,0.2177734375,0.1484375,0.125,141.7109375,,,3e-06,,,0.0002699980541365221,2,76.61271084700275,,,0.06472778359076756,0,555.0368066269584,,0,0.1171875,0,148,1,44,35187.211399428,0.19109252400085097,0,101.45915222167969,,0.2945482556242496,,1183614.0,0,0.0034900003811344504,208.90234929299913,,48.24449920654297,,,980,,,,0,,0.0625,0.2177734375,59.1999554149952,0,,0.0,38.20130601525307,,0.04296875,,7784,,55418.96057128906,717,1,148,4096,-0.5,,0.00036856532233287,,,0.1171875,,,0,-0.5,3.1328125,0.5234375,89.27389907836914,0,,0,0,0.0625,,,40,,,,,0,204.921875,50.792840776994126,,0.0500162683231148
0,,3.340114210459433e-05,1020.458984375,,,0.1171875,,0.203125,0.3571428656578064,1446.6097436255266,1780335269.7422001,0.5078125,20532.440185546875,,,0,0.0005999991117278114,0.0010650001058820635,0.00035500124795362353,,0.3571428656578064,,0,,0.03125,0,,,,0,0.0013600001693703234,22.234777026998927,,0,,,-0.0006088570808060467,0,,0.078125,190.13741540908813,209.54476584700024,0.0005875008355360478,1.0,0.03125,207,,0.0,0.050703789592803944,0.4448191225528717,-0.0006088570808060467,0,0.009857177734375,0.4921875,0,-0.00034705787038546987,0.1845703125,0.078125,0.1171875,163.640625,,,3e-06,,,0.0002775032044155523,3,76.84205127599853,,,0.06337394684120032,0,538.0777258469607,,0,0.1640625,0,149,1,38,35806.815035685,0.21992581800441258,0,113.63863372802734,,0.28258850215934217,,1212518.0,0,0.00376725074602291,209.54476584700024,,49.36821746826172,,,986,,,,0,,0.1171875,0.1845703125,57.263039416997344,0,,0.0,37.035610526800156,,0.037109375,,7849,,55734.20715332031,710,1,149,4096,-0.5,,0.0001875897464742593,,,0.1640625,,,0,-0.5,3.203125,0.4921875,89.28534698486328,0,,0,0,0.1171875,,,49,,,,,0,204.921875,52.98292493500048,,0.04722654790856494
0,0.0,7.562440768538181e-05,1109.71484375,0.1,0.1997780244173141,0.109375,0.0,0.21875,0.5,515.2597803018982,1780335897.2898006,0.4140625,20497.52426147461,0.9,0.0,0,0.0005299971235217527,0.0009374980436405167,0.00036749588616658,0.0,0.5,0.0,0,0.0,0.015625,0,0.0,0.0,0.796875,0,0.0011199972504982725,22.20109224099724,0.0,0,0.0,0.0,-0.00031672330806031823,0,0.0,0.015625,190.13741540908813,627.5222952789991,0.0005025012796977535,0.9921875,0.015625,295,"{'sha256': '11884bc4478ad9394f228f8a988b6923f36050e499f211c903860f4daf793549', '_latest_artifact_path': 'wandb-client-artifact://wui8sqkjl6rhznvmuu1wi3t3nl69e16ggri15vwq9uwx3v4hp4c66mtbeioz3yvoohmdfaszxap0f1kd64duepzi7j3nyzpoebu7g32ngwj09uvaprxwxk46rt3j0hga:latest/val/generations.table.json', 'nrows': 3, 'path': 'media/table/val/generations_149_11884bc4478ad9394f22.table.json', 'log_mode': 'IMMUTABLE', '_type': 'table-file', 'ncols': 13, 'artifact_path': 'wandb-client-artifact://4j5leewo1cf1t3xscq9cow0nxb8udn5tuyhkjqjws3uo3x416fmcwkr58kjeqrqt6h3v0ob4ma4o1dwmo7xqlnpdel4wd1jftmm8i22bc0b7br20xow6rbhntfc9yqfc/val/generations.table.json', 'size': 46500}",0.0,0.04835675159370012,0.4803156554698944,-0.00031672330806031823,0,0.0093994140625,0.5859375,0,-0.0011488091113278642,0.1201171875,0.015625,0.109375,153.3203125,0.19656283566058003,0.20018975332068312,3e-06,0.0,0.0,0.00028500107873696834,2,76.81039405499905,0.1,0.0,0.059388806458121904,0,556.9578713038936,0.203125,0,0.1640625,0,150,1,48,36041.529804003,0.2068195059982827,0,103.72209167480469,0.0,0.27245376259088516,0.0,1293348.0,0,0.004562250978779048,627.5222952789991,0.0,50.03699493408203,0.0,0.0,976,7.901348348997999,0.0,0.7998102466793169,0,1024.0,0.109375,0.1201171875,387.2562722829971,0,0.0,0.0,37.51058876514435,0.0,0.046875,0.0,7902,1054.0,55718.12057495117,721,1,150,4096,-0.34285715222358704,0.0,0.00021850731536687817,0.0,0.0,0.1640625,0.0,0.203125,0,-0.34285715222358704,3.015625,0.5859375,89.39859008789062,0,0.1,0,0,0.109375,78.19376546300191,0.0,41,0.0,0.0,0.0,0.0,0,204.921875,54.95009795999795,30.0,0.29942155729393566
0,,-9.383011374453076e-05,1053.0732421875,,,0.09375,,0.1796875,0.5,1386.8170898656692,1780336124.0607183,0.4453125,20682.26432800293,,,0,0.0005874990165466443,0.0008474980859318748,0.0003525019565131515,,0.5,,0,,0.015625,0,,,,0,0.0011424999684095383,22.231973232999735,,0,,,0.00027654095902107656,0,,0.078125,190.13741540908813,226.73556036900118,0.0004875000740867108,1.0,0.015625,266,,0.0,0.05369467845971451,1.8585790395736694,0.00027654095902107656,0,0.012451171875,0.5546875,0,-0.0010969560134981293,0.1591796875,0.078125,0.09375,175.2109375,,,3e-06,,,0.00032749994716141373,2,77.07307168999978,,,0.06127789709985091,0,578.8287022096483,,0,0.1796875,0,151,1,43,36250.182869715,0.2262543690012535,0,107.56011962890625,,0.28787850169464946,,1257763.0,0,0.003984998329542577,226.73556036900118,,51.59906768798828,,,981,,,,0,,0.078125,0.1591796875,69.30067709199648,0,,0.0078125,37.03247755765915,,0.0419921875,,7959,,55774.65057373047,1024,1,151,4096,-0.3571428656578064,,1.3839546227245592e-05,,,0.1796875,,,0,-0.3571428656578064,3.0546875,0.5546875,89.55411148071289,0,,0,0,0.078125,,,47,,,,,0,204.921875,57.90149543299776,,0.055098358825944535
0,,-8.038747552063796e-05,1045.7734375,,,0.0859375,,0.1328125,0.3571428656578064,1469.241639915069,1780336332.7137406,0.4921875,20480.985641479492,,,0,0.0005974998202873394,0.0008900005923351273,0.000350000846083276,,0.3571428656578064,,0,,0.0078125,0,,,,0,0.0011275005817878991,22.20013549400028,,0,,,-0.0003656733315438032,0,,0.109375,190.13741540908813,208.63416314400092,0.0005249985406408086,1.0,0.0078125,252,,0.0,0.050962335460260674,1.8875657320022583,-0.0003656733315438032,0,0.010223388671875,0.5078125,0,-0.0006337375853036065,0.1767578125,0.109375,0.0859375,151.625,,,3e-06,,,0.0002200013113906607,3,76.55080615600309,,,0.0624325573639491,0,554.9427177847974,,0,0.1796875,0,152,1,37,36460.954297219,0.20397996799874818,0,108.65365600585938,,0.27258851332589984,,1226136.0,0,0.004089750291313976,208.63416314400092,,49.43804931640625,,,987,,,,0,,0.109375,0.1767578125,55.10329384799843,0,,0.0,38.023464381694794,,0.0361328125,,8022,,55476.5739440918,670,1,152,4096,-0.4000000059604645,,0.00016368917385989334,,,0.1796875,,,0,-0.4000000059604645,3.46875,0.5078125,89.62183380126953,0,,0,0,0.109375,,,37,,,,,0,204.921875,54.574138099000265,,0.04494060515962212
0,,-4.146437186136609e-05,1054.7255859375,,,0.1484375,,0.1953125,0.3571428656578064,1493.775874835745,1780336543.4853213,0.4765625,21182.411193847656,,,0,0.0006700029189232737,0.001070000507752411,0.0004725006874650717,,0.3571428656578064,,0,,0.0,0,,,,0,0.0012324999261181802,22.235349041999143,,0,,,-0.0017403271049261093,0,,0.1015625,190.13741540908813,210.73693537500367,0.0005674992280546576,1.0,0.0,279,,0.0,0.0507103355221441,1.307356357574463,-0.0017403271049261093,0,0.010528564453125,0.5234375,0,0.002113191207172349,0.166015625,0.1015625,0.1484375,174.9375,,,3e-06,,,0.00022249878384172916,2,77.48121838500083,,,0.061533320138186375,0,538.2502299635235,,0,0.1953125,0,153,1,33,36669.575583428,0.2133696439996129,0,101.30326080322266,,0.3017155104316771,,1259175.0,0,0.0038024991226848215,210.73693537500367,,49.636268615722656,,,991,,,,0,,0.03125,0.166015625,56.035687846000656,0,,0.0,36.873795092105865,,0.0322265625,,8083,,55723.37341308594,722,1,153,4096,-0.5,,0.0001383441067446256,,,0.1953125,,,0,-0.5,3.34375,0.5234375,89.61827850341797,0,,0,0,0.03125,,,50,,,,,0,204.921875,54.76914006700099,,0.04450190628467104
0,,-0.00010517477161897659,1029.017578125,,,0.125,,0.15625,0.3571428656578064,1458.9630910590113,1780336752.1064558,0.4765625,21657.44972229004,,,0,0.0005349975253921002,0.0008924980647861958,0.0002774977474473417,,0.3571428656578064,,0,,0.0078125,0,,,,0,0.0012150030670454726,22.11618587299745,,0,,,-0.0009014235693030059,0,,0.0859375,190.13741540908813,208.59643528000015,0.0004274988896213472,1.0,0.0078125,305,,0.0,0.05093976108982166,1.4967997074127197,-0.0009014235693030059,0,0.0082244873046875,0.5234375,0,0.00022615407578996383,0.1708984375,0.0859375,0.125,159.7890625,,,3e-06,,,0.00017750062397681177,2,77.63685482699657,,,0.06377592322509983,0,584.3432943092921,,0,0.1640625,0,154,1,35,36903.506638451,0.19070168499456486,0,93.86093139648438,,0.30091300141066313,,1217338.0,0,0.0032047537388280034,208.59643528000015,,49.670875549316406,,,989,,,,0,,0.09375,0.1708984375,54.9741549179962,0,,0.0,37.32466325163841,,0.0341796875,,8144,,55357.42950439453,722,1,154,4096,-0.5,,9.794408060770365e-05,,,0.1640625,,,0,-0.5,3.21875,0.5234375,89.5051040649414,0,,0,0,0.09375,,,43,,,,,0,204.921875,53.675939417000336,,0.045159318872816094
0,,1.7666634448687546e-06,1010.8642578125,,,0.1171875,,0.203125,0.5,1285.5399735709834,1780336986.0376012,0.4765625,20331.4151763916,,,0,0.000564998117624782,0.0009300001693191007,0.0003375025698915124,,0.5,,0,,0.03125,0,,,,0,0.001362501279800199,22.010849659003725,,0,,,-0.00036252703284844756,0,,0.0625,190.13741540908813,233.90735113799747,0.0006099999154685065,1.0,0.03125,268,,0.0,0.0501767968815356,0.44652217626571655,-0.00036252703284844756,0,0.00872802734375,0.5234375,0,0.0032686567792552523,0.1796875,0.0625,0.1171875,163.734375,,,3e-06,,,0.0002399974619038403,5,75.97076847500284,,,0.06316217430904576,0,543.8821823445323,,0,0.1484375,0,155,1,38,37163.691422899,0.193035209995287,0,88.36407470703125,,0.29652073862962425,,1202789.0,0,0.003465000190772116,233.90735113799747,,47.85374450683594,,,986,,,,0,,0.1171875,0.1796875,83.79137195999647,0,,0.0,37.32864558696747,,0.037109375,,8205,,55057.838439941406,766,1,155,4096,-0.5,,0.00015445464850927237,,,0.1484375,,,0,-0.5,2.953125,0.5234375,89.5338249206543,0,,0,0,0.1171875,,,33,,,,,0,204.921875,51.93925687199953,,0.06966423201409097
0,,8.762869374123738e-05,1075.3017578125,,,0.125,,0.1328125,0.37142857909202576,1220.053191083209,1780337246.2224133,0.4921875,20489.187240600586,,,0,0.000647503838990815,0.0009150007826974615,0.00044750231609214097,,0.37142857909202576,,0,,0.03125,0,,,,0,0.001305001205764711,22.229358651995426,,0,,,-0.0011616923147812486,0,,0.0546875,190.13741540908813,260.1552557870018,0.0007200014806585386,1.0,0.03125,301,,0.0,0.04743820864782625,0.6529404520988464,-0.0011616923147812486,0,0.010040283203125,0.5078125,0,2.0670435333158712e-05,0.173828125,0.0546875,0.125,164.5546875,,,3e-06,,,0.00021999949240125716,2,76.84809060500265,,,0.06052875215124818,0,538.3030292377953,,0,0.1875,0,156,1,35,37377.795949928,0.20036243199865567,0,111.41075897216797,,0.29496074421331286,,1269613.0,0,0.0032672523957444355,260.1552557870018,,49.303924560546875,,,989,,,,0,,0.09375,0.173828125,108.64075245900312,0,,0.0,41.5274053812027,,0.0341796875,,8268,,55778.770446777344,732,1,156,4096,-0.4285714328289032,,0.000109529037217726,,,0.1875,,,0,-0.4285714328289032,3.1953125,0.5078125,89.50297927856445,0,,0,0,0.09375,,,39,,,,,0,204.921875,52.23463848599931,,0.08556997483406607
0,,3.8588280972362554e-05,1019.375,,,0.1640625,,0.1484375,0.5,1413.8180761711023,1780337460.326968,0.4765625,21115.375518798828,,,0,0.0006150003173388541,0.0009725008567329496,0.0004825014912057668,,0.5,,0,,0.015625,0,,,,0,0.001177499143523164,22.146084227002575,,0,,,0.0007891260320320725,0,,0.0859375,190.13741540908813,214.0784624989974,0.00045750130084343255,1.0,0.015625,266,,0.0,0.04887315016285881,0.42936888337135315,0.0007891260320320725,0,0.0098876953125,0.5234375,0,-0.002013373280533415,0.181640625,0.0859375,0.1640625,162.921875,,,3e-06,,,0.00023749998945277184,2,77.12236783900153,,,0.06370211571672718,0,558.2472026489995,,0,0.1328125,0,157,1,30,37578.688373729,0.20621968799969181,0,95.41737365722656,,0.30113800312392414,,1210672.0,0,0.0040897484723245725,214.0784624989974,,48.74468231201172,,,994,,,,0,,0.078125,0.181640625,63.58602475299995,0,,0.0,37.00558841228485,,0.029296875,,8329,,55411.43035888672,985,1,157,4096,-0.5,,0.00032821178410813445,,,0.1328125,,,0,-0.5,3.03125,0.5234375,89.48001098632812,0,,0,0,0.078125,,,40,,,,,0,204.921875,51.015749065998534,,0.0525212648454742
0,,-3.497331283597305e-05,940.4775390625,,,0.0703125,,0.140625,0.33571428060531616,1388.5011967944927,1780337661.2193239,0.421875,20653.615951538086,,,0,0.0008199986041290686,0.001082496964954771,0.00037999961932655424,,0.33571428060531616,,0,,0.015625,0,,,,0,0.0013899971236241981,22.423528218001593,,0,,,-0.00031351717188954353,0,,0.09375,190.13741540908813,200.87289131899888,0.0004149969754507765,1.0,0.015625,279,,0.0,0.05259858461823498,0.493008017539978,-0.00031351717188954353,0,0.008575439453125,0.578125,0,-0.001876096660453186,0.1513671875,0.09375,0.0703125,149.0234375,,,3e-06,,,0.0002749984560068697,3,75.66261561199644,,,0.0678193729497328,0,545.7502365188702,,0,0.171875,0,158,1,25,37787.357097151,0.19034752900188323,0,85.05497741699219,,0.27724873507395387,,1115649.0,0,0.003535002178978175,200.87289131899888,,47.980812072753906,,,999,,,,0,,0.0703125,0.1513671875,51.93920381100179,0,,0.0,36.25987097620964,,0.0244140625,,8383,,54426.70440673828,735,1,158,4096,-0.5,,0.0001659848821873311,,,0.171875,,,0,-0.5,3.5,0.578125,89.26197814941406,0,,0,0,0.0703125,,,39,,,,,0,204.921875,50.65501431800658,,0.046555147551785366
0,,7.085911099125042e-05,1025.833984375,,,0.0859375,,0.21875,0.3499999940395355,1450.5532474999548,1780337869.8880868,0.3515625,20345.462799072266,,,0,0.0005650017556035891,0.0009599989425623789,0.00038500184018630534,,0.3499999940395355,,0,,0.0078125,0,,,,0,0.0012074979167664424,22.040800497998134,,0,,,-0.00023870311270002276,0,,0.046875,190.13741540908813,208.6303970720037,0.0006099999154685065,1.0,0.0078125,240,,0.0,0.04979885409546975,0.42588889598846436,-0.00023870311270002276,0,0.0078277587890625,0.6484375,0,-0.00211992927143001,0.1142578125,0.046875,0.0859375,156.3125,,,3e-06,,,0.00023250140657182783,10,75.99907241099572,,,0.06278227371339849,0,516.9670606283034,,0,0.125,0,159,1,30,38009.743631986,0.21811451800022041,0,96.54865264892578,,0.2724035002756864,,1210518.0,0,0.0036575020203599706,208.6303970720037,,48.77254867553711,,,994,,,,0,,0.0859375,0.1142578125,58.0587986870014,0,,0.0,36.669231951236725,,0.029296875,,8428,,55099.693298339844,710,1,159,4096,-0.3571428656578064,,7.448212636518292e-05,,,0.125,,,0,-0.3571428656578064,3.1796875,0.6484375,89.21329498291016,0,,0,0,0.0859375,,,42,,,,,0,204.921875,52.31140548000258,,0.04796194578436785
0,,-1.2007472015795884e-05,1064.357421875,,,0.0859375,,0.2109375,0.2571428716182709,1391.0666724479179,1780338092.272438,0.3671875,21172.37091064453,,,0,0.0008474999049212784,0.0009824980224948376,0.00046499917516484857,,0.2571428716182709,,0,,0.015625,0,,,,0,0.0014199995348462835,22.156101088003197,,0,,,-0.001363221905194223,0,,0.0390625,190.13741540908813,222.36568967299536,0.0005925012374063954,1.0,0.015625,306,,0.0,0.048932754924754226,0.542468249797821,-0.001363221905194223,0,0.008148193359375,0.6328125,0,0.0006821471470175311,0.1201171875,0.0390625,0.0859375,143.9453125,,,3e-06,,,0.0001925000105984509,3,77.70819823900092,,,0.06280455235585243,0,938.5997670942743,,0,0.1328125,0,160,1,36,38218.832928682,0.22541627199825598,0,94.34230041503906,,0.285630754660815,,1237302.0,0,0.004162498953519389,222.36568967299536,,49.47447967529297,,,988,17.72395532399969,,,0,,0.09375,0.1201171875,51.217932732004556,0,,0.0,36.6915687918663,,0.03515625,,8475,,55560.24169921875,760,1,160,4096,-0.3142857253551483,,7.065998988764477e-05,,,0.1328125,,,0,-0.3142857253551483,3.15625,0.6328125,89.31254577636719,0,,0,0,0.09375,,,32,,,,,0,204.921875,53.33190745799948,,0.04139485164657016
0,,-2.225220453055954e-05,1068.849609375,,,0.1328125,,0.234375,0.33571428060531616,1509.7435541951832,1780338301.3638961,0.4453125,20473.703384399414,,,0,0.0005899983079871163,0.0009325012797489762,0.000357498720404692,,0.33571428060531616,,0,,0.0078125,0,,,,0,0.0011874999472638592,22.143086730000505,,0,,,-0.0010489084525033832,0,,0.0546875,190.13741540908813,209.0497416750004,0.0005150013748789206,1.0,0.0078125,249,,0.0,0.053205357812045766,3.392625093460083,-0.0010489084525033832,0,0.00921630859375,0.5546875,0,0.00200493294687476,0.1513671875,0.0546875,0.1328125,164.0078125,,,3e-06,,,0.0002799970388878137,8,76.39253524700325,,,0.060511527025316925,0,603.7617125548422,,0,0.15625,0,161,1,30,38428.683449049,0.21134209400042892,0,95.19168853759766,,0.26383649674244225,,1262446.0,0,0.002769749698927626,209.0497416750004,,51.673988342285156,,,994,,,,0,,0.09375,0.1513671875,52.067128720002074,0,,0.0,36.502256989479065,,0.029296875,,8532,,55278.297424316406,989,1,161,4096,-0.2857142984867096,,0.00018239930204799748,,,0.15625,,,0,-0.2857142984867096,2.90625,0.5546875,89.3318977355957,0,,0,0,0.09375,,,44,,,,,0,204.921875,58.23337053599971,,0.04124305413459433
0,,-7.531295693752327e-07,1068.8173828125,,,0.0703125,,0.171875,0.30000001192092896,1519.9126278107883,1780338511.214403,0.3828125,20895.410537719727,,,0,0.0005049969331594184,0.0009574978321325034,0.0003874993126373738,,0.30000001192092896,,0,,0.0078125,0,,,,0,0.0012974996934644878,22.14534989999811,,0,,,0.0003306756552774459,0,,0.0859375,190.13741540908813,209.83262074700178,0.0006499976734630764,1.0,0.0078125,241,,0.0,0.05042991460333722,1.3229691982269287,0.0003306756552774459,0,0.008758544921875,0.6171875,0,0.0006111643633630592,0.1376953125,0.0859375,0.0703125,176.9921875,,,3e-06,,,0.0003525019565131515,3,77.36470145499334,,,0.060644474135553905,0,560.8729773048253,,0,0.15625,0,162,1,33,38642.127932984,0.21137010199890938,0,91.0069580078125,,0.24994401610456407,,1275709.0,0,0.004209998223814182,209.83262074700178,,50.065589904785156,,,991,,,,0,,0.0625,0.1376953125,54.91503160299908,0,,0.0,37.51220554113388,,0.0322265625,,8581,,55870.64743041992,813,1,162,4096,-0.5,,0.00010109902677868376,,,0.15625,,,0,-0.5,3.3125,0.6171875,89.35939407348633,0,,0,0,0.0625,,,42,,,,,0,204.921875,55.19397820599988,,0.043046675694064306
0,,2.74524169299184e-05,1070.525390625,,,0.1484375,,0.1328125,0.3571428656578064,1480.2334236765407,1780338724.658836,0.453125,21673.852920532227,,,0,0.0006400023266905919,0.0009225004760082811,0.0003474979166639969,,0.3571428656578064,,0,,0.0078125,0,,,,0,0.0012874988897237927,22.336409193005238,,0,,,0.0003514875133987516,0,,0.0390625,190.13741540908813,213.4234337279995,0.0005800011422252283,1.0,0.0078125,255,,0.0,0.051618012972785794,1.3875980377197266,0.0003514875133987516,0,0.0108642578125,0.546875,0,-0.001644134012167342,0.138671875,0.0390625,0.1484375,163.5234375,,,3e-06,,,0.00022249878384172916,80,78.35661483300646,,,0.0620073776084871,0,551.1358992116584,,0,0.171875,0,163,1,42,38844.276453832,0.20652825700381072,0,119.59644317626953,,0.28196850325912237,,1263666.0,0,0.0038475027395179495,213.4234337279995,,49.971336364746094,,,982,,,,0,,0.0859375,0.138671875,55.93722292700113,0,,0.0,36.872848868370056,,0.041015625,,8639,,56094.46334838867,720,1,163,4096,-0.3571428656578064,,0.0001835113016568357,,,0.171875,,,0,-0.3571428656578064,3.265625,0.546875,89.33084869384766,0,,0,0,0.0859375,,,39,,,,,0,204.921875,56.5845949450013,,0.044265828887539216
0,,-5.8938719860179845e-06,989.912109375,,,0.109375,,0.203125,0.3285714387893677,1449.0551984847473,1780338926.8074539,0.4609375,20438.190460205078,,,0,0.0006200007192092016,0.0008347506081918254,0.00044250009523238987,,0.3285714387893677,,0,,0.0078125,0,,,,0,0.001362501279800199,22.175994623001316,,0,,,-0.0019218388479202986,0,,0.09375,190.13741540908813,202.12169992300187,0.0005747497198171914,1.0,0.0078125,248,,0.0,0.0515238558416418,0.4816690683364868,-0.0019218388479202986,0,0.009124755859375,0.5390625,0,0.0019978278191956633,0.1650390625,0.09375,0.109375,154.171875,,,3e-06,,,0.00017750062397681177,2,76.4388701880016,,,0.06524637630405193,0,519.5150513372937,,0,0.1640625,0,164,1,40,39058.28572851,0.2049013659998309,0,93.53816986083984,,0.1887780090328306,,1171542.0,0,0.003012499291799031,202.12169992300187,,48.278038024902344,,,984,,,,0,,0.0859375,0.1650390625,51.071657412001514,0,,0.0,35.59533879160881,,0.0390625,,8698,,55445.37353515625,710,1,164,4096,-0.5,,0.0002442278355374583,,,0.1640625,,,0,-0.5,2.8828125,0.5390625,89.35873031616211,0,,0,0,0.0859375,,,42,,,,,0,204.921875,52.22818695099704,,0.04359353519720293
0,,5.0475148270834325e-05,1032.5224609375,,,0.140625,,0.1640625,0.3571428656578064,1394.2147772949322,1780339140.8167572,0.4453125,20409.034729003906,,,0,0.000609998096479103,0.0011475003702798858,0.0003974982973886654,,0.3571428656578064,,0,,0.015625,0,,,,0,0.0012375003279885277,22.102699592003773,,0,,,-0.0008632744429633021,0,,0.1015625,190.13741540908813,213.99697869999363,0.0004699977580457926,1.0,0.015625,280,,0.0,0.04839299792775114,0.4556306004524231,-0.0008632744429633021,0,0.009674072265625,0.5546875,0,-0.001248687731276732,0.17578125,0.1015625,0.140625,132.9375,,,3e-06,,,0.0002449996827635914,76,76.34014176000346,,,0.0639669505484636,0,531.1211266416649,,0,0.1328125,0,165,1,39,39265.474814425,0.2068321479964652,0,95.47274780273438,,0.2861359971575439,,1193431.0,0,0.0035725006455322728,213.99697869999363,,48.777320861816406,,,985,,,,0,,0.0546875,0.17578125,64.1791734599974,0,,0.0,35.956889390945435,,0.0380859375,,8755,,55363.73519897461,669,1,165,4096,-0.5,,0.00017192192490256275,,,0.1328125,,,0,-0.5,3.078125,0.5546875,89.44496154785156,0,,0,0,0.0546875,,,42,,,,,0,204.921875,51.16606188800506,,0.053777028969414574
0,,-8.021839806460207e-05,1067.140625,,,0.09375,,0.1484375,0.4000000059604645,1504.7559647765913,1780339348.005739,0.421875,21652.612686157227,,,0,0.0006874979590065777,0.0008775004971539602,0.0002625001798151061,,0.4000000059604645,,0,,0.0078125,0,,,,0,0.0011700030881911516,22.337489155994263,,0,,,0.000218991277506575,0,,0.0625,190.13741540908813,207.16980513599992,0.0005350011633709073,1.0,0.0078125,224,,0.0,0.051133442398640115,0.4184686839580536,0.000218991277506575,0,0.00958251953125,0.578125,0,-0.0014577956244465895,0.13671875,0.0625,0.09375,150.59375,,,3e-06,,,0.0003274981281720102,3,78.29396745600388,,,0.06278787407455241,0,544.3296913872473,,0,0.1875,0,166,1,42,39537.447340409,0.20308265600033337,0,103.38214111328125,,0.27582826442085207,,1246960.0,0,0.003542500053299591,207.16980513599992,,49.81755828857422,,,982,,,,0,,0.0703125,0.13671875,50.45707230699918,0,,0.0,36.545924842357635,,0.041015625,,8809,,56060.19592285156,669,1,166,4096,-0.5,,0.00020041786910951487,,,0.1875,,,0,-0.5,3.5546875,0.578125,89.36004257202148,0,,0,0,0.0703125,,,44,,,,,0,204.921875,55.876171447998786,,0.04046406645521843
0,,0.00011334183088251848,966.8447265625,,,0.09375,,0.2265625,0.4285714328289032,1053.5718917205393,1780339619.9783752,0.4453125,20320.262908935547,,,0,0.0005650017556035891,0.0009149971447186545,0.0003150034899590537,,0.4285714328289032,,0,,0.0078125,0,,,,0,0.0010775002010632306,21.916358139002114,,0,,,-0.001620620023459196,0,,0.0703125,190.13741540908813,271.9418126579985,0.0006625014066230506,0.9921875,0.0078125,260,,0.0,0.05196330852917533,1.109606146812439,-0.001620620023459196,0,0.0080413818359375,0.5546875,0,0.002724845729972003,0.14453125,0.0703125,0.09375,152.3359375,,,3e-06,,,0.00026499765226617455,2,75.4350864299995,,,0.06582232784865419,0,536.7524812390911,,0,0.1640625,0,167,1,25,39738.521715418,0.23971289800101658,0,82.03707885742188,,0.2779634960461408,,1146041.0,0,0.002372498784097843,271.9418126579985,,48.41134262084961,,,999,,,,0,,0.109375,0.14453125,122.90221202500106,0,,0.0,37.23667189478874,,0.0244140625,,8866,,54540.550231933594,811,1,167,4096,-0.30000001192092896,,0.00044204037703821086,,,0.1640625,,,0,-0.30000001192092896,3.1796875,0.5546875,89.44755935668945,0,,0,0,0.109375,,,40,,,,,0,204.921875,51.446221646001504,,0.10724067640250311
0,,6.736049223832197e-05,1013.9228515625,,,0.0859375,,0.1953125,0.44285714626312256,1489.5415100214263,1780339821.0526743,0.4140625,20859.745025634766,,,0,0.0005950005288468674,0.0011225019989069551,0.00033750075090210885,,0.44285714626312256,,0,,0.015625,0,,,,0,0.0013772514648735523,22.098159410001244,,0,,,-0.0008990895585156977,0,,0.0546875,190.13741540908813,201.05935147499986,0.000512496626470238,1.0,0.015625,300,,0.0,0.05223145384331386,1.165098786354065,-0.0008990895585156977,0,0.00848388671875,0.5859375,0,0.001368576780805597,0.1318359375,0.0546875,0.0859375,155.9453125,,,3e-06,,,0.0002849992597475648,3,76.74617173599836,,,0.06406485417610855,0,573.2320557290222,,0,0.1953125,0,168,1,37,39951.352378014,0.21313892400212353,0,100.10726165771484,,0.271243741735816,,1197945.0,0,0.0028725007723551244,201.05935147499986,,48.833744049072266,,,987,,,,0,,0.0625,0.1318359375,47.769997635004984,0,,0.0,36.274462938308716,,0.0361328125,,8919,,55276.641845703125,758,1,168,4096,-0.3571428656578064,,0.0002238898084669927,,,0.1953125,,,0,-0.3571428656578064,3.234375,0.5859375,89.34110260009766,0,,0,0,0.0625,,,42,,,,,0,204.921875,54.229672572997515,,0.03987662007438153
0,,-2.591571066545839e-05,1051.107421875,,,0.0859375,,0.234375,0.33571428060531616,1452.0467814707667,1780340033.8832722,0.4140625,19933.860778808594,,,0,0.0005625006451737136,0.0010325002222089097,0.0003949971869587898,,0.33571428060531616,,0,,0.015625,0,,,,0,0.0013799999578623101,22.146700324003177,,0,,,-0.0009824647568166256,0,,0.0703125,190.13741540908813,212.7903204930044,0.0004849971446674317,1.0,0.015625,217,,0.0,0.04929696550419812,0.4474339783191681,-0.0009824647568166256,0,0.00848388671875,0.5859375,0,0.0033544119505677372,0.142578125,0.0703125,0.0859375,155.8515625,,,3e-06,,,0.00028250178729649633,2,76.08003477400052,,,0.06155711165069796,0,537.3226406263711,,0,0.171875,0,169,1,41,40261.930997188,0.19242699300230015,0,89.65454864501953,,0.2815407351590693,,1235926.0,0,0.0038625021261395887,212.7903204930044,,48.915252685546875,,,983,,,,0,,0.0703125,0.142578125,61.309019742999226,0,,0.0,38.249313831329346,,0.0400390625,,8972,,55570.3125,713,1,169,4096,-0.41428571939468384,,6.73100003041327e-05,,,0.171875,,,0,-0.41428571939468384,3.4921875,0.5859375,89.42053604125977,0,,0,0,0.0703125,,,34,,,,,0,204.921875,53.06000006899558,,0.04960573670510955
0,,-2.354699028472851e-05,1035.0693359375,,,0.125,,0.2109375,0.37142857909202576,987.6355654552638,1780340344.4619958,0.4296875,21257.31086730957,,,0,0.0005900001269765198,0.00096500116342213,0.0004350004019215703,,0.37142857909202576,,0,,0.015625,0,,,,0,0.0011450010788394138,22.218761133000953,,0,,,-0.005198188591748476,0,,0.109375,190.13741540908813,310.55356927999674,0.000459998773294501,0.9921875,0.015625,248,,0.0,0.050406900459571136,0.5814283490180969,-0.005198188591748476,0,0.010711669921875,0.5703125,0,0.0007842520462872926,0.1845703125,0.109375,0.125,163.03125,,,3e-06,,,0.00028750037017744035,2,77.51821605699661,,,0.06318449699189929,0,567.7082770871493,,0,0.125,0,170,1,43,40509.036700696,0.21429791100672446,0,90.63221740722656,,0.26117576635442674,,1226855.0,0,0.003219747668481432,310.55356927999674,,49.9508171081543,,,981,8.121078058997227,,,0,,0.0546875,0.1845703125,149.052073441002,0,,0.0,37.89170831441879,,0.0419921875,,9027,,55655.03692626953,758,1,170,4096,-0.5,,0.00015427088874275796,,,0.125,,,0,-0.5,3.15625,0.5703125,89.39073944091797,0,,0,0,0.0546875,,,48,,,,,0,204.921875,53.4268282730045,,0.12149118961980185
0,,-4.575364562242612e-05,1089.29296875,,,0.09375,,0.171875,0.5,1293.2477952876884,1780340591.5675254,0.4921875,20776.203155517578,,,0,0.0006999998731771484,0.0009725008567329496,0.00040500162867829204,,0.5,,0,,0.0078125,0,,,,0,0.0011275005817878991,22.4068726100013,,0,,,-0.0036311494186520576,0,,0.0859375,190.13741540908813,247.08257857800345,0.00045999695430509746,0.9921875,0.0078125,268,,0.0,0.05024727108233924,0.7662055492401123,-0.0036311494186520576,0,0.014007568359375,0.5078125,0,0.005967086019154522,0.1640625,0.0859375,0.09375,158.90625,,,3e-06,,,0.0003024997567990795,3,77.6146964790023,,,0.060723962082095066,0,555.4772699524619,,0,0.1796875,0,171,1,46,40713.173011405,0.21132049999869196,0,101.69961547851562,,0.264809001237154,,1278156.0,0,0.0031524996302323416,247.08257857800345,,52.80952453613281,,,978,,,,0,,0.125,0.1640625,90.800143526998,0,,0.0,37.111952900886536,,0.044921875,,9090,,56245.63217163086,752,1,171,4096,-0.4285714328289032,,0.00034360728682258923,,,0.1796875,,,0,-0.4285714328289032,3.1328125,0.5078125,89.37977600097656,0,,0,0,0.125,,,56,,,,,0,204.921875,56.04761506700015,,0.07103995406429106
0,,-2.1741752107118373e-05,1000.9638671875,,,0.109375,,0.1484375,0.3499999940395355,1475.6745791945254,1780340795.7040262,0.5390625,21709.325790405273,,,0,0.0006124992069089785,0.0009675004548626021,0.000459998773294501,,0.3499999940395355,,0,,0.015625,0,,,,0,0.001210002665175125,22.152757711999584,,0,,,-0.0016784737817943096,0,,0.1171875,190.13741540908813,204.11326063799788,0.0005374986358219758,1.0,0.015625,249,,0.0,0.04954514767308915,0.6393756866455078,-0.0016784737817943096,0,0.011322021484375,0.4609375,0,-0.0015218039261526428,0.208984375,0.1171875,0.109375,175.6171875,,,3e-06,,,0.00020999868866056204,2,77.81265531800454,,,0.06458451876838309,0,574.5098132083513,,0,0.1640625,0,172,1,42,41511.475880259,0.202177039005619,0,84.3137435913086,,0.26505623827688396,,1204819.0,0,0.003172501237713732,204.11326063799788,,48.26349639892578,,,982,,,,0,,0.1328125,0.208984375,53.16073429199605,0,,0.0,36.047182977199554,,0.041015625,,9159,,55492.50030517578,766,1,172,4096,-0.5,,0.00022144415379443672,,,0.1640625,,,0,-0.5,3.265625,0.4609375,89.37868881225586,0,,0,0,0.1328125,,,38,,,,,0,204.921875,50.78313227799663,,0.04412341961074323
0,,-4.662207959427178e-05,1064.9453125,,,0.1484375,,0.2109375,0.5,392.2410260029447,1780341594.0068066,0.4453125,21117.534637451172,,,0,0.000700001692166552,0.0009449995559407398,0.0003850000211969018,,0.5,,0,,0.0,0,,,,0,0.0012475011317292228,22.22636956399947,,0,,,-0.0016108967829495668,0,,0.046875,190.13741540908813,798.2795761849993,0.0006099999154685065,0.9921875,0.0,246,,0.0,0.049116526035664805,0.5868985652923584,-0.0016108967829495668,0,0.012603759765625,0.5546875,0,0.0025878451706375927,0.1416015625,0.046875,0.1484375,158.171875,,,3e-06,,,0.0004124976840103045,5,77.54854703000456,,,0.06191639176764395,0,531.1878521915787,,0,0.1796875,0,173,1,32,41748.543778502,0.2230160910039558,0,91.42937469482422,,0.30951749067753553,,1252472.0,0,0.0030550017982022837,798.2795761849993,,49.87530517578125,,,992,,,,0,,0.0703125,0.1416015625,644.7180303529967,0,,0.0,36.97409853339195,,0.03125,,9216,,55862.53356933594,736,1,173,4096,-0.4000000059604645,,0.00015311529068640084,,,0.1796875,,,0,-0.4000000059604645,3.140625,0.5546875,89.3371353149414,0,,0,0,0.0703125,,,42,,,,,0,204.921875,53.56176810799661,,0.5147564419428112
0,,-1.904475185199317e-05,1044.9501953125,,,0.140625,,0.1875,0.5,1306.2818282413104,1780341831.0747764,0.4296875,20014.619827270508,,,0,0.0007774997357046232,0.0010525000107008964,0.0002800006768666208,,0.5,,0,,0.0234375,0,,,,0,0.0012225027603562921,22.266606049000984,,0,,,-0.0016277763061225414,0,,0.0390625,190.13741540908813,237.04934364500514,0.0005299989425111562,1.0,0.0234375,274,,0.0,0.04967459829874272,0.5358392596244812,-0.0016277763061225414,0,0.0091400146484375,0.5703125,0,-2.68539006356151e-05,0.15234375,0.0390625,0.140625,164.6328125,,,3e-06,,,0.00025999906938523054,7,76.55694185700122,,,0.06180860515512208,0,587.4134324440092,,0,0.140625,0,174,1,36,42142.58269588,0.1968869890042697,0,99.73589324951172,,0.31435274286195636,,1238613.0,0,0.004204748620395549,237.04934364500514,,49.75547409057617,,,988,,,,0,,0.0859375,0.15234375,84.8732798619967,0,,0.0,36.32725030183792,,0.03515625,,9271,,55918.25866699219,812,1,174,4096,-0.4285714328289032,,8.314752267324366e-05,,,0.140625,,,0,-0.4285714328289032,3.0546875,0.5703125,89.21968841552734,0,,0,0,0.0859375,,,45,,,,,0,204.921875,53.153260743005376,,0.06852283954875066
0,,-3.486849202261055e-05,1049.775390625,,,0.078125,,0.1484375,0.3571428656578064,767.1943347367501,1780342225.113678,0.40625,21025.508880615234,,,0,0.0005524998414330184,0.0009574960131430998,0.0004225003067404032,,0.3571428656578064,,0,,0.0,0,,,,0,0.0011499996617203578,22.106659817000036,,0,,,-0.0010006692027673125,0,,0.0859375,190.13741540908813,394.00251841499994,0.0005849979061167687,0.984375,0.0,290,,0.0,0.04808832212619977,0.4225098788738251,-0.0010006692027673125,0,0.009246826171875,0.59375,0,-0.0005801601873827167,0.1376953125,0.0859375,0.078125,130.9921875,,,3e-06,,,0.00017250204109586775,2,76.83428645499953,,,0.06354636107586889,0,533.6252438282827,,0,0.1953125,0,175,1,38,42358.082084297,0.22895717500068713,0,105.71682739257812,,0.2809209981933236,,1209106.0,0,0.003227498382329941,394.00251841499994,,48.4079704284668,,,986,,,,0,,0.046875,0.1376953125,243.13692746499873,0,,0.0,36.35421022772789,,0.037109375,,9323,,55238.51013183594,679,1,175,4096,-0.5,,0.00010316901875739859,,,0.1953125,,,0,-0.5,3.1484375,0.59375,89.37010192871094,0,,0,0,0.046875,,,45,,,,,0,204.921875,51.69350363600097,,0.20108818206592205
0,,-3.453099509442836e-05,1048.8388671875,,,0.0859375,,0.2109375,0.5,1435.8512162361296,1780342440.6130557,0.421875,21797.039031982422,,,0,0.0005799975042464212,0.0009200030035572127,0.0003250006557209417,,0.5,,0,,0.015625,0,,,,0,0.0012072487152181566,22.183147292002104,,0,,,-0.0012662778608500957,0,,0.0859375,190.13741540908813,215.48663712599955,0.0005300007615005597,1.0,0.015625,252,,0.0,0.050277644469187865,0.45800867676734924,-0.0012662778608500957,0,0.0087890625,0.578125,0,0.0009918186042341408,0.16015625,0.0859375,0.0859375,159.78125,,,3e-06,,,0.0001775024429662153,3,78.0374013019973,,,0.06305405530260515,0,578.4349197092524,,0,0.1328125,0,176,1,51,42744.272397159,0.24656923500151606,0,90.26016998291016,,0.28370373183861375,,1237627.0,0,0.0038225025491556153,215.48663712599955,,49.567291259765625,,,973,,,,0,,0.1015625,0.16015625,61.01869705099671,0,,0.0,37.097662687301636,,0.0498046875,,9377,,55624.53842163086,807,1,176,4096,-0.5,,9.382388907397399e-05,,,0.1328125,,,0,-0.5,3.0625,0.578125,89.35990524291992,0,,0,0,0.1015625,,,48,,,,,0,204.921875,53.99874321399693,,0.04930297824061426
0,,7.399764818671883e-05,1046.8662109375,,,0.078125,,0.21875,0.2142857164144516,798.9648609751418,1780342826.803441,0.4296875,20448.768615722656,,,0,0.0006024984031682834,0.000914998963708058,0.00034000004234258085,,0.2142857164144516,,0,,0.015625,0,,,,0,0.0011499996617203578,21.96666971000377,,0,,,-0.0001525298721389845,0,,0.0859375,190.13741540908813,386.14933530800045,0.0006024984031682834,0.9921875,0.015625,274,,0.0,0.04770309411273339,0.518860399723053,-0.0001525298721389845,0,0.006805419921875,0.5703125,0,0.0008470109096379019,0.1572265625,0.0859375,0.078125,158.2890625,,,3e-06,,,0.0001624994183657691,2,76.0343171630011,,,0.061612195947748166,0,556.1426182248397,,0,0.1484375,0,177,1,34,42957.773674079,0.20079860900295898,0,97.27626037597656,,0.2981784928124398,,1234079.0,0,0.00321724837704096,386.14933530800045,,48.699222564697266,,,990,,,,0,,0.1015625,0.1572265625,236.80810994499916,0,,0.0,36.31053864955902,,0.033203125,,9432,,54992.79022216797,816,1,177,4096,-0.4285714328289032,,5.379047797759995e-05,,,0.1484375,,,0,-0.4285714328289032,2.953125,0.5703125,89.37020111083984,0,,0,0,0.1015625,,,44,,,,,0,204.921875,51.13728756100318,,0.19189055963597076
0,,4.574243916977139e-06,1079.6806640625,,,0.125,,0.171875,0.5,1497.8929906405715,1780343040.3046315,0.40625,21113.508224487305,,,0,0.0006299978849710897,0.0009850027709035203,0.0002700016921153292,,0.5,,0,,0.0078125,0,,,,0,0.0012500004231696948,22.267116292998253,,0,,,0.0014121573185548186,0,,0.0703125,190.13741540908813,213.4867123340009,0.000459998773294501,1.0,0.0078125,263,,0.0,0.04923059893649531,0.46789395809173584,0.0014121573185548186,0,0.010833740234375,0.59375,0,-0.0005351446307031438,0.14453125,0.0703125,0.125,169.4609375,,,3e-06,,,0.00023999928089324385,7,78.2901649330015,,,0.06120622281473098,0,568.9311117348552,,0,0.1484375,0,178,1,47,43213.885631922,0.2054489400034072,0,96.31134796142578,,0.3006025217473507,,1279121.0,0,0.002752502041403204,213.4867123340009,,49.952354431152344,,,977,,,,0,,0.0546875,0.14453125,58.29304469299677,0,,0.0,36.05305030941963,,0.0458984375,,9484,,56571.36535644531,694,1,178,4096,-0.3571428656578064,,0.00013787335501547204,,,0.1484375,,,0,-0.3571428656578064,2.9453125,0.59375,89.42271041870117,0,,0,0,0.0546875,,,51,,,,,0,204.921875,54.42900556999666,,0.04557273681926633
0,,-5.4566160045510514e-05,986.0361328125,,,0.1171875,,0.1875,0.3571428656578064,1127.9846075631458,1780343296.4166126,0.4921875,20933.822631835938,,,0,0.0005974998202873394,0.000900003215065226,0.0003474979166639969,,0.3571428656578064,,0,,0.0,0,,,,0,0.001222499122377485,21.828578057000414,,0,,,-0.001181701198220253,0,,0.0859375,190.13741540908813,256.091482156,0.000459998773294501,0.9921875,0.0,242,,0.0,0.050560415221930374,0.4175136685371399,-0.001181701198220253,0,0.010467529296875,0.5078125,0,0.0006106414075475186,0.1591796875,0.0859375,0.1171875,142.3515625,,,3e-06,,,0.00026750058168545365,4,76.06806625299942,,,0.06583306540720643,0,584.045154031628,,0,0.2265625,0,179,1,29,43433.106626068,0.19472021800174844,0,83.2419204711914,,0.3058552392758429,,1155469.0,0,0.003380000634933822,256.091482156,,46.896583557128906,,,995,,,,0,,0.0625,0.1591796875,106.94712427500053,0,,0.0,37.23590075969696,,0.0283203125,,9547,,54512.64953613281,720,1,179,4096,-0.5,,0.00022175195931595226,,,0.2265625,,,0,-0.5,3.5703125,0.5078125,89.2691879272461,0,,0,0,0.0625,,,39,,,,,0,204.921875,51.05090180999832,,0.09255732890713687
0,,-8.617886884110249e-06,1012.171875,,,0.109375,,0.1875,0.5,1372.2662077378377,1780343515.637614,0.4375,20215.988159179688,,,0,0.0006147474778117612,0.001037249603541568,0.0004625017027137801,,0.5,,0,,0.0078125,0,,,,0,0.0012000000424450263,21.967131662997417,,0,,,-0.0021774510387331247,0,,0.0859375,190.13741540908813,219.18196214699856,0.0005375004548113793,1.0,0.0078125,262,,0.0,0.04934617853875727,0.4258583188056946,-0.0021774510387331247,0,0.010772705078125,0.5625,0,0.0003075261047342792,0.162109375,0.0859375,0.109375,162.734375,,,3e-06,,,0.00028250178729649633,2,75.68817504300387,,,0.06291075006234197,0,581.4236956248351,,0,0.140625,0,180,1,30,43673.801984982,0.20337643300445052,0,85.816650390625,,0.3058127476833761,,1203104.0,0,0.004059751518070698,219.18196214699856,,48.102577209472656,,,994,8.721063133998541,,,0,,0.09375,0.162109375,61.45459934000246,0,,0.0,37.27687895298004,,0.029296875,,9603,,54853.172302246094,598,1,180,4096,-0.5,,0.00021186760932323523,,,0.140625,,,0,-0.5,3.140625,0.5625,89.29303741455078,0,,0,0,0.09375,,,42,,,,,0,204.921875,51.145537592994515,,0.05108003908224265
0,,-9.833908267964375e-05,1049.3828125,,,0.0859375,,0.234375,0.3571428656578064,1282.918121336661,1780343756.3329349,0.4765625,21221.79412841797,,,0,0.0006249993020901456,0.0009400009730597958,0.0003774985088966787,,0.3571428656578064,,0,,0.015625,0,,,,0,0.0010949988791253418,22.083073213005264,,0,,,1.8990893295267597e-05,0,,0.0625,190.13741540908813,240.6731925169952,0.0005424990376923233,0.9921875,0.015625,215,,0.0,0.05305697747094588,0.6749085187911987,1.8990893295267597e-05,0,0.008331298828125,0.5234375,0,0.0003440240689087659,0.1552734375,0.0625,0.0859375,156.7265625,,,3e-06,,,0.0003425011527724564,10,77.33992166000098,,,0.06262057887253775,0,579.2126945107157,,0,0.171875,0,181,1,41,43910.002452473,0.20748350900248624,0,78.29244232177734,,0.29425323009490967,,1235056.0,0,0.004012499630334787,240.6731925169952,,51.381587982177734,,,983,,,,0,,0.140625,0.1552734375,84.02688747600041,0,,0.0078125,37.55216300487518,,0.0400390625,,9664,,55501.060485839844,1024,1,181,4096,-0.5,,0.00011791781389547396,,,0.171875,,,0,-0.5,3.4140625,0.5234375,89.35809326171875,0,,0,0,0.140625,,,33,,,,,0,204.921875,57.01333016699937,,0.06803488058517218
0,,-2.8310232999206875e-05,1017.458984375,,,0.0859375,,0.1875,0.3285714387893677,1282.2841526653117,1780343992.5334656,0.421875,20327.877044677734,,,0,0.0007974977052072063,0.0009949981176760048,0.0003900022420566529,,0.3285714387893677,,0,,0.0234375,0,,,,0,0.0011500014807097614,21.949391481997736,,0,,,-0.0007327155326493084,0,,0.0703125,190.13741540908813,236.18438968499686,0.0005475012585520744,0.9921875,0.0234375,253,,0.0,0.04877450257899141,0.4275396168231964,-0.0007327155326493084,0,0.0088043212890625,0.578125,0,-0.0020673724429798312,0.15625,0.0703125,0.0859375,165.5703125,,,3e-06,,,0.00015750083548482507,3,75.92154233800102,,,0.06267142444003908,0,587.9551057878416,,0,0.15625,0,182,1,27,44121.236398611,0.20514119900326477,0,99.47883605957031,,0.31383748864755034,,1211422.0,0,0.003322500560898334,236.18438968499686,,48.87799072265625,,,997,,,,0,,0.0859375,0.15625,87.28905769700214,0,,0.0,35.86842119693756,,0.0263671875,,9718,,54969.520568847656,626,1,182,4096,-0.5,,0.00025715341871546116,,,0.15625,,,0,-0.5,3.6328125,0.578125,89.42446517944336,0,,0,0,0.0859375,,,41,,,,,0,204.921875,50.81708119799441,,0.07205503754843658
0,,2.2039494883330235e-05,1057.1044921875,,,0.09375,,0.2265625,0.4000000059604645,1459.8740740949258,1780344203.7673502,0.46875,21094.01512145996,,,0,0.0005799993232358247,0.0009124978532781824,0.00033500145946163684,,0.4000000059604645,,0,,0.0,0,,,,0,0.0011275005817878991,22.280409266000788,,0,,,-0.0009964762721210718,0,,0.0703125,190.13741540908813,211.19407178399706,0.0005400015652412549,1.0,0.0,240,,0.0,0.05089026160327289,0.4354924261569977,-0.0009964762721210718,0,0.00927734375,0.53125,0,0.002234515908639878,0.1455078125,0.0703125,0.09375,147.2578125,,,3e-06,,,0.0002149990905309096,21,77.31546016000357,,,0.0626915827310741,0,626.7467186316935,,0,0.1875,0,183,1,37,44425.675292673,0.21087118799914606,0,94.23771667480469,,0.28709101025015116,,1233267.0,0,0.0030450009944615886,211.19407178399706,,50.41694259643555,,,987,,,,0,,0.1171875,0.1455078125,56.29736862000573,0,,0.0,36.57366335391998,,0.0361328125,,9778,,55557.830810546875,661,1,183,4096,-0.5,,0.0002450673268867831,,,0.1875,,,0,-0.5,3.140625,0.53125,89.37810134887695,0,,0,0,0.1171875,,,39,,,,,0,204.921875,55.08743592900282,,0.045648970271648985
0,,-3.452653864144395e-05,1012.6689453125,,,0.0625,,0.1875,0.5,980.9546199196819,1780344508.2060943,0.421875,20421.594619750977,,,0,0.0006372465577442199,0.0010750045476015657,0.0003899986040778458,,0.5,,0,,0.0234375,0,,,,0,0.0011847478162962943,22.30088588000217,,0,,,0.00012435554526746273,0,,0.09375,190.13741540908813,304.4129095640019,0.00045500200940296054,0.9921875,0.0234375,285,,0.0,0.050950895386857466,1.2725911140441895,0.00012435554526746273,0,0.007904052734375,0.578125,0,0.0016296658941428177,0.15625,0.09375,0.0625,153.796875,,,3e-06,,,0.0002950000634882599,2,76.74940719400183,,,0.06425442705454748,0,542.4639018037851,,0,0.1875,0,184,1,28,44639.273706754,0.19586376599909272,0,97.04761505126953,,0.3132302372250706,,1194461.0,0,0.0033349988370900974,304.4129095640019,,49.28522491455078,,,996,,,,0,,0.0546875,0.15625,152.32984762200067,0,,0.0,37.85094618797302,,0.02734375,,9832,,55747.17712402344,607,1,184,4096,-0.5,,4.2020701584988274e-05,,,0.1875,,,0,-0.5,2.9375,0.578125,89.36901473999023,0,,0,0,0.0546875,,,39,,,,,0,204.921875,52.83470284199575,,0.1275301978231191
0,,-5.4141803857987725e-05,1062.626953125,,,0.09375,,0.1796875,0.5,1463.0649254192824,1780344721.8045654,0.421875,20450.096130371094,,,0,0.000602500222157687,0.0009324958227807656,0.0003950008249375969,,0.5,,0,,0.0078125,0,,,,0,0.0013550015864893794,22.2024086310048,,0,,,-0.0006388943293131888,0,,0.0625,190.13741540908813,213.55477434500062,0.00044999978854320943,1.0,0.0078125,262,,0.0,0.052750181379062684,0.5387670993804932,-0.0006388943293131888,0,0.00933837890625,0.578125,0,0.0014656755956821144,0.1298828125,0.0625,0.09375,157.859375,,,3e-06,,,0.0002572487574070692,2,76.5451988929999,,,0.06124703658809797,0,542.050816840856,,0,0.2109375,0,185,1,41,44841.305552069,0.20775004800088936,0,96.7660140991211,,0.3061754978261888,,1249778.0,0,0.0029997499950695783,213.55477434500062,,50.30051803588867,,,983,,,,0,,0.046875,0.1298828125,57.19831199500186,0,,0.0,37.37317770719528,,0.0400390625,,9886,,55515.36560058594,669,1,185,4096,-0.5,,0.00011020424153684871,,,0.2109375,,,0,-0.5,3.25,0.578125,89.41856002807617,0,,0,0,0.046875,,,48,,,,,0,204.921875,57.39905486399948,,0.04576677777573446
0,,5.368387708415412e-05,1003.3935546875,,,0.109375,,0.1328125,0.3571428656578064,1454.1170922826193,1780344923.8364868,0.4609375,21307.090759277344,,,0,0.000564998117624782,0.0008325005182996392,0.00021000232663936913,,0.3571428656578064,,0,,0.0078125,0,,,,0,0.0013025000953348354,21.9362201240001,,0,,,-0.001583350938744843,0,,0.0703125,190.13741540908813,202.01313330199628,0.0005797519406769425,1.0,0.0078125,255,,0.0,0.05198155364559069,0.49121373891830444,-0.001583350938744843,0,0.0081939697265625,0.5390625,0,0.00010850694525288418,0.1484375,0.0703125,0.109375,144.0703125,,,3e-06,,,0.0002449996827635914,2,76.440352110003,,,0.06505545271799562,0,553.4274650763109,,0,0.2109375,0,186,1,27,45044.544277348,0.1933475219993852,0,77.01932525634766,,0.3041707386728376,,1175003.0,0,0.005359752321965061,202.01313330199628,,49.45259094238281,,,997,,,,0,,0.0625,0.1484375,50.03141646000586,0,,0.0,36.090292036533356,,0.0263671875,,9945,,54543.43032836914,545,1,186,4096,-0.4571428596973419,,6.084066671974142e-05,,,0.2109375,,,0,-0.4571428596973419,3.3828125,0.5390625,89.4321403503418,0,,0,0,0.0625,,,34,,,,,0,204.921875,53.40974683200329,,0.042579820187698125
0,,3.043133432356626e-05,1011.3369140625,,,0.09375,,0.171875,0.5,1488.667753188121,1780345127.0752559,0.4375,20516.796112060547,,,0,0.0005775000317953527,0.0008774986781645566,0.0003099976311204955,,0.5,,0,,0.015625,0,,,,0,0.0012299988156883046,22.040522164999857,,0,,,-0.0019928368274122477,0,,0.0625,190.13741540908813,203.21945535000123,0.00047000139602459967,1.0,0.015625,232,,0.0,0.05276465577741765,0.5574297904968262,-0.0019928368274122477,0,0.01373291015625,0.5625,0,-0.00398651062278077,0.15234375,0.0625,0.09375,170.40625,,,3e-06,,,0.0002400010998826474,2,76.27965688199765,,,0.0630355687167623,0,582.0126988728589,,0,0.1484375,0,187,1,27,45286.701759717,0.19812656699650688,0,90.0649185180664,,0.23222723393701017,,1210105.0,0,0.004097248165635392,203.21945535000123,,49.055084228515625,,,997,,,,0,,0.1171875,0.15234375,50.05547498899978,0,,0.0,36.61847859621048,,0.0263671875,,10001,,55143.98956298828,762,1,187,4096,-0.5,,0.00017006077814585296,,,0.1484375,,,0,-0.5,3.4765625,0.5625,89.42374038696289,0,,0,0,0.1171875,,,42,,,,,0,204.921875,54.64355240499572,,0.04136457166031028
0,,3.233167487337596e-05,995.755859375,,,0.1171875,,0.1875,0.5,1208.0596345964354,1780345369.2326658,0.5546875,21007.39097595215,,,0,0.0005350011633709073,0.0009175018931273371,0.0003049990482395515,,0.5,,0,,0.03125,0,,,,0,0.0011350020940881222,22.044945772002393,,0,,,-0.002839289605617523,0,,0.1015625,190.13741540908813,242.1366393040007,0.000555000951862894,0.9921875,0.03125,304,,0.0,0.050566474120635044,0.5057628154754639,-0.002839289605617523,0,0.013458251953125,0.4453125,0,0.0013487678443198092,0.208984375,0.1015625,0.1171875,146.8828125,,,3e-06,,,0.00019750041246879846,2,76.94877420899866,,,0.06576469811770544,0,561.2765864898392,,0,0.171875,0,188,1,33,45488.556718929,0.191043446000549,0,82.38267517089844,,0.3021729935426265,,1170062.0,0,0.0035822504287352785,242.1366393040007,,48.53891372680664,,,991,,,,0,,0.1328125,0.208984375,91.38950340999872,0,,0.0,36.65759786963463,,0.0322265625,,10072,,55343.1396484375,811,1,188,4096,-0.27142858505249023,,0.00021620548500322911,,,0.171875,,,0,-0.27142858505249023,3.078125,0.4453125,89.44259262084961,0,,0,0,0.1328125,,,38,,,,,0,204.921875,51.560307603002,,0.07810654769576204
0,,-2.753155268919727e-05,1020.548828125,,,0.0859375,,0.2109375,0.5,1490.52373815594,1780345571.0877156,0.390625,20860.401153564453,,,0,0.0006150003173388541,0.0008750012057134882,0.0003425011527724564,,0.5,,0,,0.0078125,0,,,,0,0.0012875007087131962,21.976500662000035,,0,,,0.00041538974619470537,0,,0.0546875,190.13741540908813,201.83140482699673,0.0004797493602382019,1.0,0.0078125,241,,0.0,0.0501016710074858,0.43191298842430115,0.00041538974619470537,0,0.00811767578125,0.609375,0,-0.0006246723169169854,0.1220703125,0.0546875,0.0859375,154.5859375,,,3e-06,,,0.00022749918571207672,2,76.33150403399486,,,0.06343313685265059,0,541.7048784747749,,0,0.15625,0,189,1,32,45697.305098211,0.21450528399873292,0,84.07008361816406,,0.30302300001494586,,1203338.0,0,0.0035650027712108567,201.83140482699673,,49.514801025390625,,,992,,,,0,,0.0859375,0.1220703125,50.94859928900405,0,,0.0,36.154694855213165,,0.03125,,10122,,54892.9328918457,721,1,189,4096,-0.24285714328289032,,0.0001814693841879489,,,0.15625,,,0,-0.24285714328289032,3.140625,0.609375,89.40864181518555,0,,0,0,0.0859375,,,45,,,,,0,204.921875,52.358350473004975,,0.042339391998760155
0,,6.454008168077507e-05,1028.546875,,,0.09375,,0.140625,0.4285714328289032,1440.0425090982458,1780345779.8359778,0.4375,21113.821029663086,,,0,0.0005200017767492682,0.0008450024324702099,0.0003399982233531773,,0.4285714328289032,,0,,0.03125,0,,,,0,0.0012274995242478326,22.093245552001463,,0,,,-0.0013439548201858997,0,,0.0703125,190.13741540908813,208.72717166399525,0.0005025012796977535,1.0,0.03125,250,,0.0,0.0501463433611976,1.01829195022583,-0.0013439548201858997,0,0.0093994140625,0.5625,0,0.0004967010681866668,0.162109375,0.0703125,0.09375,145.578125,,,3e-06,,,0.0001949993020389229,2,76.82363933699526,,,0.06389701717452097,0,569.6126233779069,,0,0.15625,0,190,1,33,45928.328569109,0.21151578900025925,0,89.45027160644531,,0.2620544983074069,,1202304.0,0,0.002769998900475912,208.72717166399525,,49.31029510498047,,,991,8.11645328799932,,,0,,0.0859375,0.162109375,48.663811070997326,0,,0.0,36.238498985767365,,0.0322265625,,10178,,55103.69873046875,753,1,190,4096,-0.5,,0.00012907387167615525,,,0.15625,,,0,-0.5,3.7109375,0.5625,89.41802597045898,0,,0,0,0.0859375,,,45,,,,,0,204.921875,52.81573351100087,,0.04047546300353099
0,,2.328914462168541e-05,1067.4765625,,,0.0859375,,0.1953125,0.34285715222358704,1381.2685341820343,1780346010.8595417,0.390625,21110.706329345703,,,0,0.000714997440809384,0.0009124978532781824,0.00041499879444018006,,0.34285715222358704,,0,,0.015625,0,,,,0,0.0013499975466402248,22.194299886999943,,0,,,0.0014424363616853952,0,,0.0546875,190.13741540908813,230.9760861879986,0.0006299997039604932,1.0,0.015625,250,,0.0,0.04979645295930361,0.6606338620185852,0.0014424363616853952,0,0.0093994140625,0.609375,0,-0.0014870900668029208,0.130859375,0.0546875,0.0859375,178.7734375,,,3e-06,,,0.00017499769455753267,78,77.96372804100247,,,0.061092439851587944,0,603.1108148054045,,0,0.1640625,0,191,1,45,46133.189704086,0.24121436700079357,0,88.51009368896484,,0.34199751098640263,,1276160.0,0,0.002945002052001655,230.9760861879986,,51.45997619628906,,,979,,,,0,,0.0703125,0.130859375,76.14233131999936,0,,0.0,35.004109144210815,,0.0439453125,,10228,,56214.55764770508,757,1,191,4096,-0.5,,0.00026481587110538385,,,0.1640625,,,0,-0.5,3.171875,0.609375,89.1048698425293,0,,0,0,0.0703125,,,44,,,,,0,204.921875,54.432303544002934,,0.059665191919508025
0,,-5.281532658329979e-05,959.7099609375,,,0.1015625,,0.1640625,0.5,1378.709683362459,1780346215.7206752,0.421875,20749.433517456055,,,0,0.0004875000740867108,0.0008347487892024219,0.00040749728213995695,,0.5,,0,,0.0,0,,,,0,0.001307500497205183,21.933350056002382,,0,,,-0.0013756279367953539,0,,0.1328125,190.13741540908813,204.84932644500077,0.0005700003384845331,1.0,0.0,255,,0.0,0.05066121574918395,0.44697362184524536,-0.0013756279367953539,0,0.0098876953125,0.578125,0,-0.0012298708752496168,0.169921875,0.1328125,0.1015625,143.5234375,,,3e-06,,,0.00021999949240125716,2,76.33769761899748,,,0.06757276650311228,0,592.2267868791096,,0,0.1328125,0,192,1,33,46335.64816649,0.24074390300665982,0,101.66801452636719,,0.23038225481286645,,1129711.0,0,0.004685000021709129,204.84932644500077,,47.07897186279297,,,991,,,,0,,0.0546875,0.169921875,56.548452846000146,0,,0.0,34.65874120593071,,0.0322265625,,10282,,54961.13967895508,813,1,192,4096,-0.5,,0.00018742282691164291,,,0.1328125,,,0,-0.5,3.203125,0.578125,89.4034309387207,0,,0,0,0.0546875,,,37,,,,,0,204.921875,49.78695514900028,,0.050055680475803235
0,,-3.8568648989212306e-05,976.6826171875,,,0.1015625,,0.1640625,0.5,1408.5359495453981,1780346418.1790888,0.4609375,19716.01104736328,,,0,0.0007175021892180666,0.0009850009519141167,0.0003500026650726795,,0.5,,0,,0.015625,0,,,,0,0.0012300006346777081,21.95012836400565,,0,,,-0.0008699928293935955,0,,0.1015625,190.13741540908813,202.41496150099556,0.0004475004971027374,1.0,0.015625,272,,0.0,0.05133945131748849,0.42095494270324707,-0.0008699928293935955,0,0.010223388671875,0.5390625,0,-0.0023327891576627735,0.1728515625,0.1015625,0.1015625,137.0234375,,,3e-06,,,0.0002499982656445354,2,75.08096583700535,,,0.0658353749551753,0,517.4645674469502,,0,0.140625,0,193,1,32,46537.566920166,0.21037233399692923,0,97.96945190429688,,0.28666327125392854,,1140435.0,0,0.0028024987841490656,202.41496150099556,,47.36515808105469,,,992,,,,0,,0.1015625,0.1728515625,53.82550891699793,0,,0.0,36.66897490620613,,0.03125,,10341,,54810.52780151367,600,1,193,4096,-0.5,,0.0002010011628499342,,,0.140625,,,0,-0.5,3.0390625,0.5390625,89.43318176269531,0,,0,0,0.1015625,,,44,,,,,0,204.921875,51.345766070000536,,0.04719734918430067
0,,-2.816355237200696e-05,980.4453125,,,0.1015625,,0.140625,0.5,1437.6197071583952,1780346620.0979023,0.453125,20512.062072753906,,,0,0.0006574991857632995,0.0010449984984006733,0.00035999983083456755,,0.5,,0,,0.015625,0,,,,0,0.0013222470442997292,22.01423253700341,,0,,,-0.0011011786991730332,0,,0.0859375,190.13741540908813,201.90596898100193,0.0004824978532269597,1.0,0.015625,302,,0.0,0.05239015391204584,0.6809548735618591,-0.0011011786991730332,0,0.0084381103515625,0.546875,0,0.000594788443777361,0.16015625,0.0859375,0.1015625,153.3984375,,,3e-06,,,0.0003049990482395515,8,76.26651905700419,,,0.0656872011832368,0,580.7029571642488,,0,0.171875,0,194,1,32,46747.801415246,0.19714916500379331,0,92.04188537597656,,0.33078750129789114,,1161056.0,0,0.0036300025385571644,201.90596898100193,,49.322975158691406,,,992,,,,0,,0.078125,0.16015625,50.82756865600095,0,,0.0,35.800233483314514,,0.03125,,10399,,55137.61520385742,738,1,194,4096,-0.5,,0.00020027411619594204,,,0.171875,,,0,-0.5,3.2265625,0.546875,89.47298049926758,0,,0,0,0.078125,,,50,,,,,0,204.921875,52.59845716400014,,0.04377701734972383
0,,2.204198868760443e-05,991.2890625,,,0.09375,,0.2109375,0.41428571939468384,1389.4064482190174,1780346830.332386,0.4609375,21589.372634887695,,,0,0.0005974980012979358,0.0009474988473812118,0.0004199991963105276,,0.41428571939468384,,0,,0.0078125,0,,,,0,0.0012849995982833207,22.06765883200569,,0,,,-0.0017677743453532457,0,,0.0546875,190.13741540908813,210.22070278599858,0.0005225010681897402,1.0,0.0078125,236,,0.0,0.05217836339599216,0.5500093102455139,-0.0017677743453532457,0,0.009002685546875,0.5390625,0,0.0014565592318831477,0.134765625,0.0546875,0.09375,149.65625,,,3e-06,,,0.00026499765226617455,2,77.92336697000428,,,0.06669648161304384,0,532.4184011569741,,0,0.21875,0,195,1,38,47290.541203942,0.2052393400008441,0,100.61863708496094,,0.32138449023477733,,1168328.0,0,0.003742248736671172,210.22070278599858,,48.83466339111328,,,986,,,,0,,0.0859375,0.134765625,57.057062287996814,0,,0.0,36.6288498044014,,0.037109375,,10458,,55764.617919921875,815,1,195,4096,-0.2785714268684387,,0.0002895246784646588,,,0.21875,,,0,-0.2785714268684387,3.3203125,0.5390625,89.46632385253906,0,,0,0,0.0859375,,,54,,,,,0,204.921875,52.965213116003724,,0.04883651019918791
0,,-8.18677739076179e-05,1011.90625,,,0.0390625,,0.1796875,0.5,552.6518378329326,1780347373.0720935,0.4140625,20460.254669189453,,,0,0.0006250011210795492,0.001162499756901525,0.0002800006768666208,,0.5,,0,,0.015625,0,,,,0,0.0013549997674999759,22.07809972299583,,0,,,-0.0011702533811330795,0,,0.078125,190.13741540908813,542.7214377429991,0.000457499481854029,0.984375,0.015625,288,,0.0,0.05149087253810417,0.5481593012809753,-0.0011702533811330795,0,0.00994873046875,0.5859375,0,0.0019102525475318544,0.1357421875,0.078125,0.0390625,159.71875,,,3e-06,,,0.0002449996827635914,2,76.23033138000028,,,0.06353883110063503,0,535.7766924043972,,0,0.1640625,0,196,1,34,47499.89336324,0.2058319039933849,0,98.50465393066406,,0.2791982551570982,,1199744.0,0,0.003547498636180535,542.7214377429991,,49.1507568359375,,,990,,,,0,,0.1171875,0.1357421875,390.8503905329999,0,,0.0078125,37.056513130664825,,0.033203125,,10511,,55196.956634521484,1024,1,196,4096,-0.5,,0.00024336268415936502,,,0.1640625,,,0,-0.5,3.3828125,0.5859375,89.52674865722656,0,,0,0,0.1171875,,,41,,,,,0,204.921875,53.35443019700324,,0.3257781581178984
0,,-3.5870059633680285e-05,1050.6572265625,,,0.078125,,0.171875,0.5,1475.9104135467987,1780347582.4243536,0.3984375,21117.040634155273,,,0,0.0004675002855947241,0.0009424984455108643,0.00044000080379191786,,0.5,,0,,0.0234375,0,,,,0,0.0012399996194289997,22.245188540000527,,0,,,-0.0011216005077585578,0,,0.109375,190.13741540908813,209.33943358900433,0.0006525006028823555,1.0,0.0234375,256,,0.0,0.052836171253482375,0.5725463628768921,-0.0011216005077585578,0,0.02691650390625,0.6015625,0,-0.0004238597903167829,0.1767578125,0.109375,0.078125,156.2421875,,,3e-06,,,0.00023249958758242428,2,77.40287335799803,,,0.06263052465924517,0,537.7371939976001,,0,0.1015625,0,197,1,43,47706.511232478,0.21665239999856567,0,88.76798248291016,,0.30890299240127206,,1235865.0,0,0.003282499164924957,209.33943358900433,,50.87718963623047,,,981,,,,0,,0.0859375,0.1767578125,52.62750445599522,0,,0.0,36.46421432495117,,0.0419921875,,10562,,55711.3151550293,716,1,197,4096,-0.5,,0.0003003911688210792,,,0.1015625,,,0,-0.5,3.21875,0.6015625,89.4686050415039,0,,0,0,0.0859375,,,39,,,,,0,204.921875,56.845010074997845,,0.04258353821493061
0,,8.078698996527578e-05,1023.40234375,,,0.1171875,,0.2421875,0.30714285373687744,1468.0286839710668,1780347789.0421243,0.4921875,20456.04705810547,,,0,0.0005425026756711304,0.0010049989214166999,0.00034250297176185995,,0.30714285373687744,,0,,0.0234375,0,,,,0,0.0013375029084272683,22.081381871001213,,0,,,-0.0011243097251281142,0,,0.09375,190.13741540908813,206.60018657099863,0.0005574984243139625,1.0,0.0234375,231,,0.0,0.051714078245056104,0.5266472101211548,-0.0011243097251281142,0,0.00994873046875,0.5078125,0,0.000827269865112612,0.1865234375,0.09375,0.1171875,161.34375,,,3e-06,,,0.0002199976734118536,2,76.40787885699683,,,0.0629814857292379,0,568.6893429083284,,0,0.171875,0,198,1,38,47914.772752683,0.20894388199667446,0,86.62193298339844,,0.27292899903841317,,1213180.0,0,0.0031924973882269114,206.60018657099863,,49.45066452026367,,,986,,,,0,,0.0859375,0.1865234375,53.70556976100488,0,,0.0,35.95376014709473,,0.037109375,,10625,,55346.90856933594,747,1,198,4096,-0.5,,0.00011391003226890462,,,0.171875,,,0,-0.5,3.1640625,0.5078125,89.41792678833008,0,,0,0,0.0859375,,,41,,,,,0,204.921875,54.194492294001975,,0.04426842658220947
0,,2.8686517444587167e-05,1048.4658203125,,,0.09375,,0.203125,0.4285714328289032,1506.5720721891719,1780347997.3037148,0.4296875,20546.350479125977,,,0,0.0005799975042464212,0.0008549995982320979,0.000350000846083276,,0.4285714328289032,,0,,0.0078125,0,,,,0,0.0011574993550311774,22.408482097998785,,0,,,-0.00045873821363784373,0,,0.078125,190.13741540908813,208.22717730599834,0.0004974990588380024,1.0,0.0078125,281,,0.0,0.04912854695057522,0.4845637083053589,-0.00045873821363784373,0,0.00958251953125,0.5703125,0,0.0016648729288135655,0.1455078125,0.078125,0.09375,176.9609375,,,3e-06,,,0.00027500209398567677,2,76.430613343,,,0.060908797989699066,0,522.696321560943,,0,0.1640625,0,199,1,40,48204.83923158,0.23101062299974728,0,94.821044921875,,0.3175652527716011,,1254837.0,0,0.003947501681977883,208.22717730599834,,49.935546875,,,984,,,,0,,0.0859375,0.1455078125,56.409225664996484,0,,0.0,37.62147203087807,,0.0390625,,10680,,55323.6198425293,807,1,199,4096,-0.4285714328289032,,0.00017793298388824041,,,0.1640625,,,0,-0.4285714328289032,3.0546875,0.5703125,89.42877578735352,0,,0,0,0.0859375,,,45,,,,,0,204.921875,52.74583273399912,,0.04495342874412891
0,0.0,2.2184893438748077e-05,1025.197265625,0.07142857142857142,0.20202020202020202,0.1015625,0.0,0.1328125,0.3214285671710968,1004.5896227545238,1780348296.5743647,0.46875,20353.710174560547,0.9333333333333333,0.0,0,0.0005675010470440611,0.0008997485565487295,0.00030000046535860747,0.0,0.3214285671710968,0.0,0,0.0,0.015625,0,0.0,0.0,0.8017578125,0,0.0011950014595640823,22.15188732399838,0.0,0,0.0,0.0,-0.001336061512120068,0,0.0,0.1015625,190.13741540908813,299.2510505689934,0.0004925022949464619,1.0,0.015625,276,"{'_type': 'table-file', 'artifact_path': 'wandb-client-artifact://j3372x0ew02cgn6q9mhyuyuy2eob0dnohdrufn9yn4rhnnvwu3l3qybmhluitxsf9x2aev5fcozpqt4ffqpfa8kiur7952gymqzyzd61yhtkob7ww4aeugoouw5bqehr/val/generations.table.json', '_latest_artifact_path': 'wandb-client-artifact://i3xo3etqkkcvy7y73i9d5cnw618r0xa5nfx56i4yk6bds6eqs5r3zn0xv0hthvs0w27gbp9jt6psuuwyb8keo6vc3rgq7vy9eyhuwjt9ufgs5x1zuu2jwwh7ipxsm9j9:latest/val/generations.table.json', 'size': 60723, 'nrows': 4, 'path': 'media/table/val/generations_199_4c61829503c20e12591d.table.json', 'ncols': 13, 'sha256': '4c61829503c20e12591d7bafb46aa19b0e78f52be8d6d93d255fa1475f165fa6', 'log_mode': 'IMMUTABLE'}",0.0,0.05036483647583526,0.4840547442436218,-0.001336061512120068,0,0.009521484375,0.53125,0,0.001912894716951996,0.1748046875,0.1015625,0.1015625,149.1171875,0.19804134929270947,0.19449715370018975,3e-06,0.0,0.0,0.00021250161807984114,3,76.2284324160064,0.06666666666666667,0.0,0.06339173322201484,0,528.3135846002551,0.1982421875,0,0.171875,0,200,1,35,48415.453035651,0.20093295499827946,0,81.75354766845703,0.0,0.227042255573906,0.0,1202498.0,0,0.003099999958067201,299.2510505689934,0.0,48.77691650390625,0.0,0.0,989,9.171012920000067,0.0,0.8055028462998103,0,1024.0,0.078125,0.1748046875,63.02570486300101,0,0.0,0.0,36.98600456118584,0.0,0.0341796875,0.0,10740,1054.0,55309.18884277344,721,1,200,4096,-0.4285714328289032,0.0,0.00022963969422562514,0.0,0.0,0.171875,0.0,0.1982421875,0,-0.4285714328289032,3.3984375,0.53125,89.44171142578125,0,0.06666666666666667,0,0,0.078125,75.59744130799663,0.0,44,0.0,0.0,0.0,0.0,0,204.921875,52.87310606200481,30.0,0.052412315748550944
0,,7.134169214850772e-05,950.9140625,,,0.1328125,,0.171875,0.3571428656578064,1410.3167323254868,1780348497.9837234,0.4609375,20096.72737121582,,,0,0.0006249993020901456,0.0009000013960758224,0.0002650031092343852,,0.3571428656578064,,0,,0.015625,0,,,,0,0.0011100000847363845,21.828086699999403,,0,,,-0.00017687362560536712,0,,0.125,190.13741540908813,201.36044158799632,0.0006125010258983821,1.0,0.015625,247,,0.0,0.053984538129433546,0.6924166083335876,-0.00017687362560536712,0,0.010162353515625,0.5390625,0,0.0010349386575398967,0.1904296875,0.125,0.1328125,158.390625,,,3e-06,,,0.00035999983083456755,3,75.28507331899891,,,0.06627627219242672,0,555.2835614089418,,0,0.1328125,0,201,1,25,48616.472131075,0.19215391200123122,0,82.583251953125,,0.2593017416074872,,1135928.0,0,0.003654748070403002,201.36044158799632,,50.06964874267578,,,999,,,,0,,0.0546875,0.1904296875,51.485898655999335,0,,0.0,36.810144782066345,,0.0244140625,,10799,,54595.985412597656,717,1,201,4096,-0.5,,0.00010212977440460236,,,0.1328125,,,0,-0.5,3.140625,0.5390625,89.43587493896484,0,,0,0,0.0546875,,,35,,,,,0,204.921875,52.566688220002106,,0.04532496659647384
0,,7.049174910633837e-05,973.9189453125,,,0.1796875,,0.1484375,0.4285714328289032,1426.2424342233153,1780348699.0030818,0.5625,20403.472900390625,,,0,0.0005775000317953527,0.0008999995770864189,0.0002874985511880368,,0.4285714328289032,,0,,0.0,0,,,,0,0.0011847514542751014,22.066653190006036,,0,,,-0.003171933349221945,0,,0.078125,190.13741540908813,201.00036510000064,0.0004725006874650717,1.0,0.0,259,,0.0,0.0521542190379335,0.45834293961524963,-0.003171933349221945,0,0.0115966796875,0.4375,0,0.005365304634324275,0.1875,0.078125,0.1796875,145.90625,,,3e-06,,,0.00020500010577961802,6,76.35737379299826,,,0.06658873916827339,0,546.1417692968098,,0,0.1796875,0,202,1,30,48828.092394938,0.20947857899591327,0,86.61787414550781,,0.28856098651885986,,1146701.0,0,0.0033100004657171667,201.00036510000064,,48.53789520263672,,,994,,,,0,,0.125,0.1875,50.35086920900358,0,,0.0078125,34.59985554218292,,0.029296875,,10871,,55372.86376953125,1024,1,202,4096,-0.5,,0.00029568387662948226,,,0.1796875,,,0,-0.5,3.3984375,0.4375,89.5110092163086,0,,0,0,0.125,,,46,,,,,0,204.921875,52.01303756699781,,0.0439093270250951
0,,-4.40515124751073e-05,976.33984375,,,0.09375,,0.15625,0.3214285671710968,1370.4340309477639,1780348910.6233878,0.4296875,20476.459503173828,,,0,0.000507501681568101,0.0007999988156370819,0.0003699988155858591,,0.3214285671710968,,0,,0.0078125,0,,,,0,0.0013924964150646701,22.60712003200024,,0,,,0.00043314884533174336,0,,0.1015625,190.13741540908813,211.60522393000429,0.0005447491275845096,1.0,0.0078125,284,,0.0,0.058783245032862856,0.908625066280365,0.00043314884533174336,0,0.009613037109375,0.5703125,0,0.0011410883271310013,0.158203125,0.1015625,0.09375,156.4375,,,3e-06,,,0.0002149990905309096,2,76.7031119050007,,,0.06612542450024371,0,551.5898349694908,,0,0.1640625,0,203,1,36,49073.979841618,0.19950066700403113,0,92.5669174194336,,0.26615874958224595,,1159964.0,0,0.0031347517506219447,211.60522393000429,,53.23832321166992,,,988,,,,0,,0.0625,0.158203125,53.32327962599811,0,,0.0,35.881057381629944,,0.03515625,,10926,,55638.90838623047,632,1,203,4096,-0.5,,0.0003741313105365407,,,0.1640625,,,0,-0.5,3.234375,0.5703125,89.54888916015625,0,,0,0,0.0625,,,34,,,,,0,204.921875,58.76984245299536,,0.04596977115324106
0,,2.4849509713931184e-05,1127.123046875,,,0.109375,,0.203125,0.3142857253551483,1349.2817753688591,1780349156.5107749,0.40625,21402.050018310547,,,0,0.0006374993972713128,0.0008275001164292917,0.00032749994716141373,,0.3142857253551483,,0,,0.03125,0,,,,0,0.0013975022739032283,22.44003764700028,,0,,,-0.0008494663052260876,0,,0.046875,190.13741540908813,245.86673151300056,0.0005250003596302122,0.9921875,0.03125,249,,0.0,0.047901410951897316,0.4887316823005676,-0.0008494663052260876,0,0.0120849609375,0.59375,0,-0.00013857970770914108,0.150390625,0.046875,0.109375,168.75,,,3e-06,,,0.00023999928089324385,3,78.55778511999961,,,0.05920069656225337,0,555.3878418304521,,0,0.125,0,204,1,55,49372.602270204,0.2151871640016907,0,100.74755096435547,,0.29559124959632754,,1326974.0,0,0.0032172501960303634,245.86673151300056,,51.25873565673828,,,969,,,,0,,0.09375,0.150390625,89.36509866399865,0,,0.0,37.89163380861282,,0.0537109375,,10978,,56562.15286254883,732,1,204,4096,-0.5,,0.00021850102484677336,,,0.125,,,0,-0.5,2.96875,0.59375,89.43870162963867,0,,0,0,0.09375,,,54,,,,,0,204.921875,55.286563083995134,,0.06734502609998286
0,,8.978434919981737e-06,1007.8310546875,,,0.046875,,0.1640625,0.5,977.6284225595757,1780349455.1332397,0.390625,20708.274841308594,,,0,0.0006644986569881439,0.001115000486606732,0.00040499799069948494,,0.5,,0,,0.015625,0,,,,0,0.001207499735755846,21.794483687997854,,0,,,0.00037827069172635674,0,,0.078125,190.13741540908813,298.59683215399855,0.0005899964889977127,0.9921875,0.015625,284,,0.0,0.049951605145833654,0.8248708248138428,0.00037827069172635674,0,0.01043701171875,0.609375,0,-0.0005831440612382721,0.1328125,0.078125,0.046875,132.46875,,,3e-06,,,0.00019249819160904735,2,75.77080973899865,,,0.06489076914822346,0,555.5582811175555,,0,0.1640625,0,205,1,25,49615.997420186,0.21784370700333966,0,79.75952911376953,,0.27692876756191254,,1167667.0,0,0.003487502908683382,298.59683215399855,,48.46698760986328,,,999,,,,0,,0.0859375,0.1328125,149.2603615620028,0,,0.0,38.14039006829262,,0.0244140625,,11028,,54468.55163574219,758,1,205,4096,-0.5,,0.00015302631254598964,,,0.1640625,,,0,-0.5,3.09375,0.609375,89.40103149414062,0,,0,0,0.0859375,,,38,,,,,0,204.921875,51.5510055909981,,0.1278278495170308
0,,-1.155173532652043e-05,1074.2958984375,,,0.1171875,,0.1484375,0.3571428656578064,1298.8497691607017,1780349698.5284283,0.4453125,21784.984588623047,,,0,0.0005800011422252283,0.0009899995347950608,0.0004350004019215703,,0.3571428656578064,,0,,0.03125,0,,,,0,0.001262500518350862,22.31190756999422,,0,,,0.00011118708061985672,0,,0.0703125,190.13741540908813,243.37514430499868,0.0005825004336657003,1.0,0.03125,222,,0.0,0.048800398719549984,0.4853561520576477,0.00011118708061985672,0,0.009063720703125,0.5546875,0,0.0008208693070628215,0.166015625,0.0703125,0.1171875,160.5,,,3e-06,,,0.00019999788491986692,11,78.41098940400116,,,0.06201286539479114,0,544.8058476904407,,0,0.171875,0,206,1,39,49850.082316128,0.2344430450029904,0,89.86519622802734,,0.29708599322475493,,1264431.0,0,0.003622250005719252,243.37514430499868,,49.93929672241211,,,985,,,,0,,0.0546875,0.166015625,88.73123260500142,0,,0.0,37.38377243280411,,0.0380859375,,11085,,56043.51043701172,722,1,206,4096,-0.5,,0.00022107416339167685,,,0.171875,,,0,-0.5,3.5,0.5546875,89.44548034667969,0,,0,0,0.0546875,,,41,,,,,0,204.921875,53.68429382300383,,0.07017483168713945
0,,7.489435728302851e-05,1001.1953125,,,0.1328125,,0.140625,0.4000000059604645,1275.811228487064,1780349932.6132696,0.4375,20393.25714111328,,,0,0.0008699971658643335,0.0009049999789567664,0.00035750053939409554,,0.4000000059604645,,0,,0.0,0,,,,0,0.0015149980754358694,22.017103270998632,,0,,,-0.002558200154453516,0,,0.0625,190.13741540908813,234.05656991599972,0.0005450001481221989,1.0,0.0,226,,0.0,0.05086674014947338,0.6456547379493713,-0.002558200154453516,0,0.01080322265625,0.5625,0,0.0016504295417689718,0.146484375,0.0625,0.1328125,165.2578125,,,3e-06,,,0.00026999987312592566,2,76.09198912699503,,,0.06370473149688813,0,533.117698991191,,0,0.140625,0,207,1,39,50086.112843888,0.19765533700410742,0,82.92528533935547,,0.30723074451088905,,1194448.0,0,0.003677250788314268,234.05656991599972,,48.54908752441406,,,985,,,,0,,0.1015625,0.146484375,83.59710990299936,0,,0.0,36.18285804986954,,0.0380859375,,11141,,55129.11605834961,759,1,207,4096,-0.5,,0.00013654906706506154,,,0.140625,,,0,-0.5,3.484375,0.5625,89.47029876708984,0,,0,0,0.1015625,,,47,,,,,0,204.921875,52.149802803003695,,0.06998806972174541
0,,3.2657901165578096e-05,1037.1103515625,,,0.0859375,,0.1796875,0.3642857074737549,1302.541562904357,1780350168.6436174,0.34375,20680.673599243164,,,0,0.000604999513598159,0.0009324994607595727,0.0003674995241453871,,0.3642857074737549,,0,,0.0,0,,,,0,0.0012549990060506389,22.246366665000096,,0,,,0.0005415417836047709,0,,0.0546875,190.13741540908813,236.01108690500405,0.0005074998625786975,1.0,0.0,276,,0.0,0.05204914255824733,0.5518984794616699,0.0005415417836047709,0,0.00762939453125,0.65625,0,-0.00023169763153418899,0.11328125,0.0546875,0.0859375,163.7265625,,,3e-06,,,0.00018250284483656287,2,77.15619715899811,,,0.06274611306974068,0,599.0681648800091,,0,0.109375,0,208,1,39,50285.799886309,0.2759270660026232,0,84.27769470214844,,0.2887737355194986,,1229657.0,0,0.0038072503230068833,236.01108690500405,,49.96303176879883,,,985,,,,0,,0.09375,0.11328125,81.05386365700542,0,,0.0,37.745725363492966,,0.0380859375,,11185,,55838.41323852539,758,1,208,4096,-0.3571428656578064,,0.00017576623645254585,,,0.109375,,,0,-0.3571428656578064,3.15625,0.65625,89.4477424621582,0,,0,0,0.09375,,,44,,,,,0,204.921875,55.27624144600122,,0.06591583153432658
0,,-1.533059625558053e-05,903.7060546875,,,0.1484375,,0.1171875,0.4285714328289032,1321.4750643336392,1780350368.3308942,0.4765625,19990.968704223633,,,0,0.0006299960659816861,0.0008975002856459469,0.0003125005605397746,,0.4285714328289032,,0,,0.03125,0,,,,0,0.001262500518350862,21.65628105900396,,0,,,-0.0019834847189486027,0,,0.0703125,190.13741540908813,199.64565137900354,0.0004749999789055437,1.0,0.03125,262,,0.0,0.055961009698557794,0.5650371313095093,-0.0019834847189486027,0,0.01129150390625,0.5234375,0,-0.00016403062363679055,0.1904296875,0.0703125,0.1484375,126.8671875,,,3e-06,,,0.00019250182958785444,3,74.57348740300222,,,0.07066520680996356,0,566.7058556409756,,0,0.1171875,0,209,1,18,50499.700128113,0.18717683900467819,0,75.55559539794922,,0.30010848422534764,,1055307.0,0,0.0035800003388430923,199.64565137900354,,47.419681549072266,,,1006,,,,0,,0.109375,0.1904296875,51.44037271399429,0,,0.0,35.143446177244186,,0.017578125,,11246,,53980.36193847656,573,1,209,4096,-0.5,,0.0001784299934115552,,,0.1171875,,,0,-0.5,3.46875,0.5234375,89.50312042236328,0,,0,0,0.109375,,,44,,,,,0,204.921875,51.78603856999689,,0.04874446271463592
0,,6.502998104451763e-05,988.6025390625,,,0.1484375,,0.125,0.41428571939468384,1328.106863712966,1780350582.2310262,0.4609375,20183.868408203125,,,0,0.0005924994184169918,0.0010399999155197293,0.0002899978426285088,,0.41428571939468384,,0,,0.03125,0,,,,0,0.0011899992387043312,21.719661770999664,,0,,,0.0001878796174423769,0,,0.078125,190.13741540908813,213.8835795230043,0.00046500281314365566,1.0,0.03125,267,,0.0,0.049691317223943335,0.44740012288093567,0.0001878796174423769,0,0.009521484375,0.5390625,0,-0.0020951633850927465,0.1904296875,0.078125,0.1484375,121.0078125,,,3e-06,,,0.00024249857233371586,3,75.10023905699927,,,0.06609534337961688,0,537.0409701808967,,0,0.140625,0,210,1,31,50737.781424042,0.19504455199785298,0,85.37285614013672,,0.3000154974870384,,1136241.0,0,0.0032225016184384003,213.8835795230043,,47.7540283203125,,,993,7.559398618999694,,,0,,0.0625,0.1904296875,59.003171260003,0,,0.0,38.29004615545273,,0.0302734375,,11305,,54340.73257446289,600,1,210,4096,-0.5,,0.00022847628201816406,,,0.140625,,,0,-0.5,3.3203125,0.5390625,89.4888687133789,0,,0,0,0.0625,,,48,,,,,0,204.921875,50.30396147399733,,0.051928394821171744
0,,2.885827893805981e-05,1017.3271484375,,,0.109375,,0.140625,0.5,1252.6285792854997,1780350820.3123875,0.4765625,20958.467483520508,,,0,0.0006099999154685065,0.0009924988262355328,0.000459998773294501,,0.5,,0,,0.015625,0,,,,0,0.001104999682866037,21.94675746199937,,0,,,-0.0012843896402046084,0,,0.1015625,190.13741540908813,238.06558059700183,0.0005874990165466443,1.0,0.015625,254,,0.0,0.05180895752119226,0.4922405481338501,-0.0012843896402046084,0,0.0137939453125,0.5234375,0,0.0027967947062279563,0.189453125,0.1015625,0.109375,147.546875,,,3e-06,,,0.0002349988790228963,3,76.385302511997,,,0.06403698638951955,0,568.5555046002264,,0,0.1328125,0,211,1,30,50937.556799606,0.20195615400007227,0,91.61492156982422,,0.2794932515826076,,1192831.0,0,0.0030600003810832277,238.06558059700183,,51.32038879394531,,,994,,,,0,,0.1171875,0.189453125,85.55737429399596,0,,0.0,37.878844887018204,,0.029296875,,11366,,54820.11413574219,633,1,211,4096,-0.5,,0.0002801603427542432,,,0.1328125,,,0,-0.5,3.296875,0.5234375,89.51822280883789,0,,0,0,0.1171875,,,40,,,,,0,204.921875,53.97161883499939,,0.07172631688310914
0,,6.368084945540531e-05,1007.0302734375,,,0.140625,,0.234375,0.37142857909202576,1480.2065000013722,1780351020.0877762,0.46875,20296.222686767578,,,0,0.0005400015652412549,0.0009922478056978434,0.0004049998096888885,,0.37142857909202576,,0,,0.0234375,0,,,,0,0.001167501977761276,21.94474176199583,,0,,,-0.001067716395482421,0,,0.078125,190.13741540908813,199.75304121399677,0.00044000080379191786,1.0,0.0234375,237,,0.0,0.049861216400520304,0.43828749656677246,-0.001067716395482421,0,0.014007568359375,0.53125,0,0.0010889002987823915,0.1787109375,0.078125,0.140625,147.953125,,,3e-06,,,0.0001674980012467131,54,75.69471856900054,,,0.06400145985002198,0,557.6573744474445,,0,0.1171875,0,212,1,25,51138.53326222,0.19925021199742332,0,80.20172882080078,,0.2677512529771775,,1182703.0,0,0.0029572493076557294,199.75304121399677,,49.454917907714844,,,999,,,,0,,0.109375,0.1787109375,50.49565776199597,0,,0.0,36.506012082099915,,0.0244140625,,11426,,54804.05807495117,685,1,212,4096,-0.3571428656578064,,0.00014890473903506063,,,0.1171875,,,0,-0.3571428656578064,2.9765625,0.53125,89.44279479980469,0,,0,0,0.109375,,,38,,,,,0,204.921875,51.41683649100014,,0.0426951295143379
0,,5.201886784789167e-05,998.5107421875,,,0.09375,,0.15625,0.3499999940395355,1447.644402134574,1780351221.0640812,0.4765625,21510.16616821289,,,0,0.0005924975994275883,0.0008674978744238615,0.0003174991434207186,,0.3499999940395355,,0,,0.015625,0,,,,0,0.0011800020729424432,21.95075453199388,,0,,,-0.006003652699291706,0,,0.09375,190.13741540908813,200.95594579099998,0.00048000038077589124,1.0,0.015625,231,,0.0,0.05188846202499014,0.40912988781929016,-0.006003652699291706,0,0.010345458984375,0.5234375,0,0.003705514238390606,0.181640625,0.09375,0.09375,137.8671875,,,3e-06,,,0.0003200020728399977,2,76.98519723900245,,,0.06615832172962723,0,563.8149407168385,,0,0.1484375,0,213,1,41,51424.778437732,0.21131941399653442,0,75.54898071289062,,0.25295926025137305,,1163651.0,0,0.003529750756570138,200.95594579099998,,49.24439239501953,,,983,,,,0,,0.125,0.181640625,48.751633362000575,0,,0.0,36.4212766289711,,0.041015625,,11487,,54874.534606933594,619,1,213,4096,-0.5,,0.00013532117372960784,,,0.1484375,,,0,-0.5,3.2421875,0.5234375,89.44506454467773,0,,0,0,0.125,,,34,,,,,0,204.921875,53.054655209001794,,0.04189540795479106
0,,3.0277292040636894e-05,1033.6064453125,,,0.09375,,0.203125,0.5,1055.760625256887,1780351507.3094225,0.3984375,21038.665771484375,,,0,0.0005574984243139625,0.0009300001693191007,0.0003447494236752391,,0.5,,0,,0.0078125,0,,,,0,0.0009925006452249363,22.04034124199825,,0,,,-0.0006298177759163082,0,,0.0703125,190.13741540908813,286.2289450570024,0.0005675010470440611,0.9921875,0.0078125,255,,0.0,0.04983331771624215,0.4046342372894287,-0.0006298177759163082,0,0.0086822509765625,0.6015625,0,-0.004055707548104692,0.1376953125,0.0703125,0.09375,146.8203125,,,3e-06,,,0.00024500150175299495,4,76.96299429200008,,,0.06367118808164096,0,550.638815630009,,0,0.1171875,0,214,1,34,51678.369814455,0.20891066000331193,0,73.75299835205078,,0.23228474310599267,,1208757.0,0,0.003112500053248368,286.2289450570024,,50.255855560302734,,,990,,,,0,,0.109375,0.1376953125,134.2703724860039,0,,0.0,36.36876121163368,,0.033203125,,11538,,55337.08190917969,562,1,214,4096,-0.24285714328289032,,0.00021568578949882067,,,0.1171875,,,0,-0.24285714328289032,2.953125,0.6015625,89.44335174560547,0,,0,0,0.109375,,,46,,,,,0,204.921875,52.744231304001005,,0.11108136084093322
0,,-1.6753732836605195e-05,1039.4990234375,,,0.109375,,0.1875,0.5,1188.0377300195294,1780351760.9007654,0.4921875,20393.922805786133,,,0,0.0006625014066230506,0.0008824990800349042,0.0003824970917776227,,0.5,,0,,0.03125,0,,,,0,0.001177499143523164,22.06036974699964,,0,,,-0.000870435091201216,0,,0.09375,190.13741540908813,253.55907677700452,0.0005325000529410318,1.0,0.03125,252,,0.0,0.051231172496143555,0.47974780201911926,-0.000870435091201216,0,0.010711669921875,0.5078125,0,0.00206791321397759,0.1884765625,0.09375,0.109375,137.2109375,,,3e-06,,,0.00023999928089324385,129,76.21060734800267,,,0.0632478892071152,0,557.2780971288012,,0,0.1875,0,215,1,34,51940.247061438,0.19314247099828208,0,76.72521209716797,,0.2397994976490736,,1204951.0,0,0.0029200000426499173,253.55907677700452,,50.03358840942383,,,990,,,,0,,0.0703125,0.1884765625,100.5596450669982,0,,0.0,36.99187934398651,,0.033203125,,11601,,55222.16796875,639,1,215,4096,-0.4285714328289032,,0.0003215381257177796,,,0.1875,,,0,-0.4285714328289032,3.0625,0.5078125,89.52080917358398,0,,0,0,0.0703125,,,47,,,,,0,204.921875,54.53286787000252,,0.08345538122877877
0,,7.500279163430434e-05,1061.6337890625,,,0.1171875,,0.1875,0.2928571403026581,1178.9271426747894,1780352022.7780337,0.421875,21136.19613647461,,,0,0.0006950012902962044,0.000910000380827114,0.0005299971235217527,,0.2928571403026581,,0,,0.0078125,0,,,,0,0.0013450026017380878,22.035713605997444,,0,,,-0.002185847843065858,0,,0.078125,190.13741540908813,261.8569365529984,0.000507498043589294,1.0,0.0078125,263,,0.0,0.04967023375122902,0.4985010027885437,-0.002185847843065858,0,0.009613037109375,0.578125,0,0.0008363291490240953,0.1572265625,0.078125,0.1171875,144.265625,,,3e-06,,,0.0002449996827635914,18,76.97526577400276,,,0.062336175891473285,0,557.1508625816932,,0,0.1015625,0,216,1,49,52151.350436284,0.2090305219971924,0,83.37100219726562,,0.2713312569539994,,1234841.0,0,0.0035570010368246585,261.8569365529984,,50.54474639892578,,,975,,,,0,,0.1171875,0.1572265625,108.63759381599812,0,,0.0,36.686498671770096,,0.0478515625,,11655,,55244.95315551758,721,1,216,4096,-0.5,,0.00013924253380537266,,,0.1015625,,,0,-0.5,3.1484375,0.578125,89.53103256225586,0,,0,0,0.1171875,,,46,,,,,0,204.921875,53.99715682399983,,0.08797698960108882
0,,2.0625581164779305e-05,1009.1328125,,,0.1484375,,0.1640625,0.3571428656578064,1407.9747752429023,1780352233.881395,0.46875,21046.972274780273,,,0,0.000602500222157687,0.0009074974514078349,0.0002849992597475648,,0.3571428656578064,,0,,0.0234375,0,,,,0,0.0010150015441467986,22.025498016999336,,0,,,6.318914529401809e-05,0,,0.0546875,190.13741540908813,211.0549174780026,0.0005250003596302122,1.0,0.0234375,254,,0.0,0.049684913021893616,0.47499749064445496,6.318914529401809e-05,0,0.01019287109375,0.53125,0,0.00013671578199137002,0.16796875,0.0546875,0.1484375,151.6484375,,,3e-06,,,0.000257497958955355,5,76.76905154700216,,,0.06458562016001662,0,577.149584883955,,0,0.1328125,0,217,1,29,52356.929414495,0.20249990599404555,0,90.84185791015625,,0.2800432266667485,,1188640.0,0,0.003329752871650271,211.0549174780026,,49.03871154785156,,,995,,,,0,,0.109375,0.16796875,60.713486872999056,0,,0.0,38.10204192996025,,0.0283203125,,11715,,55106.54067993164,696,1,217,4096,-0.5,,0.0001625664735911414,,,0.1328125,,,0,-0.5,3.1796875,0.53125,89.46188735961914,0,,0,0,0.109375,,,41,,,,,0,204.921875,51.34200424099981,,0.051078111853041334
0,,-7.617301459816872e-06,1040.1171875,,,0.1015625,,0.171875,0.3857142925262451,1493.4656244455925,1780352439.4604106,0.375,21074.106216430664,,,0,0.0006697500793961808,0.0009550021786708385,0.000300002284348011,,0.3857142925262451,,0,,0.0078125,0,,,,0,0.0011375013855285943,22.11983851799596,,0,,,-0.0017719360766932368,0,,0.0859375,190.13741540908813,205.56482517899713,0.0005349993443815038,1.0,0.0078125,310,,0.0,0.04982609018477488,0.4479411840438843,-0.0017719360766932368,0,0.00823974609375,0.625,0,0.0010623759735608473,0.140625,0.0859375,0.1015625,159.1171875,,,3e-06,,,0.00034499862522352487,2,76.8967167439987,,,0.06261866029758463,0,544.4802541915124,,0,0.1328125,0,218,1,32,52642.759978388,0.22892031499941368,0,91.23503112792969,,0.267308991169557,,1228016.0,0,0.004132500180276111,205.56482517899713,,49.87622833251953,,,992,,,,0,,0.046875,0.140625,53.24796343699563,0,,0.0,37.75021433830261,,0.03125,,11763,,55240.10467529297,746,1,218,4096,-0.3571428656578064,,0.00014036532775207888,,,0.1328125,,,0,-0.3571428656578064,3.3515625,0.625,89.53143310546875,0,,0,0,0.046875,,,51,,,,,0,204.921875,53.06877213400003,,0.043360968779719185
0,,0.00010104857476278539,997.021484375,,,0.1328125,,0.2109375,0.4285714328289032,1024.9370861119198,1780352725.2910004,0.46875,20822.58415222168,,,0,0.0006850004865555093,0.001057500412571244,0.0004150006134295836,,0.4285714328289032,,0,,0.0390625,0,,,,0,0.0011800002539530396,21.98741853699903,,0,,,-0.0017228565411642194,0,,0.0625,190.13741540908813,285.8180311449978,0.00053724943427369,0.9921875,0.0390625,262,,0.0,0.05050414063567856,0.5110600590705872,-0.0017228565411642194,0,0.00982666015625,0.53125,0,-0.0004913373704766855,0.1796875,0.0625,0.1328125,147.296875,,,3e-06,,,0.00018750142771750689,3,76.40707957300037,,,0.06520588264114005,0,538.4364616511448,,0,0.140625,0,219,1,41,52858.987782567,0.2153483430010965,0,83.35316467285156,,0.279796018730849,,1171782.0,0,0.0023397496988764033,285.8180311449978,,49.27159881591797,,,983,,,,0,,0.09375,0.1796875,135.64314114499575,0,,0.0,38.154810667037964,,0.0400390625,,11823,,55007.61795043945,756,1,219,4096,-0.3571428656578064,,0.00020213113566569518,,,0.140625,,,0,-0.3571428656578064,2.984375,0.53125,89.52741241455078,0,,0,0,0.09375,,,44,,,,,0,204.921875,51.56220238199603,,0.11575800033196938
0,,8.675675697134011e-05,1034.8076171875,,,0.0859375,,0.1484375,0.5,1411.3265826188078,1780352941.5187163,0.484375,21132.34519958496,,,0,0.0007600028766319156,0.0008975002856459469,0.0003525019565131515,,0.5,,0,,0.015625,0,,,,0,0.0014074994396651164,22.17752195999492,,0,,,-0.0018295412883162498,0,,0.125,190.13741540908813,216.20137660399632,0.0005374986358219758,1.0,0.015625,290,,0.0,0.05167184856786874,0.48214876651763916,-0.0018295412883162498,0,0.01031494140625,0.515625,0,0.003265685139922425,0.18359375,0.125,0.0859375,157.109375,,,3e-06,,,0.00018749960872810334,2,77.30280835099984,,,0.06333580633138404,0,542.9839044572873,,0,0.203125,0,220,1,36,53063.217300594,0.2350867909990484,0,76.41065216064453,,0.2587047638371587,,1220523.0,0,0.003540000761859119,216.20137660399632,,50.14888000488281,,,988,8.506914987003256,,,0,,0.0546875,0.18359375,53.222152656002436,0,,0.0,35.08410602807999,,0.03515625,,11885,,55592.12875366211,766,1,220,4096,-0.5,,0.00022781002189731225,,,0.203125,,,0,-0.5,3.1640625,0.515625,89.49826431274414,0,,0,0,0.0546875,,,42,,,,,0,204.921875,54.753712632002134,,0.04360602189061774
0,,-2.475871900742277e-05,1022.12109375,,,0.109375,,0.1328125,0.37142857909202576,1494.7670599400483,1780353145.7482285,0.4296875,21200.7999420166,,,0,0.0006249993020901456,0.001065001924871467,0.0003474997356534004,,0.37142857909202576,,0,,0.0078125,0,,,,0,0.0011124993761768565,22.20152865399723,,0,,,-0.005905585363507271,0,,0.078125,190.13741540908813,204.20238589699875,0.0007274993549799547,1.0,0.0078125,249,,0.0,0.052211362889479244,0.6162079572677612,-0.005905585363507271,0,0.012969970703125,0.5703125,0,-1.850421540439129e-05,0.154296875,0.078125,0.109375,170.203125,,,3e-06,,,0.00026000270736403763,3,77.49102797500382,,,0.06346833421380561,0,563.7575571836351,,0,0.1484375,0,221,1,39,53261.306703902,0.20701139199809404,0,92.13152313232422,,0.3084127383772284,,1220940.0,0,0.0042649971874197945,204.20238589699875,,52.2122917175293,,,985,,,,0,,0.0859375,0.154296875,49.65343715799827,0,,0.0078125,37.6008041203022,,0.0380859375,,11940,,55688.55285644531,1024,1,221,4096,-0.5,,0.00015018529620647314,,,0.1484375,,,0,-0.5,3.078125,0.5703125,89.31509399414062,0,,0,0,0.0859375,,,32,,,,,0,204.921875,54.64712739099923,,0.04066820413615597
0,,0.00010582704999251291,956.01171875,,,0.078125,,0.125,0.4285714328289032,1428.0330807180715,1780353343.8376367,0.515625,19702.70347595215,,,0,0.0006025020411470905,0.0008950028131948784,0.00048249967221636325,,0.4285714328289032,,0,,0.015625,0,,,,0,0.0012200034689158201,21.889780335004616,,0,,,-0.00030691944994032383,0,,0.1328125,190.13741540908813,198.07174204799958,0.0004399989848025143,1.0,0.015625,267,,0.0,0.05280136003150576,0.4482663571834564,-0.00030691944994032383,0,0.011505126953125,0.484375,0,-6.222665615496226e-05,0.19140625,0.1328125,0.078125,148.8828125,,,3e-06,,,0.00017749880498740822,2,75.08330946000206,,,0.06636248286212454,0,587.8673711958982,,0,0.171875,0,222,1,27,53536.489430833,0.21490765899943653,0,85.86134338378906,,0.27309375582262874,,1131412.0,0,0.003144999936921522,198.07174204799958,,49.1937370300293,,,997,,,,0,,0.1171875,0.19140625,49.19128972600447,0,,0.0,37.91143745183945,,0.0263671875,,12006,,54754.547119140625,624,1,222,4096,-0.5,,0.0002847782689059386,,,0.171875,,,0,-0.5,3.671875,0.484375,89.4118881225586,0,,0,0,0.1171875,,,48,,,,,0,204.921875,51.690208211002755,,0.04347778680622485
0,,6.860691836152455e-05,973.435546875,,,0.09375,,0.140625,0.33571428060531616,1047.0432283175044,1780353619.020306,0.375,20795.995712280273,,,0,0.0005900001269765198,0.0009775030775927007,0.00030750015866942704,,0.33571428060531616,,0,,0.0234375,0,,,,0,0.001375001374981366,21.92085074300121,,0,,,0.00022375564731191844,0,,0.078125,190.13741540908813,275.15339597099955,0.00044999978854320943,0.9921875,0.0234375,266,,0.0,0.05126221292679263,0.46077218651771545,0.00022375564731191844,0,0.007843017578125,0.625,0,-0.0012228902560309507,0.154296875,0.078125,0.09375,151.9453125,,,3e-06,,,0.00016000012692529708,4,76.16163868900185,,,0.0660901593115194,0,568.3552689170028,,0,0.0859375,0,223,1,30,53733.028161088,0.202802428000723,0,81.38375854492188,,0.28560575447045267,,1152390.0,0,0.0033175001590279862,275.15339597099955,,47.84883499145508,,,994,,,,0,,0.09375,0.154296875,125.76776256599987,0,,0.0,37.313222885131836,,0.029296875,,12054,,54759.681701660156,720,1,223,4096,-0.3571428656578064,,9.412530084773607e-05,,,0.0859375,,,0,-0.3571428656578064,3.640625,0.625,89.42116165161133,0,,0,0,0.09375,,,39,,,,,0,204.921875,51.09807132100104,,0.10913645776690171
0,,1.5079822219377093e-05,1009.849609375,,,0.0625,,0.203125,0.3857142925262451,1524.980897173316,1780353815.5591733,0.40625,20384.307861328125,,,0,0.000564998117624782,0.0009474988473812118,0.0003500026650726795,,0.3857142925262451,,0,,0.0,0,,,,0,0.0012225027603562921,22.122597804998804,,0,,,-0.002037572208791971,0,,0.078125,190.13741540908813,196.51885512500303,0.0005749989213654771,1.0,0.0,281,,0.0,0.04925762563268267,0.4411713778972626,-0.002037572208791971,0,0.009002685546875,0.59375,0,0.0008817876368993893,0.130859375,0.078125,0.0625,160.8046875,,,3e-06,,,0.00018250102584715933,2,76.31552419399668,,,0.06366258535474176,0,521.5235816303903,,0,0.1875,0,224,1,38,53933.133404029,0.20112343000073452,0,87.64962005615234,,0.2958659897558391,,1198750.0,0,0.0023322518245549873,196.51885512500303,,48.23490524291992,,,986,,,,0,,0.078125,0.130859375,46.94075333799992,0,,0.0,36.88933700323105,,0.037109375,,12106,,55372.501373291016,756,1,224,4096,-0.5,,0.00023150153401729767,,,0.1875,,,0,-0.5,3.03125,0.59375,89.36992645263672,0,,0,0,0.078125,,,45,,,,,0,204.921875,50.93662105999829,,0.039158084119290865
0,,-4.3452541035549075e-05,1038.5224609375,,,0.109375,,0.1875,0.5,1549.2979323074933,1780354015.664317,0.453125,20340.641021728516,,,0,0.0005775000317953527,0.0008224978955695406,0.0003274981281720102,,0.5,,0,,0.0078125,0,,,,0,0.0012125001376261935,22.11283044599986,,0,,,-0.002104124054312706,0,,0.1171875,190.13741540908813,200.05948729200463,0.0004399989848025143,1.0,0.0078125,220,,0.0,0.04877482685361731,0.45744597911834717,-0.002104124054312706,0,0.0126953125,0.546875,0,0.0022302832549030427,0.1708984375,0.1171875,0.109375,172.2265625,,,3e-06,,,0.00017000274965539575,2,76.30590315700101,,,0.06154659810518977,0,535.2684475019487,,0,0.15625,0,225,1,33,54133.896000463,0.20076964799955022,0,88.99749755859375,,0.30585299828089774,,1239807.0,0,0.0035350003599887714,200.05948729200463,,48.237091064453125,,,991,,,,0,,0.0625,0.1708984375,49.56831627700012,0,,0.0078125,35.93532741069794,,0.0322265625,,12164,,55393.74542236328,1024,1,225,4096,-0.3499999940395355,,0.00011171109827046166,,,0.15625,,,0,-0.3499999940395355,3.1484375,0.546875,89.39853286743164,0,,0,0,0.0625,,,46,,,,,0,204.921875,51.86944329299877,,0.03998067140853385
0,,7.265688864066533e-05,1071.0,,,0.0390625,,0.2421875,0.3571428656578064,1574.5182367014459,1780354216.4268928,0.4375,20570.52993774414,,,0,0.0005799993232358247,0.0008375009201699868,0.00037725112633779645,,0.3571428656578064,,0,,0.0234375,0,,,,0,0.001117499778047204,22.240202127002703,,0,,,-0.001670423778705299,0,,0.140625,190.13741540908813,200.7369572690004,0.0006274985935306177,1.0,0.0234375,275,,0.0,0.04859712296754257,0.4602641463279724,-0.001670423778705299,0,0.0095977783203125,0.5625,0,0.0042158816431765445,0.19140625,0.140625,0.0390625,163.625,,,3e-06,,,0.00022749918571207672,6,76.88620199899742,,,0.06081537441704641,0,554.2729726748803,,0,0.1171875,0,226,1,47,54332.922209308,0.20446032100153388,0,81.30082702636719,,0.2791064907796681,,1264256.0,0,0.002977249096147716,200.7369572690004,,48.87510299682617,,,977,,,,0,,0.1171875,0.19140625,48.107151099000475,0,,0.0,36.06898710131645,,0.0458984375,,12220,,55725.04425048828,713,1,226,4096,-0.5,,0.00023352863900072407,,,0.1171875,,,0,-0.5,3.015625,0.5625,89.06862258911133,0,,0,0,0.1171875,,,48,,,,,0,204.921875,53.29665914699581,,0.038051748300186414
0,,-3.942438127069181e-06,1027.0498046875,,,0.1015625,,0.2109375,0.5,1532.5952153296405,1780354415.453231,0.4453125,20337.68653869629,,,0,0.0008349979907507077,0.0009799987310543656,0.00042000101529993117,,0.5,,0,,0.0390625,0,,,,0,0.001110001903725788,22.00437105599849,,0,,,-0.002052362309768796,0,,0.0703125,190.13741540908813,199.0106369569985,0.0005800011422252283,1.0,0.0390625,239,,0.0,0.04854417294302199,0.42614299058914185,-0.002052362309768796,0,0.009613037109375,0.5546875,0,0.005866222250915598,0.1748046875,0.0703125,0.1015625,164.3671875,,,3e-06,,,0.00028750037017744035,2,75.99245076000079,,,0.06228833244946217,0,550.2647734974744,,0,0.15625,0,227,1,31,54530.001485274,0.26377842200599844,0,88.79396057128906,,0.29391024145297706,,1220011.0,0,0.0027947480703005567,199.0106369569985,,48.03546142578125,,,993,,,,0,,0.078125,0.1748046875,49.69423937299871,0,,0.0,36.548689007759094,,0.0302734375,,12277,,55067.649841308594,759,1,227,4096,-0.5,,0.00019222944865759928,,,0.15625,,,0,-0.5,3.328125,0.5546875,89.32640838623047,0,,0,0,0.078125,,,40,,,,,0,204.921875,51.053858140003285,,0.04073261583133161
0,,1.6062764757407422e-05,1013.732421875,,,0.09375,,0.1875,0.4285714328289032,1516.087302790166,1780354612.5324538,0.484375,20833.101272583008,,,0,0.0006549998943228275,0.0009549985406920314,0.0004425019142217934,,0.4285714328289032,,0,,0.0,0,,,,0,0.001279999196412973,21.9364685929977,,0,,,-0.0024752067402005196,0,,0.1015625,190.13741540908813,197.05692373399506,0.0004172525223111734,1.0,0.0,259,,0.0,0.04810285281032929,0.45163118839263916,-0.0024752067402005196,0,0.0086822509765625,0.515625,0,0.00764709376016981,0.1669921875,0.1015625,0.09375,153.28125,,,3e-06,,,0.00017500133253633976,10,76.46298483899591,,,0.06398458341268688,0,542.0924996778922,,0,0.1953125,0,228,1,36,54729.798226446,0.19631870800367324,0,84.85930633544922,,0.2776237379293889,,1195022.0,0,0.002695001967367716,197.05692373399506,,47.48998260498047,,,988,,,,0,,0.09375,0.1669921875,48.52476167200075,0,,0.0,35.78715771436691,,0.03515625,,12339,,55051.719665527344,812,1,228,4096,-0.5,,0.00015972028859323473,,,0.1953125,,,0,-0.5,3.4140625,0.515625,89.31358337402344,0,,0,0,0.09375,,,39,,,,,0,204.921875,49.93374359399604,,0.04060574756950144
0,,-5.15589734391142e-05,1006.4619140625,,,0.109375,,0.203125,0.5,1479.1406501481165,1780354812.3290834,0.53125,19751.585006713867,,,0,0.0006974987627472728,0.0010450003173900768,0.0003975001163780689,,0.5,,0,,0.0,0,,,,0,0.0011325009836582467,21.947654644995055,,0,,,0.0006928445072844625,0,,0.125,190.13741540908813,199.77833072900103,0.0005000001692678779,1.0,0.0,247,,0.0,0.04872865835417548,0.4275459945201874,0.0006928445072844625,0,0.0111083984375,0.46875,0,-0.0013033474897383712,0.189453125,0.125,0.109375,147.8359375,,,3e-06,,,0.00030224873626139015,3,75.30319275800139,,,0.06370823100657393,0,543.5566374562768,,0,0.171875,0,229,1,34,54943.604757298,0.19260964999557473,0,78.10052490234375,,0.2962532453238964,,1182001.0,0,0.003239998477511108,199.77833072900103,,47.18986129760742,,,990,,,,0,,0.125,0.189453125,52.11187116600195,0,,0.0,36.89183294773102,,0.033203125,,12407,,54970.855712890625,607,1,229,4096,-0.5,,0.00021921300094618346,,,0.171875,,,0,-0.5,3.40625,0.46875,89.39991760253906,0,,0,0,0.125,,,45,,,,,0,204.921875,50.22058368700527,,0.04408784016764956
0,,-5.2295316550043935e-05,1053.6259765625,,,0.1484375,,0.1796875,0.5,1450.960295787545,1780355026.1356595,0.5625,21784.75570678711,,,0,0.0006222489901119843,0.0009449995559407398,0.0003850000211969018,,0.5,,0,,0.0234375,0,,,,0,0.0014150009519653395,22.223625523998635,,0,,,-0.00012219637574162334,0,,0.046875,190.13741540908813,213.78410622299998,0.0005499950930243358,1.0,0.0234375,245,,0.0,0.050322460578379274,0.40505126118659973,-0.00012219637574162334,0,0.009490966796875,0.4375,0,-0.0011977359899901785,0.16796875,0.046875,0.1484375,158.0625,,,3e-06,,,0.0004125013219891116,2,78.02360462700017,,,0.06288326402980746,0,535.8837291314558,,0,0.2734375,0,230,1,47,55227.621395904,0.2005667170014931,0,78.32667541503906,,0.2791935112327337,,1240769.0,0,0.003915001798304729,213.78410622299998,,48.6231689453125,,,977,8.914763914996001,,,0,,0.0703125,0.16796875,50.12589910800307,0,,0.0,35.80763563513756,,0.0458984375,,12479,,55666.8701171875,737,1,230,4096,-0.2857142984867096,,0.00016677203439030563,,,0.2734375,,,0,-0.2857142984867096,3.265625,0.4375,89.37158584594727,0,,0,0,0.0703125,,,42,,,,,0,204.921875,54.293556910000916,,0.0403990582517802
0,,-1.4687732893037264e-05,979.779296875,,,0.1328125,,0.21875,0.4285714328289032,1011.5332972943326,1780355310.152397,0.3984375,20810.317993164062,,,0,0.0006125010258983821,0.0010300009307684377,0.0005450001481221989,,0.4285714328289032,,0,,0.0,0,,,,0,0.0011449992598500103,21.86513457899855,,0,,,-0.0021906837355345488,0,,0.0625,190.13741540908813,283.98224830399704,0.0004499979695538059,0.9921875,0.0,251,,0.0,0.053720903028422765,0.5371166467666626,-0.0021906837355345488,0,0.01483154296875,0.6015625,0,-0.0010779730000649579,0.1435546875,0.0625,0.1328125,142.3203125,,,3e-06,,,0.00020999868866056204,7,75.99081187399861,,,0.06613475007092819,0,563.4366697941005,,0,0.1171875,0,231,1,27,55427.830989676,0.19406502399942838,0,85.74694061279297,,0.2714935108087957,,1149030.0,0,0.0031724994187243283,283.98224830399704,,50.14147186279297,,,997,,,,0,,0.0859375,0.1435546875,132.03202795799734,0,,0.0,36.631762981414795,,0.0263671875,,12530,,54580.14678955078,685,1,231,4096,-0.5,,0.00022816851310381026,,,0.1171875,,,0,-0.5,3.296875,0.6015625,89.35701370239258,0,,0,0,0.0859375,,,50,,,,,0,204.921875,53.89785968299839,,0.11490738097177389
0,,-2.4239693630079273e-06,990.529296875,,,0.0625,,0.125,0.41428571939468384,1449.768294032176,1780355510.3619504,0.4609375,20261.51466369629,,,0,0.0006599984772037715,0.0011697502486640587,0.00034000004234258085,,0.41428571939468384,,0,,0.0234375,0,,,,0,0.001279999196412973,21.898995296993235,,0,,,-0.0006932035903446376,0,,0.1015625,190.13741540908813,200.19578383299813,0.0005499987310031429,1.0,0.0234375,265,,0.0,0.0508601740359394,0.40517133474349976,-0.0006932035903446376,0,0.010650634765625,0.5390625,0,0.0013107030463288538,0.171875,0.1015625,0.0625,143.2109375,,,3e-06,,,0.00023000029614195228,6,75.51970127599634,,,0.06504991711615173,0,515.6867959885858,,0,0.1640625,0,232,1,31,55632.400829264,0.18969850600115024,0,74.57557678222656,,0.30038549448363483,,1160950.0,0,0.0029625007300637662,200.19578383299813,,48.726905822753906,,,993,,,,0,,0.109375,0.171875,50.99773032699886,0,,0.0,37.220925092697144,,0.0302734375,,12589,,54704.97131347656,718,1,232,4096,-0.5,,0.0001169141432910692,,,0.1640625,,,0,-0.5,3.453125,0.5390625,89.41754913330078,0,,0,0,0.109375,,,45,,,,,0,204.921875,51.5875762450014,,0.043927585448984764
0,,-9.119687445657831e-05,1094.60546875,,,0.0625,,0.2421875,0.2857142984867096,1575.8598407356715,1780355714.931803,0.4921875,21219.425201416016,,,0,0.0005549991328734905,0.0009599989425623789,0.00035250377550255507,,0.2857142984867096,,0,,0.03125,0,,,,0,0.0011475003702798858,22.272392062004656,,0,,,-0.0008019749657250941,0,,0.125,190.13741540908813,204.52389969499927,0.0006075006240280345,1.0,0.03125,211,,0.0,0.0466171145024052,0.454316645860672,-0.0008019749657250941,0,0.009857177734375,0.5078125,0,0.0014041089089005254,0.2001953125,0.125,0.0625,164.3828125,,,3e-06,,,0.00017499951354693621,4,77.62452833399584,,,0.06021120655380827,0,507.43373684781545,,0,0.1484375,0,233,1,49,55832.602466442,0.20806278900272446,0,93.1585464477539,,0.2799935173243284,,1289204.0,0,0.002454999048495665,204.52389969499927,,49.69456100463867,,,975,,,,0,,0.125,0.2001953125,52.164544790000946,0,,0.0,36.02832183241844,,0.0478515625,,12652,,55861.35482788086,983,1,233,4096,-0.5,,7.279451028807671e-05,,,0.1484375,,,0,-0.5,3.1484375,0.5078125,89.35204315185547,0,,0,0,0.125,,,37,,,,,0,204.921875,52.25200483499793,,0.04046259923953148
0,,5.6366294586496224e-05,1020.3681640625,,,0.1171875,,0.1953125,0.3285714387893677,1490.7336345924643,1780355915.1334372,0.3984375,20433.292388916016,,,0,0.0006325026333797723,0.0009575014701113105,0.0003650002327049151,,0.3285714387893677,,0,,0.0234375,0,,,,0,0.0012025011528749019,22.076824499003123,,0,,,0.0005017536459490657,0,,0.0703125,190.13741540908813,200.18616543899407,0.0004725025064544752,1.0,0.0234375,235,,0.0,0.048426235453272626,0.41835346817970276,0.0005017536459490657,0,0.0081787109375,0.6015625,0,-0.00015524014452239498,0.16015625,0.0703125,0.1171875,145.3515625,,,3e-06,,,0.0003424975147936493,4,76.23805765300494,,,0.06386717705833636,0,511.41054560685006,,0,0.09375,0,234,1,33,56031.604367617,0.20141063800110715,0,74.76253509521484,,0.24845925508998334,,1193697.0,0,0.003010000000358559,200.18616543899407,,47.78446578979492,,,991,,,,0,,0.09375,0.16015625,51.06906591400184,0,,0.0,36.48840636014938,,0.0322265625,,12703,,55256.61087036133,595,1,234,4096,-0.5,,0.00012071695141457894,,,0.09375,,,0,-0.5,3.21875,0.6015625,89.38323211669922,0,,0,0,0.09375,,,47,,,,,0,204.921875,50.59849109700008,,0.04278226879518156
0,,2.048208811800123e-05,980.1376953125,,,0.1015625,,0.1875,0.41428571939468384,1457.3614372104964,1780356114.1353495,0.4765625,20945.61004638672,,,0,0.0004999983502784744,0.0009449995559407398,0.00023500069801229984,,0.41428571939468384,,0,,0.0,0,,,,0,0.0013374974514590576,22.052002039999934,,0,,,-0.0005842500831931829,0,,0.1171875,190.13741540908813,198.9810095119974,0.0006900008884258568,1.0,0.0,250,,0.0,0.05118659723651769,0.48845940828323364,-0.0005842500831931829,0,0.009857177734375,0.5234375,0,0.0024461388638883363,0.1689453125,0.1171875,0.1015625,152.625,,,3e-06,,,0.00019500112102832645,10,76.4981682439975,,,0.06594959627017868,0,523.2369718014525,,0,0.171875,0,235,1,39,56266.636820561,0.20019132599554723,0,82.78186798095703,,0.2741807547863573,,1159949.0,0,0.0021949999791104347,198.9810095119974,,47.22563171386719,,,985,,,,0,,0.0859375,0.1689453125,48.85419343200192,0,,0.0,36.59786283969879,,0.0380859375,,12764,,54992.4430847168,759,1,235,4096,-0.5,,0.00015973092831700342,,,0.171875,,,0,-0.5,3.1796875,0.5234375,89.36765670776367,0,,0,0,0.0859375,,,51,,,,,0,204.921875,51.37399136900058,,0.04211753571234763
0,,4.2406339389344794e-05,1016.5478515625,,,0.125,,0.21875,0.5,1298.3863870278678,1780356349.167848,0.421875,20501.861572265625,,,0,0.000612497387919575,0.001057500412571244,0.0003050026862183586,,0.5,,0,,0.0234375,0,,,,0,0.0027097485144622624,22.099175306997495,,0,,,-0.0005398498033173382,0,,0.078125,190.13741540908813,235.0103582790034,0.00070999885792844,0.9921875,0.0234375,291,,0.0,0.04963611884585789,0.4127824008464813,-0.0005398498033173382,0,0.0090484619140625,0.578125,0,0.0012391516465868335,0.16796875,0.078125,0.125,175.3828125,,,3e-06,,,0.0002425003913231194,5,76.3162949739999,,,0.06252681809236418,0,529.6302380393172,,0,0.140625,0,236,1,33,56471.473864964,0.20654908000142314,0,80.50491333007812,,0.29994326177984476,,1220537.0,0,0.0036972505768062547,235.0103582790034,,48.3453369140625,,,991,,,,0,,0.0546875,0.16796875,84.71787524099636,0,,0.0,35.897694528102875,,0.0322265625,,12818,,55248.59619140625,734,1,236,4096,-0.3571428656578064,,0.0001360869223390182,,,0.140625,,,0,-0.3571428656578064,2.9140625,0.578125,89.33078002929688,0,,0,0,0.0546875,,,50,,,,,0,204.921875,51.66846973200154,,0.06941032942139104
0,,3.5966953618071784e-05,1059.5712890625,,,0.0703125,,0.203125,0.3857142925262451,1551.4637663057745,1780356554.004906,0.46875,21181.116104125977,,,0,0.0006024984031682834,0.0011299980542389676,0.00032000025385059416,,0.3857142925262451,,0,,0.046875,0,,,,0,0.0011025003914255649,22.34844545299711,,0,,,-0.0008517465903423727,0,,0.1328125,190.13741540908813,204.82350725899596,0.0005175006663193926,1.0,0.046875,242,,0.0,0.04938717262472765,0.49371275305747986,-0.0008517465903423727,0,0.01202392578125,0.53125,0,0.0009949123705155216,0.2138671875,0.1328125,0.0703125,181.7421875,,,3e-06,,,0.0002124997990904376,9,77.98127352700249,,,0.0613491989465878,0,511.867083632751,,0,0.15625,0,237,1,34,56675.495854318,0.2059293920028722,0,90.24128723144531,,0.2937929821200669,,1271105.0,0,0.003402497895876877,204.82350725899596,,49.361976623535156,,,990,,,,0,,0.0625,0.2138671875,50.700462283995876,0,,0.0,36.40615940093994,,0.033203125,,12878,,56251.583099365234,814,1,237,4096,-0.5,,0.0001772746913957235,,,0.15625,,,0,-0.5,3.1015625,0.53125,89.40548706054688,0,,0,0,0.0625,,,43,,,,,0,204.921875,53.585131685002125,,0.03988691908535949
0,,-7.755575319379204e-05,1095.2421875,,,0.125,,0.1875,0.44285714626312256,1557.856068534322,1780356758.0269027,0.4453125,20651.960372924805,,,0,0.0005899983079871163,0.0010024996299762279,0.0003975001163780689,,0.44285714626312256,,0,,0.015625,0,,,,0,0.0013222525012679398,22.171139880003466,,0,,,-0.0015693227760493755,0,,0.0859375,190.13741540908813,203.99959047500306,0.0005149977369001135,1.0,0.015625,221,,0.0,0.048027055143520396,0.44142425060272217,-0.0015693227760493755,0,0.00885009765625,0.5546875,0,0.0010261353381793015,0.162109375,0.0859375,0.125,146.171875,,,3e-06,,,0.0001675016392255202,3,76.98997705399961,,,0.06056442144322535,0,541.1929296078597,,0,0.1640625,0,238,1,38,56874.771008686,0.19919139499688754,0,74.02847290039062,,0.30587526271119714,,1271208.0,0,0.003945002390537411,203.99959047500306,,49.3046760559082,,,986,,,,0,,0.0546875,0.162109375,50.77371166899684,0,,0.0,35.531237721443176,,0.037109375,,12935,,55760.97869873047,836,1,238,4096,-0.3285714387893677,,0.00031493689994022134,,,0.1640625,,,0,-0.3285714387893677,3.2578125,0.5546875,89.36346054077148,0,,0,0,0.0546875,,,46,,,,,0,204.921875,53.86368710100214,,0.039941309108341705
0,,-4.9382290185917554e-05,999.6865234375,,,0.125,,0.1640625,0.5,1482.2966348308769,1780356957.3019638,0.5078125,20863.779067993164,,,0,0.0006399986887117848,0.0010875010048039258,0.0002775032044155523,,0.5,,0,,0.0,0,,,,0,0.0011200008884770796,21.86084067200136,,0,,,2.8845710403402336e-05,0,,0.1328125,190.13741540908813,199.24065336200147,0.00045749766286462545,1.0,0.0,255,,0.0,0.05018407772553716,0.4708816111087799,2.8845710403402336e-05,0,0.011138916015625,0.4921875,0,0.0019141953707730863,0.1953125,0.1328125,0.125,153.9609375,,,3e-06,,,0.00018999890016857535,8,76.07258493599511,,,0.0643954381576734,0,526.7457910031226,,0,0.1328125,0,239,1,29,57084.158184035,0.20581510799820535,0,78.08395385742188,,0.30871524359099567,,1181335.0,0,0.0035799985198536888,199.24065336200147,,48.045528411865234,,,995,,,,0,,0.1171875,0.1953125,49.72699333199853,0,,0.0,36.556631326675415,,0.0283203125,,13000,,54645.18737792969,757,1,239,4096,-0.5,,0.0002420391306259262,,,0.1328125,,,0,-0.5,3.1328125,0.4921875,89.3856315612793,0,,0,0,0.1171875,,,42,,,,,0,204.921875,51.372386502000154,,0.042093896593259766
0,,4.3232462529019244e-05,995.4091796875,,,0.15625,,0.1484375,0.4285714328289032,1394.298551878154,1780357166.6891289,0.46875,21033.483505249023,,,0,0.0018575010471977293,0.0009049999789567664,0.00034000004234258085,,0.4285714328289032,,0,,0.015625,0,,,,0,0.001049749698722735,22.0228578440001,,0,,,-0.0015308314468711615,0,,0.1171875,190.13741540908813,209.36889707500086,0.0005399997462518513,1.0,0.015625,244,,0.0,0.05063068751072851,0.8698267936706543,-0.0015308314468711615,0,0.010162353515625,0.53125,0,0.003406297240871936,0.2021484375,0.1171875,0.15625,144.9140625,,,3e-06,,,0.00032749994716141373,150,76.75027557500289,,,0.0657282410971763,0,540.2754977967561,,0,0.125,0,240,1,35,57283.954712338,0.19009282399929361,0,80.93573760986328,,0.2702864876482636,,1167691.0,0,0.002937500539701432,209.36889707500086,,47.433555603027344,,,989,7.499367730997619,,,0,,0.0546875,0.2021484375,51.29630003299826,0,,0.0,36.22367978096008,,0.0341796875,,13060,,55140.0146484375,676,1,240,4096,-0.5,,0.00020764290684383013,,,0.125,,,0,-0.5,3.296875,0.53125,89.4132194519043,0,,0,0,0.0546875,,,47,,,,,0,204.921875,51.60780914899806,,0.043929686906037865
0,,2.879090731511269e-05,976.798828125,,,0.0390625,,0.1640625,0.5,1455.5105538103214,1780357366.4857802,0.4296875,20844.486236572266,,,0,0.0006650006980635226,0.0008849983714753762,0.00032749994716141373,,0.5,,0,,0.0078125,0,,,,0,0.0011574993550311774,21.897771498996008,,0,,,0.00031863729236647487,0,,0.09375,190.13741540908813,199.74606109100569,0.0004350004019215703,1.0,0.0078125,247,,0.0,0.05270479424279029,0.5530376434326172,0.00031863729236647487,0,0.010040283203125,0.5703125,0,0.00010750628280220553,0.1376953125,0.09375,0.0390625,158.875,,,3e-06,,,0.00022999847715254873,6,76.15911111400055,,,0.06548898997704122,0,511.91811693388445,,0,0.2109375,0,241,1,34,57485.730621961,0.19196394000027794,0,86.84719848632812,,0.2248545060865581,,1162930.0,0,0.002537501131882891,199.74606109100569,,49.4049072265625,,,990,,,,0,,0.078125,0.1376953125,48.77775940999709,0,,0.0,35.134054720401764,,0.033203125,,13115,,54767.34161376953,746,1,241,4096,-0.5,,0.00020989804124837974,,,0.2109375,,,0,-0.5,3.1953125,0.5703125,89.46699523925781,0,,0,0,0.078125,,,39,,,,,0,204.921875,52.717548802997044,,0.04194384821958079
0,,-3.0209611935561043e-05,1078.8046875,,,0.1328125,,0.171875,0.3214285671710968,1555.8273363219378,1780357568.261586,0.4921875,20647.348403930664,,,0,0.0006374993972713128,0.0009899977158056572,0.00028500107873696834,,0.3214285671710968,,0,,0.0390625,0,,,,0,0.001224998413817957,22.205047036004544,,0,,,-0.0015204965602606535,0,,0.0859375,190.13741540908813,201.75375034999888,0.0005149995558895171,1.0,0.0390625,233,,0.0,0.047333788316424166,0.44388261437416077,-0.0015204965602606535,0,0.009033203125,0.5078125,0,-0.0015177079330896959,0.201171875,0.0859375,0.1328125,147.34375,,,3e-06,,,0.00025500048650428653,2,77.00263946299674,,,0.06132853723151505,0,515.8348633995047,,0,0.125,0,242,1,41,57683.309561469,0.21034374499868136,0,79.87097930908203,,0.23945423890836537,,1255576.0,0,0.0032549996831221506,201.75375034999888,,48.52839279174805,,,983,,,,0,,0.109375,0.201171875,50.04412985700037,0,,0.0,36.559127271175385,,0.0400390625,,13178,,55802.650451660156,759,1,242,4096,-0.5,,0.000271187557700614,,,0.125,,,0,-0.5,3.375,0.5078125,89.44522094726562,0,,0,0,0.109375,,,36,,,,,0,204.921875,52.28944661800051,,0.0398575075160726
0,,-2.9493083843590284e-05,956.7705078125,,,0.078125,,0.1640625,0.5,1421.8919627885048,1780357765.8405333,0.4921875,20637.313842773438,,,0,0.0005549991328734905,0.0008775004971539602,0.00028499744075816125,,0.5,,0,,0.046875,0,,,,0,0.001160000465461053,21.768915574997663,,0,,,-0.0023126816377043724,0,,0.078125,190.13741540908813,197.5658188890011,0.0005274978320812806,1.0,0.046875,270,,0.0,0.053007483966551465,0.4215479791164398,-0.0023126816377043724,0,0.010955810546875,0.5078125,0,9.731026511872187e-05,0.185546875,0.078125,0.078125,140.5625,,,3e-06,,,0.00018250284483656287,2,75.55561673800548,,,0.06724010072183667,0,503.35205407463945,,0,0.203125,0,243,1,27,57890.502601468,0.18974573100422276,0,74.79167175292969,,0.23853176389820874,,1123669.0,0,0.002752502041403204,197.5658188890011,,46.46919250488281,,,997,,,,0,,0.0859375,0.185546875,48.11627765299636,0,,0.0,35.998083651065826,,0.0263671875,,13241,,54378.70788574219,604,1,243,4096,-0.5,,0.00016483812578371726,,,0.203125,,,0,-0.5,3.21875,0.5078125,89.50603103637695,0,,0,0,0.0859375,,,50,,,,,0,204.921875,51.93318128900137,,0.04282068621008176
0,,9.760804818625957e-05,1041.5068359375,,,0.0859375,,0.1640625,0.5,1483.109817299885,1780357973.0336409,0.4453125,20897.329330444336,,,0,0.0005900001269765198,0.0010049989214166999,0.0003600016498239711,,0.5,,0,,0.015625,0,,,,0,0.0012599994079209864,22.12706382599572,,0,,,-0.00022290798369795084,0,,0.0625,190.13741540908813,207.17262229400512,0.0004374996933620423,1.0,0.015625,247,,0.0,0.04818005182732253,0.46209120750427246,-0.00022290798369795084,0,0.009735107421875,0.5546875,0,0.0002159698778996244,0.1484375,0.0625,0.0859375,158.7265625,,,3e-06,,,0.0002149990905309096,4,76.82135594799911,,,0.06250522233061694,0,544.0300993013807,,0,0.1484375,0,244,1,35,58098.517036365,0.20191128899750765,0,90.1408462524414,,0.2509914920665324,,1229039.0,0,0.003090002792305313,207.17262229400512,,47.94800567626953,,,989,,,,0,,0.1328125,0.1484375,56.63575811299961,0,,0.0,34.84034538269043,,0.0341796875,,13298,,55344.89822387695,722,1,244,4096,-0.5,,0.0002773916814930999,,,0.1484375,,,0,-0.5,3.4609375,0.5546875,89.45095443725586,0,,0,0,0.1328125,,,50,,,,,0,204.921875,51.38416981399496,,0.0460813351838303
0,,3.897047592715808e-05,964.048828125,,,0.15625,,0.1640625,0.37142857909202576,1360.8746630103517,1780358181.0480118,0.4609375,20786.529541015625,,,0,0.0006674999895039946,0.0009349987522000447,0.0003525019565131515,,0.37142857909202576,,0,,0.0234375,0,,,,0,0.001164999048341997,21.731064197003434,,0,,,-0.0024946194607764482,0,,0.15625,190.13741540908813,207.99454034500377,0.0004725006874650717,1.0,0.0234375,275,,0.0,0.05055085684055982,0.42863729596138,-0.0024946194607764482,0,0.011749267578125,0.5390625,0,0.0010695299351937138,0.21875,0.15625,0.15625,141.6328125,,,3e-06,,,0.0002225006028311327,2,75.62004461199831,,,0.0667892973014016,0,516.4781934563507,,0,0.09375,0,245,1,28,58305.963141252,0.20088222199410666,0,78.77616882324219,,0.2609237562865019,,1132218.0,0,0.0031199997465591878,207.99454034500377,,46.703895568847656,,,996,,,,0,,0.03125,0.21875,60.53741113200522,0,,0.0,37.20511496067047,,0.02734375,,13357,,54279.563903808594,737,1,245,4096,-0.5,,0.0002740963032010768,,,0.09375,,,0,-0.5,2.9453125,0.5390625,89.48036575317383,0,,0,0,0.03125,,,52,,,,,0,204.921875,49.90309816100489,,0.05346798154772775
0,,-1.1944619465964479e-05,1085.25390625,,,0.0703125,,0.2109375,0.5,1575.1336003478596,1780358388.4940674,0.453125,21272.40753173828,,,0,0.0006475020200014114,0.0008749993867240846,0.0003374989319127053,,0.5,,0,,0.015625,0,,,,0,0.001277499904972501,22.34177376700245,,0,,,-0.0010608939919620752,0,,0.0859375,190.13741540908813,207.42050066600495,0.0004249995981808752,1.0,0.015625,267,,0.0,0.04774704083415987,0.401305615901947,-0.0010608939919620752,0,0.00921630859375,0.546875,0,5.9577363572316244e-05,0.154296875,0.0859375,0.0703125,190.9765625,,,3e-06,,,0.0001900007191579789,3,77.97167610200268,,,0.05966337335445471,0,526.5576572637656,,0,0.1875,0,246,1,41,58506.272331354,0.21344524400046794,0,102.83404541015625,,0.2645462518557906,,1306860.0,0,0.0027075020625488833,207.42050066600495,,49.549556732177734,,,983,,,,0,,0.09375,0.154296875,53.83004711599642,0,,0.0,35.95003858208656,,0.0400390625,,13415,,56136.48986816406,747,1,246,4096,-0.5,,0.00012142263130954234,,,0.1875,,,0,-0.5,3.203125,0.546875,89.17993927001953,0,,0,0,0.09375,,,43,,,,,0,204.921875,53.061286479001865,,0.04119037013604856
0,,5.032537072224841e-05,978.5400390625,,,0.125,,0.171875,0.4000000059604645,1440.679080560955,1780358588.8033638,0.53125,20760.847091674805,,,0,0.0005974980012979358,0.0011975007510045543,0.00029249895305838436,,0.4000000059604645,,0,,0.0390625,0,,,,0,0.0011975007510045543,21.84595754199836,,0,,,-0.0010757644195109606,0,,0.1015625,190.13741540908813,200.2779480129975,0.0005924994184169918,1.0,0.0390625,271,,0.0,0.05070063425264451,0.4881325960159302,-0.0010757644195109606,0,0.0096588134765625,0.46875,0,-0.0009628350817365572,0.2138671875,0.1015625,0.125,148.5546875,,,3e-06,,,0.00026500129024498165,2,75.85788331599906,,,0.06572647571665524,0,526.3124339799106,,0,0.1640625,0,247,1,27,58714.384850227,0.2314944989993819,0,72.70684051513672,,0.2387567365076393,,1154145.0,0,0.0027199985197512433,200.2779480129975,,47.29536437988281,,,997,,,,0,,0.1015625,0.2138671875,51.53721621799923,0,,0.0,36.39385104179382,,0.0263671875,,13483,,54534.08432006836,752,1,247,4096,-0.5,,0.00013686306465388043,,,0.1640625,,,0,-0.5,3.1484375,0.46875,89.39273452758789,0,,0,0,0.1015625,,,47,,,,,0,204.921875,50.80330303700612,,0.04465402199723538
0,,0.00013502371677986957,1001.8251953125,,,0.1015625,,0.203125,0.5,1420.3120834736208,1780358796.9157994,0.4140625,20408.830642700195,,,0,0.0005772526492364705,0.0009549985406920314,0.0003474997356534004,,0.5,,0,,0.0078125,0,,,,0,0.0011374977475497872,21.92626001500321,,0,,,-0.0008338295738212764,0,,0.0625,190.13741540908813,208.09599062000052,0.0005924994184169918,1.0,0.0078125,263,,0.0,0.052584011118376774,0.4318394362926483,-0.0008338295738212764,0,0.00927734375,0.5859375,0,0.0017858749852166511,0.1328125,0.0625,0.1015625,152.7109375,,,3e-06,,,0.00030500086722895503,2,75.9056421560017,,,0.06420466329398873,0,541.7048089857417,,0,0.1953125,0,248,1,29,58913.956986968,0.1976892599996063,0,78.65082550048828,,0.24257951008621603,,1182245.0,0,0.0033374981285305694,208.09599062000052,,47.45967102050781,,,995,,,,0,,0.046875,0.1328125,56.12007029399683,0,,0.0,35.49957275390625,,0.0283203125,,13536,,54919.35729980469,713,1,248,4096,-0.4285714328289032,,0.0002600645011625602,,,0.1953125,,,0,-0.4285714328289032,3.2890625,0.5859375,89.41034698486328,0,,0,0,0.046875,,,44,,,,,0,204.921875,53.94430690199806,,0.047469069688598244
0,,5.233677687499494e-05,993.275390625,,,0.0859375,,0.203125,0.3499999940395355,1480.251158429888,1780358996.487962,0.4765625,20922.622680664062,,,0,0.0007400012691505253,0.0010974999895552173,0.00040499799069948494,,0.3499999940395355,,0,,0.0234375,0,,,,0,0.0011525007721502334,22.127743753000686,,0,,,-0.0019302023574709892,0,,0.109375,190.13741540908813,199.5232351740051,0.00047750108933541924,1.0,0.0234375,237,,0.0,0.04924803563120487,0.511792778968811,-0.0019302023574709892,0,0.0083465576171875,0.5234375,0,0.0033731920120771974,0.1787109375,0.109375,0.0859375,160.4140625,,,3e-06,,,0.00022499807528220117,7,76.957013868996,,,0.06514173606499866,0,535.8990734348481,,0,0.1796875,0,249,1,35,59221.866975103,0.1986264340011985,0,94.90977478027344,,0.2862532564904541,,1181378.0,0,0.0029047478165011853,199.5232351740051,,47.675254821777344,,,989,,,,0,,0.078125,0.1787109375,50.146919751001406,0,,0.0,35.44556349515915,,0.0341796875,,13597,,55462.75329589844,767,1,249,4096,-0.2857142984867096,,0.00013257733326099697,,,0.1796875,,,0,-0.2857142984867096,3.5546875,0.5234375,89.42303848266602,0,,0,0,0.078125,,,48,,,,,0,204.921875,50.09086651299731,,0.04244781920012173
0,0.0,-1.0072699282659414e-05,1028.330078125,0.13333333333333333,0.20374449339207049,0.109375,0.0,0.25,0.4285714328289032,952.3706975373608,1780359313.4308627,0.46875,20455.48439025879,0.8666666666666667,0.0,0,0.0006825011951150373,0.0008799997885944322,0.0003324967110529542,0.0,0.4285714328289032,0.0,0,0.0,0.0234375,0,0.0,0.0,0.796875,0,0.0011550000635907054,21.997466952998366,0.0,0,0.0,0.0,-3.261412712163292e-05,0,0.0,0.0703125,190.13741540908813,316.91913745399506,0.0005825004336657003,0.9921875,0.0234375,214,"{'nrows': 5, 'path': 'media/table/val/generations_249_099441d9348b4b5d9e0e.table.json', 'log_mode': 'IMMUTABLE', 'ncols': 13, 'sha256': '099441d9348b4b5d9e0e8148614a7d614f0092e3b21d7e1ed5d3b88c878b1ff7', 'size': 75569, '_type': 'table-file', 'artifact_path': 'wandb-client-artifact://3y76itwyomdk3hd9ehpfnqm5pmwkmzk35pp6ej1i1yfy5p7ku6qaij9xizd5uto383cveoz6pggc6njdq6lufczd7aizvny3llqffkj36917poysqxlfqg8qku8tww5h/val/generations.table.json', '_latest_artifact_path': 'wandb-client-artifact://3mx47xuicjz7ras74wwu85dlmfes2433dlabpddx2mrvouvtgqa2jgfk3cc7w8hpapo3eecdo7mui3zud6kqpd2gfhkmdy6l2ct2s5vwc7hnswtrmnj3pvfuycrgg8mx:latest/val/generations.table.json'}",0.0,0.05011288579405919,0.39915889501571655,-3.261412712163292e-05,0,0.009124755859375,0.53125,0,0.00035484639374772136,0.1708984375,0.0703125,0.109375,150.671875,0.20149253731343283,0.20113851992409867,3e-06,0.0,0.0,0.00023250140657182783,2,76.09563729300135,0.13333333333333333,0.0,0.0630297054190443,0,559.2101352976897,0.203125,0,0.1640625,0,250,1,32,59475.521374362,0.20197173899941845,0,89.23063659667969,0.0,0.22121025540400296,0.0,1207298.0,0,0.0025499994080746546,316.91913745399506,0.0,48.11139678955078,0.0,0.0,992,8.991375084005995,0.0,0.7988614800759013,0,1024.0,0.1015625,0.1708984375,85.67029380400345,0,0.0,0.0,36.99871152639389,0.0,0.03125,0.0,13657,1054.0,55043.71643066406,795,1,250,4096,-0.5,0.0,0.00018850830861083523,0.0,0.0,0.1640625,0.0,0.203125,0,-0.5,3.2109375,0.53125,89.43818664550781,0,0.13333333333333333,0,0,0.1015625,71.19026818499697,0.0,37,0.0,0.0,0.0,0.0,0,204.921875,52.769369870002265,30.0,0.07096035428204424
0,,-7.992710035864548e-05,990.0830078125,,,0.1328125,,0.1484375,0.5,1190.9130746867793,1780359558.0523403,0.453125,19719.482421875,,,0,0.0005900001269765198,0.0011350002750987187,0.000455000190413557,,0.5,,0,,0.0,0,,,,0,0.0010600015230011195,21.970164411999576,,0,,,-8.591078221797943e-05,0,,0.09375,190.13741540908813,244.5982466659989,0.00046750210458412766,1.0,0.0,261,,0.0,0.05269168248203567,0.4789138734340668,-8.591078221797943e-05,0,0.011322021484375,0.546875,0,0.0006089775160944555,0.1572265625,0.09375,0.1328125,147.7890625,,,3e-06,,,0.00018999890016857535,2,75.27470249700127,,,0.06460344143699671,0,576.8697486328165,,0,0.1640625,0,251,1,34,59683.770809091,0.20441241200023796,0,76.76741790771484,,0.3014877438545227,,1165181.0,0,0.0028975009627174586,244.5982466659989,,49.652191162109375,,,990,,,,0,,0.0625,0.1572265625,93.72523362900392,0,,0.0,36.08647733926773,,0.033203125,,13715,,54941.95556640625,766,1,251,4096,-0.3571428656578064,,0.0004167407446402649,,,0.1640625,,,0,-0.3571428656578064,3.46875,0.546875,89.43072891235352,0,,0,0,0.0625,,,40,,,,,0,204.921875,53.421198825999454,,0.08043834702849079
0,,-0.0001081789358394758,990.8662109375,,,0.125,,0.1640625,0.3857142925262451,1421.456607278523,1780359766.3017836,0.453125,20808.544158935547,,,0,0.0005849997251061723,0.0011025003914255649,0.00042249848775099963,,0.3857142925262451,,0,,0.0,0,,,,0,0.001104999682866037,21.811417123004503,,0,,,-0.0012832959182560444,0,,0.1171875,190.13741540908813,208.20596878200013,0.0005599977157544345,1.0,0.0,269,,0.0,0.05061798078543352,0.4056950807571411,-0.0012832959182560444,0,0.010345458984375,0.546875,0,0.0007562334285466932,0.17578125,0.1171875,0.125,165.2109375,,,3e-06,,,0.0003450004442129284,2,75.92107505699823,,,0.0641321169271067,0,555.2411217904591,,0,0.1484375,0,252,1,27,59878.364047208,0.19434942699444946,0,80.03349304199219,,0.29405075474642217,,1183823.0,0,0.0026099987735506147,208.20596878200013,,47.7808952331543,,,997,,,,0,,0.0625,0.17578125,58.91767992300447,0,,0.0,37.183087319135666,,0.0263671875,,13773,,54519.805908203125,793,1,252,4096,-0.5,,0.00027979193328064866,,,0.1484375,,,0,-0.5,3.328125,0.546875,89.43208312988281,0,,0,0,0.0625,,,40,,,,,0,204.921875,51.35938234999776,,0.049768994117367606
0,,7.768597576784941e-05,987.39453125,,,0.1015625,,0.171875,0.4285714328289032,1494.1073034328488,1780359960.8950434,0.453125,20253.955841064453,,,0,0.0006174996087793261,0.0009225004760082811,0.00036749770515598357,,0.4285714328289032,,0,,0.0078125,0,,,,0,0.0011774973245337605,21.95813326699863,,0,,,0.00014716821897309273,0,,0.1328125,190.13741540908813,194.57170133099862,0.000607502443017438,1.0,0.0078125,218,,0.0,0.04969193274498987,0.4357024133205414,0.00014716821897309273,0,0.0118408203125,0.546875,0,-0.001045526281814091,0.1943359375,0.1328125,0.1015625,148.1953125,,,3e-06,,,0.00029499824449885637,87,75.76102865999565,,,0.06515149810292321,0,523.3412558645796,,0,0.140625,0,253,1,32,60084.458661235,0.18361005499900784,0,76.12468719482422,,0.30845776200294495,,1162844.0,0,0.004519999492913485,194.57170133099862,,47.23582077026367,,,992,,,,0,,0.0703125,0.1943359375,46.42360274800012,0,,0.0,36.17186099290848,,0.03125,,13831,,54947.242736816406,752,1,253,4096,-0.5,,0.00015509624381593312,,,0.140625,,,0,-0.5,3.3828125,0.546875,89.48438262939453,0,,0,0,0.0703125,,,41,,,,,0,204.921875,50.2431156629973,,0.03992246831733244
0,,5.4320685535458324e-05,1073.08984375,,,0.1015625,,0.1875,0.3642857074737549,881.8800662446445,1780377013.8369088,0.4453125,20809.288024902344,,,0,0.0009889998864309746,0.001923249783430947,0.000690499859956617,,0.3642857074737549,,0,,0.0078125,0,,,,0,0.0032647499210725073,22.820512074999897,,0,,,0.0008352515287697315,0,,0.1015625,190.13781070709229,356.623323327,0.0007912499313533772,1.0,0.0078125,263,,0.0,0.165527030158967,1.225436806678772,0.0008352515287697315,0,0.01031494140625,0.5546875,0,0.0012293105319258757,0.169921875,0.1015625,0.1015625,155.421875,,,3e-06,,,0.0005409999630501261,2,78.42428949699979,,,0.06234065092178336,0,1162.2417170781264,,0,0.0859375,0,254,1,32,61933.615135096,0.4076096049998341,0,80.6808090209961,,0.2094269875669852,,1257996.0,0,0.004766749952977989,356.623323327,,177.62530517578125,,,992,,,,0,,0.1484375,0.169921875,73.0789334279998,0,,0.0,35.3124774992466,,0.03125,,242,,56417.2248840332,812,1,254,4096,-0.4285714328289032,,0.00016201205926336115,,,0.0859375,,,0,-0.4285714328289032,3.0546875,0.5546875,89.10464096069336,0,,0,0,0.1484375,,,44,,,,,0,204.240234375,181.88838392799994,,0.058091546736237475
0,,-3.699293074532761e-05,960.28125,,,0.125,,0.1796875,0.3571428656578064,855.3961981458687,1780377346.8175006,0.4765625,20912.525177001953,,,0,0.0009512498309049988,0.001524500021332642,0.0006054999630578095,,0.3571428656578064,,0,,0.0390625,0,,,,0,0.0011612498838076135,22.43865520899999,,0,,,-0.0016818828880786896,0,,0.109375,190.13781070709229,332.85160796499986,0.000699750103194674,1.0,0.0390625,240,,0.0,0.18114128554053194,1.199442982673645,-0.0016818828880786896,0,0.0091552734375,0.5234375,0,-0.00016587445861659944,0.2060546875,0.109375,0.125,151.90625,,,3e-06,,,0.0006599999551326619,2,76.9467960410002,,,0.06756356775165091,0,1154.424920170859,,0,0.0859375,0,255,1,31,62268.04789088,0.36501992200010136,0,73.99341583251953,,0.22661199909634888,,1138880.0,0,0.003243249921069946,332.85160796499986,,174.52365112304688,,,993,,,,0,,0.1171875,0.2060546875,54.976248767000016,0,,0.0,36.30299121141434,,0.0302734375,,303,,54843.30749511719,888,1,255,4096,-0.5,,0.00023104623824110604,,,0.0859375,,,0,-0.5,3.2109375,0.5234375,89.07671356201172,0,,0,0,0.1171875,,,32,,,,,0,204.240234375,178.12129802800018,,0.048272204944331286
0,,1.880118338704051e-05,1025.6318359375,,,0.0859375,,0.21875,0.3285714387893677,908.5386666426914,1780377681.2508454,0.453125,21047.714233398438,,,0,0.0008887500371201895,0.0016572499816902564,0.0005437499339677743,,0.3285714387893677,,0,,0.03125,0,,,,0,0.0029335001272556838,22.603133107000303,,0,,,-0.0008612498641014099,0,,0.1015625,190.13781070709229,334.32781801400006,0.0007497500291719916,1.0,0.03125,206,,0.0,0.16628633088502062,1.2052253484725952,-0.0008612498641014099,0,0.0096435546875,0.546875,0,0.0006534009735332802,0.1826171875,0.1015625,0.0859375,160.890625,,,3e-06,,,0.0005572501322603785,19,77.70342374699976,,,0.06395348781933134,0,1152.417251260078,,0,0.1875,0,256,1,38,62581.326062582,0.38631397300014214,0,84.0414047241211,,0.21306000417098403,,1214999.0,0,0.0031194999792205635,334.32781801400006,,169.34107971191406,,,986,,,,0,,0.046875,0.1826171875,58.98884086499993,0,,0.0,36.14599257707596,,0.037109375,,361,,55466.922760009766,625,1,256,4096,-0.5,,0.0001659577687860292,,,0.1875,,,0,-0.5,2.953125,0.546875,89.07461547851562,0,,0,0,0.046875,,,47,,,,,0,204.240234375,174.64172015300028,,0.0485505262679228
0,,3.918633173327635e-05,1014.4560546875,,,0.1328125,,0.1953125,0.30000001192092896,955.8829536605274,1780377994.5273511,0.46875,20725.509643554688,,,0,0.0009365002142658341,0.001508999957877677,0.0005579998969551525,,0.30000001192092896,,0,,0.0078125,0,,,,0,0.0011512499895616202,22.728432903999874,,0,,,-0.0009347157902084291,0,,0.046875,190.13781070709229,313.1583724279999,0.000727500037100981,1.0,0.0078125,263,,0.0,0.14685490675999174,1.126643180847168,-0.0009347157902084291,0,0.0082550048828125,0.53125,0,0.001158008319180226,0.1484375,0.046875,0.1328125,154.8515625,,,3e-06,,,0.0005487499947776087,2,77.6703237910001,,,0.06486738345174561,0,1075.0245161923376,,0,0.171875,0,257,1,41,62887.94425802,0.38284272700002475,0,78.68063354492188,,0.24328549625352025,,1197371.0,0,0.003032249878742732,313.1583724279999,,148.81309509277344,,,983,,,,0,,0.109375,0.1484375,59.820105126999806,0,,0.0,35.86249798536301,,0.0400390625,,421,,55833.675384521484,755,1,257,4096,-0.3285714387893677,,0.0003576140907171066,,,0.171875,,,0,-0.3285714387893677,3.25,0.53125,89.08715438842773,0,,0,0,0.109375,,,38,,,,,0,204.240234375,152.55331770699968,,0.049959540632769465
0,,6.306233467512357e-05,996.4169921875,,,0.109375,,0.1328125,0.4285714328289032,962.4133272624607,1780378301.1477685,0.4765625,20622.835159301758,,,0,0.000908250058273552,0.001475749968449236,0.0005772500344392029,,0.4285714328289032,,0,,0.015625,0,,,,0,0.0013102498996886425,22.83178544500015,,0,,,-0.0011341103818267584,0,,0.125,190.13781070709229,306.50318490400014,0.0007387500318145612,1.0,0.015625,287,,0.0,0.1439814512143608,1.2893898487091064,-0.0011341103818267584,0,0.009735107421875,0.5234375,0,0.0013305343018146232,0.1953125,0.125,0.109375,155.859375,,,3e-06,,,0.0005155001190360053,2,77.14696911700003,,,0.06538261060773895,0,1089.6512757303863,,0,0.109375,0,258,1,33,63198.752355888,0.36396608299992295,0,87.39077758789062,,0.2076187520287931,,1179931.0,0,0.00315650004267809,306.50318490400014,,142.7391357421875,,,991,,,,0,,0.1171875,0.1953125,59.248119118999966,0,,0.0,34.76458042860031,,0.0322265625,,482,,55399.50180053711,806,1,258,4096,-0.5,,0.0002225747803095146,,,0.109375,,,0,-0.5,3.171875,0.5234375,89.16161727905273,0,,0,0,0.1171875,,,36,,,,,0,204.240234375,146.90873809899995,,0.050213206635811726
0,,-4.664158595346635e-06,990.884765625,,,0.109375,,0.2109375,0.33571428060531616,933.8320629904965,1780378611.9553518,0.390625,20844.017028808594,,,0,0.0009004999128592317,0.0014922499076419626,0.0006112500159360934,,0.33571428060531616,,0,,0.0234375,0,,,,0,0.0014389997886610217,22.37277087199982,,0,,,-0.0018561984179541469,0,,0.0703125,190.13781070709229,310.6324054359998,0.0007887501851655543,1.0,0.0234375,214,,0.0,0.14356331395552843,0.9990984201431274,-0.0018561984179541469,0,0.0091705322265625,0.609375,0,0.006445715618610848,0.1572265625,0.0703125,0.109375,142.234375,,,3e-06,,,0.0005097499524708837,2,77.01230680200024,,,0.06637195345570271,0,1158.173759235302,,0,0.125,0,259,1,30,63548.050106075,0.3609383890002391,0,71.12384033203125,,0.20578775729518384,,1160314.0,0,0.003166000169585459,310.6324054359998,,142.5237579345703,,,994,,,,0,,0.0625,0.1572265625,65.21082374299976,0,,0.0,35.558972507715225,,0.029296875,,532,,54974.342346191406,624,1,259,4096,-0.4285714328289032,,0.000108001479475206,,,0.125,,,0,-0.4285714328289032,3.34375,0.609375,89.1969223022461,0,,0,0,0.0625,,,36,,,,,0,204.240234375,145.6688135180002,,0.05620101433146525
0,,6.0609939836808735e-05,1021.64453125,,,0.0859375,,0.21875,0.3571428656578064,856.1921770743597,1780378961.2529337,0.3984375,21347.410202026367,,,0,0.0009382499683852075,0.001614750317457947,0.0006317500265140552,,0.3571428656578064,,0,,0.03125,0,,,,0,0.0013047499578533461,22.569545971000025,,0,,,-4.482708754949272e-05,0,,0.0625,190.13781070709229,349.1727768659998,0.0007190001269918866,1.0,0.03125,257,,0.0,0.14159495384949203,1.148310899734497,-4.482708754949272e-05,0,0.00872802734375,0.6015625,0,-0.000777795969042927,0.1484375,0.0625,0.0859375,146.1640625,,,3e-06,,,0.0004947496563545428,3,77.72517348800011,,,0.0649965158165502,0,1124.4264187428198,,0,0.1640625,0,260,1,35,64018.598576852,0.37700094399997397,0,73.47929382324219,,0.2080464910250157,,1195836.0,0,0.0033172500479849987,349.1727768659998,,142.92991638183594,,,989,15.743047971000124,,,0,,0.0546875,0.1484375,84.62288665299957,0,,0.0,35.64772382378578,,0.0341796875,,583,,55217.472076416016,914,1,260,4096,-0.2607142925262451,,0.0002587242338449869,,,0.1640625,,,0,-0.2607142925262451,2.9453125,0.6015625,89.19732284545898,0,,0,0,0.0546875,,,42,,,,,0,204.240234375,148.131543299,,0.07076462546118328
0,,-1.3125757135412641e-05,967.9521484375,,,0.09375,,0.21875,0.2857142984867096,1104.2886125177326,1780380308.6337137,0.34375,28410.92300415039,,,0,0.0018174999922848656,0.0013750000107393134,0.0011649999578366987,,0.2857142984867096,,0,,0.015625,0,,,,0,0.0021374999050749466,33.773340382000015,,0,,,-0.0005887587321922183,0,,0.09375,190.12948036193848,259.364940246,0.0011299999869152089,1.0,0.015625,209,,0.0,0.06428961637457459,0.7246991991996765,-0.0005887587321922183,0,0.0076446533203125,0.65625,0,0.0010327317504561506,0.1435546875,0.09375,0.09375,150.8515625,,,3e-06,,,0.0008500001058564521,18,111.18923232999998,,,0.097052980460959,0,645.4390265549882,,0,0.09375,0,261,1,28,64548.654511406,0.19765967299997556,0,86.81367492675781,,0.21686874970328063,,1145655.0,0,0.007045000074867858,259.364940246,,56.238094329833984,,,996,,,,0,,0.046875,0.1435546875,50.47945556999997,0,,0.0,70.68722695112228,,0.02734375,,44,,82061.95068359375,756,1,261,4096,-0.5,,0.0001612290357115853,,,0.09375,,,0,-0.5,3.3046875,0.65625,88.53537368774414,0,,0,0,0.046875,,,46,,,,,0,204.20703125,63.72277482699997,,0.04406165518415227
0,,-2.4083231261684546e-05,1058.361328125,,,0.109375,,0.171875,0.30714285373687744,1154.254788152997,1780380579.0313835,0.4375,29574.695587158203,,,0,0.0008499999921696144,0.0016049999658207525,0.0008449999882031989,,0.30714285373687744,,0,,0.0078125,0,,,,0,0.0017024999579007272,32.845232142999976,,0,,,-0.0011930728796869516,0,,0.0859375,190.13781070709229,270.35148842599995,0.0007949998916956247,1.0,0.0078125,277,,0.0,0.06393012034376552,0.6554550528526306,-0.0011930728796869516,0,0.010406494140625,0.5625,0,0.0005006396859243978,0.1494140625,0.0859375,0.109375,160.6015625,,,3e-06,,,0.0006500000040432496,4,112.36309455399999,,,0.09001880645368035,0,614.6686139965022,,0,0.2109375,0,262,1,33,64814.316312327,0.2075098909999724,0,81.4429931640625,,0.22117601474747062,,1248218.0,0,0.00561500019102823,270.35148842599995,,58.12236785888672,,,991,,,,0,,0.0234375,0.1494140625,55.64795141100001,0,,0.0,44.94944587349892,,0.0322265625,,100,,82128.54766845703,720,1,262,4096,-0.3571428656578064,,0.00025129532332357485,,,0.2109375,,,0,-0.3571428656578064,3.3984375,0.5625,88.9840087890625,0,,0,0,0.0234375,,,48,,,,,0,204.20703125,69.28503508400001,,0.04458191710983178
0,,-4.8760969264094456e-05,1018.625,,,0.09375,,0.1640625,0.5,1133.9977681743364,1780380844.693045,0.5,29601.945877075195,,,0,0.0006175000066832581,0.0010224998732155655,0.00034999999343199306,,0.5,,0,,0.0234375,0,,,,0,0.0013325000054464908,32.67766519099996,,0,,,-0.0008333321893587708,0,,0.1328125,190.13781070709229,265.637207104,0.0005800000622002699,1.0,0.0234375,244,,0.0,0.06014631536269782,0.5973730087280273,-0.0008333321893587708,0,0.01171875,0.5,0,-0.0011120000926894136,0.2060546875,0.1328125,0.09375,158.0625,,,3e-06,,,0.00036000000136482413,80,112.04395967299979,,,0.0929880952828715,0,563.4901013907074,,0,0.1640625,0,263,1,36,65106.075810674,0.2009109969999372,0,77.04701232910156,,0.2611484960652888,,1204928.0,0,0.005367499852582114,265.637207104,,56.779693603515625,,,988,,,,0,,0.0859375,0.2060546875,57.975794708999956,0,,0.0,44.695787131786346,,0.03515625,,164,,81833.55712890625,604,1,263,4096,-0.5,,0.00022847705713502364,,,0.1640625,,,0,-0.5,3.4921875,0.5,88.99674606323242,0,,0,0,0.0859375,,,39,,,,,0,204.20703125,62.73693745799994,,0.04811556765964436
0,,7.748256635409234e-05,983.0966796875,,,0.1328125,,0.25,0.5,1013.1869997201015,1780381136.4526665,0.515625,30410.449981689453,,,0,0.0007200000027296483,0.0014825001244389568,0.00036999995245423634,,0.5,,0,,0.046875,0,,,,0,0.0012799999922208372,33.052282815000126,,0,,,-0.0013866785448044538,0,,0.1015625,190.13781070709229,291.7316843599999,0.0005999999643790943,1.0,0.046875,218,,0.0,0.06693382361817096,0.6396879553794861,-0.0013866785448044538,0,0.008331298828125,0.484375,0,0.00021783235024486203,0.228515625,0.1015625,0.1328125,171.5078125,,,3e-06,,,0.00020999993921577698,3,113.91917300800014,,,0.09635264122336276,0,564.6293670511659,,0,0.09375,0,264,1,28,65411.421061222,0.2035471269998652,0,83.56611633300781,,0.26765576330944896,,1182315.0,0,0.005495000095834257,291.7316843599999,,57.30098342895508,,,996,,,,0,,0.140625,0.228515625,77.17255852500011,0,,0.0,44.951099902391434,,0.02734375,,230,,82898.86474609375,795,1,264,4096,-0.5,,0.00011601284677453805,,,0.09375,,,0,-0.5,3.09375,0.484375,89.03323364257812,0,,0,0,0.140625,,,41,,,,,0,204.20703125,67.38167783200015,,0.06527241769325444
0,,4.5776810452480277e-05,1019.4345703125,,,0.125,,0.2578125,0.3571428656578064,1001.161997312886,1780381441.7979684,0.5390625,30234.806060791016,,,0,0.0006124998890300049,0.0009899999895424116,0.00036000011505166185,,0.3571428656578064,,0,,0.015625,0,,,,0,0.001314999963142327,33.247255074999885,,0,,,-0.002937340410426259,0,,0.1328125,190.13781070709229,305.3144754,0.000597499990817596,1.0,0.015625,238,,0.0,0.07123357789771248,0.592592716217041,-0.002937340410426259,0,0.0101318359375,0.4609375,0,0.005987542150251102,0.2080078125,0.1328125,0.125,174.5859375,,,3e-06,,,0.00023499995904785465,2,114.44622765099984,,,0.09360299380048848,0,905.4153229929507,,0,0.15625,0,265,1,36,65699.642004158,0.2096178870001495,0,77.37409210205078,,0.27353098266758025,,1222677.0,0,0.0035025000215682667,305.3144754,,59.68074035644531,,,988,,,,0,,0.109375,0.2080078125,83.0477886440001,0,,0.0078125,45.34914717078209,,0.03515625,,299,,83260.3759765625,1024,1,265,4096,-0.4285714328289032,,0.00032364769549531047,,,0.15625,,,0,-0.4285714328289032,3.0078125,0.4609375,89.04680633544922,0,,0,0,0.109375,,,42,,,,,0,204.20703125,74.36080320099995,,0.06792291720871504
0,,3.4591297207953176e-05,1012.28125,,,0.15625,,0.2109375,0.30000001192092896,1064.7793525057452,1780381730.0188568,0.4609375,29927.21176147461,,,0,0.000507500089952373,0.0010649999921952258,0.00027499993393576005,,0.30000001192092896,,0,,0.0234375,0,,,,0,0.0011849999737023609,33.19806968700004,,0,,,-0.002081420039758086,0,,0.0859375,190.13781070709229,288.19491970600006,0.0005824999789183494,1.0,0.0234375,187,,0.0,0.06566316371689095,0.7590878009796143,-0.002081420039758086,0,0.0081787109375,0.5390625,0,0.0005374896063585766,0.1865234375,0.0859375,0.15625,186.40625,,,3e-06,,,0.00029249997623992385,2,114.01627756999983,,,0.09288828077747784,0,586.6378722658847,,0,0.1328125,0,266,1,35,65968.16023509,0.20594586800007164,0,86.63086700439453,,0.2646454959176481,,1227456.0,0,0.0039750002542859875,288.19491970600006,,58.938720703125,,,989,,,,0,,0.0625,0.1865234375,72.70757317200014,0,,0.0078125,44.28492486476898,,0.0341796875,,358,,83457.87048339844,1024,1,266,4096,-0.4285714328289032,,0.00010657105849531945,,,0.1328125,,,0,-0.4285714328289032,3.265625,0.5390625,89.08311462402344,0,,0,0,0.0625,,,50,,,,,0,204.20703125,68.06485959299994,,0.05923436210503687
0,,2.6101044625193026e-05,997.2236328125,,,0.1015625,,0.1796875,0.5,1107.1633690101678,1780381998.5371883,0.3515625,29787.250518798828,,,0,0.0005724999709855183,0.0010500001508262358,0.00033224989692826057,,0.5,,0,,0.0078125,0,,,,0,0.0011900000345121953,32.757922208999844,,0,,,-0.0005521679413504899,0,,0.0703125,190.13781070709229,268.49989651099986,0.0005074999762655352,1.0,0.0078125,227,,0.0,0.061545514245116034,0.5854620933532715,-0.0005521679413504899,0,0.008575439453125,0.6484375,0,0.00011836199337267317,0.125,0.0703125,0.1015625,164.0,,,3e-06,,,0.00023250004232977517,3,112.32133567900019,,,0.09445967277496393,0,579.1452306231222,,0,0.1015625,0,267,1,28,66394.34153571,0.20147382799996194,0,70.76467895507812,,0.26921325479634106,,1189093.0,0,0.003539999852364417,268.49989651099986,,56.61666488647461,,,996,,,,0,,0.0703125,0.125,60.369358909999846,0,,0.0,45.445457100868225,,0.02734375,,403,,81909.21783447266,722,1,267,4096,-0.27142858505249023,,5.207596404943615e-05,,,0.1015625,,,0,-0.27142858505249023,3.5234375,0.6484375,89.06576538085938,0,,0,0,0.0703125,,,55,,,,,0,204.20703125,62.847632689999955,,0.05076924925972977
0,,-4.773817246928047e-05,1048.259765625,,,0.078125,,0.171875,0.4285714328289032,721.9412656507099,1780382424.7184374,0.4140625,29823.238372802734,,,0,0.0005549999286813545,0.001092500269805896,0.00032250000003841706,,0.4285714328289032,,0,,0.0234375,0,,,,0,0.0011025000503650517,32.80005011399999,,0,,,-0.0026476276107132435,0,,0.09375,190.13781070709229,426.16278447900004,0.0004922499101667199,0.9921875,0.0234375,258,,0.0,0.06098624921139754,0.813889741897583,-0.0026476276107132435,0,0.011932373046875,0.5859375,0,0.0014138189944787882,0.1669921875,0.09375,0.078125,153.5546875,,,3e-06,,,0.00027499982024892233,34,112.46893662100001,,,0.09138927030986677,0,564.1574134717666,,0,0.125,0,268,1,31,66665.114487811,0.20721666999997979,0,83.07332611083984,,0.23884123947937042,,1230658.0,0,0.004317500042816391,426.16278447900004,,57.376953125,,,993,,,,0,,0.09375,0.1669921875,215.22084982999968,0,,0.0,45.10761797428131,,0.0302734375,,456,,82036.18621826172,748,1,268,4096,-0.5,,0.00017612144347367575,,,0.125,,,0,-0.5,3.2578125,0.5859375,89.17129516601562,0,,0,0,0.09375,,,41,,,,,0,204.20703125,65.46373765599992,,0.17488274551500066
0,,-8.396498714091649e-05,1012.7890625,,,0.1015625,,0.2109375,0.5,1124.6557933255544,1780382695.4911928,0.4140625,30650.493621826172,,,0,0.0007275001507878187,0.0010599999313853914,0.0003550001110852463,,0.5,,0,,0.0234375,0,,,,0,0.0013724999234909774,33.031447451000076,,0,,,-0.00017035219934768975,0,,0.1015625,190.13781070709229,270.74061397900005,0.00048499998683837475,1.0,0.0234375,203,,0.0,0.061488487211405624,0.5952804684638977,-0.00017035219934768975,0,0.009735107421875,0.5859375,0,-0.0004315581409173319,0.1708984375,0.1015625,0.1015625,176.625,,,3e-06,,,0.0002925000899267616,3,114.02362303600012,,,0.09361852855266192,0,565.0855976342573,,0,0.140625,0,269,1,45,67007.383383739,0.21155659100031698,0,74.44902038574219,,0.28051825938746333,,1217960.0,0,0.0037999998312443495,270.74061397900005,,58.1291389465332,,,979,,,,0,,0.046875,0.1708984375,59.70237845099973,0,,0.0,45.029375702142715,,0.0439453125,,509,,82762.72583007812,753,1,269,4096,-0.5,,0.00019947600799241627,,,0.140625,,,0,-0.5,3.1171875,0.5859375,89.3665542602539,0,,0,0,0.046875,,,35,,,,,0,204.20703125,63.76946413299993,,0.04901834087408432
0,,1.6684989248005877e-05,1040.87109375,,,0.0859375,,0.1953125,0.3571428656578064,888.2518629233688,1780383037.7599516,0.421875,29995.42236328125,,,0,0.0006599999551326619,0.0009375002036904334,0.00042499993924138835,,0.3571428656578064,,0,,0.0234375,0,,,,0,0.0012900000001536682,32.99061154999981,,0,,,-0.0021037536207586527,0,,0.1015625,190.13781070709229,342.221629572,0.0005999999075356754,1.0,0.0234375,230,,0.0,0.06853923704792052,0.657142162322998,-0.0021037536207586527,0,0.011566162109375,0.578125,0,0.008066208618402015,0.1708984375,0.1015625,0.0859375,146.546875,,,3e-06,,,0.00017249988104595104,131,113.3922442930002,,,0.0932566429695803,0,581.5117876733129,,0,0.140625,0,270,1,24,67280.189412361,0.21121062100019117,0,79.15657806396484,,0.23792825231794268,,1215916.0,0,0.003292499968665652,342.221629572,,64.28093719482422,,,1000,8.435557579000033,,,0,,0.0703125,0.1708984375,114.13712076599995,0,,0.0,44.64094713330269,,0.0234375,,563,,82770.42388916016,599,1,270,4096,-0.5,,0.00018077948652717168,,,0.140625,,,0,-0.5,3.1796875,0.578125,89.41325759887695,0,,0,0,0.0703125,,,46,,,,,0,204.20703125,73.05268288600018,,0.09386924817668321
0,,2.3348357899521943e-05,1019.63671875,,,0.1328125,,0.203125,0.33571428060531616,1008.9247808637778,1780390684.0019982,0.46875,27261.484146118164,,,0,0.00197000008483883,0.0013874998785468051,0.0012074999631295213,,0.33571428060531616,,0,,0.0234375,0,,,,0,0.0021824998839292675,32.87846663800002,,0,,,-0.0002536342362873256,0,,0.0859375,190.12948036193848,298.15602283299995,0.0013349999790079892,1.0,0.0234375,248,,0.0,0.06112862667846621,0.5906435251235962,-0.0002536342362873256,0,0.00927734375,0.53125,0,-0.0034544697191449814,0.1845703125,0.0859375,0.1328125,155.4296875,,,3e-06,,,0.0010324999948352342,3,107.74719382500007,,,0.08954546603499808,0,996.9291366830876,,0,0.1171875,0,271,1,34,67853.578191829,0.19984704099999817,0,82.62301635742188,,0.2621269959490746,,1203268.0,0,0.009852499715634622,298.15602283299995,,50.84943389892578,,,990,,,,0,,0.109375,0.1845703125,93.50319923900008,0,,0.0,103.57360541820526,,0.033203125,,60,,79384.92584228516,755,1,271,4096,-0.5,,0.00019575109263314516,,,0.1171875,,,0,-0.5,2.9140625,0.53125,88.35127258300781,0,,0,0,0.109375,,,51,,,,,0,203.470703125,63.824888144,,0.0777077087057913
0,,-2.579088813092767e-05,1053.333984375,,,0.09375,,0.15625,0.4000000059604645,1148.1023037506125,1780390958.5712972,0.4296875,28948.440551757812,,,0,0.0007424999921568087,0.0017495000292910845,0.0009475000410930079,,0.4000000059604645,,0,,0.0234375,0,,,,0,0.0020024999685119838,31.96051615800002,,0,,,0.0001463388034608215,0,,0.078125,190.13781070709229,274.544784877,0.0012174999710623524,1.0,0.0234375,231,,0.0,0.05921599047110462,0.6966995596885681,0.0001463388034608215,0,0.009796142578125,0.5703125,0,-0.0019285064190626144,0.1689453125,0.078125,0.09375,177.9375,,,3e-06,,,0.0007175000291681499,4,108.85307929600003,,,0.08633500945890858,0,897.0939030684094,,0,0.109375,0,272,1,38,68102.235986045,0.23353227000006882,0,85.67591857910156,,0.285324000287801,,1260822.0,0,0.006532499355671462,274.544784877,,51.69396209716797,,,986,,,,0,,0.125,0.1689453125,69.62416807800003,0,,0.0,39.11358863115311,,0.037109375,,115,,78968.13201904297,811,1,272,4096,-0.5,,0.00018455100212122488,,,0.109375,,,0,-0.5,3.3046875,0.5703125,88.7917709350586,0,,0,0,0.125,,,42,,,,,0,203.470703125,63.87119634600003,,0.05522125096008797
0,,6.523522324641817e-05,950.931640625,,,0.0859375,,0.15625,0.4285714328289032,1130.6982299251151,1780391207.229081,0.5078125,28007.780075073242,,,0,0.0006099999723119254,0.0012474999948608456,0.00035749997095990693,,0.4285714328289032,,0,,0.0390625,0,,,,0,0.0011700000186465331,31.51646313699996,,0,,,-0.0003916763234883547,0,,0.09375,190.13781070709229,248.60258251099992,0.0005699999405806011,1.0,0.0390625,226,,0.0,0.06001464065564811,0.5947651863098145,-0.0003916763234883547,0,0.010528564453125,0.4921875,0,0.0012636891842703335,0.19921875,0.09375,0.0859375,147.09375,,,3e-06,,,0.0003650000621746585,3,106.58306921999997,,,0.09479291592329268,0,761.5155656963616,,0,0.1640625,0,273,1,24,68355.962206116,0.19540041200002634,0,77.95211029052734,,0.24804676650092006,,1124378.0,0,0.0046925001697673,248.60258251099992,,49.16781997680664,,,1000,,,,0,,0.125,0.19921875,51.86565778699992,0,,0.0,40.26975482702255,,0.0244140625,,180,,77773.24676513672,663,1,273,4096,-0.5,,0.00019380958087822364,,,0.1640625,,,0,-0.5,3.4140625,0.4921875,88.82705688476562,0,,0,0,0.125,,,41,,,,,0,203.470703125,58.43949639699997,,0.04612831075225584
0,,9.66945709954814e-05,1034.251953125,,,0.1484375,,0.328125,0.37142857909202576,1188.3223208550985,1780391460.9553003,0.453125,28022.024154663086,,,0,0.0006625000423809979,0.001214999997500854,0.0002474999973856029,,0.37142857909202576,,0,,0.0390625,0,,,,0,0.0010925000424322207,31.704065107000133,,0,,,-0.0004081699007656425,0,,0.0546875,190.13781070709229,253.68748420299994,0.0006700000767523306,1.0,0.0390625,218,,0.0,0.05596500016146179,0.6184200048446655,-0.0004081699007656425,0,0.0080108642578125,0.546875,0,0.004117567528737709,0.1728515625,0.0546875,0.1484375,143.3359375,,,3e-06,,,0.00026750001325126505,36,106.62145436200012,,,0.08842016367044003,0,590.5943816048966,,0,0.15625,0,274,1,33,68619.073402612,0.21565923100001783,0,82.51041412353516,,0.2550762437749654,,1205850.0,0,0.004552499831333989,253.68748420299994,,50.85691833496094,,,991,,,,0,,0.0546875,0.1728515625,55.872901072000104,0,,0.0,40.9206748008728,,0.0322265625,,238,,77967.6513671875,737,1,274,4096,-0.4285714328289032,,0.0003089925162385043,,,0.15625,,,0,-0.4285714328289032,3.046875,0.546875,88.8414077758789,0,,0,0,0.0546875,,,50,,,,,0,203.470703125,59.27107658099999,,0.04633486840983547
0,,-0.00012419717371869865,1058.478515625,,,0.109375,,0.2265625,0.3857142925262451,1189.3255622878648,1780391724.066499,0.4609375,28798.242568969727,,,0,0.0005949999604126788,0.00099249996310391,0.00027999999474559445,,0.3857142925262451,,0,,0.0234375,0,,,,0,0.0011775000530178659,31.65804045499999,,0,,,-0.001389305223710835,0,,0.1015625,190.13781070709229,263.0671616930001,0.0006399999392669997,1.0,0.0234375,224,,0.0,0.05846561820567203,0.6390417814254761,-0.001389305223710835,0,0.0106201171875,0.5390625,0,0.0008051995355344843,0.189453125,0.1015625,0.109375,163.6796875,,,3e-06,,,0.0002574999484750151,11,108.10531149600001,,,0.0863812827078123,0,673.2294168264634,,0,0.1171875,0,275,1,40,68962.587389547,0.2125260079999407,0,70.2517318725586,,0.2680140023585409,,1251490.0,0,0.0036850001379207242,263.0671616930001,,52.62725067138672,,,984,,,,0,,0.109375,0.189453125,59.71932048000008,0,,0.0,40.85909575223923,,0.0390625,,297,,78592.70477294922,806,1,275,4096,-0.4285714328289032,,1.4953576055631856e-05,,,0.1171875,,,0,-0.4285714328289032,3.2109375,0.5390625,88.87221908569336,0,,0,0,0.109375,,,37,,,,,0,203.470703125,63.36983119200022,,0.04771857584159688
0,,0.00011907750547379692,983.220703125,,,0.09375,,0.21875,0.3214285671710968,837.1278553795502,1780392067.5803852,0.390625,28348.833084106445,,,0,0.0006697500793961808,0.001092249931389233,0.00035749991411648807,,0.3214285671710968,,0,,0.0234375,0,,,,0,0.00099249996310391,31.788364515000012,,0,,,-0.0009354580543003976,0,,0.0625,190.13781070709229,343.4941247649999,0.0005772500344392029,0.9921875,0.0234375,222,,0.0,0.06575649479647756,0.5520894527435303,-0.0009354580543003976,0,0.008026123046875,0.609375,0,0.0017432094937248621,0.1416015625,0.0625,0.09375,140.015625,,,3e-06,,,0.00023749998945277184,8,108.10566645800009,,,0.09398907180701697,0,750.6090292306908,,0,0.1328125,0,276,1,29,69218.632593833,0.19873683200012238,0,84.30289459228516,,0.25766901671886444,,1150194.0,0,0.0033275000532739796,343.4941247649999,,51.726951599121094,,,995,,,,0,,0.078125,0.1416015625,137.19449381899994,0,,0.0,40.87916016578674,,0.0283203125,,347,,78965.08026123047,759,1,276,4096,-0.4285714328289032,,0.0002131977826138609,,,0.1328125,,,0,-0.4285714328289032,3.4609375,0.609375,88.8663558959961,0,,0,0,0.078125,,,41,,,,,0,203.470703125,66.20482257799995,,0.11927943792003778
0,,2.0316753417404243e-05,992.83984375,,,0.1640625,,0.1875,0.5,1152.32674316235,1780392323.6256847,0.4375,28326.43699645996,,,0,0.0005949999604126788,0.001047499949891062,0.0003725000397025724,,0.5,,0,,0.015625,0,,,,0,0.0014275000239649671,31.772566003000065,,0,,,-0.0010409492533653975,0,,0.0625,190.13781070709229,255.9629911830002,0.0005600001031780266,1.0,0.015625,265,,0.0,0.06194584752839662,0.6261975765228271,-0.0010409492533653975,0,0.01019287109375,0.5625,0,0.0023245229149324587,0.1689453125,0.0625,0.1640625,159.3203125,,,3e-06,,,0.00017249999473278876,17,107.79766795800015,,,0.091368512913922,0,660.5715851209243,,0,0.09375,0,277,1,36,69533.313346034,0.20455964299981133,0,82.3770980834961,,0.25075924349948764,,1179812.0,0,0.0041722501009644475,255.9629911830002,,51.116416931152344,,,988,,,,0,,0.1015625,0.1689453125,53.20732094599998,0,,0.0,40.80798476934433,,0.03515625,,403,,78769.59228515625,722,1,277,4096,-0.4285714328289032,,0.00016438970033050282,,,0.09375,,,0,-0.4285714328289032,3.234375,0.5625,88.86190414428711,0,,0,0,0.1015625,,,43,,,,,0,203.470703125,62.97836091499994,,0.04509813508084337
0,,-5.1858323594444755e-05,1001.216796875,,,0.109375,,0.1640625,0.3642857074737549,938.270468447127,1780392638.3064208,0.453125,29025.171279907227,,,0,0.0007125000820451532,0.0009149999868895975,0.0002699999868127634,,0.3642857074737549,,0,,0.0078125,0,,,,0,0.0009774998943612445,31.898659446999773,,0,,,-0.0012485153274610639,0,,0.1328125,190.13781070709229,314.6464798029997,0.0005599999894911889,1.0,0.0078125,208,,0.0,0.06674121824128032,0.6109265685081482,-0.0012485153274610639,0,0.0103607177734375,0.546875,0,-7.835822179913521e-05,0.185546875,0.1328125,0.109375,152.0,,,3e-06,,,0.00017749994185578544,3,109.01228857200022,,,0.09231335629785588,0,703.8579728308832,,0,0.1328125,0,278,1,35,69797.292295723,0.2136150669998642,0,81.41706848144531,,0.32064825063571334,,1180894.0,0,0.003834999915852677,314.6464798029997,,53.16044616699219,,,989,,,,0,,0.0703125,0.185546875,105.0930853179998,0,,0.0,40.04944860935211,,0.0341796875,,461,,79242.88177490234,598,1,278,4096,-0.4285714328289032,,0.0001830673370477598,,,0.1328125,,,0,-0.4285714328289032,3.5,0.546875,88.8808708190918,0,,0,0,0.0703125,,,40,,,,,0,203.470703125,68.42616703699969,,0.08899451205442639
0,,-5.7968395992702426e-05,1047.025390625,,,0.0703125,,0.1796875,0.5,1157.425956392101,1780392902.2850132,0.5078125,28883.602142333984,,,0,0.0006774999974368257,0.0009274998546970892,0.00025500014544377336,,0.5,,0,,0.0234375,0,,,,0,0.0012199999446238508,31.711705290000282,,0,,,-0.002556023420765996,0,,0.109375,190.13781070709229,263.94301796399986,0.0005775000317953527,1.0,0.0234375,248,,0.0,0.059870243808258616,0.5084330439567566,-0.002556023420765996,0,0.0118408203125,0.4921875,0,-0.0008679489474161528,0.1845703125,0.109375,0.0703125,146.3125,,,3e-06,,,0.00017749982816894772,106,108.30721762199983,,,0.08863270666247659,0,689.0288076698344,,0,0.2109375,0,279,1,39,70079.543967244,0.2017373979997501,0,73.18516540527344,,0.27693374431692064,,1221978.0,0,0.003382499926374294,263.94301796399986,,52.52058410644531,,,985,,,,0,,0.09375,0.1845703125,59.53015226100024,0,,0.0,39.432525634765625,,0.0380859375,,526,,78694.86999511719,766,1,279,4096,-0.5,,0.00017904292144521605,,,0.2109375,,,0,-0.5,3.4140625,0.4921875,88.96442413330078,0,,0,0,0.09375,,,40,,,,,0,203.470703125,64.19012137999971,,0.04871622260057075
0,,3.314919138119876e-05,1004.875,,,0.125,,0.1875,0.5,1059.8619948723947,1780393184.5369773,0.5390625,29043.51043701172,,,0,0.0006224998969628359,0.0011150000318593811,0.00026250006612826837,,0.5,,0,,0.0078125,0,,,,0,0.001050000037139398,32.03472575199976,,0,,,-0.0017215984407812357,0,,0.125,190.13781070709229,282.23108428000023,0.0005325001666278695,1.0,0.0078125,218,,0.0,0.06699826674648579,0.4976668357849121,-0.0017215984407812357,0,0.01263427734375,0.4609375,0,0.003180298421284533,0.1953125,0.125,0.125,163.5859375,,,3e-06,,,0.00019000003703695256,56,109.22869199199977,,,0.09128986780821441,0,742.8441303515137,,0,0.1875,0,280,1,34,70344.698813893,0.21191411300014806,0,76.88138580322266,,0.239801753195934,,1196504.0,0,0.0031975000638340134,282.23108428000023,,54.62342834472656,,,990,11.63557197099999,,,0,,0.09375,0.1953125,60.17670871499968,0,,0.0,38.182877004146576,,0.033203125,,595,,79403.9077758789,812,1,280,4096,-0.3642857074737549,,0.00028960714871573146,,,0.1875,,,0,-0.3642857074737549,3.5078125,0.4609375,88.98617172241211,0,,0,0,0.09375,,,43,,,,,0,203.470703125,68.94068049599991,,0.05029377980767275
0,,3.172032939602332e-05,1031.6357421875,,,0.109375,,0.2109375,0.5,1142.4786040338506,1780393449.691884,0.4375,29091.655731201172,,,0,0.000672500050313829,0.0010524998970140587,0.0003000000106112566,,0.5,,0,,0.0,0,,,,0,0.0011549999499038677,31.83939579800017,,0,,,-0.00239348690956831,0,,0.1015625,190.13781070709229,265.1277222440003,0.0006149999762783409,1.0,0.0,237,,0.0,0.0648420495950855,0.5498931407928467,-0.00239348690956831,0,0.010650634765625,0.5625,0,0.0004036989303131122,0.154296875,0.1015625,0.109375,151.578125,,,3e-06,,,0.00018750006347545423,2,109.06739591699989,,,0.09001849266555015,0,569.3260416946869,,0,0.15625,0,281,1,43,70618.964800773,0.19733643500012477,0,79.2487564086914,,0.23897150822449476,,1211611.0,0,0.0033699998311931267,265.1277222440003,,53.84871292114258,,,981,,,,0,,0.0703125,0.154296875,55.52252419300021,0,,0.0,39.69748318195343,,0.0419921875,,651,,79366.47033691406,768,1,281,4096,-0.5,,9.801429314393317e-05,,,0.15625,,,0,-0.5,3.109375,0.5625,89.07175064086914,0,,0,0,0.0703125,,,30,,,,,0,203.470703125,68.49881698200033,,0.04582537150372538
0,,-7.417697413103497e-05,1035.2568359375,,,0.15625,,0.1875,0.30000001192092896,1123.8491957428303,1780393723.9578612,0.4375,28534.666061401367,,,0,0.0006024999947840115,0.000985000042419415,0.0002949999498014222,,0.30000001192092896,,0,,0.03125,0,,,,0,0.0010399999155197293,31.898881140999947,,0,,,-0.0004916672478429973,0,,0.0859375,190.13781070709229,274.24653696199994,0.0005675001375493594,0.9921875,0.03125,231,,0.0,0.06480724204063203,0.6374224424362183,-0.0004916672478429973,0,0.00848388671875,0.5625,0,0.0004729556603706442,0.1875,0.0859375,0.15625,168.6953125,,,3e-06,,,0.00023249981495609973,2,108.78588719499976,,,0.08823956840954292,0,590.8778592430463,,0,0.125,0,282,1,46,70883.78084317,0.19942445299966494,0,82.68086242675781,,0.22977925254963338,,1232847.0,0,0.0038550001590920147,274.24653696199994,,53.188941955566406,,,978,,,,0,,0.0390625,0.1875,64.65816759800009,0,,0.0,38.63832727074623,,0.044921875,,707,,79621.46759033203,746,1,282,4096,-0.5,,0.00032462498211316415,,,0.125,,,0,-0.5,3.609375,0.5625,89.04626083374023,0,,0,0,0.0390625,,,56,,,,,0,203.470703125,68.70235170900014,,0.052446222116775305
0,,7.71318585748304e-05,1012.103515625,,,0.0546875,,0.1796875,0.30000001192092896,1127.896696809659,1780393988.7738967,0.4609375,28024.593353271484,,,0,0.0007550000873379759,0.0010024998573499033,0.0002575001190052717,,0.30000001192092896,,0,,0.0078125,0,,,,0,0.0010575000715107308,31.44683152200014,,0,,,-0.001000126707367599,0,,0.140625,190.13781070709229,264.7871040360001,0.0005750000582338544,1.0,0.0078125,253,,0.0,0.05902210554962684,0.5197250843048096,-0.001000126707367599,0,0.009063720703125,0.5390625,0,0.0009203097142744809,0.181640625,0.140625,0.0546875,154.5078125,,,3e-06,,,0.0001749999682942871,31,106.88635084399994,,,0.08947384572705731,0,589.5175633114704,,0,0.1484375,0,283,1,31,71156.629153269,0.2087799190003352,0,71.5733642578125,,0.22072451247368008,,1194610.0,0,0.0032100001590151805,264.7871040360001,,51.44137954711914,,,993,,,,0,,0.109375,0.181640625,65.07296747999999,0,,0.0,38.812097162008286,,0.0302734375,,766,,78233.20007324219,723,1,283,4096,-0.5,,0.00020732691018565674,,,0.1484375,,,0,-0.5,3.109375,0.5390625,89.03852462768555,0,,0,0,0.109375,,,43,,,,,0,203.470703125,61.170156058999964,,0.054472143611722645
0,,3.6741635238257686e-05,1045.23828125,,,0.15625,,0.2109375,0.3214285671710968,1140.4713624210553,1780394261.6222124,0.4296875,28318.347930908203,,,0,0.0007675000688323053,0.0010424998890812276,0.0002575002326921094,,0.3214285671710968,,0,,0.015625,0,,,,0,0.001262500063603511,31.685135704000004,,0,,,-0.0007048196857795119,0,,0.1015625,190.13781070709229,272.8249127969998,0.0006499997198261553,1.0,0.015625,230,,0.0,0.0598921738987449,0.5496395826339722,-0.0007048196857795119,0,0.0089111328125,0.5703125,0,0.000639856792986393,0.181640625,0.1015625,0.15625,170.1875,,,3e-06,,,0.00022249992071010638,8,107.72524448700005,,,0.08655438751771663,0,560.8472829451202,,0,0.1015625,0,284,1,43,71422.416178783,0.19818975399994088,0,73.72037506103516,,0.23582950234413147,,1244596.0,0,0.0032049999845185084,272.8249127969998,,52.451683044433594,,,981,,,,0,,0.0546875,0.181640625,69.1105009099997,0,,0.0,41.30927100777626,,0.0419921875,,821,,78804.49676513672,806,1,284,4096,-0.5,,0.00015510111688854522,,,0.1015625,,,0,-0.5,3.1171875,0.5703125,89.08086013793945,0,,0,0,0.0546875,,,41,,,,,0,203.470703125,64.10403113600023,,0.05552846137220407
0,,1.7454631716873337e-05,1026.0439453125,,,0.125,,0.171875,0.5,1136.735907215348,1780394527.4092686,0.5078125,28718.061447143555,,,0,0.0006499997198261553,0.0010949997886200435,0.0002749995928752469,,0.5,,0,,0.015625,0,,,,0,0.0010950002433673944,31.56318777999968,,0,,,7.735541294096038e-05,0,,0.1328125,190.13781070709229,265.76379621900014,0.0005975002750346903,1.0,0.015625,233,,0.0,0.060277306259154964,0.6056941151618958,7.735541294096038e-05,0,0.010589599609375,0.4921875,0,-0.0021132735346327536,0.2119140625,0.1328125,0.125,154.046875,,,3e-06,,,0.00018250011635245755,2,107.98449310700016,,,0.08936058541823048,0,575.0350041976199,,0,0.1484375,0,285,1,47,71693.791658046,0.1994935530001385,0,82.43919372558594,,0.23176400281954557,,1208413.0,0,0.003942500370612834,265.76379621900014,,51.98969268798828,,,977,,,,0,,0.0859375,0.2119140625,62.68247247599993,0,,0.0,38.59968110918999,,0.0458984375,,886,,78652.55737304688,720,1,285,4096,-0.5,,0.00014939287302695448,,,0.1484375,,,0,-0.5,3.453125,0.4921875,89.20497512817383,0,,0,0,0.0859375,,,42,,,,,0,203.470703125,63.331497090000084,,0.051871729678512175
0,,-3.676570884181274e-05,1149.005859375,,,0.0546875,,0.28125,0.5,1242.8915885449562,1780394798.784614,0.484375,29157.451629638672,,,0,0.0007149999419198139,0.00099249996310391,0.0002775000211840961,,0.5,,0,,0.0078125,0,,,,0,0.0011624999842752004,31.87376611000036,,0,,,-0.0005726605304516852,0,,0.0859375,190.13781070709229,271.3555253800005,0.0007174999154813122,1.0,0.0078125,220,,0.0,0.05813850727531059,0.6742268800735474,-0.0005726605304516852,0,0.0093994140625,0.515625,0,8.99348669918254e-05,0.1494140625,0.0859375,0.0546875,168.4375,,,3e-06,,,0.00019724984667846002,20,109.24213510499976,,,0.08097636365489486,0,578.9252392835333,,0,0.2421875,0,286,1,53,71969.043080452,0.2599332499994489,0,80.87926483154297,,0.21890200150664896,,1349062.0,0,0.00408000050811097,271.3555253800005,,54.917999267578125,,,971,,,,0,,0.09375,0.1494140625,61.57264438099992,0,,0.0,40.42041301727295,,0.0517578125,,948,,79465.1107788086,629,1,286,4096,-0.4285714328289032,,0.00010993787100233021,,,0.2421875,,,0,-0.4285714328289032,3.0078125,0.515625,89.03856658935547,0,,0,0,0.09375,,,44,,,,,0,203.470703125,68.40472116699948,,0.04564107830551888
0,,1.0628736536233419e-05,1074.232421875,,,0.109375,,0.125,0.3928571343421936,1143.2180084713116,1780395074.0361857,0.4140625,28893.962860107422,,,0,0.0005225001586950384,0.0009249999948224286,0.00026250040718878154,,0.3928571343421936,,0,,0.015625,0,,,,0,0.0012400000741763506,31.73496487200009,,0,,,-0.0029639790300279856,0,,0.1171875,190.13781070709229,275.20691387700026,0.0007099997674231417,0.9921875,0.015625,277,,0.0,0.06131204969754938,0.8561107516288757,-0.0029639790300279856,0,0.010406494140625,0.5859375,0,0.00796722269296879,0.17578125,0.1171875,0.109375,154.7578125,,,3e-06,,,0.0002275000952067785,2,108.72234205599943,,,0.08639137984530575,0,583.4122571716143,,0,0.1015625,0,287,1,45,72223.090030222,0.20921735699994315,0,76.51533508300781,,0.22501699277199805,,1258486.0,0,0.0029125001219654223,275.20691387700026,,54.20591735839844,,,979,,,,0,,0.0703125,0.17578125,67.09401290700043,0,,0.0,40.572524070739746,,0.0439453125,,1001,,79204.16259765625,794,1,287,4096,-0.5,,6.417571285055601e-05,,,0.1015625,,,0,-0.5,3.1640625,0.5859375,89.09643936157227,0,,0,0,0.0703125,,,42,,,,,0,203.470703125,67.44411303600009,,0.053313277149686554
0,,1.0044583575563593e-05,937.2373046875,,,0.140625,,0.1875,0.5,1080.7034207903587,1780395328.083062,0.4765625,28390.567779541016,,,0,0.0006999998731771484,0.0008625002010376193,0.00028999966161791235,,0.5,,0,,0.0234375,0,,,,0,0.0009824998414842412,31.184736178000094,,0,,,-0.0027660795021802187,0,,0.0859375,190.13781070709229,254.01673088000007,0.0006074999419070082,1.0,0.0234375,244,,0.0,0.058820879562086065,1.1984221935272217,-0.0027660795021802187,0,0.0098876953125,0.5234375,0,0.002180937626690138,0.19140625,0.0859375,0.140625,135.09375,,,3e-06,,,0.0001749999682942871,22,106.33554674900006,,,0.09683885113476688,0,575.498431644286,,0,0.125,0,288,1,24,72486.417909658,0.1929224069999691,0,66.85801696777344,,0.19245523435529321,,1098067.0,0,0.0029272500796651,254.01673088000007,,49.54975891113281,,,1000,,,,0,,0.1015625,0.19140625,59.84889040500002,0,,0.0,41.12602025270462,,0.0234375,,1062,,77328.15551757812,811,1,288,4096,-0.3571428656578064,,0.00032615849636385974,,,0.125,,,0,-0.3571428656578064,3.1953125,0.5234375,89.07648468017578,0,,0,0,0.1015625,,,37,,,,,0,203.470703125,56.45222156300042,,0.054503860333659074
0,,4.2006796007854064e-05,1079.603515625,,,0.1015625,,0.203125,0.3642857074737549,1214.1178420272201,1780395591.4109883,0.4140625,27204.496383666992,,,0,0.0006425000265153358,0.0010625003596942406,0.0003249999735999154,,0.3642857074737549,,0,,0.0078125,0,,,,0,0.0011972501852142159,32.34555138499945,,0,,,-0.0015275930054485798,0,,0.0859375,190.13781070709229,263.2944586880003,0.0007300000106624793,1.0,0.0078125,212,,0.0,0.05937626677726446,0.5800517201423645,-0.0015275930054485798,0,0.009674072265625,0.5859375,0,0.0010006718366639689,0.1552734375,0.0859375,0.1015625,169.109375,,,3e-06,,,0.00020249990484444425,4,106.94296097200004,,,0.08363530648902544,0,600.1517574804748,,0,0.078125,0,289,1,38,72752.649750029,0.21424129300066852,0,80.23199462890625,,0.17676300194580108,,1278682.0,0,0.003809999725490343,263.2944586880003,,53.47931671142578,,,986,,,,0,,0.140625,0.1552734375,58.14688900700003,0,,0.0,44.77482661604881,,0.037109375,,1115,,79093.35327148438,751,1,289,4096,-0.5,,0.00013944421107225935,,,0.078125,,,0,-0.5,3.4296875,0.5859375,89.11346435546875,0,,0,0,0.140625,,,47,,,,,0,203.470703125,65.64129419000074,,0.04547408112963194
0,,5.399409548267897e-05,948.7646484375,,,0.0859375,,0.203125,0.5,1061.1981574476226,1780395857.642855,0.4765625,29307.262420654297,,,0,0.0006674999895039946,0.0010699998256313847,0.00029999978323758114,,0.5,,0,,0.03125,0,,,,0,0.001044999862642726,31.612200455000675,,0,,,-0.004418512340635061,0,,0.1015625,190.13781070709229,266.18567702699966,0.0006050001957191853,1.0,0.03125,203,,0.0,0.06393828924639894,0.6188099980354309,-0.004418512340635061,0,0.011444091796875,0.5234375,0,0.002843376489181537,0.1826171875,0.1015625,0.0859375,154.65625,,,3e-06,,,0.00020500010577961802,13,108.64379368499976,,,0.09615320402282299,0,597.8712398396019,,0,0.171875,0,290,1,29,73011.94378196,0.20477809600015462,0,69.9606704711914,,0.20575225062202662,,1129903.0,0,0.0028775000373570947,266.18567702699966,,50.370601654052734,,,995,8.100471108999955,,,0,,0.0859375,0.1826171875,55.50357544200051,0,,0.0,40.20531475543976,,0.0283203125,,1176,,78698.2421875,748,1,290,4096,-0.5,,0.0002822025044224574,,,0.171875,,,0,-0.5,2.9296875,0.5234375,89.08984756469727,0,,0,0,0.0859375,,,44,,,,,0,203.470703125,62.118285843000194,,0.04912242505949671
0,,2.7808680467700242e-05,1009.494140625,,,0.1171875,,0.140625,0.5,1159.5864461611545,1780396116.9368856,0.4609375,27613.418579101562,,,0,0.0007050000476738205,0.0011350000477250433,0.0003249999735999154,,0.5,,0,,0.0078125,0,,,,0,0.0011547501799213933,31.52544031999969,,0,,,-0.0029545456636697054,0,,0.109375,190.13781070709229,259.27045025000007,0.0006799998573114863,1.0,0.0078125,249,,0.0,0.06060005519956003,0.5423651337623596,-0.0029545456636697054,0,0.01116943359375,0.5390625,0,-0.00014900753740221262,0.177734375,0.109375,0.1171875,164.90625,,,3e-06,,,0.00019000003703695256,2,106.76121441400028,,,0.08877636561044307,0,743.0298743543244,,0,0.140625,0,291,1,41,73286.585655987,0.20617297100034193,0,82.59992980957031,,0.23498199880123138,,1202586.0,0,0.002835000032064272,259.27045025000007,,52.96219253540039,,,983,,,,0,,0.0859375,0.177734375,58.13119298099991,0,,0.0078125,40.090665221214294,,0.0400390625,,1235,,78364.43328857422,1024,1,291,4096,-0.5,,0.00017800987097871257,,,0.140625,,,0,-0.5,3.2578125,0.5390625,89.19730377197266,0,,0,0,0.0859375,,,43,,,,,0,203.470703125,62.643610260999594,,0.04833849136860059
0,,1.8613787233334733e-05,1016.619140625,,,0.0859375,,0.234375,0.5,1092.463890919999,1780396391.578704,0.5078125,28983.339309692383,,,0,0.0006049997409718344,0.0010000001111620804,0.0002350000158912735,,0.5,,0,,0.0390625,0,,,,0,0.0011200002063560532,31.831338863999918,,0,,,-0.0016520092030987144,0,,0.078125,190.13781070709229,274.61822994199974,0.0006125001164036803,0.9921875,0.0390625,251,,0.0,0.06400332817588118,0.7647523283958435,-0.0016520092030987144,0,0.00921630859375,0.4921875,0,-0.0013240645421319641,0.17578125,0.078125,0.0859375,155.296875,,,3e-06,,,0.00019749973034777213,5,108.5908945049996,,,0.09048924496392592,0,570.8263875569683,,0,0.2109375,0,292,1,28,73699.60543972,0.21549867299927428,0,82.92835235595703,,0.22352449013851583,,1200042.0,0,0.0028399999791872688,274.61822994199974,,53.013755798339844,,,996,,,,0,,0.09375,0.17578125,67.34930298400013,0,,0.0,40.992386639118195,,0.02734375,,1300,,78995.5062866211,887,1,292,4096,-0.4285714328289032,,0.00028374634712236,,,0.2109375,,,0,-0.4285714328289032,3.0703125,0.4921875,89.10358810424805,0,,0,0,0.09375,,,49,,,,,0,203.470703125,66.62861669099948,,0.05612245486741308
0,,-0.00011663867325761856,1007.458984375,,,0.171875,,0.1953125,0.3499999940395355,711.0906949636573,1780396804.5984178,0.46875,28097.257614135742,,,0,0.000889999910214101,0.0009149998732027598,0.00031500007935392205,,0.3499999940395355,,0,,0.015625,0,,,,0,0.0011624999842752004,31.382292570000573,,0,,,-0.0014491482870653272,0,,0.1015625,190.13781070709229,412.9761535060006,0.0006950003808015026,0.9921875,0.015625,272,,0.0,0.05846122778823609,0.598468542098999,-0.0014491482870653272,0,0.00970458984375,0.53125,0,-0.0010838274465641007,0.19140625,0.1015625,0.171875,139.6640625,,,3e-06,,,0.0001725002221064642,24,106.82359717199961,,,0.09094047878949853,0,674.8641216429241,,0,0.1328125,0,293,1,32,73978.550872306,0.19342401100038842,0,71.08841705322266,,0.22857950534671545,,1174654.0,0,0.0037749996408820152,412.9761535060006,,51.12369155883789,,,992,,,,0,,0.046875,0.19140625,214.26400374900004,0,,0.0,41.305460035800934,,0.03125,,1360,,78009.93347167969,670,1,293,4096,-0.5,,0.00018864047569877584,,,0.1328125,,,0,-0.5,2.828125,0.53125,89.15165710449219,0,,0,0,0.046875,,,45,,,,,0,203.470703125,60.31082411300031,,0.18240605637830376
0,,-5.3114983359137113e-05,1036.8271484375,,,0.1015625,,0.1640625,0.4285714328289032,1100.2177911363224,1780397083.543955,0.484375,29421.688079833984,,,0,0.0007950000053824624,0.0009625005077396054,0.0003474997356534004,,0.4285714328289032,,0,,0.0234375,0,,,,0,0.001147499915532535,32.19678611500058,,0,,,-0.00027937363483943045,0,,0.0859375,190.13781070709229,278.91182316100003,0.000580000005356851,1.0,0.0234375,223,,0.0,0.0689253848542592,0.6979043483734131,-0.00027937363483943045,0,0.009368896484375,0.515625,0,-0.00015500924200750887,0.1767578125,0.0859375,0.1015625,161.859375,,,3e-06,,,0.0001824998889787821,39,110.50460378400021,,,0.09002741752976705,0,671.2044234816422,,0,0.1640625,0,294,1,37,74247.873597239,0.21448723600042285,0,78.07015228271484,,0.21268450655043125,,1227455.0,0,0.0036974997783545405,278.91182316100003,,53.63087844848633,,,987,,,,0,,0.109375,0.1767578125,62.81474827999955,0,,0.0,40.99222645163536,,0.0361328125,,1422,,80370.49865722656,885,1,294,4096,-0.34285715222358704,,0.0001319549082836602,,,0.1640625,,,0,-0.34285715222358704,3.28125,0.515625,89.12868118286133,0,,0,0,0.109375,,,41,,,,,0,203.470703125,73.17883927900039,,0.05117478708384385
0,,-4.372132055152633e-05,1064.4404296875,,,0.1015625,,0.2109375,0.4285714328289032,1170.5100145047652,1780397352.8667438,0.4375,28431.713104248047,,,0,0.000802499698693282,0.0008525000794179505,0.00027999999474559445,,0.4285714328289032,,0,,0.03125,0,,,,0,0.0009675000001152512,31.92157160700026,,0,,,-0.0017308531096205115,0,,0.1015625,190.13781070709229,269.2935097469999,0.0005699998837371822,1.0,0.03125,198,,0.0,0.06256205428046338,0.618309497833252,-0.0017308531096205115,0,0.00927734375,0.5625,0,0.004072072726557963,0.18359375,0.1015625,0.1015625,166.8515625,,,3e-06,,,0.00017749994185578544,4,108.6823315190004,,,0.0861981480001875,0,713.412698894681,,0,0.125,0,295,1,41,74529.266014126,0.20832893700026034,0,85.30763244628906,,0.2661012695170939,,1260843.0,0,0.0025424999421375105,269.2935097469999,,53.528839111328125,,,983,,,,0,,0.078125,0.18359375,60.287094416999935,0,,0.0,38.9399528503418,,0.0400390625,,1478,,79497.99346923828,805,1,295,4096,-0.5,,0.0001742346644277859,,,0.125,,,0,-0.5,3.3515625,0.5625,89.22160720825195,0,,0,0,0.078125,,,42,,,,,0,203.470703125,68.19182585899944,,0.04781490987934258
0,,1.5522196328277005e-06,1104.830078125,,,0.078125,,0.21875,0.5,1149.2866320568723,1780397634.259089,0.390625,29489.755630493164,,,0,0.0007150003966671648,0.0010274995929648867,0.00029249986255308613,,0.5,,0,,0.0234375,0,,,,0,0.0011925001217605313,32.2479431239999,,0,,,0.000999082112684846,0,,0.0625,190.13781070709229,281.36627624500034,0.0005600004442385398,1.0,0.0234375,243,,0.0,0.06632382974792875,0.5857850313186646,0.000999082112684846,0,0.0072021484375,0.609375,0,3.616023423091974e-05,0.1416015625,0.0625,0.078125,158.3359375,,,3e-06,,,0.000190000264410628,3,110.99393275500006,,,0.08581018735088704,0,684.715471049014,,0,0.1484375,0,296,1,51,74801.964223088,0.2247182539995265,0,76.1570053100586,,0.23026199778541923,,1293482.0,0,0.003637499730757554,281.36627624500034,,54.96473693847656,,,973,,,,0,,0.078125,0.1416015625,62.862642816000516,0,,0.0,39.20973837375641,,0.0498046875,,1528,,80780.01403808594,793,1,296,4096,-0.3642857074737549,,9.336980292573571e-05,,,0.1484375,,,0,-0.3642857074737549,3.046875,0.609375,89.16942977905273,0,,0,0,0.078125,,,39,,,,,0,203.470703125,75.0351994900002,,0.04859954975484817
0,,-3.0370970101500916e-05,1075.0,,,0.1015625,,0.2421875,0.3499999940395355,1159.3891145451275,1780397906.957182,0.515625,28568.63784790039,,,0,0.0007324999842239777,0.0012725001852231799,0.0003299996933492366,,0.3499999940395355,,0,,0.015625,0,,,,0,0.0011800000265793642,31.97316573900025,,0,,,-0.001812824746593833,0,,0.1328125,190.13781070709229,272.6625565430004,0.0006575000952580012,1.0,0.015625,229,,0.0,0.06208560291333547,0.5694862008094788,-0.001812824746593833,0,0.0120849609375,0.484375,0,0.002886462314563687,0.1953125,0.1328125,0.1015625,159.8515625,,,3e-06,,,0.00028749991543008946,2,108.90174307399957,,,0.08612319221218356,0,647.9873642335879,,0,0.21875,0,297,1,51,75061.563965959,0.21090134600035526,0,88.41758728027344,,0.2335800090804696,,1264488.0,0,0.00336499988407013,272.6625565430004,,53.92108917236328,,,973,,,,0,,0.046875,0.1953125,63.230947720000586,0,,0.0,40.67327082157135,,0.0498046875,,1594,,79644.20318603516,746,1,297,4096,-0.5,,0.00012193313114039483,,,0.21875,,,0,-0.5,3.1328125,0.484375,89.18791580200195,0,,0,0,0.046875,,,36,,,,,0,203.470703125,68.34383168699969,,0.05000517815906563
0,,-1.3298513749759877e-05,1002.8525390625,,,0.0625,,0.2109375,0.2857142984867096,1156.1363805920973,1780398166.5570729,0.453125,28337.892532348633,,,0,0.0006725001640006667,0.0010075000318465754,0.00027749979381042067,,0.2857142984867096,,0,,0.03125,0,,,,0,0.001227500206368859,31.637869189999947,,0,,,0.0009955349378287792,0,,0.109375,190.13781070709229,259.57685878400025,0.0005750000582338544,1.0,0.03125,247,,0.0,0.06076851249317125,0.7643693089485168,0.0009955349378287792,0,0.00909423828125,0.546875,0,-0.0019235696017858572,0.185546875,0.109375,0.0625,169.4375,,,3e-06,,,0.00019749973034777213,2,107.76554328300062,,,0.08977282486036246,0,637.4755196600308,,0,0.1171875,0,298,1,42,75323.849992141,0.19271668099918315,0,76.64064025878906,,0.2837395004462451,,1200425.0,0,0.00416999955632491,259.57685878400025,,51.514488220214844,,,982,,,,0,,0.1328125,0.185546875,57.57408309699986,0,,0.0,40.417421609163284,,0.041015625,,1652,,78749.46594238281,813,1,298,4096,-0.4000000059604645,,0.000220012665977265,,,0.1171875,,,0,-0.4000000059604645,3.1328125,0.546875,89.15998840332031,0,,0,0,0.1328125,,,43,,,,,0,203.470703125,62.404461617999914,,0.04796141624591279
0,,5.9955710753456515e-05,972.1953125,,,0.078125,,0.1796875,0.5,1094.8889941104587,1780398428.843011,0.4609375,28757.831573486328,,,0,0.0006625000423809979,0.0009225000212609302,0.00030750015866942704,,0.5,,0,,0.046875,0,,,,0,0.001192499439639505,31.595606996999777,,0,,,-0.0011588898487389088,0,,0.0703125,190.13781070709229,262.2475899790006,0.0005550000423681922,1.0,0.046875,254,,0.0,0.06267525630820989,0.7885488271713257,-0.0011588898487389088,0,0.00921630859375,0.5390625,0,2.8488882890087552e-05,0.17578125,0.0703125,0.078125,149.4140625,,,3e-06,,,0.00021250025383778848,6,108.12595289099954,,,0.09414307086200732,0,690.2752876635641,,0,0.1484375,0,299,1,34,75694.412634228,0.1932682329988893,0,75.638671875,,0.23268349468708038,,1148528.0,0,0.003697249667311553,262.2475899790006,,50.977394104003906,,,990,,,,0,,0.1171875,0.17578125,59.935485094001706,0,,0.0,40.37587717175484,,0.033203125,,1711,,78637.2299194336,721,1,299,4096,-0.2857142984867096,,0.00019528637653820624,,,0.1484375,,,0,-0.2857142984867096,3.3515625,0.5390625,89.27303314208984,0,,0,0,0.1171875,,,39,,,,,0,203.470703125,62.394972561999566,,0.05218460942528324
0,0.0,-5.203749211357689e-05,1096.9189453125,0.03571428571428571,0.20394736842105263,0.0703125,0.0,0.1328125,0.30000001192092896,849.2665036491263,1780398807.0518234,0.453125,29180.774688720703,0.9666666666666667,0.0,0,0.0005824990694236476,0.0009749996934260707,0.00028250042305444367,0.0,0.30000001192092896,0.0,0,0.0,0.0390625,0,0.0,0.0,0.791015625,0,0.0011949996405746788,31.912927371000478,0.0,0,0.0,0.0,-0.0007127501303330064,0,0.0,0.0703125,190.13781070709229,378.16309558899957,0.0005900001269765198,1.0,0.0390625,236,"{'nrows': 1, 'log_mode': 'IMMUTABLE', 'size': 15089, '_latest_artifact_path': 'wandb-client-artifact://t9d0l2zi1hzpkr21v9lhgmonlsgin9zd01sowf4mjsjw3s2782lui2nhttlbnj6njnq0hithv3b76p14hm3qgyjnr3d5e8ftdu3ux83jjxka23vl9xnl7hv2ug8w3pkd:latest/val/generations.table.json', '_type': 'table-file', 'artifact_path': 'wandb-client-artifact://rlxocgnx1s238ut9vdkou51uc6cdwffil287ru2y2o9fm1zhgjekz0vydene00fckdse87m1csys5b3pt8fk0eb72alkwacdt47vyus9zlfs5b7xcqw5xa2znn2n2eqx/val/generations.table.json', 'ncols': 13, 'path': 'media/table/val/generations_299_fdaaac74c26b490624b2.table.json', 'sha256': 'fdaaac74c26b490624b2df20d137a5bffe601ec6096e0bda603bc95848ebb383'}",0.0,0.06008567104327229,0.5984272956848145,-0.0007127501303330064,0,0.00921630859375,0.546875,0,-0.0005841002421220765,0.171875,0.0703125,0.0703125,157.6171875,0.19893617021276597,0.20398481973434535,3e-06,0.0,0.0,0.00018750006347545423,4,109.5565110030002,0.03333333333333333,0.0,0.08528154548766406,0,681.3232884060271,0.208984375,0,0.140625,0,300,1,51,75976.934453413,0.21934802699979628,0,82.93302917480469,0.0,0.20378924091346562,0.0,1284645.0,0,0.003157500032102689,378.16309558899957,0.0,53.98634338378906,0.0,0.0,973,7.56392464199962,0.0,0.7960151802656547,0,1024.0,0.1328125,0.171875,61.02053347800029,0,0.0,0.0,39.37896341085434,0.0,0.0498046875,0.0,1769,1054.0,79654.82330322266,907,1,300,4096,-0.5,0.0,0.00029426184391923016,0.0,0.0,0.140625,0.0,0.208984375,0,-0.5,3.390625,0.546875,89.27077865600586,0,0.03333333333333333,0,0,0.1328125,100.39625769399936,0.0,40,0.0,0.0,0.0,0.0,0,203.470703125,67.49092957100038,30.0,0.04749991902665739
0,,-8.315913589740376e-06,1063.3095703125,,,0.109375,,0.1484375,0.3142857253551483,1146.3014150858512,1780399081.927526,0.5,29545.51887512207,,,0,0.0006625000423809979,0.0011249999261053745,0.0003174995981680695,,0.3142857253551483,,0,,0.015625,0,,,,0,0.0012300001799303573,32.378821107000476,,0,,,-0.00111892179120332,0,,0.0625,190.13781070709229,274.841543292001,0.000632499904895667,1.0,0.015625,211,,0.0,0.07031861941682344,0.7556689381599426,-0.00111892179120332,0,0.009033203125,0.5,0,0.0037384223978733644,0.1630859375,0.0625,0.109375,167.359375,,,3e-06,,,0.00018750006347545423,3,111.0461716560003,,,0.08811754568185358,0,637.6629477786337,,0,0.21875,0,301,1,50,76230.61246262,0.22168518400030734,0,77.16216278076172,,0.21988700609654188,,1260205.0,0,0.003705000381160062,274.841543292001,,55.1517333984375,,,974,,,,0,,0.09375,0.1630859375,54.62781752000046,0,,0.0,41.12207144498825,,0.048828125,,1833,,80821.64001464844,805,1,301,4096,-0.5,,3.298786668892717e-05,,,0.21875,,,0,-0.5,3.7265625,0.5,89.31802749633789,0,,0,0,0.09375,,,45,,,,,0,203.470703125,76.56495206100044,,0.04334835802111598
0,,-9.521570584070105e-05,1010.080078125,,,0.1171875,,0.203125,0.3285714387893677,1179.3291754061288,1780399335.60559,0.421875,28180.646896362305,,,0,0.0006424997991416603,0.0009524997039989103,0.00025500003175693564,,0.3285714387893677,,0,,0.0234375,0,,,,0,0.0010999992809956893,31.53671180299898,,0,,,-0.0008794235764071345,0,,0.0625,190.13781070709229,253.62087722199976,0.0005399997462518513,1.0,0.0234375,248,,0.0,0.05809132160777853,0.5743962526321411,-0.0008794235764071345,0,0.00799560546875,0.578125,0,0.00013080031567369588,0.1572265625,0.0625,0.1171875,158.2890625,,,3e-06,,,0.00024249993657576852,2,107.02700588300104,,,0.08945679648531944,0,665.6170476921834,,0,0.15625,0,302,1,34,76502.192333291,0.2151755619997857,0,77.03033447265625,,0.2365194959565997,,1196410.0,0,0.0028149997888249345,253.62087722199976,,51.49559783935547,,,990,,,,0,,0.0625,0.1572265625,54.75426912900002,0,,0.0,41.0487987101078,,0.033203125,,1887,,78139.45007324219,807,1,302,4096,-0.44285714626312256,,0.00019367236427569878,,,0.15625,,,0,-0.44285714626312256,3.4140625,0.578125,89.30241394042969,0,,0,0,0.0625,,,48,,,,,0,203.470703125,60.08513194800071,,0.0457654726465008
0,,-9.274339731746295e-07,1090.142578125,,,0.0546875,,0.2734375,0.3499999940395355,1178.4051408120945,1780399607.1853268,0.421875,28947.582244873047,,,0,0.0006775003384973388,0.0010472499525349122,0.0002474998836987652,,0.3499999940395355,,0,,0.0234375,0,,,,0,0.0011299998732283711,31.744980436000333,,0,,,-0.0012446792097762227,0,,0.09375,190.13781070709229,271.50127653000163,0.0005899996722291689,0.9921875,0.0234375,208,,0.0,0.05660400573677727,0.5698544979095459,-0.0012446792097762227,0,0.0084381103515625,0.578125,0,-0.000958342818194069,0.158203125,0.09375,0.0546875,159.6171875,,,3e-06,,,0.00023749998945277184,50,108.33402138900055,,,0.08465222330932394,0,670.4947215502907,,0,0.171875,0,303,1,47,76758.746079989,0.20079206900118152,0,76.49573516845703,,0.17216551350429654,,1279754.0,0,0.003014999947481556,271.50127653000163,,52.90244674682617,,,977,,,,0,,0.078125,0.158203125,68.03186140599973,0,,0.0,38.03093731403351,,0.0458984375,,1941,,78677.734375,813,1,303,4096,-0.4285714328289032,,7.03138268818293e-05,,,0.171875,,,0,-0.4285714328289032,3.328125,0.578125,89.32415008544922,0,,0,0,0.078125,,,36,,,,,0,203.470703125,63.18739122799889,,0.05316010843177652
0,,-4.5980828232927706e-05,1038.6826171875,,,0.1328125,,0.1640625,0.34285715222358704,1191.104904807998,1780399863.7391748,0.46875,28762.88604736328,,,0,0.0006250002115848474,0.0009775003491085954,0.0002774995664367452,,0.34285715222358704,,0,,0.0234375,0,,,,0,0.001337500179943163,31.57634772900019,,0,,,-0.0018018872942775488,0,,0.125,190.13781070709229,256.53386932300054,0.0005625001904263627,1.0,0.0234375,233,,0.0,0.05754091349750884,0.6469356417655945,-0.0018018872942775488,0,0.010284423828125,0.53125,0,0.0020580642485583667,0.19921875,0.125,0.1328125,154.90625,,,3e-06,,,0.00019749995772144757,12,107.76018022199969,,,0.08816649844097059,0,663.4100254927907,,0,0.125,0,304,1,32,77179.579911976,0.22734035799840058,0,74.19596862792969,,0.27039949782192707,,1222235.0,0,0.003380000180186471,256.53386932300054,,52.29706573486328,,,992,,,,0,,0.0625,0.19921875,55.76650853499996,0,,0.0078125,40.95807671546936,,0.03125,,2001,,78292.64831542969,1024,1,304,4096,-0.3571428656578064,,0.0001808327604067017,,,0.125,,,0,-0.3571428656578064,3.546875,0.53125,89.37940216064453,0,,0,0,0.0625,,,33,,,,,0,203.470703125,61.201148545998876,,0.04562666634076095
0,,-1.131572506807288e-06,960.5400390625,,,0.125,,0.1796875,0.37142857909202576,678.3468512811847,1780400284.5730202,0.5078125,28574.193954467773,,,0,0.0005724996299250051,0.0009450000106880907,0.0002824999683070928,,0.37142857909202576,,0,,0.0390625,0,,,,0,0.0013549997674999759,32.06540271099948,,0,,,-0.0010991990566253662,0,,0.1484375,190.13781070709229,420.7733100860005,0.0006024997674103361,0.9921875,0.0390625,248,,0.0,0.07159160878229177,0.5959814190864563,-0.0010991990566253662,0,0.0108642578125,0.4921875,0,0.0010698754049371928,0.2333984375,0.1484375,0.125,154.421875,,,3e-06,,,0.00024000019038794562,32,109.10808326400002,,,0.09556457599010618,0,589.5649564490595,,0,0.109375,0,305,1,33,77599.019019901,0.17692278799950145,0,74.39381408691406,,0.18833500507753342,,1141721.0,0,0.003279999873484485,420.7733100860005,,52.027591705322266,,,991,,,,0,,0.0859375,0.2333984375,209.00407484700008,0,,0.0,39.9615652859211,,0.0322265625,,2066,,79904.16717529297,994,1,305,4096,-0.5,,0.00011999386424577096,,,0.109375,,,0,-0.5,3.0390625,0.4921875,89.40750885009766,0,,0,0,0.0859375,,,42,,,,,0,203.470703125,70.41700525700071,,0.18306055056095147
0,,-7.776380772384073e-05,1085.259765625,,,0.078125,,0.1484375,0.5,763.527356277502,1780400704.012125,0.390625,27857.887268066406,,,0,0.0006199998097144999,0.0010574995030765422,0.000279999767371919,,0.5,,0,,0.015625,0,,,,0,0.0011974993867625017,31.784159081000325,,0,,,-0.0018137347651645541,0,,0.03125,190.13781070709229,419.41981170300096,0.0006349996510834899,0.9921875,0.015625,256,,0.0,0.059260121089060494,0.5484912395477295,-0.0018137347651645541,0,0.0085906982421875,0.609375,0,-0.00019997027993667882,0.12109375,0.03125,0.078125,165.671875,,,3e-06,,,0.00021750020096078515,5,107.70185096400019,,,0.08407940563361384,0,660.1599950304371,,0,0.1328125,0,306,1,30,78013.706527145,0.26827092500025174,0,79.53193664550781,,0.23156726092565805,,1280954.0,0,0.0030050000532355625,419.41981170300096,,53.915306091308594,,,994,,,,0,,0.1328125,0.12109375,213.80719103999945,0,,0.0,40.78100249171257,,0.029296875,,2116,,79142.78411865234,752,1,306,4096,-0.4285714328289032,,0.0001094488598027965,,,0.1328125,,,0,-0.4285714328289032,3.3203125,0.609375,89.47509765625,0,,0,0,0.1328125,,,34,,,,,0,203.470703125,65.85612812699947,,0.1669124660526447
0,,5.722693714460547e-05,1012.609375,,,0.109375,,0.1484375,0.34285715222358704,713.1938547085002,1780401118.6995752,0.4453125,28190.217971801758,,,0,0.0007374997039732989,0.000997500137600582,0.00034250024327775463,,0.34285715222358704,,0,,0.0078125,0,,,,0,0.0013474996194418054,31.603811883998787,,0,,,-0.0014052058104425669,0,,0.1328125,190.13781070709229,414.59975860399936,0.0006447498890338466,0.9921875,0.0078125,233,,0.0,0.059731884646913154,0.5445171594619751,-0.0014052058104425669,0,0.010650634765625,0.5546875,0,-0.0013986284084239742,0.1865234375,0.1328125,0.109375,142.4296875,,,3e-06,,,0.00018750006347545423,2,107.31595060099971,,,0.0907334967372922,0,583.6919086432172,,0,0.109375,0,307,1,27,78292.285911813,0.1973971879997407,0,64.79573822021484,,0.22222699772100896,,1182760.0,0,0.0035375001061765943,414.59975860399936,,51.11627960205078,,,997,,,,0,,0.0859375,0.1865234375,213.54392657099925,0,,0.0,40.76547175645828,,0.0263671875,,2173,,78501.04522705078,668,1,307,4096,-0.5,,0.00015627086850145133,,,0.109375,,,0,-0.5,3.546875,0.5546875,89.42232894897461,0,,0,0,0.0859375,,,39,,,,,0,203.470703125,61.93670797300001,,0.18054713261439284
0,,-3.8238763806930365e-05,1009.724609375,,,0.09375,,0.15625,0.3285714387893677,1063.4863118539204,1780401397.2790184,0.4375,28176.572799682617,,,0,0.0006100003702158574,0.0009750001481734216,0.00032000025385059416,,0.3285714387893677,,0,,0.0078125,0,,,,0,0.0011700003597070463,32.2691519050004,,0,,,-0.001871100626885891,0,,0.09375,190.13781070709229,278.55694680599845,0.0005224997039476875,0.9921875,0.0078125,253,,0.0,0.0693590367964652,0.5984798669815063,-0.001871100626885891,0,0.010772705078125,0.5625,0,0.004051774161780486,0.1572265625,0.09375,0.09375,147.46875,,,3e-06,,,0.00018250011635245755,2,109.26695035000012,,,0.09221104263751037,0,663.1577272737777,,0,0.140625,0,308,1,39,78705.009210115,0.20062157999927877,0,75.85334777832031,,0.23054450866766274,,1184966.0,0,0.0039599999581696466,278.55694680599845,,52.61690139770508,,,985,,,,0,,0.1015625,0.1572265625,65.1037570970002,0,,0.0,41.59030318260193,,0.0380859375,,2229,,80385.39123535156,745,1,308,4096,-0.5,,0.000151982480474544,,,0.140625,,,0,-0.5,3.4296875,0.5625,89.37495040893555,0,,0,0,0.1015625,,,37,,,,,0,203.470703125,71.71433096799956,,0.05494145578607335
0,,-2.4367139587866404e-05,1043.248046875,,,0.09375,,0.1796875,0.5,737.1217059336373,1780401810.0022743,0.46875,27396.45767211914,,,0,0.0006674999895039946,0.000829749751574127,0.0002974998096760828,,0.5,,0,,0.0234375,0,,,,0,0.0010250005288980901,31.29876052200052,,0,,,0.0002717302704695612,0,,0.0703125,190.13781070709229,412.6638756550001,0.000542500401934376,0.984375,0.0234375,256,,0.0,0.053383052855696556,0.5665989518165588,0.0002717302704695612,0,0.0089111328125,0.53125,0,-0.0006382879801094532,0.1708984375,0.0703125,0.09375,144.96875,,,3e-06,,,0.00023250004232977517,6,105.71162856400042,,,0.0868814618182778,0,611.9438717701123,,0,0.140625,0,309,1,35,78983.730177925,0.2176917050001066,0,78.20460510253906,,0.20955024228896946,,1216734.0,0,0.002530000074330019,412.6638756550001,,51.06121063232422,,,989,,,,0,,0.140625,0.1708984375,218.40529865699864,0,,0.0,40.558647364377975,,0.0341796875,,2289,,77662.4526977539,747,1,309,4096,-0.2928571403026581,,0.00022222000552574173,,,0.140625,,,0,-0.2928571403026581,3.4140625,0.53125,89.41377639770508,0,,0,0,0.140625,,,50,,,,,0,203.470703125,57.02836800300065,,0.17950127033270924
0,,1.1602159929680056e-05,1060.2431640625,,,0.1328125,,0.1328125,0.3571428656578064,1123.3847113098532,1780402088.7232718,0.359375,28226.421356201172,,,0,0.0006999994184297975,0.0008325000635522883,0.0002299998413946014,,0.3571428656578064,,0,,0.015625,0,,,,0,0.0011850002010760363,31.568527324998286,,0,,,-0.00042185181519016623,0,,0.0546875,190.13781070709229,278.6759040319994,0.0005575006980507169,0.9921875,0.015625,256,,0.0,0.058138987641948615,0.5766920447349548,-0.00042185181519016623,0,0.00860595703125,0.640625,0,-0.0009964676537492778,0.13671875,0.0546875,0.1328125,162.6484375,,,3e-06,,,0.00020749985196744092,3,107.31175028100006,,,0.0856957648575634,0,596.069763225838,,0,0.1171875,0,310,1,41,79243.078544222,0.2730511829995521,0,72.47820281982422,,0.20006499835290015,,1252241.0,0,0.0032225002541963477,278.6759040319994,,53.35822677612305,,,983,8.035159830000339,,,0,,0.0390625,0.13671875,68.36416184900008,0,,0.0,40.58109223842621,,0.0400390625,,2335,,78448.47106933594,813,1,310,4096,-0.5,,0.00011048358987864049,,,0.1171875,,,0,-0.5,3.5703125,0.640625,89.33036422729492,0,,0,0,0.0390625,,,44,,,,,0,203.470703125,63.12085935399955,,0.05459345433426959
0,,1.7412792985282977e-05,1037.390625,,,0.09375,,0.21875,0.33571428060531616,1172.531798243195,1780402348.0716834,0.3984375,28917.247772216797,,,0,0.0006899999789311551,0.0010525004654482473,0.00023749953470542096,,0.33571428060531616,,0,,0.0234375,0,,,,0,0.001030000021273736,31.77043829499962,,0,,,-0.0004867088864557445,0,,0.09375,190.13781070709229,259.29701902799934,0.0006250002115848474,1.0,0.0234375,229,,0.0,0.06255538385164904,0.6243362426757812,-0.0004867088864557445,0,0.0096435546875,0.6015625,0,0.0028858919940830674,0.1630859375,0.09375,0.09375,150.2421875,,,3e-06,,,0.0002775000211840961,2,108.61416099300004,,,0.08931086736434087,0,650.4866828668164,,0,0.125,0,311,1,37,79497.340900404,0.21047220099899278,0,74.11075592041016,,0.23200249415822327,,1216136.0,0,0.003162499524478335,259.29701902799934,,53.24213409423828,,,987,,,,0,,0.0625,0.1630859375,52.24742453900035,0,,0.0,39.87795114517212,,0.0361328125,,2386,,79006.30950927734,678,1,311,4096,-0.5,,0.00010312447147953208,,,0.125,,,0,-0.5,3.3359375,0.6015625,89.27977752685547,0,,0,0,0.0625,,,49,,,,,0,203.470703125,66.45183360100054,,0.04296182708101754
0,,1.7240336376289633e-06,1026.4453125,,,0.0703125,,0.25,0.5,1211.3988228123494,1780402602.3339934,0.4140625,29201.76887512207,,,0,0.0007150001692934893,0.0008700003490957897,0.0002274996404594276,,0.5,,0,,0.0234375,0,,,,0,0.0012999994396523107,31.439611796000463,,0,,,-0.0011857565259560943,0,,0.09375,190.13781070709229,254.231714775,0.0005699998837371822,1.0,0.0234375,183,,0.0,0.05490610756460102,0.5333557724952698,-0.0011857565259560943,0,0.00958251953125,0.5859375,0,0.0009672823762230109,0.16015625,0.09375,0.0703125,176.5859375,,,3e-06,,,0.0002449996827635914,2,107.80028773599952,,,0.08750705228329442,0,659.4970225737488,,0,0.15625,0,312,1,42,79758.396061322,0.22061384700100461,0,78.92760467529297,,0.258118991041556,,1231904.0,0,0.0045925003178126644,254.231714775,,51.217918395996094,,,982,,,,0,,0.0703125,0.16015625,57.058499751001364,0,,0.0078125,40.82123935222626,,0.041015625,,2439,,77897.93395996094,1024,1,312,4096,-0.4285714328289032,,0.00032191703394346405,,,0.15625,,,0,-0.4285714328289032,3.2734375,0.5859375,89.3303108215332,0,,0,0,0.0703125,,,47,,,,,0,203.470703125,57.71071153900084,,0.046317326472680796
0,,1.3640840620610106e-05,1025.92578125,,,0.1015625,,0.1875,0.3571428656578064,1146.3981510417539,1780402863.3891914,0.4453125,28359.920501708984,,,0,0.000660000296193175,0.0009699997463030741,0.0002974993549287319,,0.3571428656578064,,0,,0.0078125,0,,,,0,0.001277499904972501,31.72072825700161,,0,,,-0.0005424176342785358,0,,0.09375,190.13781070709229,261.0131564919993,0.0006625000423809979,1.0,0.0078125,262,,0.0,0.06203100006758388,0.5453124046325684,-0.0005424176342785358,0,0.009246826171875,0.5546875,0,-0.0010231456544715911,0.1689453125,0.09375,0.1015625,142.921875,,,3e-06,,,0.0001949997567862738,3,108.03889273999994,,,0.09026559674158237,0,649.9770488176291,,0,0.125,0,313,1,39,80046.748843922,0.20509961300012947,0,73.40148162841797,,0.2552092482801527,,1196900.0,0,0.003342249783599982,261.0131564919993,,51.40810775756836,,,985,,,,0,,0.1171875,0.1689453125,55.87904048100063,0,,0.0,39.947785437107086,,0.0380859375,,2496,,78988.78479003906,816,1,313,4096,-0.4285714328289032,,0.0002007972957471793,,,0.125,,,0,-0.4285714328289032,3.1875,0.5546875,89.30409622192383,0,,0,0,0.1171875,,,41,,,,,0,203.470703125,65.1665430590001,,0.0466864737914618
0,,-1.1931386978858427e-05,1045.3837890625,,,0.1171875,,0.203125,0.3499999940395355,1084.5177107709096,1780403151.7418845,0.515625,28403.392791748047,,,0,0.0005950000740995165,0.0009049995242094155,0.00025249983082176186,,0.3499999940395355,,0,,0.015625,0,,,,0,0.001117499778047204,31.80735245699907,,0,,,0.0010416890727356076,0,,0.1171875,190.13781070709229,288.329316243,0.0007024996193649713,1.0,0.015625,233,,0.0,0.0613285294724843,0.6041679382324219,0.0010416890727356076,0,0.01068115234375,0.484375,0,-0.0006919733405084116,0.201171875,0.1171875,0.1171875,176.09375,,,3e-06,,,0.000175000423041638,12,108.28378548500041,,,0.08657210704329206,0,641.1232263449056,,0,0.1640625,0,314,1,39,80294.747751225,0.21680456399917603,0,76.51443481445312,,0.303813983919099,,1250793.0,0,0.0034199997571704444,288.329316243,,52.71485900878906,,,985,,,,0,,0.1015625,0.201171875,82.36827771800017,0,,0.0,37.458546459674835,,0.0380859375,,2562,,79201.49993896484,721,1,314,4096,-0.5,,0.0003093077666562749,,,0.1640625,,,0,-0.5,3.296875,0.484375,89.0723991394043,0,,0,0,0.1015625,,,37,,,,,0,203.470703125,65.65053492999868,,0.06585284512945001
0,,4.7728728752360894e-05,1032.3505859375,,,0.125,,0.234375,0.3285714387893677,1239.1645663501622,1780403399.74086,0.4375,28777.385711669922,,,0,0.0006649997885688208,0.0010074991223518737,0.0002824999683070928,,0.3285714387893677,,0,,0.0078125,0,,,,0,0.0010475000635778997,31.68899915700058,,0,,,-0.0007184158312156796,0,,0.0546875,190.13781070709229,247.95072288499978,0.0006122495506133419,1.0,0.0078125,222,,0.0,0.058553421924706944,0.6945760846138,-0.0007184158312156796,0,0.0083770751953125,0.5625,0,-0.0004297079794923775,0.1494140625,0.0546875,0.125,167.8515625,,,3e-06,,,0.00018499940779292956,9,108.06188781699893,,,0.08792617765155035,0,660.7687010496156,,0,0.109375,0,315,1,39,80543.096461862,0.2603572139996686,0,80.044677734375,,0.2718417381402105,,1229007.0,0,0.003534749794198433,247.95072288499978,,52.29737091064453,,,985,,,,0,,0.140625,0.1494140625,46.03881119500147,0,,0.0,39.25622999668121,,0.0380859375,,2618,,78584.19799804688,1017,1,315,4096,-0.4285714328289032,,0.00013885994030715665,,,0.109375,,,0,-0.4285714328289032,3.203125,0.5625,89.32634353637695,0,,0,0,0.140625,,,45,,,,,0,203.470703125,61.89840325899968,,0.03746017003564786
0,,-2.1703006460427332e-05,978.142578125,,,0.1484375,,0.140625,0.5,1170.5833316627022,1780403648.0895457,0.4921875,29003.22151184082,,,0,0.0006749996828148142,0.0009149998732027598,0.000294999608740909,,0.5,,0,,0.03125,0,,,,0,0.001047499154083198,31.948813899000015,,0,,,0.0005773120210506022,0,,0.0859375,190.13781070709229,248.31423115100006,0.0005800006874778774,1.0,0.03125,260,,0.0,0.06695848075314183,0.5572649836540222,0.0005773120210506022,0,0.011871337890625,0.5078125,0,0.0010104031243827194,0.1884765625,0.0859375,0.1484375,157.296875,,,3e-06,,,0.00020749985196744092,3,109.0904703799988,,,0.09382592985232419,0,630.3724204421887,,0,0.171875,0,316,1,30,80795.247042638,0.2032180239984882,0,87.56980895996094,,0.25967450346797705,,1162690.0,0,0.0025374997676408384,248.31423115100006,,51.321136474609375,,,994,,,,0,,0.0546875,0.1884765625,40.00083488199925,0,,0.0,39.18345272541046,,0.029296875,,2681,,79417.42706298828,709,1,316,4096,-0.34285715222358704,,0.00038659207757518743,,,0.171875,,,0,-0.34285715222358704,3.1796875,0.5078125,89.39299011230469,0,,0,0,0.0546875,,,35,,,,,0,203.470703125,67.06681957500041,,0.03440369735871062
0,,1.5127528968150727e-05,1049.466796875,,,0.078125,,0.1640625,0.5,1232.792177652738,1780403900.2401433,0.3984375,28575.698852539062,,,0,0.0006499999471998308,0.0010100002327817492,0.0002725005288084503,,0.5,,0,,0.03125,0,,,,0,0.0010949997886200435,31.948295207001138,,0,,,-0.002224091673269868,0,,0.0859375,190.13781070709229,252.11508122300074,0.0005950005288468674,1.0,0.03125,253,,0.0,0.06374580616365796,0.5469064712524414,-0.002224091673269868,0,0.0115966796875,0.6015625,0,0.008824862954497803,0.1611328125,0.0859375,0.078125,164.6171875,,,3e-06,,,0.00016500007404829375,3,108.88405608200082,,,0.08758215031748218,0,629.4089101543213,,0,0.125,0,317,1,34,81042.526045702,0.23708651999913855,0,76.64752960205078,,0.2789592545013875,,1243222.0,0,0.004017500032205135,252.11508122300074,,52.818870544433594,,,990,,,,0,,0.078125,0.1611328125,42.53886851199968,0,,0.0,39.50139880180359,,0.033203125,,2732,,79639.16015625,763,1,317,4096,-0.5,,0.00030036930093046976,,,0.125,,,0,-0.5,3.3046875,0.6015625,89.35587692260742,0,,0,0,0.078125,,,39,,,,,0,203.470703125,68.50468557699969,,0.03421663106991324
0,,1.5729858660051832e-06,1042.94140625,,,0.109375,,0.1640625,0.26428571343421936,1248.1207696113993,1780404147.5190227,0.453125,28448.368072509766,,,0,0.0007749999895168003,0.0010424996617075521,0.00026750012693810277,,0.26428571343421936,,0,,0.0234375,0,,,,0,0.0011149995771120302,31.842985939001665,,0,,,-0.00125249067787081,0,,0.0859375,190.13781070709229,247.26533482500054,0.000544999693374848,1.0,0.0234375,212,,0.0,0.06049233519137304,0.5340328812599182,-0.00125249067787081,0,0.0107421875,0.546875,0,-0.0005829876281495672,0.1787109375,0.0859375,0.109375,162.59375,,,3e-06,,,0.00017249976735911332,3,108.27769868999894,,,0.08771203359665779,0,677.1249413109181,,0,0.109375,0,318,1,34,81304.009095588,0.23912135300088266,0,70.6085433959961,,0.2572477678768337,,1234468.0,0,0.003245000698370859,247.26533482500054,,52.44061279296875,,,990,,,,0,,0.125,0.1787109375,42.29848269899958,0,,0.0078125,40.018048137426376,,0.033203125,,2790,,79111.92321777344,1024,1,318,4096,-0.5,,0.00013215436001701164,,,0.109375,,,0,-0.5,3.3125,0.546875,89.32226181030273,0,,0,0,0.125,,,43,,,,,0,203.470703125,64.60412019900104,,0.03426454367306368
0,,5.568483770179711e-05,1061.5986328125,,,0.1328125,,0.1796875,0.4357142746448517,1202.0290582065368,1780404409.0021062,0.4140625,28764.108657836914,,,0,0.0006250002115848474,0.0009824998414842412,0.0002299998413946014,,0.4357142746448517,,0,,0.0234375,0,,,,0,0.0013750000107393134,32.31448095000087,,0,,,0.0004942120285704732,0,,0.0703125,190.13781070709229,261.4406430979998,0.0006225000106496736,1.0,0.0234375,221,,0.0,0.06717303695506396,0.5889474749565125,0.0004942120285704732,0,0.008575439453125,0.5859375,0,-0.0010826447542058304,0.162109375,0.0703125,0.1328125,165.9765625,,,3e-06,,,0.0002725005288084503,20,110.07552925500022,,,0.08756745366683735,0,678.8567506809923,,0,0.1171875,0,319,1,43,81552.169561937,0.2005142859998159,0,80.6904296875,,0.2667317749001086,,1257037.0,0,0.00398499969378463,261.4406430979998,,53.846214294433594,,,981,,,,0,,0.0703125,0.162109375,45.8260412540003,0,,0.0,51.68446898460388,,0.0419921875,,2843,,80580.60455322266,766,1,319,4096,-0.5,,9.527267411613138e-05,,,0.1171875,,,0,-0.5,3.203125,0.5859375,89.35981750488281,0,,0,0,0.0703125,,,41,,,,,0,203.470703125,73.02226349400007,,0.03645560254312347
0,,-3.2194222484349666e-05,1058.4814453125,,,0.109375,,0.1796875,0.5,1252.192186280778,1780404657.1626432,0.5,28571.37107849121,,,0,0.000675000137562165,0.0010274998203385621,0.0002950000634882599,,0.5,,0,,0.015625,0,,,,0,0.0010900002962443978,31.39447158099938,,0,,,-0.0017366958782076836,0,,0.0859375,190.13781070709229,248.11466914099947,0.0007224998626043089,1.0,0.015625,252,,0.0,0.05417107386207925,0.60533607006073,-0.0017366958782076836,0,0.0099639892578125,0.5,0,0.0022823321351381765,0.1728515625,0.0859375,0.109375,155.140625,,,3e-06,,,0.00019999970390927047,2,107.00929756400001,,,0.08610692711400292,0,628.6027663545683,,0,0.203125,0,320,1,36,81804.355737039,0.22064273899923137,0,76.10600280761719,,0.29744149651378393,,1242749.0,0,0.003014999947481556,248.11466914099947,,51.63828659057617,,,988,8.74266583500139,,,0,,0.0859375,0.1728515625,42.03026323599988,0,,0.0,40.38827121257782,,0.03515625,,2907,,77768.63098144531,788,1,320,4096,-0.41428571939468384,,0.00018238609891341184,,,0.203125,,,0,-0.41428571939468384,3.0546875,0.5,89.33039474487305,0,,0,0,0.0859375,,,40,,,,,0,203.470703125,58.71521439299977,,0.03382039594157781
0,,2.3752317247272003e-05,992.82421875,,,0.109375,,0.1484375,0.5,1165.4066885043378,1780404909.348843,0.4609375,28445.161819458008,,,0,0.0006400000529538374,0.0009899999895424116,0.00027249961931374855,,0.5,,0,,0.015625,0,,,,0,0.0012574996617331635,32.078131788000974,,0,,,-0.000928583787754178,0,,0.0625,190.13781070709229,252.12057121200087,0.0006125001164036803,1.0,0.015625,235,,0.0,0.06780933922030244,0.6109193563461304,-0.000928583787754178,0,0.009307861328125,0.5390625,0,0.0029941793327452615,0.1474609375,0.0625,0.109375,154.921875,,,3e-06,,,0.00019500021153362468,2,108.61112092099938,,,0.09241203115566121,0,678.9092125654861,,0,0.1875,0,321,1,33,82044.206924946,0.2103232460012805,0,70.27110290527344,,0.21795275097247213,,1175292.0,0,0.0028899994504172355,252.12057121200087,,52.428428649902344,,,991,,,,0,,0.0859375,0.1474609375,42.27984452999954,0,,0.0078125,44.02264952659607,,0.0322265625,,2966,,79442.80242919922,1024,1,321,4096,-0.5,,0.00025730141442181775,,,0.1875,,,0,-0.5,3.3671875,0.5390625,89.33172225952148,0,,0,0,0.0859375,,,51,,,,,0,203.470703125,68.93850033699891,,0.03597390651004136
0,,3.570072851744044e-05,1039.3447265625,,,0.1015625,,0.2265625,0.5,1272.6798097453513,1780405149.2000105,0.5,28594.045639038086,,,0,0.0006824998308729846,0.0009947498256224208,0.0002775000211840961,,0.5,,0,,0.015625,0,,,,0,0.0011400002222217154,31.332769492000807,,0,,,-0.0005496125086210668,0,,0.0625,190.13781070709229,239.82485434499904,0.0007250005182868335,1.0,0.015625,243,,0.0,0.054389174396240275,0.5759223103523254,-0.0005496125086210668,0,0.0101318359375,0.5,0,0.0003282938414486125,0.1650390625,0.0625,0.1015625,152.921875,,,3e-06,,,0.0001749999682942871,140,107.08722056199986,,,0.0877130699568589,0,598.8153203566035,,0,0.1640625,0,322,1,42,82295.693464209,0.24517206700147653,0,67.96869659423828,,0.2208299993071705,,1220881.0,0,0.004797499968844932,239.82485434499904,,51.49638366699219,,,982,,,,0,,0.15625,0.1650390625,43.271435064998514,0,,0.0078125,40.446508675813675,,0.041015625,,3030,,77853.68347167969,1024,1,322,4096,-0.3571428656578064,,0.0003271693230999517,,,0.1640625,,,0,-0.3571428656578064,3.1171875,0.5,89.3267822265625,0,,0,0,0.15625,,,47,,,,,0,203.470703125,57.885800029000166,,0.03544279505127733
0,,0.00013015820832151803,1053.5029296875,,,0.1171875,,0.1953125,0.5,1240.8168013710235,1780405400.6865306,0.4296875,28987.319946289062,,,0,0.0005824995241709985,0.0010049998309114017,0.0002699994183785748,,0.5,,0,,0.0078125,0,,,,0,0.0011025003914255649,31.966407441001138,,0,,,-0.001218905788846314,0,,0.0703125,190.13781070709229,251.41886349000015,0.0004749990694108419,1.0,0.0078125,222,,0.0,0.06208903661241727,0.6557604670524597,-0.001218905788846314,0,0.0078887939453125,0.5703125,0,0.0009257080018869601,0.1494140625,0.0703125,0.1171875,165.109375,,,3e-06,,,0.00018499986254028045,5,109.02639471800103,,,0.08737076441969889,0,632.6050225971121,,0,0.1328125,0,323,1,48,82550.589079446,0.20549931599998672,0,88.79222106933594,,0.2839542576111853,,1247859.0,0,0.0026349998734076507,251.41886349000015,,52.51734924316406,,,976,,,,0,,0.1015625,0.1494140625,43.2373364110008,0,,0.0,39.86942023038864,,0.046875,,3085,,79366.3101196289,757,1,323,4096,-0.4285714328289032,,0.00016535316444787895,,,0.1328125,,,0,-0.4285714328289032,3.5546875,0.5703125,89.33595275878906,0,,0,0,0.1015625,,,43,,,,,0,203.470703125,66.98084553999979,,0.03464921630649039
0,,2.7880034902949546e-05,1038.4794921875,,,0.0859375,,0.171875,0.5,1205.920639498155,1780405655.5822341,0.484375,29238.34991455078,,,0,0.0006400000529538374,0.000985000042419415,0.00033999958759522997,,0.5,,0,,0.015625,0,,,,0,0.0009750006029207725,32.03588887999831,,0,,,-0.002526091644540429,0,,0.09375,190.13781070709229,254.86316423599965,0.000515000010636868,1.0,0.015625,207,,0.0,0.06546447515758444,0.5233078002929688,-0.002526091644540429,0,0.0105743408203125,0.515625,0,0.00537479980266653,0.173828125,0.09375,0.0859375,162.0859375,,,3e-06,,,0.00018749960872810334,25,109.89542620400061,,,0.08939100651955224,0,656.175960931243,,0,0.15625,0,324,1,39,82793.380355238,0.22066944700054592,0,89.53821563720703,,0.2701642515603453,,1229379.0,0,0.002632499672472477,254.86316423599965,,52.930660247802734,,,985,,,,0,,0.1328125,0.173828125,43.09349790899978,0,,0.0,38.93870860338211,,0.0380859375,,3147,,79961.68518066406,767,1,324,4096,-0.5,,0.00013173062984606076,,,0.15625,,,0,-0.5,3.3671875,0.515625,89.3488998413086,0,,0,0,0.1328125,,,40,,,,,0,203.470703125,69.61511927600077,,0.03505306167504063
0,,9.787186940002357e-05,1022.8955078125,,,0.109375,,0.1640625,0.3857142925262451,1254.864779423813,1780405898.373414,0.40625,28230.506896972656,,,0,0.000722499407856958,0.0010000003385357559,0.00030250066629378125,,0.3857142925262451,,0,,0.0,0,,,,0,0.0009099994713324122,31.660746042000028,,0,,,-0.000995657523162663,0,,0.0546875,190.13781070709229,242.77297043900035,0.0004349999471742194,1.0,0.0,233,,0.0,0.059583373049658585,0.5455218553543091,-0.000995657523162663,0,0.00946044921875,0.59375,0,-0.0016813035272207344,0.1259765625,0.0546875,0.109375,167.1328125,,,3e-06,,,0.00018250011635245755,2,107.4985266019994,,,0.08821557276653523,0,707.7347516574227,,0,0.1796875,0,325,1,38,83062.4790915,0.20842844500111823,0,73.6197738647461,,0.19985025573987514,,1218589.0,0,0.002884999503294239,242.77297043900035,,52.117637634277344,,,986,,,,0,,0.0625,0.1259765625,40.99274614100068,0,,0.0,40.41771590709686,,0.037109375,,3199,,78519.66094970703,752,1,325,4096,-0.5,,0.00010541273923081462,,,0.1796875,,,0,-0.5,3.4296875,0.59375,89.37566757202148,0,,0,0,0.0625,,,37,,,,,0,203.470703125,62.41030618399964,,0.033639517623251715
0,,4.8545301581270905e-05,1008.7880859375,,,0.109375,,0.171875,0.5,1116.257508900038,1780406167.4722,0.4609375,28567.2550201416,,,0,0.0006599998414458241,0.0010024996299762279,0.00037499967220355757,,0.5,,0,,0.015625,0,,,,0,0.0012222499208291993,31.341381856000226,,0,,,-4.186489968560636e-05,0,,0.046875,190.13781070709229,269.04522263499894,0.0006499999471998308,0.9921875,0.015625,269,,0.0,0.06159277990395103,0.5972263216972351,-4.186489968560636e-05,0,0.013427734375,0.5390625,0,0.00045105563913239166,0.1494140625,0.046875,0.109375,164.3515625,,,3e-06,,,0.00024000019038794562,7,106.73200273399925,,,0.08884745440045888,0,687.0494063937367,,0,0.1640625,0,326,1,32,83314.776729004,0.21203036699989752,0,82.18209838867188,,0.21989751257933676,,1201295.0,0,0.0038250000216066837,269.04522263499894,,57.47704315185547,,,992,,,,0,,0.125,0.1494140625,67.13175826100087,0,,0.0078125,39.939917623996735,,0.03125,,3258,,77437.53051757812,1024,1,326,4096,-0.5,,0.0003492605255814851,,,0.1640625,,,0,-0.5,3.5390625,0.5390625,89.39473724365234,0,,0,0,0.125,,,38,,,,,0,203.470703125,63.625280048001514,,0.05588282500218587
0,,6.979283543273596e-05,991.73046875,,,0.0625,,0.1328125,0.33571428060531616,1145.9298133874822,1780406419.769725,0.359375,28141.923904418945,,,0,0.0006424997991416603,0.000997500592347933,0.00025000099412864074,,0.33571428060531616,,0,,0.0234375,0,,,,0,0.0013150001905160025,31.5903506930008,,0,,,-0.0006783914286643267,0,,0.09375,190.13781070709229,252.2519238290006,0.0006949994713068008,1.0,0.0234375,247,,0.0,0.061207079931502664,0.5215418934822083,-0.0006783914286643267,0,0.009490966796875,0.640625,0,-0.0002777479494397994,0.1455078125,0.09375,0.0625,137.421875,,,3e-06,,,0.00017250113160116598,11,107.02063837999958,,,0.09255822984954801,0,675.0075498525548,,0,0.125,0,327,1,27,83566.202620397,0.2045212890006951,0,65.65264892578125,,0.2325624955119565,,1156252.0,0,0.0035474995456752367,252.2519238290006,,51.35498809814453,,,997,,,,0,,0.0546875,0.1455078125,51.27652887499971,0,,0.0,38.1377637386322,,0.0263671875,,3304,,78165.32897949219,651,1,327,4096,-0.5,,8.937867642089259e-05,,,0.125,,,0,-0.5,3.3046875,0.640625,89.42953872680664,0,,0,0,0.0546875,,,45,,,,,0,203.470703125,62.15774829699876,,0.044347191507560384
0,,-3.474344589449174e-05,1014.140625,,,0.078125,,0.1953125,0.4285714328289032,1204.7919745128065,1780406671.195703,0.4609375,29001.689910888672,,,0,0.0006650016075582244,0.0010472513167769648,0.00028250087780179456,,0.4285714328289032,,0,,0.0234375,0,,,,0,0.0011850006558233872,31.979684870999336,,0,,,-0.0014036927605047822,0,,0.0625,190.13781070709229,251.39941700099735,0.0005249994501355104,1.0,0.0234375,296,,0.0,0.06471430057488088,0.574958086013794,-0.0014036927605047822,0,0.010101318359375,0.5390625,0,0.001538907372378162,0.16015625,0.0625,0.078125,169.0,,,3e-06,,,0.0002149990905309096,5,109.14758630699725,,,0.09009025427803817,0,687.0408640179667,,0,0.171875,0,328,1,33,83848.719074896,0.22179315199900884,0,73.86060333251953,,0.23673726536799222,,1211536.0,0,0.0036475003071245737,251.39941700099735,,51.95226287841797,,,991,,,,0,,0.125,0.16015625,42.84292626599927,0,,0.0,40.627218782901764,,0.0322265625,,3363,,79417.98400878906,768,1,328,4096,-0.5,,0.00021053982027297025,,,0.171875,,,0,-0.5,3.15625,0.5390625,89.5787467956543,0,,0,0,0.125,,,40,,,,,0,203.470703125,67.2045068610023,,0.03536248717825906
0,,-0.0001307917931967495,1037.0087890625,,,0.0703125,,0.2421875,0.4285714328289032,1095.7764160862553,1780406953.7121294,0.40625,28092.24510192871,,,0,0.0006250002115848474,0.0009924997357302345,0.0002650003807502799,,0.4285714328289032,,0,,0.015625,0,,,,0,0.0010525009201955982,32.13758128900008,,0,,,-0.0001561962126288563,0,,0.1171875,190.13781070709229,282.44835849399897,0.0005174988473299891,0.9921875,0.015625,210,,0.0,0.06668390723864914,0.6006489992141724,-0.0001561962126288563,0,0.0087890625,0.59375,0,-0.0005214841221459209,0.1611328125,0.1171875,0.0703125,171.9765625,,,3e-06,,,0.00028749946068273857,2,108.83098018400051,,,0.08790863673292712,0,680.1740173887229,,0,0.140625,0,329,1,48,84108.072894088,0.21157359599965275,0,78.77922058105469,,0.19880749459844083,,1238001.0,0,0.003904749064531643,282.44835849399897,,53.278404235839844,,,976,,,,0,,0.0625,0.1611328125,70.4539699349989,0,,0.0,39.769407361745834,,0.046875,,3415,,80018.58520507812,761,1,329,4096,-0.4285714328289032,,0.00016149304883583682,,,0.140625,,,0,-0.4285714328289032,3.375,0.59375,89.71803283691406,0,,0,0,0.0625,,,44,,,,,0,203.470703125,70.81144104499981,,0.0569094612484149
0,,3.076501937471221e-05,1053.1748046875,,,0.125,,0.2578125,0.4285714328289032,1224.4718625214196,1780407213.0659661,0.40625,28969.257354736328,,,0,0.0006224991011549719,0.0010824996934388764,0.0003874993126373738,,0.4285714328289032,,0,,0.0234375,0,,,,0,0.0013174994819564745,31.841786278000654,,0,,,-0.0028114761225879192,0,,0.09375,190.13781070709229,259.30097678699894,0.00046000059228390455,1.0,0.0234375,228,,0.0,0.06001154111406274,0.5165368914604187,-0.0028114761225879192,0,0.01251220703125,0.59375,0,0.0008383592721656896,0.169921875,0.09375,0.125,187.0859375,,,3e-06,,,0.0002449996827635914,4,108.62096488500174,,,0.08552650052715552,0,592.6125705154845,,0,0.1015625,0,330,1,43,84382.263989187,0.324320390001958,0,90.16195678710938,,0.2389069995842874,,1270027.0,0,0.00343750070896931,259.30097678699894,,53.68850326538086,,,981,8.464261196000734,,,0,,0.0625,0.169921875,45.32800076499916,0,,0.0,40.36247730255127,,0.0419921875,,3467,,79018.48602294922,983,1,330,4096,-0.5,,9.02699252947059e-05,,,0.1015625,,,0,-0.5,2.78125,0.59375,89.60036087036133,0,,0,0,0.0625,,,37,,,,,0,203.470703125,64.71950652600208,,0.03569058040891978
0,,1.1304610580964436e-05,1085.60546875,,,0.1328125,,0.1953125,0.37857142090797424,1155.895809296728,1780407487.2570024,0.5625,27942.922592163086,,,0,0.0006250002115848474,0.0010124995242222212,0.0002649994712555781,,0.37857142090797424,,0,,0.0078125,0,,,,0,0.0011124993761768565,31.978562670999963,,0,,,-0.0029150359332561493,0,,0.171875,190.13781070709229,274.11207606399694,0.0006199989002197981,0.9921875,0.0078125,193,,0.0,0.061551785090766566,0.5802391767501831,-0.0029150359332561493,0,0.014495849609375,0.4375,0,0.0036569379517459306,0.2373046875,0.171875,0.1328125,152.0703125,,,3e-06,,,0.00018749960872810334,36,108.12481777699941,,,0.08531365318767806,0,636.5705471553083,,0,0.1328125,0,331,1,47,84629.671394866,0.2333414580025419,0,80.24969482421875,,0.23024974507279694,,1267380.0,0,0.0032950001696008258,274.11207606399694,,53.77106475830078,,,977,,,,0,,0.1171875,0.2373046875,65.34837561200038,0,,0.0,38.93797844648361,,0.0458984375,,3539,,79506.14929199219,718,1,331,4096,-0.5,,0.0002438973817788792,,,0.1328125,,,0,-0.5,3.515625,0.4375,89.4344596862793,0,,0,0,0.1171875,,,38,,,,,0,203.470703125,68.42465741400156,,0.0515617854250504
0,,-5.743485982634411e-05,1015.5146484375,,,0.1328125,,0.1796875,0.4285714328289032,1201.4683189375683,1780407734.6644802,0.4765625,27847.530364990234,,,0,0.0006800000846851617,0.0009222512744599953,0.0002299993866472505,,0.4285714328289032,,0,,0.03125,0,,,,0,0.0010872490747715347,31.982873512999504,,0,,,-0.0011501628905534744,0,,0.1015625,190.13781070709229,247.35379644699788,0.0006699992809444666,1.0,0.03125,210,,0.0,0.06405878731631538,0.537152886390686,-0.0011501628905534744,0,0.01019287109375,0.5234375,0,0.0013810665768687613,0.205078125,0.1015625,0.1328125,145.375,,,3e-06,,,0.00018250011635245755,2,107.7897629729996,,,0.09067480319511789,0,656.2590099356312,,0,0.09375,0,332,1,34,84876.669683393,0.23732330600250862,0,71.43211364746094,,0.26541249826550484,,1188751.0,0,0.003734750862349756,247.35379644699788,,52.31092834472656,,,990,,,,0,,0.1171875,0.205078125,40.72722436299955,0,,0.0,40.53771495819092,,0.033203125,,3600,,79245.16296386719,630,1,332,4096,-0.5,,0.00020898205548292026,,,0.09375,,,0,-0.5,3.515625,0.5234375,89.62469863891602,0,,0,0,0.1171875,,,46,,,,,0,203.470703125,66.61390016600126,,0.03426051743636771
0,,0.00012752921577430243,1059.1669921875,,,0.0703125,,0.15625,0.3642857074737549,1263.439342687455,1780407981.6627967,0.421875,28256.729125976562,,,0,0.0006149994078441523,0.0008875003913999535,0.0002449996827635914,,0.3642857074737549,,0,,0.0,0,,,,0,0.0010849989848793484,31.692861591996916,,0,,,-0.002256313106045127,0,,0.1015625,190.13781070709229,246.96298386299895,0.0004699995770351961,1.0,0.0,234,,0.0,0.059168279924063205,0.6684361696243286,-0.002256313106045127,0,0.011260986328125,0.578125,0,0.004305039030441549,0.1533203125,0.1015625,0.0703125,159.671875,,,3e-06,,,0.00017000002117129043,24,107.6167849759986,,,0.08622511097027268,0,641.2815289850114,,0,0.140625,0,333,1,34,85118.558910867,0.22681985500094015,0,73.67383575439453,,0.21788474987260997,,1248091.0,0,0.0032950001696008258,246.96298386299895,,53.24463653564453,,,990,,,,0,,0.109375,0.1533203125,43.25096725000185,0,,0.0,40.31175374984741,,0.033203125,,3654,,78678.23791503906,757,1,333,4096,-0.5,,0.00031498923704020854,,,0.140625,,,0,-0.5,3.6640625,0.578125,89.61187362670898,0,,0,0,0.109375,,,40,,,,,0,203.470703125,64.17314721799994,,0.03465369692594678
0,,7.706477788360644e-06,1005.8095703125,,,0.09375,,0.15625,0.4285714328289032,1222.9718321177163,1780408223.5519283,0.4375,28755.966186523438,,,0,0.000587499926041346,0.0009025006875162944,0.00023750089894747362,,0.4285714328289032,,0,,0.0234375,0,,,,0,0.0011125002856715582,31.626127088999056,,0,,,-0.0012829417828470469,0,,0.0859375,190.13781070709229,241.82670625199898,0.0004824987627216615,1.0,0.0234375,217,,0.0,0.06006707118507862,0.6178298592567444,-0.0012829417828470469,0,0.009735107421875,0.5625,0,0.0028620935772778466,0.169921875,0.0859375,0.09375,149.453125,,,3e-06,,,0.000175000423041638,115,107.78216805199918,,,0.09111003403412811,0,632.243027503122,,0,0.15625,0,334,1,32,85386.668385501,0.21311274099934963,0,75.42394256591797,,0.2575170074123889,,1182989.0,0,0.0040522509152651764,241.82670625199898,,51.871185302734375,,,992,,,,0,,0.078125,0.169921875,40.33693656600008,0,,0.0,40.559615939855576,,0.03125,,3710,,78353.13415527344,757,1,334,4096,-0.5,,0.0003694149077091424,,,0.15625,,,0,-0.5,3.515625,0.5625,89.57832336425781,0,,0,0,0.078125,,,49,,,,,0,203.470703125,61.86601990000054,,0.034097473912268056
0,,-2.9964983625063724e-05,1021.5107421875,,,0.0625,,0.21875,0.3857142925262451,1125.4460498529124,1780408491.6614323,0.40625,29010.4923248291,,,0,0.0006299997039604932,0.0010100002327817492,0.0002674996721907519,,0.3857142925262451,,0,,0.015625,0,,,,0,0.001042500116454903,31.809386692999396,,0,,,-0.0018125416245311499,0,,0.0859375,190.13781070709229,268.0543861160004,0.0005925021469010971,0.9921875,0.015625,267,,0.0,0.06167590645843725,0.5435647964477539,-0.0018125416245311499,0,0.008636474609375,0.59375,0,0.002458051487337798,0.1455078125,0.0859375,0.0625,156.9296875,,,3e-06,,,0.00021999949240125716,3,108.50147720899986,,,0.08991415362846308,0,620.2760344140115,,0,0.171875,0,335,1,33,85631.307651959,0.2051179760019295,0,75.69139099121094,,0.2192774845752865,,1206723.0,0,0.0026124989744857885,268.0543861160004,,52.58760452270508,,,991,,,,0,,0.0703125,0.1455078125,63.021500030001334,0,,0.0,41.01542383432388,,0.0322265625,,3762,,78829.4677734375,767,1,335,4096,-0.5,,0.0002492369126230187,,,0.171875,,,0,-0.5,3.09375,0.59375,89.58963775634766,0,,0,0,0.0703125,,,46,,,,,0,203.470703125,64.51466340499974,,0.05222532431220863
0,,3.170278421293915e-05,1100.5947265625,,,0.1328125,,0.265625,0.4285714328289032,1332.0786641006225,1780408736.3007045,0.484375,28222.24235534668,,,0,0.0005949996193521656,0.0009350005711894482,0.000282499058812391,,0.4285714328289032,,0,,0.0078125,0,,,,0,0.0011225001799175516,31.546591851001722,,0,,,-0.0016670104814693332,0,,0.0390625,190.13781070709229,244.56982817899916,0.0005299989425111562,1.0,0.0078125,266,,0.0,0.05452400630341162,0.5753608345985413,-0.0016670104814693332,0,0.00885009765625,0.515625,0,0.0021576785802608356,0.146484375,0.0390625,0.1328125,172.0078125,,,3e-06,,,0.0001775024429662153,3,107.16263919499761,,,0.0822338567043557,0,605.0697953505733,,0,0.1875,0,336,1,39,85877.515764666,0.23468897299972014,0,73.6961441040039,,0.22746251488570124,,1303145.0,0,0.0030147493816912174,244.56982817899916,,53.60312271118164,,,985,,,,0,,0.1171875,0.146484375,44.174382568999135,0,,0.0078125,41.223905980587006,,0.0380859375,,3824,,78293.86901855469,1024,1,336,4096,-0.3214285671710968,,0.0002223645060439594,,,0.1875,,,0,-0.3214285671710968,2.8125,0.515625,89.63165664672852,0,,0,0,0.1171875,,,44,,,,,0,203.470703125,61.44904582000163,,0.03389828650610572
0,,9.129077329816937e-05,1064.5546875,,,0.0859375,,0.171875,0.34285715222358704,1277.4176463122499,1780408982.5087404,0.421875,28707.763671875,,,0,0.0005949996193521656,0.0010224994184682146,0.0002299993866472505,,0.34285715222358704,,0,,0.0078125,0,,,,0,0.0012749997040373273,31.50436680999701,,0,,,-0.0017418940551578999,0,,0.109375,190.13781070709229,246.1700767229995,0.0005775009412900545,1.0,0.0078125,220,,0.0,0.05535323814516661,0.6813964247703552,-0.0017418940551578999,0,0.011383056640625,0.578125,0,0.002494721942639444,0.1611328125,0.109375,0.0859375,163.8125,,,3e-06,,,0.00021000050764996558,3,107.56579835299999,,,0.08551573668122062,0,672.5173363856884,,0,0.1484375,0,337,1,41,86130.363598534,0.22990668399870628,0,77.41427612304688,,0.23678250727243721,,1257848.0,0,0.0026919997253571637,246.1700767229995,,52.79122543334961,,,983,,,,0,,0.0703125,0.1611328125,46.5270413060025,0,,0.0,40.79611599445343,,0.0400390625,,3878,,78144.47784423828,755,1,337,4096,-0.5,,0.000285085250652628,,,0.1484375,,,0,-0.5,3.453125,0.578125,89.59721755981445,0,,0,0,0.0703125,,,38,,,,,0,203.470703125,60.340786314998695,,0.036989398803355014
0,,1.8970999178691272e-05,1041.015625,,,0.140625,,0.2421875,0.5,1217.5015846110614,1780409235.356607,0.4453125,29128.284454345703,,,0,0.0008225006240536459,0.0010675003068172373,0.00026750058168545365,,0.5,,0,,0.0078125,0,,,,0,0.0012924992915941402,32.111236282999016,,0,,,-0.0020677465945482254,0,,0.0859375,190.13781070709229,252.79967097400004,0.0005900010364712216,1.0,0.0078125,202,,0.0,0.06310329731144346,0.8268248438835144,-0.0020677465945482254,0,0.01092529296875,0.5546875,0,0.0051472152408678085,0.1650390625,0.0859375,0.140625,161.265625,,,3e-06,,,0.00018500031728763133,121,109.28692668499934,,,0.08876917471749615,0,709.6900228316663,,0,0.1484375,0,338,1,32,86365.53251244,0.22691760300222086,0,73.35430145263672,,0.23068250447977334,,1231136.0,0,0.003312249646114651,252.79967097400004,,52.153953552246094,,,992,,,,0,,0.0625,0.1650390625,43.90385720999984,0,,0.0,38.954466581344604,,0.03125,,3935,,79409.75952148438,719,1,338,4096,-0.5,,0.00022299213651422178,,,0.1484375,,,0,-0.5,3.1640625,0.5546875,89.62479782104492,0,,0,0,0.0625,,,37,,,,,0,203.470703125,67.26811493399873,,0.03566125692856016
0,,8.635520273969632e-06,979.26171875,,,0.1640625,,0.1484375,0.33571428060531616,1233.9280340731932,1780409470.5256002,0.4921875,27456.409454345703,,,0,0.000662499587633647,0.0010925004971795715,0.0003074983396800235,,0.33571428060531616,,0,,0.0234375,0,,,,0,0.0009949990271707065,31.461692746001063,,0,,,-0.00047017529141157866,0,,0.1015625,190.13781070709229,235.08907488100158,0.0005799993232358247,1.0,0.0234375,197,,0.0,0.056875120883875196,0.527901828289032,-0.00047017529141157866,0,0.0108642578125,0.5078125,0,0.005344960678485222,0.203125,0.1015625,0.1640625,153.875,,,3e-06,,,0.00017999991541728377,111,105.94183239199992,,,0.09130303429708042,0,636.3107882562035,,0,0.140625,0,339,1,29,86627.334309718,0.19850055300048552,0,74.1256332397461,,0.2232650003861636,,1160332.0,0,0.0026525003704591654,235.08907488100158,,49.566810607910156,,,995,,,,0,,0.0625,0.203125,40.45248925699707,0,,0.0,39.228178560733795,,0.0283203125,,3998,,77809.65423583984,811,1,339,4096,-0.5,,0.0002378086837779847,,,0.140625,,,0,-0.5,3.3515625,0.5078125,89.65084457397461,0,,0,0,0.0625,,,47,,,,,0,203.470703125,57.032323717998224,,0.034862857576105
0,,5.8711980187808877e-05,1011.490234375,,,0.125,,0.1953125,0.5,1129.154105300357,1780409732.3273435,0.5390625,29668.296813964844,,,0,0.000559999534743838,0.0009624991434975527,0.00025749977794475853,,0.5,,0,,0.0,0,,,,0,0.0012474993127398193,31.93465457899947,,0,,,0.0005442381370812654,0,,0.140625,190.13781070709229,261.7512513239999,0.000762500349082984,1.0,0.0,195,,0.0,0.06521344204675551,0.6556669473648071,0.0005442381370812654,0,0.0126953125,0.4609375,0,-0.00597875751554966,0.205078125,0.140625,0.125,143.03125,,,3e-06,,,0.00017750062397681177,12,109.76425640999878,,,0.09284509478696935,0,642.3616834881541,,0,0.171875,0,340,1,38,86890.599432561,0.20683996800289606,0,77.35514831542969,,0.2591969969216734,,1182230.0,0,0.0034750009945128113,261.7512513239999,,52.100730895996094,,,986,9.593078958998376,,,0,,0.1015625,0.205078125,42.70461165400047,0,,0.0,40.260594338178635,,0.037109375,,4067,,79413.07067871094,567,1,340,4096,-0.5,,0.00025218328983100946,,,0.171875,,,0,-0.5,3.4140625,0.4609375,89.6424560546875,0,,0,0,0.1015625,,,48,,,,,0,203.470703125,67.54586601499977,,0.03612208424249128
0,,4.544538069239934e-05,1028.1533203125,,,0.1171875,,0.203125,0.5,1155.2459986000613,1780409995.5925386,0.484375,28180.410385131836,,,0,0.0006500013114418834,0.0010599987945170142,0.00032749994716141373,,0.5,,0,,0.015625,0,,,,0,0.0011550000635907054,31.68760759699944,,0,,,-0.003815519390627742,0,,0.0546875,190.13781070709229,263.2367914440001,0.0005474994395626709,0.9921875,0.015625,251,,0.0,0.05888188566044688,0.6661373376846313,-0.003815519390627742,0,0.011993408203125,0.515625,0,0.0028228487135493197,0.1630859375,0.0546875,0.1171875,159.75,,,3e-06,,,0.00016749982023611665,145,107.36642950299938,,,0.08826478301612971,0,650.9592177726445,,0,0.1484375,0,341,1,45,87145.396972407,0.21494753600200056,0,73.03192138671875,,0.18672525766305625,,1216413.0,0,0.003210001523257233,263.2367914440001,,52.16423797607422,,,979,,,,0,,0.1484375,0.1630859375,61.97289039599855,0,,0.0,40.191374719142914,,0.0439453125,,4129,,78494.67468261719,784,1,341,4096,-0.4285714328289032,,0.00029091260648783646,,,0.1484375,,,0,-0.4285714328289032,3.3515625,0.515625,89.63866806030273,0,,0,0,0.1484375,,,45,,,,,0,203.470703125,61.992556798002624,,0.050947244394789065
0,,-1.3252326141355297e-05,1054.4638671875,,,0.078125,,0.1953125,0.5,1226.3771998738828,1780410250.3900096,0.3984375,29292.99545288086,,,0,0.000685001396050211,0.0010450012268847786,0.00028750037017744035,,0.5,,0,,0.0,0,,,,0,0.0011272522897343151,32.1362613780002,,0,,,-0.002387536456808448,0,,0.1015625,190.13781070709229,254.7525753350019,0.0005625006451737136,1.0,0.0,248,,0.0,0.06504384619238718,0.5347598791122437,-0.002387536456808448,0,0.010498046875,0.6015625,0,0.0024462975234200712,0.15234375,0.1015625,0.078125,165.9375,,,3e-06,,,0.00018500031728763133,2,109.91430899899933,,,0.08795318922757653,0,637.4817990299489,,0,0.1484375,0,342,1,41,87410.821279351,0.22784938499899,0,91.20223236083984,,0.213672494282946,,1249691.0,0,0.0035225002648076043,254.7525753350019,,53.07063293457031,,,983,,,,0,,0.0703125,0.15234375,42.23897888800275,0,,0.0078125,39.50360417366028,,0.0400390625,,4180,,79944.10705566406,1024,1,342,4096,-0.5,,0.00014631458952862886,,,0.1484375,,,0,-0.5,3.1484375,0.6015625,89.65714645385742,0,,0,0,0.0703125,,,50,,,,,0,203.470703125,70.23245884700009,,0.033799538356283874
0,,-9.953898995718191e-06,1037.71484375,,,0.1171875,,0.203125,0.34285715222358704,1149.1735605695653,1780410515.8143277,0.3828125,28314.64385986328,,,0,0.0006575000952580012,0.0009797504390007816,0.0003625000317697413,,0.34285715222358704,,0,,0.0390625,0,,,,0,0.0010050007404061034,31.696731867999915,,0,,,-0.0005268245586194098,0,,0.1015625,190.13781070709229,265.35504336600206,0.0006450009095715359,0.9921875,0.0390625,239,,0.0,0.06036474362989551,0.7245115041732788,-0.0005268245586194098,0,0.0093536376953125,0.6171875,0,0.0015522812464041635,0.1787109375,0.1015625,0.1171875,153.453125,,,3e-06,,,0.00023500069801229984,14,107.71463541599951,,,0.08830834643650001,0,659.3808159477776,,0,0.109375,0,343,1,37,87653.144084643,0.21632264499930898,0,81.61917877197266,,0.2169024955946952,,1219756.0,0,0.002997499905177392,265.35504336600206,,52.01286315917969,,,987,,,,0,,0.015625,0.1787109375,61.57980975499959,0,,0.0078125,39.5965501666069,,0.0361328125,,4229,,78700.79040527344,1024,1,343,4096,-0.5,,0.0001322429516221746,,,0.109375,,,0,-0.5,3.21875,0.6171875,89.60043716430664,0,,0,0,0.015625,,,37,,,,,0,203.470703125,64.14478387599956,,0.05048535096773419
0,,-6.232324444965798e-06,996.236328125,,,0.078125,,0.1796875,0.4000000059604645,1224.5187646447441,1780410758.1371772,0.546875,28125.457763671875,,,0,0.0007850003385101445,0.0010825006029335782,0.0003149998519802466,,0.4000000059604645,,0,,0.015625,0,,,,0,0.0011825013643829152,31.632051814998704,,0,,,0.00038967144791968167,0,,0.140625,190.13781070709229,242.2768099319983,0.00047249886847566813,1.0,0.015625,232,,0.0,0.058944364837976465,0.4968411922454834,0.00038967144791968167,0,0.01031494140625,0.453125,0,-0.0032178757937799674,0.2021484375,0.140625,0.078125,162.640625,,,3e-06,,,0.00024249857233371586,4,107.10452417700071,,,0.09025484682351811,0,659.8447353744705,,0,0.2109375,0,344,1,28,87896.198828023,0.2014118379993306,0,79.52033996582031,,0.22351199004333466,,1186690.0,0,0.0031625004339730367,242.2768099319983,,51.057186126708984,,,996,,,,0,,0.1015625,0.2021484375,43.20473526900241,0,,0.0,40.91475158929825,,0.02734375,,4299,,78278.076171875,805,1,344,4096,-0.5,,0.00034642971354514884,,,0.2109375,,,0,-0.5,3.484375,0.453125,89.62264251708984,0,,0,0,0.1015625,,,50,,,,,0,203.470703125,60.13185801200234,,0.03640776889415299
0,,-2.217724318143155e-05,1011.8857421875,,,0.1015625,,0.1484375,0.5,1224.4205126485624,1780411001.1917732,0.5,28793.733596801758,,,0,0.0006674999895039946,0.0010174981071031652,0.00026999987312592566,,0.5,,0,,0.03125,0,,,,0,0.0011800002539530396,31.730247835999762,,0,,,-0.0018993312260136008,0,,0.1484375,190.13781070709229,242.99392808800258,0.000662499587633647,1.0,0.03125,238,,0.0,0.060385609216044675,0.5070353746414185,-0.0018993312260136008,0,0.011077880859375,0.5,0,0.003925868382793851,0.2197265625,0.1484375,0.1015625,150.328125,,,3e-06,,,0.0002250008037663065,3,108.1379397210003,,,0.09086404812424453,0,682.5205689710856,,0,0.1484375,0,345,1,31,88133.97380604,0.20209005899960175,0,73.77535247802734,,0.22787749185226858,,1190107.0,0,0.0037124991649761796,242.99392808800258,,50.937870025634766,,,993,,,,0,,0.0703125,0.2197265625,40.35085590000017,0,,0.0078125,40.073905140161514,,0.0302734375,,4363,,78621.37603759766,1024,1,345,4096,-0.3571428656578064,,0.0001693494277787977,,,0.1484375,,,0,-0.3571428656578064,3.265625,0.5,89.63792419433594,0,,0,0,0.0703125,,,35,,,,,0,203.470703125,62.56981708699823,,0.03390523364705877
0,,-4.5766475693653774e-05,982.0634765625,,,0.0625,,0.1640625,0.5,1219.9270724603891,1780411238.9669158,0.4609375,28542.35076904297,,,0,0.0006899999789311551,0.0009450013749301434,0.00023500069801229984,,0.5,,0,,0.0234375,0,,,,0,0.0011399997674743645,31.345521495000867,,0,,,-0.0006548009114339948,0,,0.1015625,190.13781070709229,237.73572744400008,0.000730001374904532,1.0,0.0234375,293,,0.0,0.055808813105776345,0.521136999130249,-0.0006548009114339948,0,0.01666259765625,0.5390625,0,0.0004626471163646783,0.1728515625,0.1015625,0.0625,150.828125,,,3e-06,,,0.00027250007406109944,5,106.62542094799937,,,0.09191204833800344,0,674.1177948488039,,0,0.203125,0,346,1,28,88389.252286239,0.216818876000616,0,69.5379409790039,,0.26167448959313333,,1160081.0,0,0.004090000402356964,237.73572744400008,,49.9144287109375,,,996,,,,0,,0.0703125,0.1728515625,43.42236073100139,0,,0.0,40.31255096197128,,0.02734375,,4422,,77368.37005615234,750,1,346,4096,-0.5,,0.0002425725706416415,,,0.203125,,,0,-0.5,3.2578125,0.5390625,89.65408325195312,0,,0,0,0.0703125,,,37,,,,,0,203.470703125,56.12318415000118,,0.037430455917303526
0,,4.06178327239104e-06,1051.3017578125,,,0.1171875,,0.1875,0.34285715222358704,1214.7524608675135,1780411494.2454288,0.4453125,28947.906494140625,,,0,0.0006299997039604932,0.0009822506399359554,0.00025999906938523054,,0.34285715222358704,,0,,0.015625,0,,,,0,0.00103499860415468,31.80354738599999,,0,,,-0.002959185279905796,0,,0.1171875,190.13781070709229,255.19211525500214,0.000589999217481818,1.0,0.015625,251,,0.0,0.06716856489675643,0.5779155492782593,-0.002959185279905796,0,0.010040283203125,0.5546875,0,0.004181169359071646,0.185546875,0.1171875,0.1171875,159.6171875,,,3e-06,,,0.00020000061340397224,64,108.58224670799973,,,0.08756766975300406,0,689.0534792591934,,0,0.125,0,347,1,44,88635.869357604,0.20244253000055323,0,69.96648406982422,,0.22795749828219414,,1239981.0,0,0.0030372502806130797,255.19211525500214,,59.5712890625,,,980,,,,0,,0.0703125,0.185546875,42.292520891001914,0,,0.0,39.59549963474274,,0.04296875,,4479,,78905.45654296875,863,1,347,4096,-0.5,,0.0004096896136616124,,,0.125,,,0,-0.5,3.3359375,0.5546875,89.59630966186523,0,,0,0,0.0703125,,,43,,,,,0,203.470703125,72.3091766739999,,0.034107394299591615
0,,-2.1086770260581034e-05,1012.4755859375,,,0.0859375,,0.1875,0.4000000059604645,1199.095718600464,1780411740.8624034,0.4921875,29548.320770263672,,,0,0.0006474992915173061,0.0010225012374576181,0.00039250062400242314,,0.4000000059604645,,0,,0.03125,0,,,,0,0.001277499904972501,31.859458146998804,,0,,,-0.0003066823701374233,0,,0.109375,190.13781070709229,246.5739351859993,0.0007275011739693582,1.0,0.03125,249,,0.0,0.06236950757589714,0.5496813654899597,-0.0003066823701374233,0,0.009246826171875,0.5078125,0,-0.0002898325456044404,0.1982421875,0.109375,0.0859375,142.46875,,,3e-06,,,0.000179999005922582,4,109.25534621399856,,,0.09238079335702441,0,668.7427250744659,,0,0.1640625,0,348,1,26,88894.609588402,0.22746532100063632,0,76.70423126220703,,0.2241000038338825,,1182663.0,0,0.003660000402305741,246.5739351859993,,51.27895736694336,,,998,,,,0,,0.1015625,0.1982421875,40.565657080001984,0,,0.0,40.087759494781494,,0.025390625,,4542,,78997.96295166016,662,1,348,4096,-0.5,,0.00029051542696834076,,,0.1640625,,,0,-0.5,3.3046875,0.5078125,89.11382675170898,0,,0,0,0.1015625,,,50,,,,,0,203.470703125,64.66314621700076,,0.03430026734581363
0,,2.6342184469285712e-05,1000.9697265625,,,0.109375,,0.171875,0.5,1147.7912663748125,1780411999.602693,0.515625,28141.836166381836,,,0,0.0006924992703716271,0.0009374989531352185,0.0002675014911801554,,0.5,,0,,0.015625,0,,,,0,0.0012849995982833207,31.61450532299932,,0,,,0.0008391448063775897,0,,0.109375,190.13781070709229,258.70753568099826,0.0006800000846851617,0.9921875,0.015625,228,,0.0,0.05897276693889829,0.6600186824798584,0.0008391448063775897,0,0.011932373046875,0.484375,0,0.0003056559435208328,0.189453125,0.109375,0.109375,158.9609375,,,3e-06,,,0.00023000120563665405,4,107.10382357399794,,,0.09017226714453563,0,689.5406594967353,,0,0.171875,0,349,1,30,89243.689630202,0.27953735000119195,0,73.72024536132812,,0.2337047626497224,,1187769.0,0,0.003307500264781993,258.70753568099826,,50.889793395996094,,,994,,,,0,,0.109375,0.189453125,59.25989795600253,0,,0.0,40.897659957408905,,0.029296875,,4608,,78231.30798339844,816,1,349,4096,-0.5,,0.00026796488873515045,,,0.171875,,,0,-0.5,3.390625,0.484375,89.36191940307617,0,,0,0,0.109375,,,40,,,,,0,203.470703125,60.44667330300217,,0.04989177016406602
0,0.0,2.6407076745726954e-05,1052.994140625,0.1,0.2111597374179431,0.1015625,0.0,0.203125,0.2928571403026581,862.8136732962372,1780412356.4877224,0.4453125,28355.632781982422,0.9,0.0,0,0.0007400003596558236,0.001032499312714208,0.0003100003596046008,0.0,0.2928571403026581,0.0,0,0.0,0.0078125,0,0.0,0.0,0.787109375,0,0.0010375006240792572,31.713771546001226,0.0,0,0.0,0.0,-0.0011683142511174083,0,0.0,0.125,190.13781070709229,356.8586237439995,0.0005675001375493594,1.0,0.0078125,226,"{'ncols': 13, 'sha256': '850773507e5376a82c60d2ce61ac7902504650d598d3115917b558342fa6f288', '_latest_artifact_path': 'wandb-client-artifact://ubqcod9qdms472gk2773yv6201wxnofw5wqyjdkis7z40vk6m9e327p24axamdm81l1f2tf7ur46ycwxlf6lte361m6gxvd31gcz21ock5a6ogmln1zvi184nuy883pt:latest/val/generations.table.json', '_type': 'table-file', 'artifact_path': 'wandb-client-artifact://vn69qcdyp5brqw2omu1w4ujtz4caxf3sw8sfus4nau3i41ooxn65mlttc3bqvswo4bed18cvnzn1m3hnj0kgpop8x3owx8m4g8jmfy9qhcw4lromudkerdbajtl34g5n/val/generations.table.json', 'size': 29383, 'nrows': 2, 'log_mode': 'IMMUTABLE', 'path': 'media/table/val/generations_349_850773507e5376a82c60.table.json'}",0.0,0.05922311644807429,0.5651387572288513,-0.0011683142511174083,0,0.0086669921875,0.5546875,0,0.0005561749931075609,0.181640625,0.125,0.1015625,149.75,0.2076271186440678,0.20967741935483872,3e-06,0.0,0.0,0.00018500031728763133,2,107.79166818699741,0.1,0.0,0.08752094265798216,0,691.0238879409153,0.212890625,0,0.125,0,350,1,39,89493.256170498,0.21710402600001544,0,80.37702941894531,0.0,0.1889929990284145,0.0,1231610.0,0,0.0030374994821613654,356.8586237439995,0.0,52.38941955566406,0.0,0.0,985,7.762525345002359,0.0,0.7903225806451613,0,1024.0,0.0859375,0.181640625,44.161297963000834,0,0.0,0.0,39.79852423071861,0.0,0.0380859375,0.0,4665,1054.0,78705.01708984375,733,1,350,4096,-0.5,0.0,0.00015351288220699644,0.0,0.0,0.125,0.0,0.212890625,0,-0.5,3.203125,0.5546875,89.39386749267578,0,0.1,0,0,0.0859375,101.3514067190008,0.0,47,0.0,0.0,0.0,0.0,0,203.470703125,63.85827287999928,30.0,0.035856560082331936
0,,3.851817778866007e-05,1005.9658203125,,,0.0703125,,0.0859375,0.30000001192092896,1236.267098215293,1780412598.2490666,0.5078125,28728.776931762695,,,0,0.0007524995453422889,0.0008274982974398881,0.00026750058168545365,,0.30000001192092896,,0,,0.0078125,0,,,,0,0.0012375003279885277,31.54542162299913,,0,,,-0.00010663887223927304,0,,0.15625,190.13781070709229,241.70444269799918,0.0006724994818796404,1.0,0.0078125,252,,0.0,0.05779994352151197,0.5497932434082031,-0.00010663887223927304,0,0.009674072265625,0.4921875,0,-0.00010543261851125862,0.19921875,0.15625,0.0703125,161.265625,,,3e-06,,,0.00018499940779292956,134,107.67391328699887,,,0.0900852237716944,0,638.1380794000579,,0,0.171875,0,351,1,32,89742.741243484,0.21612326000104076,0,77.67845153808594,,0.21782750263810158,,1195245.0,0,0.0025824983822531067,241.70444269799918,,51.785587310791016,,,992,,,,0,,0.1015625,0.19921875,42.72654818400042,0,,0.0,39.386533200740814,,0.03125,,4730,,78267.38739013672,796,1,351,4096,-0.5,,0.0003291606592483731,,,0.171875,,,0,-0.5,3.5859375,0.4921875,89.35736846923828,0,,0,0,0.1015625,,,39,,,,,0,203.470703125,59.54024202100118,,0.03574710472246311
0,,-0.00011774033626466007,1020.6025390625,,,0.0859375,,0.171875,0.3571428656578064,1199.5507182513427,1780412847.734323,0.453125,28373.03352355957,,,0,0.0006274995030253194,0.0009047507774084806,0.000277500475931447,,0.3571428656578064,,0,,0.03125,0,,,,0,0.0012574982974911109,31.842118737997225,,0,,,-0.0008004690753296018,0,,0.0703125,190.13781070709229,249.4402657990031,0.0005400006557465531,1.0,0.03125,274,,0.0,0.06300165899433463,0.5700481534004211,-0.0008004690753296018,0,0.007720947265625,0.546875,0,0.001768404388712952,0.169921875,0.0703125,0.0859375,148.2109375,,,3e-06,,,0.00017499860405223444,2,108.26431434400001,,,0.09045657976797719,0,644.5113854469964,,0,0.1484375,0,352,1,29,89998.497992575,0.19454316400151583,0,81.38661193847656,,0.1978957443498075,,1196865.0,0,0.003365000338817481,249.4402657990031,,51.69984817504883,,,995,,,,0,,0.1171875,0.169921875,43.294402655999875,0,,0.0,40.09008780121803,,0.0283203125,,4788,,79206.47430419922,497,1,352,4096,-0.5,,0.00025524519696773496,,,0.1484375,,,0,-0.5,3.3125,0.546875,89.39731216430664,0,,0,0,0.1171875,,,48,,,,,0,203.470703125,65.84284481000213,,0.036173171289995004
0,,4.320132018165168e-05,1147.0751953125,,,0.09375,,0.1953125,0.3142857253551483,1320.4854656928676,1780413103.49102,0.421875,29098.57940673828,,,0,0.0006475011105067097,0.000997500137600582,0.000352500137523748,,0.3142857253551483,,0,,0.0234375,0,,,,0,0.0012447508197510615,31.911369903999002,,0,,,-0.0025305438321083784,0,,0.0859375,190.13781070709229,255.7053892469994,0.0006899990694364533,1.0,0.0234375,207,,0.0,0.057559837538578455,0.5071051120758057,-0.0025305438321083784,0,0.009307861328125,0.578125,0,0.0008011704157979693,0.1669921875,0.0859375,0.09375,171.890625,,,3e-06,,,0.0002599999788799323,3,109.3226998909995,,,0.08094254412673837,0,630.3599972334341,,0,0.15625,0,353,1,61,90240.463376611,0.22615181600122014,0,81.06373596191406,,0.22101700596977025,,1350621.0,0,0.0031700001272838563,255.7053892469994,,54.71247100830078,,,963,,,,0,,0.0625,0.1669921875,46.63266586199825,0,,0.0,38.98193687200546,,0.0595703125,,4842,,79554.55017089844,675,1,353,4096,-0.5,,0.000191782495676307,,,0.15625,,,0,-0.5,3.4140625,0.578125,89.35751724243164,0,,0,0,0.0625,,,42,,,,,0,203.470703125,67.61007297200194,,0.034526833110101386
0,,-3.663889560812095e-05,986.408203125,,,0.1171875,,0.1640625,0.3571428656578064,1204.4530155203815,1780413345.4564455,0.453125,28738.773345947266,,,0,0.0007449998520314693,0.0009700015652924776,0.0003675004336400889,,0.3571428656578064,,0,,0.03125,0,,,,0,0.0009949999366654083,31.614627833001578,,0,,,0.0006548443925566971,0,,0.0859375,190.13781070709229,241.91603677799867,0.0005475003490573727,1.0,0.03125,234,,0.0,0.061962566413420815,0.567990779876709,0.0006548443925566971,0,0.009307861328125,0.546875,0,0.0003236058255424723,0.1787109375,0.0859375,0.1171875,151.78125,,,3e-06,,,0.000282499058812391,140,107.88572222400035,,,0.09256556570622575,0,648.5290915088408,,0,0.1484375,0,354,1,28,90484.635753184,0.21449621099964133,0,72.6602554321289,,0.22478975006379187,,1165506.0,0,0.003144999936921522,241.91603677799867,,50.94520950317383,,,996,,,,0,,0.0703125,0.1787109375,39.6115164010007,0,,0.0,41.324540972709656,,0.02734375,,4900,,78456.86340332031,761,1,354,4096,-0.5,,0.00012626039915630827,,,0.1484375,,,0,-0.5,3.5625,0.546875,89.423095703125,0,,0,0,0.0703125,,,41,,,,,0,203.470703125,62.58727300800092,,0.033986540095890284
0,,-2.6111579776610938e-05,1028.328125,,,0.078125,,0.1640625,0.5,1227.2802018949385,1780413589.6288521,0.40625,28224.4873046875,,,0,0.0007375010682153516,0.0010075000318465754,0.0003300001480965875,,0.5,,0,,0.0390625,0,,,,0,0.0011424990589148365,31.69020495299992,,0,,,-0.0010256909299641848,0,,0.078125,190.13781070709229,244.11214288100018,0.0005900001269765198,1.0,0.0390625,254,,0.0,0.06002604330261509,0.5217608213424683,-0.0010256909299641848,0,0.008819580078125,0.59375,0,0.0020384002418722957,0.1640625,0.078125,0.078125,141.9609375,,,3e-06,,,0.00018499940779292956,83,107.54646275300183,,,0.08974350517116651,0,634.4026046481158,,0,0.1328125,0,355,1,31,90726.584437599,0.19178313399970648,0,71.46580505371094,,0.2265822549816221,,1198376.0,0,0.0028550002753036097,244.11214288100018,,51.41919708251953,,,993,,,,0,,0.078125,0.1640625,41.473270853999566,0,,0.0,40.51171615719795,,0.0302734375,,4952,,78646.8276977539,599,1,355,4096,-0.4285714328289032,,0.00024341593962162733,,,0.1328125,,,0,-0.4285714328289032,3.1171875,0.59375,89.36236190795898,0,,0,0,0.078125,,,43,,,,,0,203.470703125,63.207903806000104,,0.03460789506298488
0,,4.040299769947353e-05,1007.427734375,,,0.0625,,0.203125,0.4285714328289032,1255.9627327724093,1780413831.5774474,0.3671875,27566.232681274414,,,0,0.0005725014489144087,0.0009149998732027598,0.0003724990165210329,,0.4285714328289032,,0,,0.015625,0,,,,0,0.0012200007404317148,31.568415517001995,,0,,,-0.001465720939449966,0,,0.125,190.13781070709229,241.9335319999991,0.0006674999895039946,1.0,0.015625,232,,0.0,0.059247519945596544,0.5584003925323486,-0.001465720939449966,0,0.008270263671875,0.6328125,0,0.0003752430056920275,0.162109375,0.125,0.0625,179.5234375,,,3e-06,,,0.00016499961930094287,15,106.42133722800281,,,0.08755801384192596,0,669.8242741222202,,0,0.125,0,356,1,30,90984.701229826,0.2082412320014555,0,72.07177734375,,0.22562750382348895,,1215438.0,0,0.004629750037565827,241.9335319999991,,51.16388702392578,,,994,,,,0,,0.0390625,0.162109375,42.6132371370004,0,,0.0,39.69087824225426,,0.029296875,,4999,,78145.35522460938,812,1,356,4096,-0.5,,9.16228868845792e-05,,,0.125,,,0,-0.5,3.40625,0.6328125,89.39981079101562,0,,0,0,0.0390625,,,49,,,,,0,203.470703125,61.12009706099707,,0.0350599842501225
0,,-1.9291558913892004e-05,1129.2607421875,,,0.09375,,0.203125,0.4285714328289032,1309.7630926153347,1780414089.6942143,0.375,28674.724578857422,,,0,0.0006450000000768341,0.0010274998203385621,0.0002450005922582932,,0.4285714328289032,,0,,0.0234375,0,,,,0,0.00127249768411275,32.08893909199833,,0,,,-0.0006572673446498811,0,,0.0546875,190.13781070709229,258.0976299499998,0.0005775000317953527,1.0,0.0234375,239,,0.0,0.061912508918910765,0.5464982390403748,-0.0006572673446498811,0,0.007476806640625,0.625,0,-0.0009187731775455177,0.142578125,0.0546875,0.09375,191.234375,,,3e-06,,,0.0001900007191579789,19,109.38434435800082,,,0.08089439135119685,0,672.0666770852549,,0,0.125,0,357,1,57,91229.939777548,0.23111932900064858,0,93.98588562011719,,0.2321854990441352,,1352187.0,0,0.0027825008146464825,258.0976299499998,,54.93193054199219,,,967,,,,0,,0.078125,0.142578125,44.79790672300078,0,,0.0,40.01498222351074,,0.0556640625,,5047,,79997.29919433594,805,1,357,4096,-0.5,,0.00011473153062979691,,,0.125,,,0,-0.5,3.21875,0.625,89.3961181640625,0,,0,0,0.078125,,,46,,,,,0,203.470703125,71.5933345509984,,0.03312996406784031
0,,6.266910676799853e-05,1095.7119140625,,,0.125,,0.265625,0.30000001192092896,1320.012545757609,1780414334.9328322,0.484375,28250.205993652344,,,0,0.000660000296193175,0.0009300001693191007,0.0002525011950638145,,0.30000001192092896,,0,,0.0390625,0,,,,0,0.0011647489372990094,31.72320122399833,,0,,,-0.0021367217414081097,0,,0.0546875,190.13781070709229,245.20088921899878,0.00070999885792844,1.0,0.0390625,224,,0.0,0.054923662452796125,0.559565007686615,-0.0021367217414081097,0,0.009429931640625,0.515625,0,0.000521888590810704,0.17578125,0.0546875,0.125,168.6171875,,,3e-06,,,0.00019750041246879846,132,107.45672365599967,,,0.0829991230650517,0,663.4509518334962,,0,0.171875,0,358,1,42,91485.052645437,0.23476721800034284,0,85.66214752197266,,0.21649975678883493,,1294673.0,0,0.003207499503332656,245.20088921899878,,52.582603454589844,,,982,,,,0,,0.09375,0.17578125,44.159453857999324,0,,0.0,40.34064710140228,,0.0419921875,,5109,,78502.50244140625,733,1,358,4096,-0.3499999940395355,,0.00017954742315851036,,,0.171875,,,0,-0.3499999940395355,3.1640625,0.515625,89.3927001953125,0,,0,0,0.09375,,,50,,,,,0,203.470703125,61.624843584999326,,0.03410857711406612
0,,5.612818348055271e-05,1085.5048828125,,,0.140625,,0.1875,0.5,1262.9393659909522,1780414590.045779,0.5546875,29085.315704345703,,,0,0.0006725003913743421,0.0008874994819052517,0.0002474989742040634,,0.5,,0,,0.0390625,0,,,,0,0.001292500201088842,31.985382185997878,,0,,,0.0002792641753330827,0,,0.09375,190.13781070709229,255.06786681499943,0.0006299987944657914,1.0,0.0390625,249,,0.0,0.06091782901821288,0.5364387035369873,0.0002792641753330827,0,0.01153564453125,0.4453125,0,0.002338116237297072,0.212890625,0.09375,0.140625,172.8359375,,,3e-06,,,0.0002650003807502799,70,109.41885103000095,,,0.08491685637476878,0,659.9232548760483,,0,0.171875,0,359,1,51,91733.012738708,0.232643316998292,0,74.60318756103516,,0.18816025112755597,,1288541.0,0,0.0036399987948243506,255.06786681499943,,53.443763732910156,,,973,,,,0,,0.109375,0.212890625,45.71487015299863,0,,0.0,41.50404408574104,,0.05078125,,5180,,79631.91223144531,756,1,359,4096,-0.5,,0.0002730408941715723,,,0.171875,,,0,-0.5,3.25,0.4453125,89.40003967285156,0,,0,0,0.109375,,,46,,,,,0,203.470703125,67.71363926999766,,0.035478009743577135
0,,-4.936288178214454e-06,1003.1640625,,,0.109375,,0.1484375,0.3285714387893677,1161.7564701545684,1780414838.005708,0.4453125,27457.1475982666,,,0,0.0006924992703716271,0.0009575005606166087,0.0002350016075070016,,0.3285714387893677,,0,,0.0078125,0,,,,0,0.0010200001270277426,31.468712947000313,,0,,,-0.004438275936990976,0,,0.09375,190.13781070709229,247.87294703999942,0.0006150012268335558,1.0,0.0078125,231,,0.0,0.0574165111025674,0.5234311819076538,-0.004438275936990976,0,0.01080322265625,0.5546875,0,0.004578697858960368,0.169921875,0.09375,0.109375,121.7109375,,,3e-06,,,0.00018250011635245755,41,106.09304593699926,,,0.09210489180829055,0,626.0044661939901,,0,0.1484375,0,360,1,41,91982.860766323,0.1878179210034432,0,66.49479675292969,,0.21862199355382472,,1151872.0,0,0.0029072498364257626,247.87294703999942,,49.66447448730469,,,983,10.129818580000574,,,0,,0.0859375,0.169921875,41.0103883619995,0,,0.0,38.11102360486984,,0.0400390625,,5237,,77971.5576171875,533,1,360,4096,-0.5,,0.0004157957021106995,,,0.1484375,,,0,-0.5,3.296875,0.5546875,89.36126327514648,0,,0,0,0.0859375,,,40,,,,,0,203.470703125,58.98053686500134,,0.03560325136994345
0,,-1.730261624288687e-05,1065.6181640625,,,0.0546875,,0.1953125,0.5,1256.2135480019542,1780415087.8537745,0.453125,28410.82000732422,,,0,0.000660000296193175,0.000880000698089134,0.0003024997567990795,,0.5,,0,,0.0234375,0,,,,0,0.001027500729833264,31.773998491000384,,0,,,-0.002503214403986931,0,,0.0703125,190.13781070709229,249.7984920630006,0.0005724996299250051,1.0,0.0234375,246,,0.0,0.06051760930834167,0.6159851551055908,-0.002503214403986931,0,0.00994873046875,0.546875,0,0.0009452429621887859,0.1484375,0.0703125,0.0546875,160.1640625,,,3e-06,,,0.0002124997990904376,142,108.22546663600224,,,0.08622162238239313,0,620.8354700902419,,0,0.2109375,0,361,1,33,92224.600640445,0.2025932760006981,0,76.44673919677734,,0.2724462538026273,,1255201.0,0,0.002657499862834811,249.7984920630006,,53.63389205932617,,,991,,,,0,,0.09375,0.1484375,43.557265158997325,0,,0.0,40.63170403242111,,0.0322265625,,5295,,79152.90069580078,703,1,361,4096,-0.5,,0.000278915848411998,,,0.2109375,,,0,-0.5,3.0859375,0.546875,89.39850616455078,0,,0,0,0.09375,,,44,,,,,0,203.470703125,66.03639165399727,,0.03470142643209918
0,,-0.00014315344485638093,1001.5078125,,,0.1171875,,0.203125,0.5,1226.9700878204296,1780415329.593702,0.4921875,28728.72543334961,,,0,0.00056249882618431,0.001067501216311939,0.00032999923860188574,,0.5,,0,,0.03125,0,,,,0,0.0010374997145845555,31.547861951003142,,0,,,-0.00012736413918901235,0,,0.078125,190.13781070709229,241.70760391300064,0.0005424990376923233,1.0,0.03125,240,,0.0,0.06029106769187605,0.5564160943031311,-0.00012736413918901235,0,0.01141357421875,0.5078125,0,-0.0006645740722888149,0.1845703125,0.078125,0.1171875,156.9609375,,,3e-06,,,0.00019500021153362468,5,107.73278889799985,,,0.09081626212032304,0,550.5686857513938,,0,0.1796875,0,362,1,30,92458.237721047,0.22236921199873905,0,68.90127563476562,,0.26711152167990804,,1186272.0,0,0.0026522511689108796,241.70760391300064,,51.62509536743164,,,994,,,,0,,0.0859375,0.1845703125,40.370882930001244,0,,0.0,41.12716391682625,,0.029296875,,5358,,78412.09411621094,815,1,362,4096,-0.5,,0.00013690513424080564,,,0.1796875,,,0,-0.5,3.359375,0.5078125,89.38006973266602,0,,0,0,0.0859375,,,43,,,,,0,203.470703125,61.831142724997335,,0.034031725380015074
0,,2.500225474477702e-05,972.298828125,,,0.0859375,,0.21875,0.5,1210.145529043366,1780415563.2307775,0.4765625,28520.057678222656,,,0,0.0007399994501611218,0.001012500433716923,0.00034249933378305286,,0.5,,0,,0.0078125,0,,,,0,0.0010675003068172373,31.285613990003185,,0,,,-4.984200859325938e-05,0,,0.109375,190.13781070709229,233.59380604699982,0.0006674999895039946,1.0,0.0078125,251,,0.0,0.05719560770624628,0.5376845598220825,-4.984200859325938e-05,0,0.01025390625,0.5234375,0,0.00036290921525505837,0.171875,0.109375,0.0859375,131.9296875,,,3e-06,,,0.00020000061340397224,56,106.62381793399982,,,0.09429644383186067,0,610.1934051357675,,0,0.203125,0,363,1,27,92703.341756088,0.2148363779997453,0,72.2869644165039,,0.2366144908592105,,1130730.0,0,0.0036399987948243506,233.59380604699982,,50.001129150390625,,,997,,,,0,,0.0703125,0.171875,38.521589898002276,0,,0.0,39.36596214771271,,0.0263671875,,5419,,77453.9566040039,635,1,363,4096,-0.5,,0.000129121059217141,,,0.203125,,,0,-0.5,3.3671875,0.5234375,89.42489624023438,0,,0,0,0.0703125,,,42,,,,,0,203.470703125,56.94589168300081,,0.034067894102042286
0,,-2.356563910410614e-05,1054.7294921875,,,0.1015625,,0.1796875,0.5,1261.2599736573322,1780415808.3348432,0.453125,27627.059936523438,,,0,0.0006625004971283488,0.0008649985829833895,0.00027249916456639767,,0.5,,0,,0.03125,0,,,,0,0.0011524998626555316,31.596730134002428,,0,,,-0.002423673402518034,0,,0.078125,190.13781070709229,245.08250198700262,0.0005999991117278114,1.0,0.03125,242,,0.0,0.058608309393235726,0.5346367359161377,-0.002423673402518034,0,0.00994873046875,0.546875,0,0.0020823503873543814,0.173828125,0.078125,0.1015625,152.7421875,,,3e-06,,,0.0001700009306659922,3,106.83525989900227,,,0.08640476646385685,0,560.5945316183206,,0,0.15625,0,364,1,35,92957.403260236,0.22232178500053124,0,75.23355102539062,,0.2452394983265549,,1236451.0,0,0.003155000740662217,245.08250198700262,,52.37254333496094,,,989,,,,0,,0.0859375,0.173828125,43.12587182399875,0,,0.0,38.413189351558685,,0.0341796875,,5477,,78608.94012451172,759,1,364,4096,-0.5,,0.0002074023759632837,,,0.15625,,,0,-0.5,3.5546875,0.546875,89.39118957519531,0,,0,0,0.0859375,,,41,,,,,0,203.470703125,63.29949430199849,,0.0348787552632484
0,,-1.873162258902994e-05,1053.2734375,,,0.109375,,0.2109375,0.4285714328289032,1215.649112599748,1780416062.3963041,0.40625,28974.647521972656,,,0,0.0006949994713068008,0.0011124993761768565,0.0002899987521232106,,0.4285714328289032,,0,,0.0234375,0,,,,0,0.0011275005817878991,31.91038484999808,,0,,,0.00046153797302395105,0,,0.0703125,190.13781070709229,254.0453464730017,0.0005749998308601789,1.0,0.0234375,227,,0.0,0.06335337870775051,0.5487077832221985,0.00046153797302395105,0,0.01129150390625,0.59375,0,-0.0022725021626683883,0.150390625,0.0703125,0.109375,153.09375,,,3e-06,,,0.00018500031728763133,2,109.14917395500015,,,0.08835700381682492,0,524.3523316985375,,0,0.1328125,0,365,1,39,93203.908191356,0.260831939001946,0,66.1083755493164,,0.25848124641925097,,1235320.0,0,0.003085000571445562,254.0453464730017,,52.44425582885742,,,985,,,,0,,0.0703125,0.150390625,44.3927667900025,0,,0.0,39.28232938051224,,0.0380859375,,5529,,79610.62622070312,806,1,365,4096,-0.3571428656578064,,0.0001840539241584338,,,0.1328125,,,0,-0.3571428656578064,3.25,0.59375,89.36567306518555,0,,0,0,0.0703125,,,49,,,,,0,203.470703125,68.32991331200174,,0.035936248737171335
0,,-9.35196851212794e-05,1090.0546875,,,0.140625,,0.2421875,0.4285714328289032,1298.0785805221497,1780416308.901258,0.46875,28679.67987060547,,,0,0.0007925000318209641,0.0009875002433545887,0.00035999983083456755,,0.4285714328289032,,0,,0.0078125,0,,,,0,0.001072499799192883,31.520464232999075,,0,,,-0.0014029477024450898,0,,0.0703125,190.13781070709229,246.48122602200237,0.0005749989213654771,1.0,0.0078125,219,,0.0,0.056178140078623526,0.5937138795852661,-0.0014029477024450898,0,0.01141357421875,0.53125,0,0.00436794292909326,0.1630859375,0.0703125,0.140625,159.7578125,,,3e-06,,,0.00018500031728763133,24,107.73035557600087,,,0.0841769668387765,0,516.5455847982084,,0,0.1484375,0,366,1,39,93459.122527275,0.1984015409980202,0,71.45497131347656,,0.2787564881145954,,1279808.0,0,0.003807251232501585,246.48122602200237,,52.606529235839844,,,985,,,,0,,0.1015625,0.1630859375,44.32312458099841,0,,0.0,40.87788611650467,,0.0380859375,,5589,,78492.96569824219,795,1,366,4096,-0.4285714328289032,,0.0002820596396304609,,,0.1484375,,,0,-0.4285714328289032,3.3515625,0.53125,89.38187026977539,0,,0,0,0.1015625,,,45,,,,,0,203.470703125,62.706938806000835,,0.034632635974301156
0,,5.390230481339131e-05,1088.1337890625,,,0.125,,0.2265625,0.34285715222358704,1252.4278482774807,1780416564.1155472,0.4375,29106.353759765625,,,0,0.0006149994078441523,0.0009675013643573038,0.0002599999788799323,,0.34285715222358704,,0,,0.046875,0,,,,0,0.001042500116454903,31.951186800997675,,0,,,-0.001344653544947505,0,,0.0546875,190.13781070709229,255.17817288999868,0.0005949996193521656,1.0,0.046875,214,,0.0,0.062253514968378956,0.6326658725738525,-0.001344653544947505,0,0.008392333984375,0.5625,0,-0.00044998847079114057,0.177734375,0.0546875,0.125,160.2734375,,,3e-06,,,0.00018250011635245755,2,109.39280973100176,,,0.08557217026617649,0,531.8478622812254,,0,0.1171875,0,367,1,45,93701.249360459,0.21086915900013992,0,70.18355560302734,,0.2250520046800375,,1278369.0,0,0.003474749973975122,255.17817288999868,,53.688968658447266,,,979,,,,0,,0.09375,0.177734375,44.25516022999727,0,,0.0,38.357242941856384,,0.0439453125,,5645,,79716.01867675781,746,1,367,4096,-0.5,,0.00014501863915938884,,,0.1171875,,,0,-0.5,3.1796875,0.5625,89.38564682006836,0,,0,0,0.09375,,,44,,,,,0,203.470703125,69.36591680000129,,0.03461845541467078
0,,-6.937561289532823e-05,972.7978515625,,,0.140625,,0.15625,0.5,1192.5906949816342,1780416806.2422876,0.5234375,28139.549255371094,,,0,0.0006999998731771484,0.0011874990377691574,0.00024500150175299495,,0.5,,0,,0.0234375,0,,,,0,0.001187500856758561,31.55840180800078,,0,,,0.00040134036680683494,0,,0.125,190.13781070709229,242.10506690599868,0.0006499994924524799,1.0,0.0234375,206,,0.0,0.06205247711628271,0.49583661556243896,0.00040134036680683494,0,0.0106201171875,0.4765625,0,-0.002620921120978892,0.216796875,0.125,0.140625,155.0625,,,3e-06,,,0.00023749907995807007,7,107.35785319099887,,,0.09295623643617822,0,527.524331239867,,0,0.1328125,0,368,1,28,93952.848315809,0.18997054600185947,0,66.75879669189453,,0.2730934938881546,,1154929.0,0,0.004342498868936673,242.10506690599868,,50.5272102355957,,,996,,,,0,,0.1015625,0.216796875,41.18331796500206,0,,0.0,40.13785347342491,,0.02734375,,5712,,78650.36010742188,1007,1,368,4096,-0.5,,0.00022177558412295184,,,0.1328125,,,0,-0.5,3.359375,0.4765625,89.3988265991211,0,,0,0,0.1015625,,,38,,,,,0,203.470703125,61.813264816999435,,0.035658744360044695
0,,2.5997302827818203e-05,1038.3203125,,,0.1171875,,0.1875,0.5,1250.503953689585,1780417057.8412817,0.53125,27077.438354492188,,,0,0.0006274995030253194,0.0008999995770864189,0.0003250006557209417,,0.5,,0,,0.015625,0,,,,0,0.001017499016597867,31.699975104998884,,0,,,-0.0007974846521392465,0,,0.1171875,190.13781070709229,251.57057606400122,0.000480001290270593,1.0,0.015625,173,,0.0,0.06137163358037433,0.686811625957489,-0.0007974846521392465,0,0.009857177734375,0.46875,0,0.0010612147962092422,0.1982421875,0.1171875,0.1171875,190.546875,,,3e-06,,,0.00017000002117129043,8,107.25840846499705,,,0.08523666396341034,0,527.5194320993323,,0,0.171875,0,369,1,44,94207.938799521,0.213939125998877,0,82.81520080566406,,0.2686214866116643,,1258360.0,0,0.0036224992072675377,251.57057606400122,,52.76220703125,,,980,,,,0,,0.109375,0.1982421875,47.143159330000344,0,,0.0,40.67186266183853,,0.04296875,,5780,,79612.50305175781,811,1,369,4096,-0.5,,0.00022725459621142363,,,0.171875,,,0,-0.5,3.1953125,0.46875,89.3983268737793,0,,0,0,0.109375,,,45,,,,,0,203.470703125,65.2527756879972,,0.037463968443053136
0,,-2.7610174356595962e-05,997.548828125,,,0.1171875,,0.1640625,0.5,1143.6714156020896,1780417312.9319592,0.4765625,29452.21710205078,,,0,0.0006099990059738047,0.0009824998414842412,0.0002474998836987652,,0.5,,0,,0.03125,0,,,,0,0.0010849998943740502,31.636822073000076,,0,,,-0.004436335060745478,0,,0.1015625,190.13781070709229,255.06845412099938,0.0006950012902962044,1.0,0.03125,245,,0.0,0.06269343105659081,0.6074529886245728,-0.004436335060745478,0,0.0088958740234375,0.5234375,0,0.0006971013353904709,0.1943359375,0.1015625,0.1171875,141.9609375,,,3e-06,,,0.00016749982023611665,2,108.86695425299695,,,0.09329923114294708,0,527.7240571649745,,0,0.1640625,0,370,1,32,94455.83892775,0.19388385400088737,0,63.2142448425293,,0.2672062546480447,,1166858.0,0,0.0037549998523900285,255.06845412099938,,51.14081573486328,,,992,8.434663150001143,,,0,,0.0625,0.1943359375,41.89324903300076,0,,0.0,39.65429961681366,,0.03125,,5841,,78847.08404541016,769,1,370,4096,-0.5,,0.0002550235217313457,,,0.1640625,,,0,-0.5,3.28125,0.5234375,89.39770126342773,0,,0,0,0.0625,,,37,,,,,0,203.470703125,64.04071288999694,,0.03590261114291607
0,,5.524466398298955e-05,1020.85546875,,,0.0703125,,0.2265625,0.5,1217.5037317575059,1780417560.8319056,0.4375,29001.834869384766,,,0,0.0006800000846851617,0.0009649993444327265,0.0003149998519802466,,0.5,,0,,0.0234375,0,,,,0,0.0009900004442897625,31.756928744001925,,0,,,-0.0016774701653048396,0,,0.078125,190.13781070709229,247.85878854300245,0.0005500005499925464,1.0,0.0234375,237,,0.0,0.06349631232996295,0.5093190670013428,-0.0016774701653048396,0,0.00823974609375,0.5625,0,-0.0009060788943315857,0.16015625,0.078125,0.0703125,157.9296875,,,3e-06,,,0.0001725002221064642,2,108.8136695380017,,,0.09014649412133263,0,563.4569078019995,,0,0.1640625,0,371,1,33,94703.943492629,0.21048224799960735,0,67.77066040039062,,0.22872899717185646,,1207076.0,0,0.002647499059094116,247.85878854300245,,52.83824920654297,,,991,,,,0,,0.1015625,0.16015625,40.69953562699811,0,,0.0,40.96650332212448,,0.0322265625,,5897,,79207.1762084961,747,1,371,4096,-0.4285714328289032,,0.0001567049503137241,,,0.1640625,,,0,-0.4285714328289032,3.078125,0.5625,89.41115188598633,0,,0,0,0.1015625,,,40,,,,,0,203.470703125,66.37625107200074,,0.03371745907216953
0,,-9.18474846969275e-05,1022.720703125,,,0.140625,,0.1875,0.5,1227.9980569219927,1780417808.9364715,0.5,28320.661544799805,,,0,0.0006199989002197981,0.0008825008990243077,0.00030000046535860747,,0.5,,0,,0.015625,0,,,,0,0.0011099991752416827,31.73644629499904,,0,,,-0.0006916273850947618,0,,0.109375,190.13781070709229,248.07897560000129,0.0005200008672545664,1.0,0.015625,224,,0.0,0.06268801013495869,0.5689867734909058,-0.0006916273850947618,0,0.011199951171875,0.5,0,-0.0012556152032630052,0.1962890625,0.109375,0.140625,167.28125,,,3e-06,,,0.00018750142771750689,3,107.99430748300074,,,0.08862438471165254,0,548.7622398996027,,0,0.15625,0,372,1,40,94948.576866496,0.221643087999837,0,80.44490051269531,,0.2115622628480196,,1218562.0,0,0.0029875009204261005,248.07897560000129,,52.51571273803711,,,984,,,,0,,0.078125,0.1962890625,42.47263810200093,0,,0.0,41.138917207717896,,0.0390625,,5961,,79083.52661132812,732,1,372,4096,-0.4285714328289032,,0.00010753063315860345,,,0.15625,,,0,-0.4285714328289032,3.390625,0.5,89.4390869140625,0,,0,0,0.078125,,,42,,,,,0,203.470703125,65.65102162199764,,0.03485472064778069
0,,-1.1363369210926066e-05,1063.6171875,,,0.0625,,0.1875,0.5,1273.0210749679065,1780418053.5699632,0.4453125,29249.691009521484,,,0,0.0007097487468854524,0.0009899995347950608,0.0002650003807502799,,0.5,,0,,0.015625,0,,,,0,0.0011075007932959124,31.31725960699987,,0,,,-0.0018829077016562223,0,,0.1484375,190.13781070709229,244.60553412900117,0.0006100008249632083,1.0,0.015625,197,,0.0,0.053975050944595725,0.595099925994873,-0.0018829077016562223,0,0.008575439453125,0.5546875,0,0.002279615706356708,0.1923828125,0.1484375,0.0625,152.7421875,,,3e-06,,,0.00018000082491198555,3,107.63287693999882,,,0.08641379640512706,0,579.7732839500823,,0,0.125,0,373,1,38,95191.931842154,0.21816524699897855,0,72.10237121582031,,0.22920950141269714,,1245552.0,0,0.0034324993976042606,244.60553412900117,,52.44969177246094,,,986,,,,0,,0.09375,0.1923828125,46.64860094699907,0,,0.0,40.572382509708405,,0.037109375,,6018,,77762.60375976562,814,1,373,4096,-0.5,,0.00010801131065818481,,,0.125,,,0,-0.5,3.3984375,0.5546875,89.39599609375,0,,0,0,0.09375,,,39,,,,,0,203.470703125,58.786602886000765,,0.037452150489902525
0,,-2.5193158876390953e-05,1027.8994140625,,,0.125,,0.1875,0.2750000059604645,1248.537892966095,1780418296.9249198,0.4296875,28127.960205078125,,,0,0.0006374993972713128,0.0010200001270277426,0.0002800006768666208,,0.2750000059604645,,0,,0.015625,0,,,,0,0.0009625000529922545,31.51150378300008,,0,,,-0.0017111195484176278,0,,0.0546875,190.13781070709229,243.34083227400333,0.0005099991540191695,1.0,0.015625,249,,0.0,0.05909876906502175,0.5637314319610596,-0.0017111195484176278,0,0.0087890625,0.5703125,0,0.0031854780900175683,0.1494140625,0.0546875,0.125,158.8984375,,,3e-06,,,0.00018250102584715933,4,107.08908169999995,,,0.0881187821582004,0,537.2766485352331,,0,0.1796875,0,374,1,32,95441.067400342,0.21893295199697604,0,75.2763671875,,0.2011247561313212,,1215281.0,0,0.0031525005397270434,243.34083227400333,,52.00230407714844,,,992,,,,0,,0.0546875,0.1494140625,42.31283157600046,0,,0.0,40.00813141465187,,0.03125,,6073,,78383.62884521484,741,1,374,4096,-0.5,,0.00019562511533877114,,,0.1796875,,,0,-0.5,3.4453125,0.5703125,89.42647171020508,0,,0,0,0.0546875,,,41,,,,,0,203.470703125,62.20553225600088,,0.03481732338117725
0,,-3.785231827180269e-05,1077.13671875,,,0.1015625,,0.15625,0.5,1269.0179904651948,1780418546.0604393,0.3828125,28965.547561645508,,,0,0.0007175003702286631,0.0009275008778786287,0.0003249988367315382,,0.5,,0,,0.0078125,0,,,,0,0.0009149998732027598,31.63876456000071,,0,,,-0.0017361153149977326,0,,0.0859375,190.13781070709229,249.09260733500196,0.0005274987415759824,1.0,0.0078125,229,,0.0,0.058684966215408994,0.6031230092048645,-0.0017361153149977326,0,0.009429931640625,0.6171875,0,0.0017168839913210832,0.15234375,0.0859375,0.1015625,157.640625,,,3e-06,,,0.00017750062397681177,3,108.42101650800032,,,0.08574817109296679,0,595.1286158688163,,0,0.0859375,0,375,1,47,95678.08234417,0.20007399499809253,0,75.57656860351562,,0.26588901528157294,,1264412.0,0,0.0035845005186274648,249.09260733500196,,53.175811767578125,,,977,,,,0,,0.1015625,0.15234375,44.10200794300181,0,,0.0,40.73895886540413,,0.0458984375,,6122,,78819.32830810547,722,1,375,4096,-0.4000000059604645,,0.0001525139687146293,,,0.0859375,,,0,-0.4000000059604645,3.25,0.6171875,89.37546157836914,0,,0,0,0.1015625,,,45,,,,,0,203.470703125,64.72881351600154,,0.03487946013087649
0,,0.00011982505895957729,1000.1767578125,,,0.1328125,,0.1953125,0.5,1246.3620271881296,1780418783.0754623,0.4453125,28068.92967224121,,,0,0.0006649997885688208,0.0010100002327817492,0.00026249836082570255,,0.5,,0,,0.03125,0,,,,0,0.0011424990589148365,31.366867319997255,,0,,,-0.0013502324000000954,0,,0.09375,190.13781070709229,236.99313967900162,0.0004774992703460157,1.0,0.03125,240,,0.0,0.05734838846649069,0.5449694991111755,-0.0013502324000000954,0,0.00897216796875,0.5546875,0,0.001148612875113031,0.1884765625,0.09375,0.1328125,153.6484375,,,3e-06,,,0.00023500069801229984,6,106.6596156630003,,,0.09027344986403098,0,562.174674106238,,0,0.125,0,376,1,32,95928.443721967,0.19570672599729733,0,69.60275268554688,,0.22924649238120764,,1181517.0,0,0.003029999788850546,236.99313967900162,,50.734100341796875,,,992,,,,0,,0.0625,0.1884765625,40.03372718099854,0,,0.0,40.543314069509506,,0.03125,,6179,,77987.73193359375,709,1,376,4096,-0.2857142984867096,,0.0002302972575307649,,,0.125,,,0,-0.2857142984867096,3.1484375,0.5546875,89.41361618041992,0,,0,0,0.0625,,,41,,,,,0,203.470703125,58.735129847998905,,0.03388332726570886
0,,1.914639149447339e-05,1075.1884765625,,,0.1328125,,0.21875,0.26428571343421936,1264.135100621994,1780419033.4368565,0.4609375,28240.062713623047,,,0,0.0007199996616691351,0.0009750010576681234,0.00042500050767557696,,0.26428571343421936,,0,,0.0390625,0,,,,0,0.0009749992386787198,31.631480410000222,,0,,,0.0002458498056512326,0,,0.109375,190.13781070709229,250.3421112540018,0.0004774992703460157,1.0,0.0390625,219,,0.0,0.05813820908488977,0.5443927049636841,0.0002458498056512326,0,0.009033203125,0.5390625,0,-3.708148869918659e-05,0.208984375,0.109375,0.1328125,161.0078125,,,3e-06,,,0.00018250102584715933,190,107.61037224999745,,,0.08500935901537482,0,553.0381180633558,,0,0.0859375,0,377,1,43,96176.26543476,0.20862283399765147,0,77.36139678955078,,0.22067950339987874,,1265865.0,0,0.0028672502594417892,250.3421112540018,,53.031761169433594,,,981,,,,0,,0.09375,0.208984375,46.87904380299733,0,,0.0,40.11235386133194,,0.0419921875,,6238,,78776.93176269531,735,1,377,4096,-0.5,,0.00021912966440140735,,,0.0859375,,,0,-0.5,3.3203125,0.5390625,89.44573211669922,0,,0,0,0.09375,,,35,,,,,0,203.470703125,64.00976123500004,,0.0370332095468295
0,,6.437780778512092e-05,1033.7001953125,,,0.1015625,,0.1875,0.5,1217.1294369273874,1780419281.2585561,0.4609375,28840.906143188477,,,0,0.0006274995030253194,0.0008474989954265766,0.00034250024327775463,,0.5,,0,,0.03125,0,,,,0,0.0010125013432116248,31.715974325998104,,0,,,0.0002784306416288018,0,,0.0703125,190.13781070709229,247.80047285800174,0.00048249967221636325,1.0,0.03125,240,,0.0,0.0616980103532431,0.5520466566085815,0.0002784306416288018,0,0.0097503662109375,0.5390625,0,0.000645108892058488,0.171875,0.0703125,0.1015625,144.4453125,,,3e-06,,,0.00018000082491198555,6,108.42402509100066,,,0.08987246167880089,0,529.5729969457025,,0,0.1796875,0,378,1,37,96418.10138796,0.21220999100114568,0,75.70245361328125,,0.22938899928703904,,1206421.0,0,0.003252499482186977,247.80047285800174,,52.150672912597656,,,987,,,,0,,0.078125,0.171875,42.13766661599948,0,,0.0,44.26135495305061,,0.0361328125,,6297,,79009.04846191406,734,1,378,4096,-0.41428571939468384,,5.281623350583686e-05,,,0.1796875,,,0,-0.41428571939468384,3.328125,0.5390625,89.38549423217773,0,,0,0,0.078125,,,51,,,,,0,203.470703125,65.307899241001,,0.03492782918732307
0,,-2.888817994062265e-05,1008.767578125,,,0.0625,,0.1484375,0.5,1229.2637745520267,1780419523.094476,0.4375,28128.11851501465,,,0,0.0006299997039604932,0.0008275001164292917,0.0003499999365885742,,0.5,,0,,0.015625,0,,,,0,0.0010174999260925688,31.49718409599882,,0,,,-0.0014017409412190318,0,,0.109375,190.13781070709229,241.77276362699922,0.0005424990376923233,1.0,0.015625,266,,0.0,0.06006313305220541,0.6197277307510376,-0.0014017409412190318,0,0.011474609375,0.5625,0,0.0004578701618811465,0.1728515625,0.109375,0.0625,152.1796875,,,3e-06,,,0.0002649994712555781,4,107.04191136699956,,,0.09004122724993864,0,571.007587845088,,0,0.140625,0,379,1,22,96691.191283004,0.21364066199748777,0,67.05268859863281,,0.1968947472050786,,1188810.0,0,0.002902250344050117,241.77276362699922,,51.22567367553711,,,1002,,,,0,,0.109375,0.1728515625,40.973614821999945,0,,0.0,40.28233513236046,,0.021484375,,6353,,78302.29949951172,742,1,379,4096,-0.5,,0.00023010054837868665,,,0.140625,,,0,-0.5,3.3359375,0.5625,89.42440414428711,0,,0,0,0.109375,,,45,,,,,0,203.470703125,62.04389505400104,,0.03446607516928689
0,,-3.465488362053293e-05,1038.90625,,,0.1171875,,0.21875,0.3499999940395355,1131.3342659995033,1780419796.184375,0.5,28217.483520507812,,,0,0.0005975007297820412,0.000997500137600582,0.00025499957700958475,,0.3499999940395355,,0,,0.046875,0,,,,0,0.0012249993233126588,31.586922164999123,,0,,,-0.001023364719003439,0,,0.0703125,190.13781070709229,273.0722557290028,0.0007224998626043089,0.9921875,0.046875,226,,0.0,0.0591372704391637,0.48867571353912354,-0.001023364719003439,0,0.00909423828125,0.5,0,0.0015246029524860205,0.1875,0.0703125,0.1171875,167.875,,,3e-06,,,0.000179999005922582,12,107.4886723510026,,,0.08698296115619628,0,583.9253128724522,,0,0.21875,0,380,1,32,96934.91666852,0.2161030839997693,0,73.72969818115234,,0.22332175285555422,,1235744.0,0,0.003712500983965583,273.0722557290028,,52.258811950683594,,,992,8.94347585899959,,,0,,0.046875,0.1875,61.92213875699963,0,,0.0,39.40372169017792,,0.03125,,6417,,78647.62878417969,812,1,380,4096,-0.4285714328289032,,9.985117821997846e-05,,,0.21875,,,0,-0.4285714328289032,3.2734375,0.5,89.42351531982422,0,,0,0,0.046875,,,30,,,,,0,203.470703125,62.91259378399991,,0.050109196368341366
0,,3.922866696370875e-06,1011.12890625,,,0.109375,,0.1953125,0.3214285671710968,1243.414471491981,1780420039.9096634,0.4609375,27628.293991088867,,,0,0.0005999991117278114,0.0009624991434975527,0.00028500016924226657,,0.3214285671710968,,0,,0.015625,0,,,,0,0.0010124986147275195,31.58425760099999,,0,,,0.0005362028023228049,0,,0.0859375,190.13781070709229,243.7023268970006,0.0006050004230928607,1.0,0.015625,200,,0.0,0.061666109795672275,0.47871193289756775,0.0005362028023228049,0,0.00860595703125,0.5390625,0,0.0006362976128002629,0.173828125,0.0859375,0.109375,172.5546875,,,3e-06,,,0.00017249931261176243,6,106.751842124002,,,0.088072392296956,0,556.6387767858105,,0,0.1640625,0,381,1,26,97177.129032459,0.2177416920021642,0,71.39291381835938,,0.19680724653881043,,1212092.0,0,0.003230000402254518,243.7023268970006,,53.507835388183594,,,998,,,,0,,0.0859375,0.173828125,41.29775034799968,0,,0.0,36.47802025079727,,0.025390625,,6476,,78530.22766113281,760,1,381,4096,-0.5,,0.00021102618597979017,,,0.1640625,,,0,-0.5,3.171875,0.5390625,89.44351577758789,0,,0,0,0.0859375,,,55,,,,,0,203.470703125,63.84884341799989,,0.03407146515941008
0,,-5.9327026747268974e-05,998.8427734375,,,0.1171875,,0.1640625,0.34285715222358704,1211.1162608545583,1780420282.1221569,0.515625,28683.90655517578,,,0,0.0006475002010120079,0.000944998646446038,0.0002425003913231194,,0.34285715222358704,,0,,0.015625,0,,,,0,0.0010824987839441746,31.461916843996732,,0,,,-0.0009662024676799774,0,,0.1171875,190.13781070709229,242.18793808699775,0.0005100018825032748,1.0,0.015625,206,,0.0,0.05987443320932984,0.5588921308517456,-0.0009662024676799774,0,0.010040283203125,0.484375,0,-0.0006538640918734018,0.19921875,0.1171875,0.1171875,146.9296875,,,3e-06,,,0.00018750142771750689,26,107.53078836200075,,,0.0916504271920134,0,547.965623738477,,0,0.1484375,0,382,1,29,97424.794467603,0.18380118099958054,0,67.32583618164062,,0.21667950204573572,,1173271.0,0,0.0030475002859020606,242.18793808699775,,50.671207427978516,,,995,,,,0,,0.1171875,0.19921875,41.768969193002704,0,,0.0,37.859100848436356,,0.0283203125,,6542,,78260.83374023438,732,1,382,4096,-0.5,,0.000346028428793943,,,0.1484375,,,0,-0.5,3.71875,0.484375,89.31570816040039,0,,0,0,0.1171875,,,39,,,,,0,203.470703125,61.240468403000705,,0.035600444563108354
0,,1.5866716694290517e-05,1093.9228515625,,,0.109375,,0.203125,0.3142857253551483,1299.5984336761348,1780420529.7875264,0.4609375,27943.552017211914,,,0,0.0006575019142474048,0.0008474999049212784,0.00034000004234258085,,0.3142857253551483,,0,,0.0078125,0,,,,0,0.0011024994819308631,31.29791725499672,,0,,,-0.003821088932454586,0,,0.0859375,190.13781070709229,247.63514764299907,0.0006625004971283488,1.0,0.0078125,243,,0.0,0.05250242175745505,0.5040214657783508,-0.003821088932454586,0,0.0093994140625,0.5390625,0,0.0009152336933766492,0.1650390625,0.0859375,0.109375,163.2109375,,,3e-06,,,0.00019500021153362468,2,106.24992148100137,,,0.08253671156485942,0,548.5956125694502,,0,0.1796875,0,383,1,47,97671.846617213,0.19912366200151155,0,80.2947998046875,,0.3000585129484534,,1287305.0,0,0.002952500835817773,247.63514764299907,,52.13282775878906,,,977,,,,0,,0.078125,0.1650390625,51.07414971799881,0,,0.0,40.311578661203384,,0.0458984375,,6601,,77717.15545654297,768,1,383,4096,-0.5,,0.00031809080246603116,,,0.1796875,,,0,-0.5,3.421875,0.5390625,89.41879272460938,0,,0,0,0.078125,,,43,,,,,0,203.470703125,58.812005297000724,,0.03967525156664412
0,,6.697266127275725e-05,984.1826171875,,,0.1015625,,0.1953125,0.3285714387893677,1158.5986368957667,1780420776.83966,0.390625,27675.939559936523,,,0,0.0006425007086363621,0.0009450013749301434,0.00022249969333643094,,0.3285714387893677,,0,,0.015625,0,,,,0,0.0009675013643573038,31.669154404000437,,0,,,-0.0010638877283781767,0,,0.0859375,190.13781070709229,247.01802754299933,0.000455000190413557,1.0,0.015625,265,,0.0,0.06465882062962944,0.574299156665802,-0.0010638877283781767,0,0.008270263671875,0.609375,0,0.005146062296262244,0.1494140625,0.0859375,0.1015625,133.765625,,,3e-06,,,0.00017999991541728377,5,107.13009267200323,,,0.09358146216169516,0,526.5325657456124,,0,0.1171875,0,384,1,24,97935.903507374,0.21361258000251837,0,69.18833923339844,,0.2258892636746168,,1144779.0,0,0.0029900011213612743,247.01802754299933,,51.130149841308594,,,1000,,,,0,,0.0703125,0.1494140625,42.839915184002166,0,,0.0,40.913645178079605,,0.0244140625,,6651,,78886.474609375,720,1,384,4096,-0.3499999940395355,,0.00019502055602060864,,,0.1171875,,,0,-0.3499999940395355,3.546875,0.609375,89.36920166015625,0,,0,0,0.0703125,,,41,,,,,0,203.470703125,65.16335340700243,,0.037421996021941496
0,,1.0897447879187894e-05,1067.3212890625,,,0.0859375,,0.2109375,0.4285714328289032,1596.5466830232683,1780425127.4348722,0.453125,20559.29183959961,,,0,0.000624999984211172,0.0021949999791104347,0.00035999994452140527,,0.4285714328289032,,0,,0.0,0,,,,0,0.0012200000583106885,22.382317607999994,,0,,,-0.0011288225650787354,0,,0.109375,190.13781070709229,195.601076574,0.0005600000463346078,1.0,0.0,223,,0.0,0.047989708610835,0.6111161708831787,-0.0011288225650787354,0,0.008758544921875,0.546875,0,0.002211048958997708,0.158203125,0.109375,0.0859375,152.546875,,,3e-06,,,0.00032749994716141373,64,76.95806214899994,,,0.06160858999475637,0,800.8231434026238,,0,0.1875,0,385,1,36,99125.89736251,0.2477551179999864,0,69.69136047363281,,0.26961200637742877,,1249145.0,0,0.003614999968704069,195.601076574,,49.808013916015625,,,988,,,,0,,0.0703125,0.158203125,43.55949921600018,0,,0.0,36.78608313202858,,0.03515625,,301,,55560.882568359375,768,1,385,4096,-0.5,,0.00012683409681812918,,,0.1875,,,0,-0.5,3.59375,0.546875,89.0721206665039,0,,0,0,0.0703125,,,52,,,,,0,204.189453125,52.44972816000018,,0.034871451445588925
0,,-1.3918144901481355e-05,1010.88671875,,,0.0703125,,0.1875,0.3499999940395355,1497.908313316456,1780425329.0140018,0.4296875,21078.433990478516,,,0,0.0005374999432206096,0.0009349999459118408,0.0002625000092848495,,0.3499999940395355,,0,,0.0390625,0,,,,0,0.001404999920850969,22.4225865479998,,0,,,-0.001561516197398305,0,,0.0859375,190.13781070709229,201.48162428699993,0.0008400000410802022,1.0,0.0390625,239,,0.0,0.05285927925668589,0.7557371854782104,-0.001561516197398305,0,0.0086669921875,0.5703125,0,0.002743979202932678,0.1728515625,0.0859375,0.0703125,168.0234375,,,3e-06,,,0.00026750001325126505,76,77.15144547699992,,,0.06390920298226309,0,712.8635955221107,,0,0.1484375,0,386,1,40,99344.954251041,0.22317076200010888,0,69.3637924194336,,0.2469644823577255,,1207204.0,0,0.0036624999211198883,201.48162428699993,,48.98587417602539,,,984,,,,0,,0.0859375,0.1728515625,46.964589711999906,0,,0.0,36.83774918317795,,0.0390625,,356,,55323.055267333984,862,1,386,4096,-0.5,,0.00014835312140348833,,,0.1484375,,,0,-0.5,3.03125,0.5703125,89.02137756347656,0,,0,0,0.0859375,,,47,,,,,0,204.189453125,54.71717720399988,,0.03890360677400001
0,,-5.7765807071064046e-05,1031.197265625,,,0.125,,0.1484375,0.34285715222358704,1382.3837600715747,1780425548.07081,0.4609375,21052.066802978516,,,0,0.0005824999789183494,0.0009400000067216752,0.0003625000317697413,,0.34285715222358704,,0,,0.0078125,0,,,,0,0.0010399999155197293,22.254327998000008,,0,,,-0.0008786536054685712,0,,0.09375,190.13781070709229,219.00177703500003,0.0007175000291681499,0.9921875,0.0078125,246,,0.0,0.0501761842651043,0.7805734872817993,-0.0008786536054685712,0,0.00921630859375,0.5390625,0,0.0014869129736325704,0.171875,0.09375,0.125,151.3984375,,,3e-06,,,0.0003299999775663309,2,76.81370279800012,,,0.06343112987849502,0,708.5615466859163,,0,0.1171875,0,387,1,34,99538.927544092,0.2210810379999657,0,67.81758880615234,,0.2269289834657684,,1210978.0,0,0.003917500180250499,219.00177703500003,,49.63673782348633,,,990,,,,0,,0.1171875,0.171875,66.72645514599981,0,,0.0,36.06640547513962,,0.033203125,,415,,55016.77322387695,633,1,387,4096,-0.5,,0.0001563486766826827,,,0.1171875,,,0,-0.5,3.46875,0.5390625,89.03551864624023,0,,0,0,0.1171875,,,41,,,,,0,204.189453125,52.983341069999824,,0.055101294281151104
0,,3.47283259429787e-05,974.947265625,,,0.109375,,0.1875,0.5,1481.1951243661567,1780425742.0441387,0.4375,20990.198135375977,,,0,0.0006949999828975706,0.001214999997500854,0.0005124999802319508,,0.5,,0,,0.0390625,0,,,,0,0.0009999999974752427,22.153412631000037,,0,,,-0.0017499765381217003,0,,0.109375,190.13781070709229,193.90591777900022,0.0004800001534022158,1.0,0.0390625,246,,0.0,0.05160541080146557,0.6020855903625488,-0.0017499765381217003,0,0.00958251953125,0.5625,0,0.005759131079685176,0.2001953125,0.109375,0.109375,146.9765625,,,3e-06,,,0.00034749996302707586,98,76.77701462200002,,,0.06682945086129609,0,778.0488015005103,,0,0.109375,0,388,1,32,99732.456770637,0.22785395900018557,0,65.68435668945312,,0.27388674789108336,,1148850.0,0,0.0036500000533123966,193.90591777900022,,48.45392608642578,,,992,,,,0,,0.0703125,0.2001953125,43.224686032000136,0,,0.0,34.13592278957367,,0.03125,,471,,54974.34997558594,739,1,388,4096,-0.2928571403026581,,9.708773291094985e-05,,,0.109375,,,0,-0.2928571403026581,3.2421875,0.5625,89.05026245117188,0,,0,0,0.0703125,,,39,,,,,0,204.189453125,51.52005545199995,,0.03762430781390098
0,,0.0001214483024511992,969.5146484375,,,0.140625,,0.1875,0.5,1501.6997454453735,1780425935.5734239,0.515625,20371.131896972656,,,0,0.0006475000873251702,0.0010149998388442327,0.00039999997625272954,,0.5,,0,,0.0390625,0,,,,0,0.002897499598475406,22.267602184000225,,0,,,-0.0013545217225328088,0,,0.09375,190.13781070709229,193.42465155299988,0.0007700000423938036,1.0,0.0390625,243,,0.0,0.051744068392589326,0.5894671678543091,-0.0013545217225328088,0,0.0098876953125,0.484375,0,0.001837321964558214,0.2119140625,0.09375,0.140625,165.1171875,,,3e-06,,,0.00024249993657576852,51,76.05578812800013,,,0.06546020324943658,0,664.4981078255805,,0,0.171875,0,389,1,32,99940.215121951,0.20564761099967654,0,77.80488586425781,,0.20333724387455732,,1161863.0,0,0.004242499926476739,193.42465155299988,,48.53353500366211,,,992,,,,0,,0.0703125,0.2119140625,43.52254298300022,0,,0.0,35.63060611486435,,0.03125,,537,,54984.31396484375,738,1,389,4096,-0.5,,0.00021067002649033384,,,0.171875,,,0,-0.5,3.1484375,0.484375,89.07100296020508,0,,0,0,0.0703125,,,52,,,,,0,204.189453125,51.37063145100001,,0.037459272722343534
0,,9.479291589897798e-06,1027.103515625,,,0.1015625,,0.171875,0.5,1465.563054683967,1780426143.331695,0.453125,21262.508392333984,,,0,0.000587499926041346,0.0010024997436630656,0.0002825000819939305,,0.5,,0,,0.015625,0,,,,0,0.0011475001429062104,22.403743761999976,,0,,,-0.0011102849384769797,0,,0.1015625,190.13781070709229,207.68161357999998,0.0004749999789055437,1.0,0.015625,181,,0.0,0.05073131309032365,0.6921961307525635,-0.0011102849384769797,0,0.011627197265625,0.546875,0,-0.0021987509608152322,0.177734375,0.1015625,0.1015625,161.84375,,,3e-06,,,0.00026500015337660443,20,77.86510456800033,,,0.06395585689808994,0,701.2051686230989,,0,0.125,0,390,1,35,100136.993703804,0.20946233199993003,0,81.63115692138672,,0.2508570032659918,,1217482.0,0,0.0028900003599119373,207.68161357999998,,49.04704666137695,,,989,10.110398028999953,,,0,,0.109375,0.177734375,43.73340245700001,0,,0.0,39.362870156764984,,0.0341796875,,595,,55861.77062988281,663,1,390,4096,-0.5,,0.0002637951729411725,,,0.125,,,0,-0.5,3.5234375,0.546875,89.06459045410156,0,,0,0,0.109375,,,45,,,,,0,204.189453125,53.35686146800026,,0.035921190175296235
0,,-7.310746923394618e-07,982.5234375,,,0.1015625,,0.140625,0.2571428716182709,1461.7582821705298,1780426340.1101992,0.484375,21003.292083740234,,,0,0.0006149999762783409,0.0010324999948352342,0.0005024999154557008,,0.2571428716182709,,0,,0.015625,0,,,,0,0.0011275000133537105,22.042170148999958,,0,,,-0.0008088414906524122,0,,0.1640625,190.13781070709229,196.67820836500005,0.0005425001745607005,1.0,0.015625,230,,0.0,0.054756931050865404,0.6609413623809814,-0.0008088414906524122,0,0.009368896484375,0.515625,0,0.0009640405478421599,0.2255859375,0.1640625,0.1015625,140.5078125,,,3e-06,,,0.00021250002646411303,22,76.61251200600009,,,0.06662050255133993,0,755.9243218454503,,0,0.109375,0,391,1,33,100333.1995826,0.2068535680000423,0,76.07151794433594,,0.22867201187182218,,1149984.0,0,0.00440500025433721,196.67820836500005,,50.63800048828125,,,991,,,,0,,0.09375,0.2255859375,42.722710098000334,0,,0.0,37.44569793343544,,0.0322265625,,657,,54815.61279296875,767,1,391,4096,-0.5,,0.00019059106398344738,,,0.109375,,,0,-0.5,3.4296875,0.515625,89.16665649414062,0,,0,0,0.09375,,,36,,,,,0,204.189453125,55.09116735799989,,0.037150699573211744
0,,-4.099931190282291e-05,1027.67578125,,,0.0859375,,0.203125,0.5,1530.8359094318566,1780426536.3160481,0.421875,21174.997329711914,,,0,0.000620000150775013,0.0009700000873635872,0.0004699999180957093,,0.5,,0,,0.015625,0,,,,0,0.0010699999393182225,22.267952013000013,,0,,,-0.0002821535454131663,0,,0.09375,190.13781070709229,196.14447123299988,0.0006225000106496736,1.0,0.015625,228,,0.0,0.04912429105707295,0.7076017260551453,-0.0002821535454131663,0,0.010528564453125,0.578125,0,0.0014332313076010905,0.1630859375,0.09375,0.0859375,145.234375,,,3e-06,,,0.00032749994716141373,2,77.3020523250002,,,0.06436152425773917,0,810.671143216503,,0,0.15625,0,392,1,44,100529.053927137,0.22082756800000425,0,65.57968139648438,,0.31363399466499686,,1201060.0,0,0.004089999492862262,196.14447123299988,,48.9911003112793,,,980,,,,0,,0.0703125,0.1630859375,44.65541447199985,0,,0.0,37.63492405414581,,0.04296875,,711,,55278.42712402344,674,1,392,4096,-0.5,,0.00012665721578741795,,,0.15625,,,0,-0.5,3.5546875,0.578125,89.14399337768555,0,,0,0,0.0703125,,,37,,,,,0,204.189453125,51.695456451000155,,0.03718000305729926
0,,-0.000115748468076049,1000.8916015625,,,0.1328125,,0.296875,0.3571428656578064,1532.5465018247714,1780426732.170413,0.4765625,21187.60108947754,,,0,0.0006775001111236634,0.001152500090029207,0.0004400000079840538,,0.3571428656578064,,0,,0.0390625,0,,,,0,0.0010299999075868982,22.486283688000185,,0,,,-0.0020027204882353544,0,,0.0703125,190.13781070709229,195.80498839200027,0.0005474998943100218,1.0,0.0390625,189,,0.0,0.051332531675371475,0.5287528038024902,-0.0020027204882353544,0,0.009552001953125,0.5234375,0,0.00183228068635799,0.1884765625,0.0703125,0.1328125,171.296875,,,3e-06,,,0.00023249992864293745,4,77.60370009000007,,,0.06465245554314226,0,780.6116950686264,,0,0.140625,0,393,1,46,100722.72532756,0.23030900399999155,0,71.44709014892578,,0.2704597427509725,,1200321.0,0,0.0036300000374467345,195.80498839200027,,49.46074676513672,,,978,,,,0,,0.09375,0.1884765625,42.87077027700025,0,,0.0,38.155607879161835,,0.044921875,,772,,55597.05352783203,750,1,393,4096,-0.5,,7.827088211342925e-05,,,0.140625,,,0,-0.5,2.9375,0.5234375,89.12290573120117,0,,0,0,0.09375,,,44,,,,,0,204.189453125,52.611379037000006,,0.03571608784400194
0,,7.79974487841173e-06,1004.810546875,,,0.125,,0.1953125,0.3499999940395355,1529.7552457645747,1780426925.8418803,0.5,21204.452514648438,,,0,0.0006499999471998308,0.000940000063565094,0.00035999994452140527,,0.3499999940395355,,0,,0.015625,0,,,,0,0.0011550000635907054,22.11617480799987,,0,,,-0.0009045870392583311,0,,0.109375,190.13781070709229,193.63718530799997,0.0006725001640006667,1.0,0.015625,235,,0.0,0.04995612254331196,0.5765917301177979,-0.0009045870392583311,0,0.01123046875,0.5,0,0.0004080153812537901,0.193359375,0.109375,0.125,152.2890625,,,3e-06,,,0.0002524999445085996,2,77.20947962700029,,,0.06516282767476625,0,802.6389829960826,,0,0.1640625,0,394,1,35,100921.00910267,0.2073155649995897,0,74.85293579101562,,0.2601495070848614,,1184870.0,0,0.0037574995985778514,193.63718530799997,,48.81184768676758,,,989,,,,0,,0.0859375,0.193359375,42.70037531900016,0,,0.0,36.12364083528519,,0.0341796875,,836,,55165.99655151367,631,1,394,4096,-0.4285714328289032,,0.0001340590683867049,,,0.1640625,,,0,-0.4285714328289032,3.4921875,0.5,89.12237548828125,0,,0,0,0.0859375,,,48,,,,,0,204.189453125,51.401153343999795,,0.03603802553782285
0,,2.8643457390842286e-05,1063.9775390625,,,0.1640625,,0.1875,0.3857142925262451,1586.3969186872657,1780427124.1256676,0.484375,21245.96405029297,,,0,0.0006550001216965029,0.0009675000001152512,0.0003950001428165706,,0.3857142925262451,,0,,0.03125,0,,,,0,0.001349999934063817,22.39780433399983,,0,,,-0.003871204797178507,0,,0.0546875,190.13781070709229,198.2544508850001,0.0007124999683583155,1.0,0.03125,257,,0.0,0.04859306863525261,0.5619254112243652,-0.003871204797178507,0,0.00994873046875,0.515625,0,0.003752369280846324,0.1787109375,0.0546875,0.1640625,164.578125,,,3e-06,,,0.00026750001325126505,2,77.69302493699979,,,0.06175714856431531,0,761.1842538253695,,0,0.15625,0,395,1,46,101120.886702449,0.24013784299995677,0,85.03443908691406,,0.24210674746427685,,1258041.0,0,0.0039474998629884794,198.2544508850001,,49.93596649169922,,,978,,,,0,,0.078125,0.1787109375,44.97791290799978,0,,0.0,36.54404729604721,,0.044921875,,898,,55649.08218383789,736,1,395,4096,-0.4285714328289032,,0.00022321312826534268,,,0.15625,,,0,-0.4285714328289032,3.375,0.515625,89.10165405273438,0,,0,0,0.078125,,,38,,,,,0,204.189453125,52.942779987999984,,0.03575234265655872
0,,6.748716825200063e-05,1083.4853515625,,,0.0703125,,0.234375,0.5,1623.2043899399484,1780427324.0032082,0.3984375,20728.572845458984,,,0,0.0006050000820323476,0.0009699999736767495,0.0004450001824807259,,0.5,,0,,0.0078125,0,,,,0,0.001152500090029207,22.524351897000088,,0,,,-0.0003180229978170246,0,,0.125,190.13781070709229,199.86284660799993,0.0005724999709855183,1.0,0.0078125,206,,0.0,0.04922037547465551,0.6248026490211487,-0.0003180229978170246,0,0.0103759765625,0.6015625,0,-0.00022077075118431832,0.16015625,0.125,0.0703125,183.7734375,,,3e-06,,,0.0001800000291041215,42,77.57265577899989,,,0.05977827679161075,0,795.544236618749,,0,0.109375,0,396,1,44,101316.06657693,0.2495602429999053,0,80.31523132324219,,0.23118199896998703,,1297673.0,0,0.0038749999475840013,199.86284660799993,,50.726531982421875,,,980,,,,0,,0.0859375,0.16015625,44.90447261899999,0,,0.0078125,35.53573787212372,,0.04296875,,949,,56012.76397705078,1024,1,396,4096,-0.5,,0.00018409478798275813,,,0.109375,,,0,-0.5,3.1953125,0.6015625,89.10642623901367,0,,0,0,0.0859375,,,49,,,,,0,204.189453125,54.609465165000074,,0.034603842893394555
0,,2.5910077098956208e-05,993.419921875,,,0.078125,,0.1953125,0.4285714328289032,1512.3163906822535,1780427519.1831744,0.46875,21617.189407348633,,,0,0.0007375000450338121,0.0010224999869024032,0.00038749999475840013,,0.4285714328289032,,0,,0.015625,0,,,,0,0.0013174999367038254,22.27918551699986,,0,,,-0.0003077446890529245,0,,0.1328125,190.13781070709229,195.06599400599998,0.00046000013753655367,1.0,0.015625,236,,0.0,0.05121376501137373,0.6909325122833252,-0.0003077446890529245,0,0.009368896484375,0.53125,0,-0.0005838070283061825,0.189453125,0.1328125,0.078125,158.9296875,,,3e-06,,,0.00021750008727394743,2,77.49391902900015,,,0.06567247880858246,0,689.9536541812995,,0,0.140625,0,397,1,38,101537.154711387,0.2127356430000873,0,74.8696517944336,,0.24718476925045252,,1180006.0,0,0.003117500000371365,195.06599400599998,,48.91474914550781,,,986,,,,0,,0.1015625,0.189453125,42.97975327899985,0,,0.0078125,36.478035151958466,,0.037109375,,1009,,55150.04348754883,1024,1,397,4096,-0.5,,7.106408861545788e-05,,,0.140625,,,0,-0.5,3.3515625,0.53125,89.05305099487305,0,,0,0,0.1015625,,,38,,,,,0,204.189453125,52.09781702300006,,0.03642333452457009
0,,5.399310762221887e-05,1089.8193359375,,,0.0703125,,0.2578125,0.34285715222358704,1450.597448649136,1780427740.2712896,0.4140625,21323.29750061035,,,0,0.0006200000370881753,0.000922500134947768,0.00036500000533123966,,0.34285715222358704,,0,,0.03125,0,,,,0,0.0010275000477122376,22.455390480999995,,0,,,-0.0001217193275806494,0,,0.0703125,190.13781070709229,221.06184613699997,0.0005625001904263627,0.9921875,0.03125,255,,0.0,0.047981630182575744,0.7738717794418335,-0.0001217193275806494,0,0.00830078125,0.5859375,0,0.00029628352785948664,0.158203125,0.0703125,0.0703125,162.8046875,,,3e-06,,,0.0001699999074844527,3,77.99471867400007,,,0.06080572943672156,0,700.1427934248786,,0,0.1484375,0,398,1,44,101732.940866194,0.22062712299975829,0,74.54747009277344,,0.23420725483447313,,1282687.0,0,0.0032849998206074815,221.06184613699997,,50.35498046875,,,980,,,,0,,0.09375,0.158203125,66.8421549310001,0,,0.0,36.386799067258835,,0.04296875,,1062,,55934.65042114258,813,1,398,4096,-0.5,,5.486710597324418e-05,,,0.1484375,,,0,-0.5,3.140625,0.5859375,89.12244415283203,0,,0,0,0.09375,,,47,,,,,0,204.189453125,53.54629974299996,,0.05211104106535741
0,,-8.034443322202378e-05,995.841796875,,,0.0703125,,0.15625,0.5,1494.4680180080477,1780427936.0573854,0.4453125,20907.5984954834,,,0,0.0006375003067660145,0.0010275000477122376,0.0003749994448298821,,0.5,,0,,0.015625,0,,,,0,0.0012375001006148523,21.987220351999895,,0,,,-0.001243402948603034,0,,0.1015625,190.13781070709229,195.74155918699944,0.000624999984211172,1.0,0.015625,232,,0.0,0.051507352977517656,0.605846643447876,-0.001243402948603034,0,0.00994873046875,0.5546875,0,-0.0015768931989441626,0.16015625,0.1015625,0.0703125,146.8515625,,,3e-06,,,0.00025000008463393897,97,76.2772516140003,,,0.06518765766700478,0,716.6217102021328,,0,0.1875,0,399,1,32,102015.057819784,0.21191332499984128,0,71.34690856933594,,0.25917176390066743,,1170118.0,0,0.0046949999159551226,195.74155918699944,,48.710044860839844,,,992,,,,0,,0.0703125,0.16015625,44.7382419709993,0,,0.0,37.883780896663666,,0.03125,,1119,,54614.8796081543,720,1,399,4096,-0.5,,0.00028118827094658627,,,0.1875,,,0,-0.5,3.3515625,0.5546875,89.11863708496094,0,,0,0,0.0703125,,,47,,,,,0,204.189453125,52.52421113999981,,0.038233957576072924
0,0.0,3.986780086506769e-06,1016.6494140625,0.10714285714285714,0.21185510428100987,0.09375,0.0,0.1328125,0.4285714328289032,1026.9493984248907,1780428228.461168,0.3671875,20451.974868774414,0.9,0.0,0,0.0006349998784571653,0.0009499997304374119,0.0002750000476225978,0.0,0.4285714328289032,0.0,0,0.0,0.0390625,0,0.0,0.0,0.7841796875,1,0.001160000010713702,22.226745725,0.0,0,0.0,0.0,-0.002012990415096283,0,0.0,0.0859375,190.13781070709229,290.97855304099994,0.0006450000000768341,1.0,0.0390625,220,"{'size': 14966, '_latest_artifact_path': 'wandb-client-artifact://1b4rmtxyuq9nr7mrl7j2eg066zrwfqpbxt5qihi44hwsz1qmp6gvd81ei6cgrkppm1pvi7s6ykd2uc2rqvg48xsnck4sxbdoieye7hfwgz2upvnirdv66jyedvb4c0et:latest/val/generations.table.json', 'artifact_path': 'wandb-client-artifact://r9prhefgqfh3nlfd6feing7c40o1gkblui7edpafov74b1nmlqyn3zwk1jnxhff699tg3ndtszuc1u8huepzo52ovp2gx6yuoe9ugxxzlnnd57dw41i5sqn4fsvzub1y/val/generations.table.json', '_type': 'table-file', 'nrows': 1, 'log_mode': 'IMMUTABLE', 'ncols': 13, 'path': 'media/table/val/generations_399_c56125dfc469716d7d6c.table.json', 'sha256': 'c56125dfc469716d7d6cee82a314fa04df205fcdedbf64edcf149f639029b48e'}",0.0,0.052391112190684895,0.6789237856864929,-0.002012990415096283,0,0.00921630859375,0.6328125,0,0.0013594787596957758,0.1669921875,0.0859375,0.09375,150.6171875,0.20873269435569755,0.2125237191650854,3e-06,0.0,0.0,0.0002200001745222835,2,76.18628101799914,0.1,0.0,0.06373922200553606,0,764.9223434250598,0.2158203125,0,0.078125,0,400,1,34,102025.369112394,0.22069218399974488,0,75.18561553955078,0.0,0.23724700440652668,0.0,1195281.0,0,0.0039024998841341585,290.97855304099994,0.0,49.40177917480469,0.0,0.0,990,10.22680594799931,0.0,0.7874762808349146,0,1024.0,0.0703125,0.1669921875,46.45984141200006,0,0.0,0.0078125,35.728126764297485,0.0,0.033203125,0.0,1166,1054.0,54933.41064453125,1024,1,400,4096,-0.4285714328289032,0.0,0.00017644627587287687,0.0,0.0,0.078125,0.0,0.2158203125,0,-0.4285714328289032,3.671875,0.6328125,90.33831405639648,0,0.1,0,0,0.0703125,81.112353816,0.0,45,0.0,0.0,0.0,0.0,0,204.189453125,54.541714955000316,30.0,0.03886938837980363
