timing_distributed_ms/rpc_coordination,timing_distributed_ms/sharding_preprocess,"train_all_datasets_binning/fraction_of_prompts_in_(0.00390625, 0.0078125]",_step,"validation_all_datasets_binning/fraction_of_prompts_in_(0, 0.0009765625]",train/judge_parse_ok_rate,timing_per_token_ms/update_actor,"validation_binning_for_dataset_polaris/fraction_of_prompts_in_[0.0, 0.0]",train/pass_at_8,"validation_binning_for_dataset_aime25/fraction_of_prompts_in_[1.0, 1.0]","validation_binning_for_dataset_aime25/fraction_of_prompts_in_(0.25, 0.5]","validation_binning_for_dataset_aime25/fraction_of_prompts_in_(0.015625, 0.03125]","train_all_datasets_binning/fraction_of_prompts_in_(0.015625, 0.03125]","validation_binning_for_dataset_polaris/fraction_of_prompts_in_(0, 0.0009765625]",validation_majority_vote_accuracy/global/majority@1,val/generations,actor/lr,actor/pg_loss,timing_per_token_ms/gen,timing_s/testing,"train_binning_for_dataset_polaris/fraction_of_prompts_in_(0.0078125, 0.015625]","validation_binning_for_dataset_polaris/fraction_of_prompts_in_(0.125, 0.25]","train_all_datasets_binning/fraction_of_prompts_in_(0.25, 0.5]","validation_all_datasets_binning/fraction_of_prompts_in_[1.0, 1.0]",perf/cpu_memory_used_gb,"validation_binning_for_dataset_polaris/fraction_of_prompts_in_(0.001953125, 0.00390625]",critic/returns/mean,train/distinct_clusters_mean,"validation_all_datasets_binning/fraction_of_prompts_in_(0.0078125, 0.015625]",prompt_length/min,"train_binning_for_dataset_polaris/fraction_of_prompts_in_(0.0625, 0.125]",timing_s/step,"validation_all_datasets_binning/fraction_of_prompts_in_(0.125, 0.25]",timing_s/gen,validation_num_examples/aime25,critic/returns/max,response_length/max,"validation_binning_for_dataset_aime25/fraction_of_prompts_in_(0.125, 0.25]",actor/ppo_kl,"validation_all_datasets_binning/fraction_of_prompts_in_(0.5, 1.0)",timing_s/save_checkpoint,mean_accuracies/polaris/reward/mean@1,"train_all_datasets_binning/fraction_of_prompts_in_(0.0625, 0.125]",timing_s/adv,validation_num_examples/all,"train_binning_for_dataset_polaris/fraction_of_prompts_in_(0.00390625, 0.0078125]",timing_distributed_ms/sharding_postprocess,response_length/clip_ratio,timing_distributed_ms/data_to_cpu,"validation_binning_for_dataset_aime25/fraction_of_prompts_in_(0.0078125, 0.015625]","train_binning_for_dataset_polaris/fraction_of_prompts_in_[0.0, 0.0]",critic/advantages/mean,critic/advantages/max,critic/score/mean,timing_distributed_ms/offload_optimizer_to_cpu,train/finish_length,perf/throughput,training/epoch,timing_distributed_ms/backward,timing_distributed_ms/output_to_cpu,perf/total_num_tokens,training/global_step,"train_all_datasets_binning/fraction_of_prompts_in_(0.001953125, 0.00390625]","validation_binning_for_dataset_aime25/fraction_of_prompts_in_(0.0009765625, 0.001953125]",timing_s/update_actor,actor/pg_clipfrac_lower,timing_per_token_ms/adv,"validation_binning_for_dataset_polaris/fraction_of_prompts_in_[1.0, 1.0]",actor/pg_clipfrac,"train_all_datasets_binning/fraction_of_prompts_in_(0.0009765625, 0.001953125]","validation_binning_for_dataset_polaris/fraction_of_prompts_in_(0.015625, 0.03125]","train_all_datasets_binning/fraction_of_prompts_in_(0.125, 0.25]","train_all_datasets_binning/fraction_of_prompts_in_[1.0, 1.0]",validation_majority_vote_accuracy/polaris/majority@1,perf/mfu/actor,timing_distributed_ms/offload_model_to_cpu,train/judge_overflow_skipped,response_length/mean,timing_distributed_ms/optimizer_step,timing_s/old_log_prob,"train_all_datasets_binning/fraction_of_prompts_in_[0.0, 0.0]",perf/max_memory_reserved_gb,"validation_binning_for_dataset_aime25/fraction_of_prompts_in_(0.5, 1.0)","validation_binning_for_dataset_polaris/fraction_of_prompts_in_(0.25, 0.5]","validation_all_datasets_binning/fraction_of_prompts_in_(0.001953125, 0.00390625]",timing_s/generate_sequences,"validation_binning_for_dataset_polaris/fraction_of_prompts_in_(0.03125, 0.0625]",timing_distributed_ms/load_model_to_gpu,actor/entropy_coeff,validation_num_examples/polaris,"validation_all_datasets_binning/fraction_of_prompts_in_(0.03125, 0.0625]",_timestamp,timing_s/reward,"train_binning_for_dataset_polaris/fraction_of_prompts_in_(0.5, 1.0)","validation_all_datasets_binning/fraction_of_prompts_in_(0.00390625, 0.0078125]","train_binning_for_dataset_polaris/fraction_of_prompts_in_(0.001953125, 0.00390625]",train/fraction_filtered,critic/score/max,critic/rewards/min,response_length/min,"validation_binning_for_dataset_aime25/fraction_of_prompts_in_(0.03125, 0.0625]",perf/time_per_step,"validation_binning_for_dataset_polaris/fraction_of_prompts_in_(0.0078125, 0.015625]",train/degenerate_rollouts,"train_binning_for_dataset_polaris/fraction_of_prompts_in_(0.015625, 0.03125]",validation_majority_vote_accuracy/aime25/majority@1,critic/rewards/mean,"validation_binning_for_dataset_polaris/fraction_of_prompts_in_(0.5, 1.0)","train_all_datasets_binning/fraction_of_prompts_in_(0.5, 1.0)",train/prompts_unlocked,"train_binning_for_dataset_polaris/fraction_of_prompts_in_(0.125, 0.25]","validation_binning_for_dataset_aime25/fraction_of_prompts_in_(0.001953125, 0.00390625]","validation_all_datasets_binning/fraction_of_prompts_in_[0.0, 0.0]","validation_all_datasets_binning/fraction_of_prompts_in_(0.0009765625, 0.001953125]",perf/max_memory_allocated_gb,"train_binning_for_dataset_polaris/fraction_of_prompts_in_(0, 0.0009765625]","validation_binning_for_dataset_aime25/fraction_of_prompts_in_(0, 0.0009765625]",prompt_length/mean,prompt_length/max,"train_all_datasets_binning/fraction_of_prompts_in_(0.03125, 0.0625]","validation_all_datasets_binning/fraction_of_prompts_in_(0.0625, 0.125]","validation_binning_for_dataset_polaris/fraction_of_prompts_in_(0.00390625, 0.0078125]","validation_all_datasets_binning/fraction_of_prompts_in_(0.25, 0.5]",timing_distributed_ms/load_optimizer_to_gpu,_runtime,timing_distributed_ms/forward,"validation_binning_for_dataset_aime25/fraction_of_prompts_in_(0.00390625, 0.0078125]","validation_all_datasets_binning/fraction_of_prompts_in_(0.015625, 0.03125]","train_all_datasets_binning/fraction_of_prompts_in_(0, 0.0009765625]",train/finish_stop,critic/returns/min,"train_binning_for_dataset_polaris/fraction_of_prompts_in_(0.0009765625, 0.001953125]",actor/entropy,prompt_length/clip_ratio,mean_accuracies/aime25/reward/mean@1,"train_binning_for_dataset_polaris/fraction_of_prompts_in_(0.25, 0.5]",critic/rewards/max,"train_binning_for_dataset_polaris/fraction_of_prompts_in_(0.03125, 0.0625]","validation_binning_for_dataset_aime25/fraction_of_prompts_in_(0.0625, 0.125]","validation_binning_for_dataset_aime25/fraction_of_prompts_in_[0.0, 0.0]","validation_binning_for_dataset_polaris/fraction_of_prompts_in_(0.0625, 0.125]","validation_binning_for_dataset_polaris/fraction_of_prompts_in_(0.0009765625, 0.001953125]",critic/score/min,"train_binning_for_dataset_polaris/fraction_of_prompts_in_[1.0, 1.0]",train/finish_eos,timing_s/reshard,critic/advantages/min,actor/grad_norm,"train_all_datasets_binning/fraction_of_prompts_in_(0.0078125, 0.015625]"
760.2949412924936,0.001349999934063817,0,1,,1.0,0.06346013631620172,,0.375,,,,0,,,,3e-06,-0.0008680387363710906,0.0487530865601809,,0,,0.0625,,87.84077835083008,,-0.0002636915887705982,2.890625,,40,0.1953125,283.05232416999996,,53.24641478299998,,0.125,4096,,-4.2243882887760265e-05,,,,0.1953125,127.46002185099996,,0,0.007374999768217094,0.0576171875,0.2739515039138496,,0.625,-0.0002636915887705982,0.125,0.1025390625,0.0008524999657311128,59,1092.6504521978397,0,56406.90612792969,0.001874999952633516,1237109.0,1,0,,78.50710577799998,0.0,0.10303055094660209,,0.00020849952124990523,0,,0.0703125,0.0078125,,0,0.0012749999314110028,0,1066.5673828125,79.24284040927887,23.623342632000004,0.625,199.638671875,,,,49.06787109375,,0.0017749998733052053,0,,,1780300367.5783985,0.21159673500000054,0.0390625,,0,0.1875,1,0,2,,283.05232416999996,,397,0,,0.1025390625,,0.0390625,48,0.0703125,,,,186.38323879241943,0,,141.546875,720,0,,,,0.0012524999419838423,508.866887937,21260.372161865234,,,0,0,-0.1116071417927742,0,243.3836669921875,0.0,,0.0625,1,0,,,,,0,0.0078125,965,0.4531589448451996,-0.1116071417927742,0.00301361083984375,0
680.0199365417357,0.0016825000557219028,0,2,,1.0,0.060246631141584975,,0.3984375,,,,0,,,,3e-06,0.00012119383245590143,0.0483816094247934,,0,,0.0703125,,88.37882995605469,,-0.0005104202427901328,2.6875,,48,0.203125,224.82880989800003,,54.60953209799993,,0.1116071417927742,4096,,0.00011417672635616327,,,,0.203125,70.36853849900001,,0,0.0057100000958598685,0.0517578125,0.2643717743922025,,0.6015625,-0.0005104202427901328,0.1116071417927742,0.1123046875,0.0009775000080480822,53,1427.7674206683398,0,56008.0451965332,0.0017075001323973993,1284013.0,2,0,,77.35745759199995,0.0,0.05480360284436374,,0.0001304579868701694,0,,0.078125,0.0078125,,0,0.0010925000424322207,0,1102.2705078125,36.56415641307831,22.271240046000003,0.6015625,204.46484375,,,,49.9400520324707,,0.0008399999842367833,0,,,1780300592.433651,0.21960342400006994,0.0390625,,0,0.15625,1,0,2,,224.82880989800003,,353,0,,0.1123046875,,0.0390625,99,0.078125,,,,190.13741540908813,0,,151.6484375,694,0,,,,0.0007274999234141433,729.88032575,20632.551193237305,,,0,0,-0.05000000074505806,0,204.3689727783203,0.0,,0.0703125,1,0,,,,,0,0.0078125,971,0.42973875999450684,-0.05000000074505806,0.0023651123046875,0
546.3565427853173,0.0011150000318593811,0,3,,0.984375,0.06012536055274427,,0.421875,,,,0,,,,3e-06,0.00031056445186550263,0.04677160587000251,,0,,0.0859375,,88.43639373779297,,-0.0006352194468490779,2.6171875,,51,0.1875,220.992165764,,53.10766177400001,,0.1160714253783226,4096,,3.7513043508852206e-05,,,,0.1875,67.94001543800005,,0,0.0050399999054207,0.0537109375,0.23067225993145257,,0.578125,-0.0006352194468490779,0.1160714253783226,0.130859375,0.00024999997094710125,55,1456.7077474763655,0,56106.01043701172,0.001314999963142327,1287684.0,3,0,,77.42246477799995,0.0,0.05276140375899681,,0.00030619540530096856,0,,0.078125,0.0,,0,0.0005274999921311974,0,1108.85546875,36.171626299619675,22.308181551000075,0.578125,204.46484375,,,,50.00532913208008,,0.0004949999947712058,0,,,1780300813.447031,0.21177835000003142,0.0703125,,0,0.1640625,1,0,2,,220.992165764,,376,0,,0.130859375,,0.0703125,153,0.078125,,,,190.13741540908813,0,,148.6484375,759,0,,,,0.0003099999617006688,945.13230686,20733.686447143555,,,0,0,-0.06428571790456772,0,247.94264221191406,0.0,,0.0859375,1,0,,,,,0,0.0,969,0.397183358669281,-0.06428571790456772,0.00354766845703125,0
560.5527243085962,0.001372500037177815,0,4,,1.0,0.05705883386697352,,0.390625,,,,0,,,,3e-06,0.0003878904099110514,0.045957841659085855,,0,,0.109375,,88.56331634521484,,-0.0010565349366515875,2.9765625,,45,0.1328125,215.22888583300005,,55.42134253999984,,0.125,4096,,8.014132556777298e-05,,,,0.1328125,58.91575951699997,,0,0.004479999915929511,0.0654296875,0.2480117545928806,,0.609375,-0.0010565349366515875,0.125,0.1201171875,0.00018750000663203537,67,1591.50222180577,0,56253.02505493164,0.0011950000953220297,1370149.0,4,0,,78.17910416399991,0.0,0.04299952743606715,,0.0003081045315411757,0,,0.109375,0.0,,0,0.0005050000027040369,0,1177.6533203125,36.49241477251053,22.487129328000037,0.609375,205.0,,,,51.893455505371094,,0.0005475000079968595,0,,,1780301028.6990154,0.2233883199999127,0.0390625,,0,0.140625,1,0,1,,215.22888583300005,,358,0,,0.1201171875,,0.0390625,203,0.109375,,,,190.13741540908813,0,,160.3828125,845,0,,,,0.00035750008464674465,1151.678925831,21328.777313232422,,,0,0,-0.15000000596046448,0,253.12591552734375,0.0,,0.109375,1,0,,,,,0,0.0,957,0.4561965763568878,-0.15000000596046448,0.003936767578125,0
572.5785779074649,0.0010250000741507392,0,5,,1.0,0.06000456010283648,,0.390625,,,,0,,,,3e-06,-0.000669575369101949,0.0509385675665568,,0,,0.1015625,,88.57128143310547,,-0.0002509230107534677,2.6171875,,43,0.1484375,206.52152866899996,,57.209105233999935,,0.1116071417927742,4096,,-8.41972932175139e-06,,,,0.1484375,48.81536434999998,,0,0.0033275000532739796,0.0546875,0.2689417451620102,,0.609375,-0.0002509230107534677,0.1116071417927742,0.125,0.0002875000291169272,56,1569.3618098259326,0,56437.50762939453,0.00110500002392655,1296428.0,5,0,,77.79159184500008,0.0,0.03765374116418342,,0.0001463370638248307,0,,0.078125,0.015625,,0,0.0004574999366013799,0,1096.77734375,37.72211819887161,22.478194003999988,0.609375,205.0,,,,51.051788330078125,,0.0005624999630526872,0,,,1780301235.245457,0.22469392900006824,0.046875,,0,0.1953125,1,0,2,,206.52152866899996,,350,0,,0.125,,0.046875,253,0.078125,,,,190.13741540908813,0,,169.265625,756,0,,,,0.00042750008333314327,1385.398112293,20743.507385253906,,,0,0,-0.09375,0,223.35325622558594,0.0,,0.1015625,1,0,,,,,0,0.015625,968,0.5323774814605713,-0.09375,0.0028533935546875,0
577.7326123564417,0.0010324999948352342,0,6,,1.0,0.061666648877090856,,0.359375,,,,0,,,,3e-06,-0.0005661428294843063,0.047597472616414144,,0,,0.1015625,,88.56881332397461,,-0.00041346257785335183,2.7421875,,39,0.1484375,233.69587790800006,,52.092244747999985,,0.1071428582072258,4096,,6.239305077393453e-05,,,,0.1484375,82.29957805200002,,0,0.0037975000850565266,0.0439453125,0.2333197626285255,,0.640625,-0.00041346257785335183,0.1071428582072258,0.10546875,0.0003500000502754119,45,1335.5060123177118,0,55323.92883300781,0.0010449999763295637,1248409.0,6,0,,76.98519945800012,0.0,0.06592356996144694,,0.0002314939874850097,0,,0.078125,0.0,,0,0.0005274999921311974,0,1068.7822265625,36.984510719776154,22.105516270999942,0.640625,205.0,,,,49.7243766784668,,0.0006875000622130756,0,,,1780301468.9647264,0.21140291500000785,0.03125,,0,0.171875,1,0,2,,233.69587790800006,,347,0,,0.10546875,,0.03125,299,0.078125,,,,190.13741540908813,0,,150.3671875,595,0,,,,0.0004099999841855606,1652.124809059,21046.31233215332,,,0,0,-0.0625,0,195.25376892089844,0.0,,0.1015625,1,0,,,,,0,0.0,979,0.4074796438217163,-0.0625,0.00312042236328125,0
581.16512134613,0.0009349999459118408,0,7,,1.0,0.05937331944505585,,0.4453125,,,,0,,,,3e-06,0.000490594331495231,0.04758484656412698,,0,,0.140625,,88.54827499389648,,-0.00022353552049025893,2.8984375,,51,0.1953125,266.70223580900006,,53.11044653199997,,0.0982142835855484,4096,,6.47390567110051e-05,,,,0.1953125,114.4470170059999,,0,0.0038574999052798375,0.0341796875,0.24592175032012165,,0.5546875,-0.00022353552049025893,0.0982142835855484,0.1376953125,0.00022500000795844244,35,1213.9465161134372,0,55191.70379638672,0.0013274999446366564,1295049.0,7,0,,76.89135797400013,0.0,0.08837273107504032,,0.0003263631424488267,0,,0.0625,0.0078125,,0,0.0005675000238625216,0,1089.9619140625,35.059522837400436,22.038249941000004,0.5546875,205.0,,,,50.3143310546875,,0.0006225000106496736,0,,,1780301735.6914024,0.21343742599992765,0.0390625,,0,0.171875,1,0,2,,266.70223580900006,,362,0,,0.1376953125,,0.0390625,356,0.0625,,,,190.13741540908813,0,,174.734375,604,0,,,,0.00041750001855689334,1856.137400309,21083.175659179688,,,0,0,-0.125,0,206.05288696289062,0.0,,0.140625,1,0,,,,,0,0.0078125,989,0.42025962471961975,-0.125,0.0029754638671875,0
577.1132495687052,0.0009624999393054168,0,8,,1.0,0.06239279103087104,,0.34375,,,,0,,,,3e-06,-0.0006755560425517615,0.04929890338338605,,0,,0.0703125,,88.54915237426758,,-0.0002833668841049075,2.8671875,,42,0.140625,203.99065235999979,,53.13416087099995,,0.125,4096,,6.548967121489113e-05,,,,0.140625,51.320657525000115,,0,0.0038449998100986704,0.0439453125,0.2731870044954121,,0.65625,-0.0002833668841049075,0.125,0.1103515625,0.00021500000002561137,45,1515.3978695771661,0,55563.18664550781,0.0012524999419838423,1236508.0,8,0,,77.14918525200028,0.0,0.04150450908930643,,0.00011894162435055478,0,,0.078125,0.0,,0,0.0005850000661666854,0,1052.53515625,37.08282485604286,22.175702436999927,0.65625,205.0,,,,49.557762145996094,,0.0006849999181213207,0,,,1780301939.7041206,0.20884816400030104,0.0546875,,0,0.1328125,1,0,2,,203.99065235999979,,383,0,,0.1103515625,,0.0546875,400,0.078125,,,,190.13741540908813,0,,154.9921875,723,0,,,,0.00042250007936672773,2056.686008453,20971.521377563477,,,0,0,-0.0803571417927742,0,193.96417236328125,0.0,,0.0703125,1,0,,,,,0,0.0,979,0.4153875708580017,-0.0803571417927742,0.00272369384765625,0
569.9114825939614,0.000954999904934084,0,9,,1.0,0.0636606027045315,,0.4609375,,,,0,,,,3e-06,0.0009760803859535372,0.04883488089742319,,0,,0.109375,,88.59167861938477,,-0.0010144797852262855,2.875,,41,0.171875,200.50246774300012,,51.58057324099991,,0.125,4096,,5.169394557924534e-05,,,,0.171875,49.28752279799983,,0,0.0033250000797124812,0.0517578125,0.25397949502803385,,0.5390625,-0.0010144797852262855,0.125,0.1455078125,0.00021250002646411303,53,1514.664649361167,0,55516.52908325195,0.0010749997727543814,1214776.0,9,0,,77.33337231099995,0.0,0.0405733425734455,,0.0002242827044938167,0,,0.109375,0.0,,0,0.0005550000423681922,0,1031.46875,36.50948405265808,22.08724237100023,0.5390625,205.0,,,,49.05345916748047,,0.000562500076739525,0,,,1780302140.2526839,0.21128577400031645,0.0703125,,0,0.1015625,1,0,2,,200.50246774300012,,346,0,,0.1455078125,,0.0703125,459,0.109375,,,,190.13741540908813,0,,154.8359375,707,0,,,,0.00038749999475840013,2306.629650544,21210.161209106445,,,0,0,-0.12321428209543228,0,164.10911560058594,0.0,,0.109375,1,0,,,,,0,0.0,971,0.44168075919151306,-0.12321428209543228,0.00374603271484375,0
565.8127454259811,0.0008922501137931249,0,10,,1.0,0.060948110731220875,,0.5,,,,0,,,,3e-06,0.0016374514079871005,0.04891043669530594,,0,,0.140625,,88.63233184814453,,-0.0013013356365263462,3.1484375,,39,0.1875,249.91990403399996,,54.62728417800008,,0.125,4096,,4.996176841132183e-07,,8.093357518000175,,0.1875,86.55014234800001,,0,0.003510000169626437,0.052734375,0.2541645080782473,,0.5,-0.0013013356365263462,0.125,0.1513671875,0.00020749996565427864,54,1281.7746599183222,0,56282.63473510742,0.0011100000847363845,1281364.0,10,0,,78.09671495900011,0.0,0.06754532072697532,,0.00020606735097317141,0,,0.125,0.0078125,,0,0.0006400001666406752,0,1090.70703125,37.14470565319061,22.341850111999975,0.5,205.0,,,,50.32635498046875,,0.0006400001666406752,0,,,1780302390.1963756,0.20838933499999257,0.0390625,,0,0.1328125,1,0,2,,249.91990403399996,,325,0,,0.1513671875,,0.0390625,523,0.125,,,,190.13741540908813,0,,160.625,837,0,,,,0.0004025000635010656,2508.493602292,21210.861206054688,,,0,0,-0.07500000298023224,0,146.38070678710938,0.0,,0.140625,1,0,,,,,0,0.0078125,970,0.40437692403793335,-0.07500000298023224,0.00379180908203125,0
578.1681147459458,0.0010100001190949115,0,11,,0.9921875,0.06121983551432918,,0.453125,,,,0,,,,3e-06,-7.173550693551078e-05,0.0509400962140189,,0,,0.0625,,88.89323043823242,,-0.0004572654142975807,2.8359375,,53,0.203125,201.84817634399997,,54.684855507000066,,0.0982142835855484,4096,,-4.5102527629126143e-05,,,,0.203125,48.663265521000085,,0,0.003775000095629366,0.0380859375,0.2809364814311266,,0.546875,-0.0004572654142975807,0.0982142835855484,0.1328125,0.0002599999788799323,39,1543.7952209631783,0,55243.20983886719,0.0009875002433545887,1246449.0,11,0,,76.30740275700009,0.0,0.039041521571279755,,0.00022773096952732885,0,,0.109375,0.0,,0,0.0004949999947712058,0,1048.3525390625,36.51371970772743,21.985219054000027,0.546875,205.0,,,,51.375526428222656,,0.0006274999577726703,0,,,1780302592.06032,0.20507073299995682,0.078125,,0,0.140625,1,0,2,,201.84817634399997,,375,0,,0.1328125,,0.078125,581,0.109375,,,,190.13741540908813,0,,168.8828125,770,0,,,,0.0004275001401765621,2724.845120474,20449.222564697266,,,0,0,-0.0714285746216774,0,198.41204833984375,0.0,,0.0625,1,0,,,,,0,0.0,985,0.4573073089122772,-0.0714285746216774,0.00269317626953125,0
563.9596730980847,0.0009975000239137444,0,12,,1.0,0.06038160669777707,,0.3671875,,,,0,,,,3e-06,0.0006440976158046396,0.046719637557177736,,0,,0.0703125,,88.89217376708984,,-0.0005539869889616966,2.7109375,,53,0.1484375,216.334658021,,52.72301754399996,,0.125,4096,,2.939500070908707e-05,,,,0.1484375,63.25638336499969,,0,0.004002500190836145,0.052734375,0.24870724882930517,,0.6328125,-0.0005539869889616966,0.125,0.1181640625,0.00021250002646411303,54,1488.3075275379388,0,56339.012145996094,0.0010749998864412191,1287890.0,12,0,,77.76486745000011,0.0,0.04911629360038489,,0.00027979171227343613,0,,0.0859375,0.0078125,,0,0.0005650000503010233,0,1102.048828125,37.32878342270851,22.376990644000216,0.6328125,205.0,,,,50.233116149902344,,0.0006200000370881753,0,,,1780302808.4118352,0.21096799800034205,0.0546875,,0,0.25,1,0,2,,216.334658021,,324,0,,0.1181640625,,0.0546875,628,0.0859375,,,,190.13741540908813,0,,155.65625,809,0,,,,0.0003649997779575642,2923.012248376,20824.310302734375,,,0,0,-0.12857143580913544,0,168.71678161621094,0.0,,0.0703125,1,0,,,,,0,0.0078125,970,0.4421219825744629,-0.12857143580913544,0.0034637451171875,0
574.7892694352049,0.0009399999498782563,0,13,,1.0,0.06500181870229664,,0.5078125,,,,0,,,,3e-06,0.0027319211585563608,0.05089664791495663,,0,,0.1015625,,88.85836029052734,,-0.001201837440021336,3.140625,,39,0.171875,198.13786911600027,,52.584787932999916,,0.0982142835855484,4096,,3.714636477525346e-05,,,,0.171875,46.56902447499988,,0,0.004487500063987682,0.0361328125,0.2679592289496213,,0.4921875,-0.001201837440021336,0.0982142835855484,0.16796875,0.0003499999365885742,37,1487.8024141231404,0,55497.23815917969,0.0012174999710623524,1179160.0,13,0,,76.64754454100012,0.0,0.039493388916686356,,0.00025383467163919704,0,,0.140625,0.0078125,,0,0.0005875001534150215,0,1008.953125,37.433166056871414,22.12883571700013,0.4921875,205.0,,,,48.906951904296875,,0.0005874998123545083,0,,,1780303006.5789719,0.2053258979999555,0.0859375,,0,0.1484375,1,0,2,,198.13786911600027,,325,0,,0.16796875,,0.0859375,693,0.140625,,,,190.13741540908813,0,,142.5703125,808,0,,,,0.00035249991015007254,3135.034177344,20537.80746459961,,,0,0,-0.1071428582072258,0,166.54957580566406,0.0,,0.1015625,1,0,,,,,0,0.0078125,987,0.45316892862319946,-0.1071428582072258,0.00445556640625,0
563.9584570766165,0.0010475000635778997,0,14,,1.0,0.061448836046329745,,0.3515625,,,,0,,,,3e-06,0.0012041407680953853,0.04677735449748824,,0,,0.1171875,,88.87958145141602,,-0.0006919272127561271,2.8671875,,41,0.15625,212.00493791000008,,51.84577441200008,,0.1205357164144516,4096,,2.6651910900454823e-07,,,,0.15625,60.92689307399996,,0,0.0037975000850565266,0.05078125,0.28117652982473373,,0.6484375,-0.0006919272127561271,0.1205357164144516,0.1103515625,0.00027499993393576005,52,1475.6543082633707,0,55410.884857177734,0.0012150001111876918,1251384.0,14,0,,76.8960902470003,0.0,0.04868760754013154,,0.0003515416078698763,0,,0.0390625,0.0078125,,0,0.00040749989693722455,0,1082.375,35.68882867693901,22.120371876999798,0.6484375,205.0,,,,49.74800109863281,,0.0006449998863899964,0,,,1780303218.600917,0.2133293980000417,0.03125,,0,0.1640625,1,0,2,,212.00493791000008,,363,0,,0.1103515625,,0.03125,738,0.0390625,,,,190.13741540908813,0,,139.6796875,812,0,,,,0.00037500012695090845,3342.253381901,20885.269165039062,,,0,0,-0.1071428582072258,0,137.12147521972656,0.0,,0.1171875,1,0,,,,,0,0.0078125,972,0.4243023097515106,-0.1071428582072258,0.00311279296875,0
567.0081173506042,0.0011624999842752004,0,15,,1.0,0.06281062703764077,,0.5078125,,,,0,,,,3e-06,0.0007849675475881668,0.0486561113640952,,0,,0.125,,88.8536376953125,,-0.00046607691911049187,3.125,,39,0.1953125,207.196064364,,52.527094271999886,,0.1116071417927742,4096,,1.5444906296124827e-05,,,,0.1953125,54.99266748399987,,0,0.003962250048061833,0.0380859375,0.2624340122565627,,0.4921875,-0.00046607691911049187,0.1116071417927742,0.1591796875,0.00023250004232977517,39,1485.2574586521407,0,55605.7243347168,0.001204999989568023,1230958.0,15,0,,77.3172438370002,0.0,0.044674690350117445,,0.0003735382852028124,0,,0.109375,0.0,,0,0.00058499983879301,0,1054.255859375,37.57810592651367,22.147443810000368,0.4921875,205.0,,,,49.22520065307617,,0.0006074999419070082,0,,,1780303425.820071,0.20914517099981822,0.078125,,0,0.109375,1,0,2,,207.196064364,,292,0,,0.1591796875,,0.078125,803,0.109375,,,,190.13741540908813,0,,147.8515625,807,0,,,,0.00034000004234258085,3553.169532105,21106.66275024414,,,0,0,-0.1071428582072258,0,148.7415771484375,0.0,,0.125,1,0,,,,,0,0.0,985,0.44487160444259644,-0.1071428582072258,0.0041351318359375,0
563.709842184966,0.0009619999445931171,0,16,,0.9921875,0.0609282372495471,,0.40625,,,,0,,,,3e-06,0.0010495820133655798,0.050791072371194186,,0,,0.078125,,88.88983917236328,,-0.0005902013508602977,3.15625,,40,0.15625,210.88973069299982,,55.54923082200003,,0.125,4096,,-3.074444950357247e-05,,,,0.15625,55.778920709999966,,0,0.003265000032115495,0.0537109375,0.2954889787361026,,0.59375,-0.0005902013508602977,0.125,0.1259765625,0.00022749986783310305,55,1500.614795040395,0,55886.80648803711,0.0011824998864540248,1265857.0,16,0,,77.12643561999994,0.0,0.044064156306755,,0.00012340263901933213,0,,0.109375,0.0,,0,0.0006774998837499879,0,1068.0478515625,37.16381639242172,22.21709233999991,0.59375,205.0,,,,50.29361343383789,,0.0007149999419198139,0,,,1780303636.7362726,0.21363802800033227,0.0625,,0,0.1953125,1,0,2,,210.88973069299982,,291,0,,0.1259765625,,0.0625,855,0.109375,,,,190.13741540908813,0,,168.140625,756,0,,,,0.00042499993924138835,3824.9347384,20638.452529907227,,,0,0,-0.0669642835855484,0,168.58612060546875,0.0,,0.078125,1,0,,,,,0,0.0,969,0.436982661485672,-0.0669642835855484,0.00325775146484375,0
586.8958335658972,0.0009999996564147295,0,17,,0.9921875,0.060167467082293265,,0.4453125,,,,0,,,,3e-06,0.0006059218831069302,0.04868382481016743,,0,,0.1328125,,88.92853927612305,,-0.0002423937403364107,3.046875,,39,0.171875,271.71745986099995,,53.61228313099991,,0.1071428582072258,4096,,7.709061202376688e-05,,,,0.171875,118.8759625900002,,0,0.002847500127245439,0.052734375,0.29603400616906583,,0.5546875,-0.0002423937403364107,0.1071428582072258,0.1513671875,0.0003874997673847247,54,1173.7063203930481,0,56018.394470214844,0.0012097500530217076,1275666.0,17,0,,76.75359206300072,0.0,0.0931873723921467,,0.00020127392508584308,0,,0.0625,0.0078125,,0,0.0005775000317953527,0,1075.423828125,36.90687194466591,22.255366990999846,0.5546875,205.0,,,,50.3200569152832,,0.0006497500635305187,0,,,1780303908.5014641,0.21819674099970143,0.0703125,,0,0.15625,1,0,2,,271.71745986099995,,322,0,,0.1513671875,,0.0703125,912,0.0625,,,,190.13741540908813,0,,170.34375,813,0,,,,0.0005674999101756839,4103.027866538,20111.09161376953,,,0,0,-0.125,0,152.2757568359375,0.0,,0.1328125,1,0,,,,,0,0.0078125,970,0.4228852689266205,-0.125,0.00327301025390625,0
578.1739793403685,0.0010125002063432476,0,18,,0.9921875,0.06036451736580925,,0.4609375,,,,0,,,,3e-06,0.001205654028126446,0.050159463631144846,,0,,0.09375,,88.71748733520508,,-0.0009863703744485974,3.0234375,,57,0.1953125,278.07206274999953,,56.26808375000019,,0.10803571343421936,4096,,-4.242913502139345e-05,,,,0.1953125,121.52719585699924,,0,0.0039000001379463356,0.05078125,0.27385150315240026,,0.5390625,-0.0009863703744485974,0.10803571343421936,0.1396484375,0.00028749991543008946,52,1158.7931445299446,0,56053.80630493164,0.0010374997145845555,1288912.0,18,0,,77.80455080699994,0.0,0.09428665095599952,,0.00019356365555722732,0,,0.1015625,0.0,,0,0.00043500017454789486,0,1095.4921875,37.77499124407768,22.25540042099965,0.5390625,205.0,,,,50.466434478759766,,0.0007250000635394827,0,,,1780304186.5943863,0.21463096299976314,0.0703125,,0,0.140625,1,0,3,,278.07206274999953,,310,0,,0.1396484375,,0.0703125,971,0.1015625,,,,190.13741540908813,0,,163.2109375,1024,0,,,,0.0004275000264897244,4366.324371177,21134.51385498047,,,0,0,-0.09375,0,168.35061645507812,0.0078125,,0.09375,1,0,,,,,0,0.0,972,0.42835286259651184,-0.09375,0.003448486328125,0
608.7445041300671,0.0009499999578110874,0,19,,0.9921875,0.059229323493242926,,0.4453125,,,,0,,,,3e-06,-8.354176316061057e-05,0.0482423518493098,,0,,0.078125,,88.9209098815918,,-0.0006188120460137725,2.953125,,51,0.171875,263.2765053789999,,55.5254997080001,,0.125,4096,,-9.58944313254051e-05,,,,0.171875,107.6309511469999,,0,0.0037250001696520485,0.0478515625,0.22867199731990695,,0.5546875,-0.0006188120460137725,0.125,0.12890625,0.00024500036488461774,49,1243.1815726543252,0,56102.82897949219,0.0012250000054336851,1309202.0,19,0,,77.54314877600063,0.0,0.0822111111554977,,2.1528955585381482e-05,0,,0.140625,0.0,,0,0.0004949999947712058,0,1123.994140625,37.220124155282974,22.30720692900013,0.5546875,205.0,,,,50.915191650390625,,0.0006024997674103361,0,,,1780304449.8910377,0.2675589350001246,0.0546875,,0,0.15625,1,0,2,,263.2765053789999,,302,0,,0.12890625,,0.0546875,1028,0.140625,,,,190.13741540908813,0,,154.5234375,806,0,,,,0.00037249992601573467,4610.002912852,20794.118881225586,,,0,0,-0.1339285671710968,0,161.18960571289062,0.0,,0.078125,1,0,,,,,0,0.0,975,0.40704745054244995,-0.1339285671710968,0.00384521484375,0
607.5758315034764,0.0009499999578110874,0,20,,1.0,0.05994185256048336,,0.4140625,,,,0,,,,3e-06,0.0005788215730717639,0.048248052811041706,,0,,0.0859375,,88.99276351928711,,-0.00018636144523043185,3.21875,,41,0.1953125,243.66639807699994,,53.98175491100028,,0.125,4096,,3.728540589492679e-05,,8.405453092999778,,0.1953125,81.71056957000019,,0,0.003701999958138913,0.0419921875,0.24610699620097876,,0.5859375,-0.00018636144523043185,0.125,0.1357421875,0.0002925000899267616,43,1319.1539848609953,0,55838.2568359375,0.0011700003597070463,1285734.0,20,0,,77.06927786000051,0.0,0.06355169076185292,,0.00014362086267283303,0,,0.0546875,0.0,,0,0.0005872500423720339,0,1092.615234375,37.50186413526535,22.266677896000147,0.5859375,205.0,,,,50.3009033203125,,0.0005525000688066939,0,,,1780304693.5695922,0.23051277400008985,0.078125,,0,0.1796875,1,0,2,,243.66639807699994,,298,0,,0.1357421875,,0.078125,1081,0.0546875,,,,190.13741540908813,0,,162.984375,735,0,,,,0.0004224998519930523,4838.028552193,20585.689544677734,,,0,0,-0.11428571492433548,0,167.15621948242188,0.0,,0.0859375,1,0,,,,,0,0.0,981,0.4701450765132904,-0.11428571492433548,0.003814697265625,0
569.129771967011,0.0010200001270277426,0,21,,1.0,0.05922973992377461,,0.4609375,,,,0,,,,3e-06,0.00020114252947678324,0.047775558554310676,,0,,0.1015625,,89.28904724121094,,-0.0009381179115734994,3.0,,41,0.2109375,228.00212618499972,,55.82679123300022,,0.125,4096,,6.264910240361132e-05,,,,0.2109375,71.60012944800019,,0,0.003450000349403126,0.060546875,0.27335924096405506,,0.5390625,-0.0009381179115734994,0.125,0.1494140625,0.00024000019038794562,62,1445.3834510850327,0,56140.750885009766,0.001145000169344712,1318202.0,21,0,,78.07676162699954,0.0,0.05431650797677457,,0.0002308725415787194,0,,0.0703125,0.0078125,,0,0.000522499931321363,0,1141.134765625,37.077076733112335,22.283962052999414,0.5390625,205.0,,,,52.830772399902344,,0.0006950001534278272,0,,,1780304921.5950298,0.21248339999965538,0.0703125,,0,0.1484375,1,0,2,,228.00212618499972,,326,0,,0.1494140625,,0.0703125,1140,0.0703125,,,,190.13741540908813,0,,146.171875,705,0,,,,0.000374999899577233,5064.521960148,21329.52308654785,,,0,0,-0.07232142984867096,0,141.50921630859375,0.0,,0.1015625,1,0,,,,,0,0.0078125,962,0.5708004236221313,-0.07232142984867096,0.00270843505859375,0
561.5552141243825,0.0009625002803659299,0,22,,1.0,0.06742063706209347,,0.4453125,,,,0,,,,3e-06,0.00033028503821697086,0.050465996567254104,,0,,0.15625,,89.32787322998047,,-0.0004169527965132147,3.1015625,,47,0.1171875,226.47667056400041,,50.66084578000027,,0.1116071417927742,4096,,3.6141349742280227e-05,,,,0.1171875,76.71990609800014,,0,0.003402499942239956,0.02734375,0.27134123956784606,,0.5546875,-0.0004169527965132147,0.1116071417927742,0.173828125,0.00028250042305444367,28,1260.6121826544615,0,54744.21691894531,0.0012249997780600097,1141997.0,22,0,,76.99416526299956,0.0,0.06718047954416705,,0.0003115396561952366,0,,0.0703125,0.0,,0,0.000507500089952373,0,980.3330078125,37.495046854019165,21.9034786480006,0.5546875,205.0,,,,48.21465301513672,,0.0005550000423681922,0,,,1780305148.0886536,0.19618635099959647,0.1015625,,0,0.171875,1,0,3,,226.47667056400041,,325,0,,0.173828125,,0.1015625,1197,0.0703125,,,,190.13741540908813,0,,134.8984375,721,0,,,,0.00029999978323758114,5267.8455997,21650.619506835938,,,0,0,-0.09285714477300644,0,116.97531127929688,0.0,,0.15625,1,0,,,,,0,0.0,996,0.4520531892776489,-0.09285714477300644,0.0031280517578125,0
565.708801363362,0.0011074998838012107,0,23,,1.0,0.062256970695154464,,0.328125,,,,0,,,,3e-06,0.001228658831678331,0.0497796364478388,,0,,0.03125,,89.26311874389648,,-0.00025415795971639454,3.078125,,31,0.1328125,203.3051046419996,,53.744435151999824,,0.1071428582072258,4096,,-5.412614501665303e-05,,,,0.1328125,50.08879836300002,,0,0.0028150002435722854,0.0380859375,0.25547199766151607,,0.671875,-0.00025415795971639454,0.1071428582072258,0.1142578125,0.00016999979379761498,39,1523.2069580609336,0,55475.35705566406,0.0011125002856715582,1238703.0,23,0,,77.11789637099992,0.0,0.04043648748973727,,0.0002835576970028342,0,,0.078125,0.0078125,,0,0.0005149997832631925,0,1054.3427734375,36.017850041389465,22.136024763999558,0.671875,205.0,,,,49.92277908325195,,0.0007474998255929677,0,,,1780305351.4122827,0.21590391700010514,0.078125,,0,0.15625,1,0,2,,203.3051046419996,,326,0,,0.1142578125,,0.078125,1239,0.078125,,,,190.13741540908813,0,,155.328125,794,0,,,,0.0004925000212097075,5484.760270463,21040.550231933594,,,0,0,-0.0669642835855484,0,156.51004028320312,0.0,,0.03125,1,0,,,,,0,0.0078125,985,0.42527544498443604,-0.0669642835855484,0.00263214111328125,0
579.3828846753895,0.0008875001640262781,0,24,,0.9921875,0.0611202862069453,,0.4453125,,,,0,,,,3e-06,-0.00045278098332346417,0.04850499371257156,,0,,0.0859375,,89.3361587524414,,-0.0006167251849547029,3.234375,,44,0.2109375,216.90280713000084,,53.87876495599994,,0.125,4096,,6.699970845147618e-05,,,,0.2109375,63.167962787999386,,0,0.00286250042336178,0.037109375,0.26248424546793103,,0.5546875,-0.0006167251849547029,0.125,0.1298828125,0.00020499987840594258,38,1461.5347961356686,0,55676.90658569336,0.001117500232794555,1268044.0,24,0,,77.50321220299975,0.0,0.04981527674749408,,0.00020647042197197152,0,,0.09375,0.015625,,0,0.0005325002803147072,0,1084.75390625,35.66088527441025,22.13716668500001,0.5546875,205.0,,,,50.503273010253906,,0.0006149998625915032,0,,,1780305568.326908,0.21358414600035758,0.0390625,,0,0.1640625,1,0,2,,216.90280713000084,,315,0,,0.1298828125,,0.0390625,1296,0.09375,,,,190.13741540908813,0,,153.5703125,766,0,,,,0.00032999992072291207,5688.690183685,21210.99281311035,,,0,0,-0.1875,0,148.3024444580078,0.0,,0.0859375,1,0,,,,,0,0.015625,986,0.45439720153808594,-0.1875,0.00307464599609375,0
592.9206114863046,0.0009075001798919402,0,25,,1.0,0.06150949119111314,,0.46875,,,,0,,,,3e-06,0.0009484379916102625,0.04841080775276174,,0,,0.0703125,,89.33850479125977,,-0.0004281727015040815,3.0234375,,41,0.1953125,203.88687421899976,,53.31409641600021,,0.1116071417927742,4096,,6.248407198938821e-05,,,,0.1953125,50.94803011000022,,0,0.003720000222529052,0.046875,0.30579877784475684,,0.53125,-0.0004281727015040815,0.1116071417927742,0.1533203125,0.00022499989427160472,48,1540.1445100517296,0,55533.28323364258,0.0011800000265793642,1256061.0,25,0,,77.25967301500077,0.0,0.04056174828292592,,0.00016635181054880377,0,,0.1015625,0.0,,0,0.0006400000529538374,0,1075.4736328125,35.84849089384079,22.14178511800037,0.53125,205.0,,,,50.05944061279297,,0.0006424997991416603,0,,,1780305772.2568915,0.2210719300001074,0.1015625,,0,0.1640625,1,0,2,,203.88687421899976,,335,0,,0.1533203125,,0.1015625,1356,0.1015625,,,,190.13741540908813,0,,151.1484375,722,0,,,,0.00035999983083456755,5885.505082318,21097.307205200195,,,0,0,-0.0848214253783226,0,132.21066284179688,0.0,,0.0703125,1,0,,,,,0,0.0,976,0.4334166646003723,-0.0848214253783226,0.0032806396484375,0
566.0861801911524,0.0010124999789695721,0,26,,1.0,0.06543100783592826,,0.484375,,,,0,,,,3e-06,0.0009097169131564442,0.04950513714991452,,0,,0.109375,,89.35533905029297,,-0.0008260260801762342,3.28125,,49,0.25,196.8037593930003,,50.6208839309993,,0.125,4096,,5.2702619782962756e-05,,,,0.25,48.16667759400025,,0,0.0036824999369855504,0.0322265625,0.2620964660309255,,0.515625,-0.0008260260801762342,0.125,0.1474609375,0.0003125001057924237,33,1473.2772427431207,0,55029.296875,0.0010025003120972542,1159786.0,26,0,,75.88596685399989,0.0,0.041530659616515676,,0.0004145451398471778,0,,0.046875,0.015625,,0,0.0004899998202745337,0,998.572265625,36.9134247303009,21.93034631699993,0.515625,205.0,,,,48.28477096557617,,0.000610000142842182,0,,,1780305969.0717766,0.19784409099975164,0.0625,,0,0.1484375,1,0,2,,196.8037593930003,,305,0,,0.1474609375,,0.0625,1418,0.046875,,,,190.13741540908813,0,,134.03125,706,0,,,,0.0003649997779575642,6149.45889403,20253.400802612305,,,0,0,-0.15625,0,111.31072235107422,0.0,,0.109375,1,0,,,,,0,0.015625,991,0.4341927170753479,-0.15625,0.00421142578125,0
580.9320367830078,0.0010925000424322207,0,27,,0.9921875,0.06234731178170787,,0.515625,,,,0,,,,3e-06,0.002325101302631083,0.04835705942200415,,0,,0.125,,89.32194900512695,,-0.0013624448329210281,3.0,,50,0.1953125,263.9323876489998,,51.683831682000346,,0.1071428582072258,4096,,0.00010342317384193223,,,,0.1953125,114.05300166399957,,0,0.0035650000427267514,0.03515625,0.2585345064289868,,0.484375,-0.0013624448329210281,0.1071428582072258,0.1640625,0.00018749983610177878,36,1155.5118442136206,0,55102.82897949219,0.0011799995718320133,1219908.0,27,0,,76.05798442099967,2.4738758384046378e-06,0.09349311723834877,,0.000523898181199911,0,,0.1171875,0.0078125,,0,0.0006000002485961886,0,1043.74609375,36.41186282038689,21.92827105000015,0.484375,205.0,,,,49.3197021484375,,0.0006450002274505096,0,,,1780306233.025638,0.20714559799944254,0.0703125,,0,0.1484375,1,0,2,,263.9323876489998,,308,0,,0.1640625,,0.0703125,1484,0.1171875,,,,190.13741540908813,0,,147.5703125,756,0,,,,0.00034250024327775463,6365.941983604,20337.54539489746,,,0,0,-0.1339285671710968,0,128.01654052734375,0.0,,0.125,1,0,,,,,0,0.0078125,988,0.43925637006759644,-0.1339285671710968,0.00366973876953125,0
551.3061097358295,0.0010774999736895552,0,28,,1.0,0.0647780250602129,,0.453125,,,,0,,,,3e-06,0.0010204033969785087,0.049671238649924614,,0,,0.1171875,,89.34322738647461,,-0.0005561358993873,3.1015625,,42,0.2109375,216.45944931899976,,51.613980136000464,,0.125,4096,,1.3729546722629493e-05,,,,0.2109375,65.86247267999988,,0,0.004370000169728883,0.0341796875,0.2639665035530925,,0.546875,-0.0005561358993873,0.125,0.1328125,0.00022500012164528016,35,1369.5221018654759,0,55191.31851196289,0.0012249997780600097,1185784.0,28,0,,76.81274566799948,0.0,0.055543398021899344,,0.0002604406845421181,0,,0.078125,0.0,,0,0.0005900001269765198,0,1014.7578125,36.52527183294296,21.968637877999754,0.546875,205.0,,,,48.48179244995117,,0.0006150000899651786,0,,,1780306449.5087216,0.19957547200010595,0.046875,,0,0.1796875,1,0,2,,216.45944931899976,,316,0,,0.1328125,,0.046875,1542,0.078125,,,,190.13741540908813,0,,143.234375,670,0,,,,0.00041750013224373106,6657.589577709,21033.323287963867,,,0,0,-0.10892856866121292,0,127.57513427734375,0.0,,0.1171875,1,0,,,,,0,0.0,989,0.39950746297836304,-0.10892856866121292,0.00324249267578125,0
559.8364140867052,0.0009899999895424116,0,29,,0.984375,0.058906298735264186,,0.4375,,,,0,,,,3e-06,0.001414184967870824,0.04791751721960413,,0,,0.0703125,,89.30375671386719,,-0.0007990759331732988,2.890625,,44,0.15625,291.6308950540006,,55.46955752099984,,0.0982142835855484,4096,,3.1220281755395263e-06,,,,0.15625,136.0723376220003,,0,0.004207500296615763,0.0546875,0.2349720016354695,,0.5625,-0.0007990759331732988,0.0982142835855484,0.146484375,0.0003574998572730692,56,1128.2112272058005,0,56136.34490966797,0.0012824998520954978,1316085.0,29,0,,77.52569617100016,0.0,0.10339175480459113,,0.00013423305017568055,0,,0.109375,0.0,,0,0.0006150000899651786,0,1130.4736328125,35.869792103767395,22.339333924999664,0.5625,205.0,,,,51.13621520996094,,0.0005649999366141856,0,,,1780306741.1563077,0.2221363159997054,0.1015625,,0,0.1875,1,0,2,,291.6308950540006,,300,0,,0.146484375,,0.1015625,1598,0.109375,,,,190.13741540908813,0,,154.765625,812,0,,,,0.00034750041777442675,6891.399281672,20793.40171813965,,,0,0,-0.08749999850988388,0,142.76429748535156,0.0,,0.0703125,1,0,,,,,0,0.0,968,0.40878361463546753,-0.08749999850988388,0.00325775146484375,0
553.89146732683,0.0009824998414842412,0,30,,0.9921875,0.058699527046549814,,0.2890625,,,,0,,,,3e-06,-6.989700341364369e-05,0.047073641080895685,,0,,0.09375,,89.28823471069336,,-0.0007281810976564884,3.0,,48,0.1484375,233.7901761760004,,55.02706225700058,,0.125,4096,,4.748151374656118e-05,,8.149403506999988,,0.1484375,69.29753373299991,,0,0.004040000021632295,0.05859375,0.25382949388585985,,0.7109375,-0.0007281810976564884,0.125,0.080078125,0.00029249986255308613,60,1432.281096994931,0,56534.0576171875,0.001337499725195812,1339413.0,30,0,,78.62290962000043,0.0,0.05173724141321601,,0.00018925067070085788,0,,0.0234375,0.0,,0,0.0006775001111236634,0,1141.5595703125,37.17027232050896,22.465912830999514,0.7109375,205.0,,,,51.38767623901367,,0.0006850000318081584,0,,,1780306974.9659295,0.225173339000321,0.0234375,,0,0.2109375,1,0,3,,233.7901761760004,,281,0,,0.080078125,,0.0234375,1635,0.0234375,,,,190.13741540908813,0,,166.4609375,717,0,,,,0.00034250024327775463,7113.980295521,21497.528076171875,,,0,0,-0.09375,0,127.76883697509766,0.0,,0.09375,1,0,,,,,0,0.0,964,0.44483235478401184,-0.09375,0.0029296875,0
611.6581011215312,0.0008975000582722714,0,31,,0.984375,0.060028955567952735,,0.4609375,,,,0,,,,3e-06,-0.00017051488794095349,0.04944996314450699,,0,,0.1015625,,89.27968978881836,,-0.0008482206612825394,3.3046875,,43,0.203125,222.56383129299957,,55.40522220599996,,0.1071428582072258,4096,,7.039444912493309e-05,,,,0.203125,66.91942135299996,,0,0.0033000001167238224,0.041015625,0.26559425168670714,,0.5390625,-0.0008482206612825394,0.1071428582072258,0.1533203125,0.0002025001322181197,42,1455.6880069766773,0,56015.79666137695,0.0012024997886328492,1295934.0,31,0,,77.79356450499927,0.0,0.05163798569448749,,0.00034332546465520863,0,,0.0703125,0.0,,0,0.00046999980440887157,0,1094.169921875,38.23179751634598,22.222759423999378,0.5390625,205.0,,,,51.357975006103516,,0.0005174999841983663,0,,,1780307197.5470164,0.2204218260003472,0.0859375,,0,0.1640625,1,0,3,,222.56383129299957,,308,0,,0.1533203125,,0.0859375,1694,0.0703125,,,,190.13741540908813,0,,171.390625,837,0,,,,0.00032250045478576794,7315.181978108,21127.605438232422,,,0,0,-0.1964285671710968,0,124.21353912353516,0.0,,0.1015625,1,0,,,,,0,0.0,982,0.5902189016342163,-0.1964285671710968,0.003326416015625,0
552.5252488780388,0.0009800000952964183,0,32,,1.0,0.0637439799944912,,0.5234375,,,,0,,,,3e-06,0.0002317345965821005,0.04912206567803047,,0,,0.1171875,,89.32921600341797,,-0.0006987781962379813,3.078125,,43,0.234375,201.18969874699997,,52.05838627600042,,0.125,4096,,7.273802808072105e-06,,,,0.234375,48.906983568000214,,0,0.002812499815263436,0.0439453125,1.3551607262343168,,0.4765625,-0.0006987781962379813,0.125,0.1708984375,0.00031500007935392205,45,1515.8131947078502,0,56053.314208984375,0.0010750000001280569,1219864.0,32,0,,77.75898641200001,0.0,0.04009216073923012,,0.0003649408317869529,0,,0.078125,0.0,,0,0.0006474999736383324,0,1034.9375,36.24548763036728,22.26128547799999,0.4765625,205.0,,,,48.85712432861328,,0.0006074997145333327,0,,,1780307398.7486908,0.2022340860003169,0.09375,,0,0.140625,1,0,2,,201.18969874699997,,320,0,,0.1708984375,,0.09375,1761,0.078125,,,,190.13741540908813,0,,156.3359375,806,0,,,,0.0003175000529154204,7517.543942425,21115.53955078125,,,0,0,-0.13928571343421936,0,124.40336608886719,0.0,,0.1171875,1,0,,,,,0,0.0,979,0.4407321512699127,-0.13928571343421936,0.00330352783203125,0
548.1077242259344,0.0009199998203257564,0,33,,1.0,0.06117859220688289,,0.4296875,,,,0,,,,3e-06,0.0013314972748048604,0.048669122522329945,,0,,0.078125,,89.32695007324219,,-0.0017030226299539208,3.140625,,44,0.09375,202.31346806199963,,53.70423526200011,,0.125,4096,,0.00012316969666414934,,,,0.09375,49.22480094999992,,0,0.004097500095667783,0.0458984375,0.27518425486050546,,0.5703125,-0.0017030226299539208,0.125,0.185546875,0.00021499977265193593,47,1557.128168567891,0,55404.7966003418,0.0011725001058948692,1260112.0,33,0,,77.09187818299961,0.0,0.03906383000082526,,0.00021645025162797538,0,,0.1171875,0.0390625,,0,0.00044749958760803565,0,1077.59375,35.07222235202789,22.083506407999266,0.5703125,205.0,,,,49.67094421386719,,0.0006524999207613291,0,,,1780307601.1106331,0.20706969299953926,0.1015625,,0,0.171875,1,0,5,,202.31346806199963,,277,0,,0.185546875,,0.1015625,1816,0.1171875,,,,190.13741540908813,0,,152.984375,860,0,,,,0.0003249995188525645,7723.510389119,21103.618621826172,,,0,0,-0.14107142388820648,0,115.52511596679688,0.0,,0.078125,1,0,,,,,0,0.0390625,977,0.40449172258377075,-0.14107142388820648,0.00403594970703125,0
567.1047293478914,0.0010024998573499033,0,34,,1.0,0.06262126797544583,,0.4375,,,,0,,,,3e-06,0.002282991708852933,0.05058983554503224,,0,,0.1328125,,89.29862976074219,,-0.001422549830749631,3.2734375,,41,0.140625,205.94273903999965,,53.22339061399998,,0.1116071417927742,4096,,4.2367724290670594e-05,,,,0.140625,54.27049647400054,,0,0.0034272500215593027,0.03515625,0.28084171935915947,,0.5625,-0.001422549830749631,0.1116071417927742,0.1533203125,0.00028999966161791235,36,1477.800341098156,0,55268.4440612793,0.0011972501852142159,1217369.0,34,0,,76.23319037400051,0.0,0.044580153161449435,,0.00025648540213296656,0,,0.0859375,0.015625,,0,0.0006150003173388541,0,1027.3994140625,37.4460443854332,22.0097063660005,0.5625,205.0,,,,49.40937805175781,,0.0006499999471998308,0,,,1780307807.077123,0.20343013499950757,0.0625,,0,0.09375,1,0,2,,205.94273903999965,,318,0,,0.1533203125,,0.0625,1872,0.0859375,,,,190.13741540908813,0,,161.4375,818,0,,,,0.00036500000533123966,7921.06651617,20359.907150268555,,,0,0,-0.09375,0,125.2085952758789,0.0,,0.1328125,1,0,,,,,0,0.015625,988,0.4217177629470825,-0.09375,0.003692626953125,0
564.1627521927148,0.000912499672267586,0,35,,1.0,0.0635235576484776,,0.4453125,,,,0,,,,3e-06,0.0017919934489327716,0.04876419558242841,,0,,0.0703125,,89.3211441040039,,-0.0007405276992358267,3.34375,,44,0.1875,197.53777547999925,,51.49547817700022,,0.125,4096,,-3.9256658041608716e-05,,,,0.1875,46.93176736600071,,0,0.002835000486811623,0.0380859375,0.20208250498399138,,0.5546875,-0.0007405276992358267,0.125,0.1357421875,0.00017249976735911332,39,1531.4260741517244,0,55286.67068481445,0.000972499492490897,1210058.0,35,0,,76.8671891210015,0.0,0.03878472549745608,,0.00033102714542110334,0,,0.109375,0.0,,0,0.00048499987315153703,0,1031.259765625,37.208110094070435,22.03759827900012,0.5546875,205.0,,,,48.77580261230469,,0.0006524996933876537,0,,,1780308004.6332126,0.2036167040005239,0.078125,,0,0.1328125,1,0,6,,197.53777547999925,,271,0,,0.1357421875,,0.078125,1929,0.109375,,,,190.13741540908813,0,,150.4375,756,0,,,,0.0004049998096888885,8137.966003366,20978.939056396484,,,0,0,-0.125,0,115.33605194091797,0.0,,0.0703125,1,0,,,,,0,0.0,985,0.4883124828338623,-0.125,0.003326416015625,0
579.3485052204196,0.0010774997463158797,0,36,,0.9921875,0.06195694601552975,,0.4453125,,,,0,,,,3e-06,0.0014709138758917106,0.04868736484974114,,0,,0.1328125,,89.32033157348633,,-0.0014541656710207462,3.0546875,,44,0.1484375,216.87183894200098,,52.89999040600014,,0.0892857164144516,4096,,-2.5340728228684384e-05,,,,0.1484375,64.22637350700097,,0,0.0037072495615575463,0.0439453125,0.2376670017838478,,0.5546875,-0.0014541656710207462,0.0892857164144516,0.1484375,0.0002299993866472505,45,1439.4999439438036,0,55695.90759277344,0.0011524994079081807,1248748.0,36,0,,77.36861242300074,0.0,0.05143261371149421,,0.00020195756587781943,0,,0.09375,0.0,,0,0.0005175002115720417,0,1061.05859375,36.63253039121628,22.170753454000078,0.5546875,205.0,,,,50.01287078857422,,0.0006475002010120079,0,,,1780308221.5326993,0.20411294900077337,0.0703125,,0,0.125,1,0,2,,216.87183894200098,,332,0,,0.1484375,,0.0703125,1986,0.09375,,,,190.13741540908813,0,,158.421875,753,0,,,,0.00029499915399355814,8349.049710206,21056.47850036621,,,0,0,-0.0892857164144516,0,107.33206939697266,0.0,,0.1328125,1,0,,,,,0,0.0,979,0.42595160007476807,-0.0892857164144516,0.00296783447265625,0
611.9812180713925,0.0010699995982577093,0,37,,1.0,0.05695521794185865,,0.390625,,,,0,,,,3e-06,0.0014637853018939495,0.04728308927835587,,0,,0.109375,,89.27542495727539,,-0.00035448928247205913,3.21875,,45,0.140625,211.06208919900018,,56.23179218899895,,0.1116071417927742,4096,,1.1925496039566497e-05,,,,0.140625,53.32481742799973,,0,0.0038024995774321724,0.056640625,0.2506519958842546,,0.609375,-0.00035448928247205913,0.1116071417927742,0.1474609375,0.00030250021154643036,58,1638.1838221737733,0,56585.15167236328,0.0010950002433673944,1383034.0,37,0,,78.77100289100053,0.0,0.03855640383967403,,0.00015693177465436747,0,,0.0546875,0.0,,0,0.0006049999683455098,0,1161.384765625,36.19302809238434,22.504299629001252,0.609375,205.0,,,,52.02702331542969,,0.0006400000529538374,0,,,1780308432.6163945,0.22796456100149953,0.0859375,,0,0.1796875,1,0,2,,211.06208919900018,,264,0,,0.1474609375,,0.0859375,2036,0.0546875,,,,190.13741540908813,0,,189.234375,926,0,,,,0.0004399994395498652,8627.19758521,21537.418365478516,,,0,0,-0.10178571194410324,0,133.9954071044922,0.0,,0.109375,1,0,,,,,0,0.0,966,0.41910186409950256,-0.10178571194410324,0.00331878662109375,0
591.1546725801745,0.0009649997991800774,0,38,,0.9921875,0.05786213687342561,,0.453125,,,,0,,,,3e-06,0.000775863236412988,0.04640644125526266,,0,,0.0390625,,89.31961059570312,,-0.000247800286160782,3.0078125,,38,0.2421875,278.1228495079995,,54.600983464999445,,0.1116071417927742,4096,,-3.933988310222958e-05,,,,0.2421875,122.6519259910001,,0,0.002985000264743576,0.048828125,0.26222673477604985,,0.546875,-0.000247800286160782,0.1116071417927742,0.1240234375,0.00018500077203498222,50,1216.0004134801322,0,56274.24621582031,0.001012500433716923,1352790.0,38,0,,78.27532014100143,0.0,0.09066590231373686,,0.00019626176117526484,0,,0.109375,0.015625,,0,0.000455000190413557,0,1149.005859375,34.88701209425926,22.38469998399887,0.546875,205.0,,,,51.2791633605957,,0.0005325005076883826,0,,,1780308710.7642825,0.20771288300056767,0.046875,,0,0.2421875,1,0,2,,278.1228495079995,,267,0,,0.1240234375,,0.046875,2094,0.109375,,,,190.13741540908813,0,,172.078125,794,0,,,,0.00039000042306724936,8833.991847055,21374.76348876953,,,0,0,-0.09464285522699356,0,111.12506103515625,0.0,,0.0390625,1,0,,,,,0,0.015625,974,0.3883480429649353,-0.09464285522699356,0.00321197509765625,0
580.4737718303659,0.0008450006134808064,0,39,,1.0,0.06020899293365101,,0.40625,,,,0,,,,3e-06,0.0004209657545288792,0.04662780830646652,,0,,0.1171875,,89.30937576293945,,-0.0003586927487049252,2.7578125,,33,0.125,206.78133025699935,,53.19179139300104,,0.1071428582072258,4096,,-4.0420000573249126e-05,,,,0.125,52.737815069000135,,0,0.003027500497410074,0.052734375,0.2684640057850629,,0.59375,-0.0003586927487049252,0.1071428582072258,0.1484375,0.00019749995772144757,54,1570.980801778666,0,56323.909759521484,0.0010774992915685289,1299398.0,39,0,,78.23544500000025,0.0,0.04058634465267773,,0.0003435199014347745,0,,0.0859375,0.0078125,,0,0.000572500084672356,0,1114.037109375,36.856330931186676,22.400911957998687,0.59375,205.0,,,,50.33745193481445,,0.0005574997885560151,0,,,1780308917.5585725,0.21314419500049553,0.0703125,,0,0.2265625,1,0,2,,206.78133025699935,,266,0,,0.1484375,,0.0703125,2146,0.0859375,,,,190.13741540908813,0,,154.90625,759,0,,,,0.00034250024327775463,9034.481942131,21293.930053710938,,,0,0,-0.1875,0,106.76777648925781,0.0,,0.1171875,1,0,,,,,0,0.0078125,970,0.40603452920913696,-0.1875,0.0040283203125,0
573.3186626803363,0.0010174999260925688,0,40,,1.0,0.06671090927799658,,0.4921875,,,,0,,,,3e-06,0.0008929092546168249,0.05046602117475518,,0,,0.1171875,,89.27886962890625,,-0.0003476833808235824,3.4609375,,42,0.2265625,200.462016346999,,49.99709090599936,,0.125,4096,,4.156564421009534e-05,,8.07585409100102,,0.2265625,44.389145823000945,,0,0.0033975002224906348,0.02734375,0.2643042535055429,,0.5078125,-0.0003476833808235824,0.125,0.15234375,0.00022000040189595893,28,1420.4636129524933,0,54548.55728149414,0.0011550005183380563,1138996.0,40,0,,75.98345882400099,0.0,0.03897217007171311,,0.0004523657362369704,0,,0.078125,0.0,,0,0.0006400000529538374,0,967.48828125,36.92448139190674,21.813455210998654,0.5078125,205.0,,,,47.49268341064453,,0.000675000137562165,0,,,1780309118.0486276,0.20075340000039432,0.0703125,,0,0.140625,1,0,2,,200.462016346999,,261,0,,0.15234375,,0.0703125,2209,0.078125,,,,190.13741540908813,0,,144.8125,1024,0,,,,0.00039250016925507225,9245.5633418,20824.386596679688,,,0,0,-0.1339285671710968,0,103.67139434814453,0.0078125,,0.1171875,1,0,,,,,0,0.0,996,0.5499453544616699,-0.1339285671710968,0.00331878662109375,0
572.9841185466212,0.000954999904934084,0,41,,1.0,0.05755176516101422,,0.421875,,,,0,,,,3e-06,9.81631746981293e-05,0.05099728640322363,,0,,0.09375,,89.40715408325195,,-0.0004877658502664417,3.1171875,,36,0.171875,211.03088065999873,,59.83175031599967,,0.11249999701976776,4096,,-5.672546570778536e-05,,,,0.171875,50.127653711000676,,0,0.0029799998628732283,0.048828125,0.26624175370670855,,0.578125,-0.0004877658502664417,0.11249999701976776,0.12890625,0.0001949997567862738,50,1611.8043906001394,0,56731.8229675293,0.0010999997357430402,1360562.0,41,0,,78.30274471099983,0.0,0.036843343935080264,,0.0001724528738122899,0,,0.0859375,0.0,,0,0.0006724999366269913,0,1145.736328125,36.736439913511276,22.549214097000004,0.578125,205.0,,,,53.40707778930664,,0.0006625004971283488,0,,,1780309329.1300597,0.21747547999984818,0.0703125,,0,0.1796875,1,0,4,,211.03088065999873,,298,0,,0.12890625,,0.0703125,2263,0.0859375,,,,190.13741540908813,0,,182.9375,751,0,,,,0.0004150001586822327,9485.549323044,20960.927963256836,,,0,0,-0.07053571194410324,0,116.20184326171875,0.0,,0.09375,1,0,,,,,0,0.0,974,0.5402451753616333,-0.07053571194410324,0.00337982177734375,0
618.4390490211663,0.0009450000106880907,0,42,,1.0,0.05976883957405646,,0.3671875,,,,0,,,,3e-06,0.0005298213291098364,0.04844222966699604,,0,,0.1015625,,89.39187240600586,,-0.0008764858357608318,3.484375,,59,0.1015625,239.96446746199945,,54.18927046799945,,0.125,4096,,-3.899273521312807e-05,,,,0.1015625,85.71839777800051,,0,0.003762500000448199,0.044921875,0.2591742668300867,,0.6328125,-0.0008764858357608318,0.125,0.1455078125,0.00022499943952425383,46,1351.1219116277846,0,56175.621032714844,0.0010075000318465754,1296885.0,42,0,,77.51331151100021,0.0,0.06609560429644919,,0.00025085206107178237,0,,0.0703125,0.015625,,0,0.000574999376112828,0,1092.4189453125,36.646097898483276,22.32771395099917,0.6328125,205.0,,,,50.776546478271484,,0.0006725003913743421,0,,,1780309569.1160674,0.21335266499954741,0.078125,,0,0.1328125,1,0,2,,239.96446746199945,,290,0,,0.1455078125,,0.078125,2310,0.0703125,,,,190.13741540908813,0,,174.0703125,1024,0,,,,0.00025500003175693564,9722.225249181,20682.33871459961,,,0,0,-0.15625,0,107.72816467285156,0.0078125,,0.1015625,1,0,,,,,0,0.015625,978,0.43028050661087036,-0.15625,0.0186920166015625,0
570.7460034646065,0.0009225004760082811,0,43,,1.0,0.062308984650382,,0.4140625,,,,0,,,,3e-06,0.0006232234379695001,0.04674718611161154,,0,,0.1171875,,89.42788696289062,,-0.0003218668862245977,3.3984375,,39,0.2109375,236.6576753749996,,51.30064252199918,,0.125,4096,,3.8720114559964713e-05,,,,0.2109375,85.5953019640001,,0,0.003924999873561319,0.041015625,0.26406950200907886,,0.5859375,-0.0003218668862245977,0.125,0.1171875,0.00032749994716141373,42,1312.2815455188384,0,55654.685974121094,0.001190000148199033,1242246.0,43,0,,77.40308694599844,0.0,0.06890366478459187,,0.0002725224849200458,0,,0.046875,0.0,,0,0.0005350002538762055,0,1071.685546875,36.33445501327515,22.138737383998887,0.5859375,205.0,,,,49.13683319091797,,0.0006625000423809979,0,,,1780309805.7919264,0.21764429999893764,0.0390625,,0,0.140625,1,0,2,,236.6576753749996,,308,0,,0.1171875,,0.0390625,2363,0.046875,,,,190.13741540908813,0,,141.4453125,572,0,,,,0.0004500002432905603,9963.62931123,21141.048431396484,,,0,0,-0.125,0,106.5354995727539,0.0,,0.1171875,1,0,,,,,0,0.0,982,0.46211495995521545,-0.125,0.00305938720703125,0
581.8612929761002,0.0010325002222089097,0,44,,1.0,0.06254618477662591,,0.4140625,,,,0,,,,3e-06,6.42468858131906e-05,0.0497149814768225,,0,,0.109375,,89.40292358398438,,-0.0008546843891963363,3.28125,,39,0.140625,241.39008139399994,,52.95669655900019,,0.125,4096,,4.013715413009322e-05,,,,0.140625,88.96910118400046,,0,0.003189999915775843,0.033203125,0.23218948626890779,,0.5859375,-0.0008546843891963363,0.125,0.158203125,0.0002274996404594276,34,1275.5350104772504,0,55855.8464050293,0.0010775002010632306,1231606.0,44,0,,77.03225644800114,0.0,0.07223828171022265,,0.00045047677485854365,0,,0.0625,0.015625,,0,0.00045750039134873077,0,1040.240234375,36.64666414260864,22.216534990000582,0.5859375,205.0,,,,49.027366638183594,,0.0005874994712939952,0,,,1780310047.1959093,0.2135025779989519,0.0859375,,0,0.1171875,1,0,2,,241.39008139399994,,315,0,,0.158203125,,0.0859375,2416,0.0625,,,,190.13741540908813,0,,162.5,1024,0,,,,0.00035999983083456755,10191.783596661,20557.662963867188,,,0,0,-0.13928571343421936,0,105.67613220214844,0.015625,,0.109375,1,0,,,,,0,0.015625,990,0.4532289206981659,-0.13928571343421936,0.0033111572265625,0
593.0442427566013,0.000984999587672064,0,45,,1.0,0.06086449822023448,,0.375,,,,0,,,,3e-06,-0.0008267247085314011,0.049853853999635205,,0,,0.0546875,,89.43120956420898,,-0.000276049948297441,3.015625,,39,0.15625,228.1392532989994,,56.3736413179995,,0.125,4096,,0.00011252290346419613,,,,0.15625,70.77876928499973,,0,0.0028624999686144292,0.0380859375,0.23867699201218784,,0.625,-0.000276049948297441,0.125,0.1279296875,0.0002275000952067785,39,1413.6738651340827,0,55923.7174987793,0.0011824995453935117,1290058.0,45,0,,78.51873284499925,0.0,0.05486479622234018,,0.00016562734572289628,0,,0.078125,0.0234375,,0,0.0005775000317953527,0,1104.275390625,36.59959137439728,22.24986143100068,0.625,205.0,,,,50.63245391845703,,0.0005625001904263627,0,,,1780310275.3503022,0.21623327399902337,0.0625,,0,0.1875,1,0,2,,228.1392532989994,,261,0,,0.1279296875,,0.0625,2464,0.078125,,,,190.13741540908813,0,,155.546875,805,0,,,,0.0003999998625658918,10391.902112456,21965.126037597656,,,0,0,-0.09375,0,114.15985870361328,0.0,,0.0546875,1,0,,,,,0,0.0234375,985,0.44827479124069214,-0.09375,0.00342559814453125,0
579.2737958309008,0.000970000201050425,0,46,,1.0,0.06256809880153287,,0.4375,,,,0,,,,3e-06,-1.1245447240071371e-06,0.048912960636336975,,0,,0.109375,,89.42938995361328,,-0.000229580226005055,3.4296875,,39,0.140625,200.09689569500006,,52.161514916999295,,0.1116071417927742,4096,,1.7918997315291563e-05,,,,0.140625,50.00252144700062,,0,0.0030750002224522177,0.0419921875,0.2739417541306466,,0.5625,-0.000229580226005055,0.1116071417927742,0.134765625,0.00023000075088930316,43,1513.8053438955421,0,54830.76095581055,0.001175000306830043,1211631.0,46,0,,75.80944811900008,0.0,0.041268770316210644,,0.00030589406424041954,0,,0.1171875,0.0,,0,0.0004925000212097075,0,1041.4208984375,37.50675171613693,21.91212814499886,0.5625,205.0,,,,48.81037139892578,,0.0006850004865555093,0,,,1780310475.468697,0.2090033249987755,0.0703125,,0,0.1015625,1,0,2,,200.09689569500006,,302,0,,0.134765625,,0.0703125,2520,0.1171875,,,,190.13741540908813,0,,141.8125,600,0,,,,0.00037499967220355757,10600.249719774,20361.62567138672,,,0,0,-0.1116071417927742,0,96.39640045166016,0.0,,0.109375,1,0,,,,,0,0.0,981,0.45079538226127625,-0.1116071417927742,0.003631591796875,0
583.049233069687,0.0009425002645002678,0,47,,1.0,0.05836522797998608,,0.40625,,,,0,,,,3e-06,0.0008623123576398939,0.049096699370127866,,0,,0.1015625,,89.35102081298828,,-0.0005327207618393004,3.3046875,,38,0.1328125,208.3208399819996,,56.13746064000043,,0.125,4096,,1.6581638533352816e-06,,,,0.1328125,52.82219117600107,,0,0.003999749878857983,0.0478515625,0.22019975585862994,,0.59375,-0.0005327207618393004,0.125,0.13671875,0.00017750016922946088,49,1565.678690755005,0,56079.933166503906,0.0011299998732283711,1304654.0,47,0,,76.14642814500075,0.0,0.04048750946687863,,0.0001549573871670873,0,,0.09375,0.0078125,,0,0.0005574997885560151,0,1116.607421875,38.32487761974335,22.999022777999926,0.59375,205.0,,,,50.878997802734375,,0.0005925003279116936,0,,,1780310683.816429,0.21362488900012977,0.0703125,,0,0.1796875,1,0,3,,208.3208399819996,,248,0,,0.13671875,,0.0703125,2572,0.09375,,,,190.13741540908813,0,,157.46875,681,0,,,,0.0003850004759442527,10899.558050993,19444.89288330078,,,0,0,-0.125,0,91.06231689453125,0.0,,0.1015625,1,0,,,,,0,0.0078125,975,0.42970508337020874,-0.125,0.0033111572265625,0
570.917494190784,0.0008899992280930746,0,48,,0.9921875,0.06277764401136664,,0.453125,,,,0,,,,3e-06,0.001200782104206155,0.05087009352568357,,0,,0.078125,,89.34507751464844,,-0.0008244231576099992,3.203125,,40,0.1796875,299.2855377039996,,56.00700644000062,,0.1160714253783226,4096,,-5.1990674279522864e-05,,,,0.1796875,142.2348412730007,,0,0.004132500180276111,0.05078125,0.2326472313143313,,0.546875,-0.0008244231576099992,0.1160714253783226,0.1474609375,0.00020749939722009003,51,1045.5007361881571,0,56052.45590209961,0.0012250002328073606,1251613.0,48,0,,78.57331535399862,0.0,0.11364123037472501,,0.00025612906165406457,0,,0.1171875,0.015625,,0,0.0005649994818668347,0,1075.1767578125,37.09220513701439,22.254575267999826,0.546875,205.0,,,,49.970951080322266,,0.000662499587633647,0,,,1780310983.1247663,0.21382069399987813,0.0625,,0,0.171875,1,0,2,,299.2855377039996,,271,0,,0.1474609375,,0.0625,2630,0.1171875,,,,190.13741540908813,0,,147.1015625,767,0,,,,0.00032250000003841706,11103.697803898,21912.609100341797,,,0,0,-0.0669642835855484,0,86.94636535644531,0.0,,0.078125,1,0,,,,,0,0.015625,973,0.4205869436264038,-0.0669642835855484,0.00307464599609375,0
588.4335470532242,0.0010724993444455322,0,49,,1.0,0.06211062400940238,,0.4453125,,,,0,,,,3e-06,0.00048137853536900366,0.04997117093464685,,0,,0.125,,89.36268997192383,,-0.0003709453158080578,3.2421875,,41,0.140625,204.0857773509997,,54.35814003099949,,0.125,4096,,6.964284753507854e-05,,,,0.140625,50.33539330599888,,0,0.00393250047636684,0.044921875,0.2875937498174608,,0.5546875,-0.0003709453158080578,0.125,0.1494140625,0.0002275000952067785,46,1520.7110658487038,0,55355.29708862305,0.0012899995454063173,1241422.0,49,0,,77.10549507900032,0.0,0.04054656136752762,,0.0001623051343813131,0,,0.1171875,0.0,,0,0.0006500004019471817,0,1062.294921875,37.14771568775177,22.080052067998622,0.5546875,205.0,,,,50.3156623840332,,0.000617500063526677,0,,,1780311187.2644694,0.20449905399982526,0.0625,,0,0.140625,1,0,2,,204.0857773509997,,281,0,,0.1494140625,,0.0625,2687,0.1171875,,,,190.13741540908813,0,,150.03125,734,0,,,,0.00035999983083456755,11380.281542195,21124.32098388672,,,0,0,-0.21875,0,101.73274993896484,0.0,,0.125,1,0,,,,,0,0.0,978,0.48591989278793335,-0.21875,0.00333404541015625,0
572.9047332097252,0.0010174999260925688,0,50,0.0,1.0,0.06516983229455266,0.7900390625,0.421875,0.1,0.0,0.0,0,0.0,0.19913419913419914,"{'artifact_path': 'wandb-client-artifact://affbtpdgl4apfn3ubw8nowky65vb1htzs7ih4k26p975fm8fqx03ljgtzvvjgbuqtsccglyijucyck0kh1ijp7etordleq32oq9iigm40y676wojlho0hjm0vgt4wga6/val/generations.table.json', '_latest_artifact_path': 'wandb-client-artifact://n2331q4p89gz78o269mrdbmyi2lsnln797ei9ycbrkjde3bfw8m6ehnkpaef8n4z6atrb7eglq7gvc10m9hq5wfoe2ce2rmb8k8x81blsxrguuzv8snq40wh5qcmvhwq:latest/val/generations.table.json', 'nrows': 1, 'path': 'media/table/val/generations_49_b8ad43075735d63db448.table.json', '_type': 'table-file', 'log_mode': 'IMMUTABLE', 'sha256': 'b8ad43075735d63db448dbc6934940ce3caa31e66c3a7dde0b979fdb3523c32c', 'size': 8356, 'ncols': 13}",3e-06,-0.0001434363020962337,0.05012142044418316,77.50382772400008,0,0.0,0.1015625,0.20683111954459202,89.40346145629883,0.0,-0.00029939680825918913,3.1875,0.0,40,0.1484375,285.4888314660002,0.0,52.05284938099976,30.0,0.125,4096,0.0,-3.955206636874209e-06,0.0,8.892405177999535,0.2099609375,0.1484375,48.29637239800104,1054.0,0,0.0036349997571960557,0.03515625,0.2783342497423291,0.0,0.578125,-0.00029939680825918913,0.125,0.1513671875,0.00032249954529106617,36,1028.8800037874046,0,54939.46075439453,0.000982500296231592,1174935.0,50,0,0.0,76.57031690700023,0.0,0.041105569582999095,0.2099609375,0.0002313499289812171,0,0.0,0.0703125,0.0078125,0.20246085011185683,0,0.0003899995135725476,0,1014.1943359375,37.76432201266289,21.96254213099928,0.578125,205.0,0.0,0.0,0.0,48.56139373779297,0.0,0.0006800000846851617,0,1024.0,0.0,1780311472.784342,0.20778796100057662,0.09375,0.0,0,0.203125,1,0,2,0.0,285.4888314660002,0.0,276,0,0.1,0.1513671875,0.0,0.09375,2741,0.0703125,0.0,0.793168880455408,0.0,190.13741540908813,0,0.0,133.203125,526,0,0.0,0.0,0.0,0.0004599996827892028,11605.060540361,21019.901275634766,0.0,0.0,0,0,-0.1875,0,96.6686782836914,0.0,0.1,0.1015625,1,0,0.0,0.9,0.0,0.0,0,0.0078125,988,0.4801020622253418,-0.1875,0.0037994384765625,0
569.1414890879969,0.0009499995030637365,0,51,,1.0,0.06012471780960751,,0.3828125,,,,0,,,,3e-06,-0.0009151352023764048,0.05459080801787602,,0,,0.03125,,89.59254455566406,,-0.00023656767734792084,3.1171875,,49,0.1484375,215.82885639899905,,60.196519729999636,,0.125,4096,,5.353838813704215e-05,,,,0.1484375,54.68621886300025,,0,0.002939750629593618,0.052734375,0.1890302519313991,,0.6171875,-0.00023656767734792084,0.125,0.146484375,0.00022249969333643094,54,1507.1177479561002,0,56744.81201171875,0.0011574998097785283,1301118.0,51,0,,78.2293525870009,0.0,0.04203017625073226,,0.0002935927873295441,0,,0.078125,0.015625,,0,0.0004925004759570584,0,1076.841796875,37.06943988800049,22.510572897999737,0.6171875,205.0,,,,53.789306640625,,0.0007049998203001451,0,,,1780311688.627213,0.20427615500011598,0.109375,,0,0.171875,1,0,2,,215.82885639899905,,262,0,,0.146484375,,0.109375,2790,0.078125,,,,190.13741540908813,0,,193.78125,813,0,,,,0.00037500058169825934,11803.701828867,20878.13377380371,,,0,0,-0.10982143133878708,0,102.29563903808594,0.0,,0.03125,1,0,,,,,0,0.015625,970,0.3912798762321472,-0.10982143133878708,0.00310516357421875,0
545.8046264256991,0.0009800000952964183,0,52,,1.0,0.06352772160532001,,0.453125,,,,0,,,,3e-06,-0.0007786579153616913,0.04888238660791901,,0,,0.1015625,,89.49946975708008,,-0.0002737106115091592,3.3046875,,38,0.1640625,198.61682275299972,,51.254648830001315,,0.125,4096,,-0.00010978389083859952,,,,0.1640625,48.92162672299855,,0,0.004170000011072261,0.037109375,0.2759392373263836,,0.546875,-0.0002737106115091592,0.125,0.1611328125,0.0002124997990904376,38,1509.6430193774786,0,55189.70489501953,0.001072499799192883,1199362.0,52,0,,76.19273523999982,0.0,0.040789708797676225,,0.0003896376381362643,0,,0.09375,0.0,,0,0.0005950000740995165,0,1023.955078125,36.60397231578827,22.051138738999725,0.546875,205.0,,,,48.71885681152344,,0.0006825002856203355,0,,,1780311887.2685156,0.19472113399933733,0.09375,,0,0.1484375,1,0,2,,198.61682275299972,,303,0,,0.1611328125,,0.09375,2848,0.09375,,,,190.13741540908813,0,,147.296875,611,0,,,,0.00041749945012270473,12017.302791659,20420.337677001953,,,0,0,-0.15625,0,96.20841979980469,0.0,,0.1015625,1,0,,,,,0,0.0,986,0.4579109847545624,-0.15625,0.00347900390625,0
538.2690797036921,0.0010650001058820635,0,53,,1.0,0.06010987698982316,,0.40625,,,,0,,,,3e-06,0.0004291166187613271,0.04735802754905168,,0,,0.0859375,,89.5944709777832,,-0.00023870865697972476,3.1328125,,45,0.1171875,213.58352236999963,,53.50524159900124,,0.1116071417927742,4096,,1.1820683340602045e-05,,,,0.1171875,59.22697571699973,,0,0.0036450001061894,0.048828125,0.2710817498154938,,0.59375,-0.00023870865697972476,0.1116071417927742,0.169921875,0.00028250042305444367,50,1523.7727442110663,0,56324.48196411133,0.0012400000741763506,1301811.0,53,0,,78.25169907399868,0.0,0.04549583289509747,,0.00015289710336219287,0,,0.0625,0.0234375,,0,0.0005274996510706842,0,1103.3232421875,37.05509752035141,22.37029604700001,0.59375,205.0,,,,51.03334045410156,,0.0006400000529538374,0,,,1780312100.8695743,0.2272808569996414,0.1171875,,0,0.2265625,1,0,2,,213.58352236999963,,271,0,,0.169921875,,0.1171875,2900,0.0625,,,,190.13741540908813,0,,167.9765625,725,0,,,,0.0004524999894783832,12218.214835032,21351.613998413086,,,0,0,-0.1964285671710968,0,94.0242919921875,0.0,,0.0859375,1,0,,,,,0,0.0234375,974,0.5075273513793945,-0.1964285671710968,0.0033721923828125,0
576.9929005013983,0.0010775002010632306,0,54,,1.0,0.06271621915631767,,0.4375,,,,0,,,,3e-06,7.107220881152898e-06,0.04869334737033268,,0,,0.1328125,,89.53387451171875,,-0.0007930818246677518,3.234375,,44,0.15625,200.8947346390014,,52.27328226899954,,0.125,4096,,2.7050608895962114e-05,,,,0.15625,48.81642493899926,,0,0.003634750100900419,0.041015625,0.2786765107885003,,0.5625,-0.0007930818246677518,0.125,0.1552734375,0.0002775000211840961,42,1536.71523823037,0,55602.027893066406,0.001102499936678214,1234872.0,54,0,,77.44650298200031,0.0,0.039531566785058904,,0.00021394206123659387,0,,0.0703125,0.0078125,,0,0.0004749999789055437,0,1048.359375,37.51879185438156,22.15487896400009,0.5625,205.0,,,,49.984657287597656,,0.0005899996722291689,0,,,1780312301.7815554,0.20123058499848412,0.0703125,,0,0.171875,1,0,2,,200.8947346390014,,284,0,,0.1552734375,,0.0703125,2956,0.0703125,,,,190.13741540908813,0,,157.5703125,1024,0,,,,0.0003625000317697413,12418.987761055,21229.677200317383,,,0,0,-0.0714285746216774,0,87.25068664550781,0.0078125,,0.1328125,1,0,,,,,0,0.0078125,982,0.42403125762939453,-0.0714285746216774,0.00406646728515625,0
567.2576934679964,0.0009125010365096387,0,55,,1.0,0.06271406620313805,,0.4765625,,,,0,,,,3e-06,0.0022595411355723627,0.050741644594732106,,0,,0.1328125,,89.46439743041992,,-0.0007014645379967988,3.34375,,42,0.1953125,200.7483800989994,,53.70510886399825,,0.125,4096,,2.590025133031304e-06,,,,0.1953125,46.84958743599964,,0,0.004177250048087444,0.048828125,0.26430399157106876,,0.5234375,-0.0007014645379967988,0.125,0.166015625,0.0003300001480965875,50,1539.9912559570432,0,56307.68966674805,0.0011524998626555316,1236603.0,55,0,,77.55240240899911,3.0685389447171474e-06,0.037885713875835364,,0.0004520838633652602,0,,0.0546875,0.0078125,,0,0.0004325002009863965,0,1033.5966796875,36.99645772576332,22.35195562899935,0.5234375,205.0,,,,49.35627746582031,,0.0006424997991416603,0,,,1780312502.5544407,0.2870003199986968,0.0859375,,0,0.1875,1,0,2,,200.7483800989994,,253,0,,0.166015625,,0.0859375,3017,0.0546875,,,,190.13741540908813,0,,174.0234375,811,0,,,,0.0003300001480965875,12640.038645954,20640.186309814453,,,0,0,-0.15625,0,100.71580505371094,0.0,,0.1328125,1,0,,,,,0,0.0078125,974,0.4851838946342468,-0.15625,0.00389862060546875,0
532.1234479465638,0.0010475000635778997,0,56,,0.9921875,0.05981864627137439,,0.4375,,,,0,,,,3e-06,-0.0005335446767276153,0.04643074856064952,,0,,0.140625,,89.51016998291016,,-0.00025808165082708,3.109375,,44,0.1875,221.03318434999892,,53.06458819200088,,0.125,4096,,-3.5781442491611415e-05,,,,0.1875,67.11006429500048,,0,0.0035025000215682667,0.0478515625,0.2320572384633124,,0.5625,-0.00025808165082708,0.125,0.123046875,0.0001725002221064642,49,1477.1582871601588,0,56631.48880004883,0.001044999862642726,1306004.0,56,0,,78.12339130500004,0.0,0.05138580302587165,,0.0003247815457143588,0,,0.078125,0.0,,0,0.0006149998625915032,0,1116.08984375,37.124812602996826,22.51684757199837,0.5625,205.0,,,,50.358154296875,,0.0006499999471998308,0,,,1780312723.6053789,0.2163876810009242,0.03125,,0,0.203125,1,0,2,,221.03318434999892,,279,0,,0.123046875,,0.03125,3073,0.078125,,,,190.13741540908813,0,,159.3046875,758,0,,,,0.00037500012695090845,12913.324097166,20922.414779663086,,,0,0,-0.1071428582072258,0,111.93423461914062,0.0,,0.140625,1,0,,,,,0,0.0,975,0.4124736487865448,-0.1071428582072258,0.003173828125,0
565.6776984337776,0.0010075009413412772,0,57,,0.984375,0.06245489818450062,,0.484375,,,,0,,,,3e-06,0.0001480581813666504,0.049817993226218875,,0,,0.1015625,,89.56781768798828,,-0.0008868395234458148,3.21875,,48,0.2109375,273.23794332599937,,53.56306086699988,,0.125,4096,,7.141936160337536e-05,,,,0.2109375,120.23251145599897,,0,0.0031447493711311836,0.03125,0.2837442443706095,,0.515625,-0.0008868395234458148,0.125,0.166015625,0.0001574999259901233,32,1130.0471165953893,0,55489.0251159668,0.0012324999261181802,1235087.0,57,0,,77.13723283400032,0.0,0.09734740261698081,,0.0004143843598285457,0,,0.0625,0.0078125,,0,0.0004699995770351961,0,1049.9755859375,37.4336838722229,22.096244456999557,0.515625,205.0,,,,49.5529899597168,,0.0006374998520186637,0,,,1780312996.890735,0.20662734100005764,0.1015625,,0,0.171875,1,0,2,,273.23794332599937,,279,0,,0.166015625,,0.1015625,3135,0.0625,,,,190.13741540908813,0,,156.1640625,871,0,,,,0.0004150001586822327,13117.942189077,21044.8055267334,,,0,0,-0.125,0,90.84191131591797,0.0,,0.1015625,1,0,,,,,0,0.0078125,992,0.4684427082538605,-0.125,0.00380706787109375,0
525.2440156914527,0.001072499799192883,0,58,,1.0,0.06181879712025887,,0.34375,,,,0,,,,3e-06,-0.00018831271881936118,0.04903127990838505,,0,,0.0703125,,89.56638717651367,,-4.95396125188563e-06,3.15625,,43,0.109375,204.59937121499934,,53.15451636100079,,0.1071428582072258,4096,,2.3594049537223327e-05,,,,0.109375,52.95468016800078,,0,0.003922500127373496,0.029296875,0.26997426175512373,,0.65625,-4.95396125188563e-06,0.1071428582072258,0.1240234375,0.00028250042305444367,30,1506.2973955875311,0,55228.309631347656,0.0011524998626555316,1232750.0,58,0,,76.20712214999912,0.0,0.042956544447779986,,0.0002046841741503158,0,,0.0859375,0.015625,,0,0.0004025000635010656,0,1058.685546875,36.3558791577816,22.079992723998657,0.65625,205.0,,,,49.375572204589844,,0.000544999693374848,0,,,1780313201.5089478,0.20086419899962493,0.0625,,0,0.234375,1,0,4,,204.59937121499934,,284,0,,0.1240234375,,0.0625,3179,0.0859375,,,,190.13741540908813,0,,145.171875,710,0,,,,0.00030499950298690237,13392.981730062,20416.934967041016,,,0,0,-0.06964285671710968,0,92.70372009277344,0.0,,0.0703125,1,0,,,,,0,0.015625,994,0.42720845341682434,-0.06964285671710968,0.0030517578125,0
548.5521195796609,0.001042500571202254,0,59,,0.9921875,0.06342233412368979,,0.421875,,,,0,,,,3e-06,0.0004252712851666729,0.05116699133921357,,0,,0.109375,,89.56373977661133,,-0.00041672177030704916,3.234375,,36,0.09375,275.02137219199903,,54.22263289500006,,0.125,4096,,-4.285903393963508e-06,,,,0.09375,120.67668582599981,,0,0.0034725003388302866,0.0400390625,0.23573474027216434,,0.578125,-0.00041672177030704916,0.125,0.177734375,0.0002975002644234337,41,1112.9525955034294,0,55909.095764160156,0.0009749996934260707,1224343.0,59,0,,77.65069082800073,0.0,0.09856444299187385,,9.226236124959541e-05,0,,0.109375,0.03125,,0,0.00045500109990825877,0,1034.8818359375,35.855844616889954,22.2588241680005,0.578125,205.0,,,,48.87449645996094,,0.0005399997462518513,0,,,1780313476.5484536,0.21054666900090524,0.078125,,0,0.1640625,1,0,2,,275.02137219199903,,238,0,,0.177734375,,0.078125,3233,0.109375,,,,190.13741540908813,0,,160.765625,753,0,,,,0.00030749970392207615,13603.95631495,21156.944274902344,,,0,0,-0.0758928582072258,0,99.62237548828125,0.0,,0.109375,1,0,,,,,0,0.03125,983,0.41535958647727966,-0.0758928582072258,0.00440216064453125,0
549.2910121924942,0.0009675004548626021,0,60,,1.0,0.06161468969786933,,0.4296875,,,,0,,,,3e-06,0.0008117047073028516,0.047598003548672004,,0,,0.1328125,,89.59618759155273,,-0.0004264581948518753,3.2265625,,41,0.1484375,210.9500822049995,,51.76040136099982,,0.125,4096,,3.741906738241596e-05,,7.889889120999214,,0.1484375,51.81435468699965,,0,0.0032472503335156944,0.03515625,0.2603137691039592,,0.5703125,-0.0004264581948518753,0.125,0.140625,0.000175000423041638,36,1483.5369900253258,0,55580.42907714844,0.0011424999684095383,1251809.0,60,0,,77.12982309600011,0.0,0.04139158185234301,,0.00017400106571585638,0,,0.0859375,0.0,,0,0.0005325005076883826,0,1061.9619140625,37.2672900557518,22.14084770500085,0.5703125,205.0,,,,49.33504867553711,,0.0007300009201571811,0,,,1780313687.5230172,0.21247575300003518,0.0625,,0,0.1484375,1,0,4,,210.9500822049995,,260,0,,0.140625,,0.0625,3288,0.0859375,,,,190.13741540908813,0,,160.5078125,733,0,,,,0.0003250006557209417,13809.074530083,20962.568283081055,,,0,0,-0.125,0,84.35028076171875,0.0,,0.1328125,1,0,,,,,0,0.0,988,0.41285794973373413,-0.125,0.0036468505859375,0
531.8046117004124,0.0009899995347950608,0,61,,1.0,0.06401304337128023,,0.4375,,,,0,,,,3e-06,0.0002594663092168048,0.05044620225862917,,0,,0.1171875,,89.55704879760742,,-0.0008411441813223064,3.3125,,50,0.109375,205.0943636209995,,52.78181097700144,,0.1071428582072258,4096,,1.643532681327997e-05,,,,0.109375,53.80940351699974,,0,0.004012499630334787,0.02734375,0.2180350129492581,,0.5625,-0.0008411441813223064,0.1071428582072258,0.158203125,0.00022250014808378182,28,1452.4960351933255,0,55270.98846435547,0.0011775005077652168,1191595.0,61,0,,76.27762241600067,0.0,0.045157459973396784,,0.0004422189449542202,0,,0.1171875,0.0,,0,0.0005925003279116936,0,1021.7763671875,37.042319774627686,22.020952717999535,0.5625,205.0,,,,50.32003402709961,,0.0005825004336657003,0,,,1780313892.641282,0.20274320699900272,0.09375,,0,0.1015625,1,0,2,,205.0943636209995,,245,0,,0.158203125,,0.09375,3344,0.1171875,,,,190.13741540908813,0,,141.890625,605,0,,,,0.00037250038076308556,14055.134977157,20437.56103515625,,,0,0,-0.125,0,96.88113403320312,0.0,,0.1171875,1,0,,,,,0,0.0,996,0.5251997113227844,-0.125,0.0036468505859375,0
541.0226285939716,0.0010674998520698864,0,62,,1.0,0.06485165284229746,,0.53125,,,,0,,,,3e-06,-0.00028932215536769945,0.05297611193784804,,0,,0.171875,,89.57388305664062,,-0.00039574175025336444,3.2421875,,39,0.1796875,246.04472286999953,,55.207147915998576,,0.125,4096,,-2.0653432017070372e-05,,,,0.1796875,91.63187986699995,,0,0.00388724947697483,0.0380859375,0.29837124748155475,,0.46875,-0.00039574175025336444,0.125,0.1962890625,0.0002225006028311327,39,1206.0429361729744,0,55289.43634033203,0.0012274995242478326,1186962.0,62,0,,76.97644756099908,0.0,0.07719866336664523,,0.0003296181303085177,0,,0.078125,0.0234375,,0,0.0005050001163908746,0,1017.689453125,36.7441289126873,22.020323456999904,0.46875,205.0,,,,48.66582489013672,,0.0006675004442513455,0,,,1780314138.701728,0.20677266800157668,0.078125,,0,0.1484375,1,0,3,,246.04472286999953,,242,0,,0.1962890625,,0.078125,3412,0.078125,,,,190.13741540908813,0,,141.453125,757,0,,,,0.0002974998096760828,14422.00911274,21108.938217163086,,,0,0,-0.09375,0,89.19775390625,0.0,,0.171875,1,0,,,,,0,0.0234375,985,0.395195871591568,-0.09375,0.0041046142578125,0
541.216074979282,0.0009149994184554089,0,63,,0.9921875,0.06242545253556841,,0.4609375,,,,0,,,,3e-06,0.0005255402575130574,0.04948935975592481,,0,,0.09375,,89.69150924682617,,-0.00042688296525739133,3.0390625,,52,0.125,366.856904708,,53.8373464360011,,0.1026785746216774,4096,,5.7264856963001876e-05,,,,0.125,213.8155654760012,,0,0.0033700002859404776,0.0419921875,0.25201926473528147,,0.5390625,-0.00042688296525739133,0.1026785746216774,0.1953125,0.00019750041246879846,43,838.5783286397864,0,55609.97009277344,0.001277499904972501,1230553.0,63,0,,76.81782789400131,0.0,0.17375567364916522,,0.00015424704542965628,0,,0.1015625,0.03125,,0,0.0005024999154557008,0,1062.3603515625,36.84675693511963,22.168104026999572,0.5390625,205.0,,,,49.43349838256836,,0.0006949994713068008,0,,,1780314505.5758054,0.21619614000155707,0.109375,,0,0.203125,1,0,2,,366.856904708,,304,0,,0.1953125,,0.109375,3471,0.1015625,,,,190.13741540908813,0,,139.3515625,757,0,,,,0.00031750050766277127,14630.592607041,20629.535675048828,,,0,0,-0.09375,0,91.91950988769531,0.0,,0.09375,1,0,,,,,0,0.03125,981,0.4390414357185364,-0.09375,0.00341796875,0
528.925758433179,0.0009875002433545887,0,64,,1.0,0.06225221043845118,,0.421875,,,,0,,,,3e-06,0.0012055472179781646,0.0494879500644467,,0,,0.1484375,,89.55514526367188,,-0.0007607847219333053,3.1953125,,43,0.1171875,208.56172810299904,,52.754847600001085,,0.1116071417927742,4096,,-6.078578905999166e-06,,,,0.1171875,56.33238487199924,,0,0.003055000433960231,0.033203125,0.2767964906524867,,0.578125,-0.0007607847219333053,0.1116071417927742,0.16015625,0.00018499986254028045,34,1484.891321225808,0,55464.752197265625,0.0011475003702798858,1238766.0,64,0,,77.11592171599841,0.0,0.04547459719753306,,0.00022425690985983238,0,,0.0703125,0.0078125,,0,0.000529999852005858,0,1041.029296875,35.240545868873596,22.101801252001678,0.578125,205.0,,,,49.28851318359375,,0.0006249997568374965,0,,,1780314714.1592917,0.25482115799968597,0.078125,,0,0.1953125,1,0,2,,208.56172810299904,,287,0,,0.16015625,,0.078125,3525,0.0703125,,,,190.13741540908813,0,,168.703125,654,0,,,,0.00037500012695090845,14838.052286085,21086.719512939453,,,0,0,-0.125,0,99.2496109008789,0.0,,0.1484375,1,0,,,,,0,0.0078125,990,0.4316551089286804,-0.125,0.00409698486328125,0
556.6672629265668,0.0009125001270149369,0,65,,1.0,0.06161339455297053,,0.46875,,,,0,,,,3e-06,0.001569645512063289,0.048661492317240464,,0,,0.1171875,,89.5666732788086,,-0.0009466963820159435,3.5078125,,32,0.1796875,207.40393100000074,,53.47041563399944,,0.1116071417927742,4096,,6.50529934205224e-05,,,,0.1796875,53.979661395998846,,0,0.00427250006396207,0.0458984375,0.22979725326877087,,0.53125,-0.0009466963820159435,0.1116071417927742,0.14453125,0.0002750002749962732,47,1517.4350769658213,0,55707.862854003906,0.0010774997463158797,1258888.0,65,0,,77.56436304199997,0.0,0.04287884338876759,,0.00017199757166963536,0,,0.109375,0.0,,0,0.0006124996616563294,0,1073.0703125,37.53300756216049,22.178706530001364,0.53125,205.0,,,,49.714988708496094,,0.0004875000740867108,0,,,1780314921.6189754,0.2087804220009275,0.0625,,0,0.140625,1,0,2,,207.40393100000074,,268,0,,0.14453125,,0.0625,3585,0.109375,,,,190.13741540908813,0,,156.3125,738,0,,,,0.00041000021155923605,15085.075474616,21262.062072753906,,,0,0,-0.1428571492433548,0,102.27958679199219,0.0,,0.1171875,1,0,,,,,0,0.0,977,0.4037042558193207,-0.1428571492433548,0.00417327880859375,0
538.794902080117,0.0009024997780215926,0,66,,1.0,0.06062021465686099,,0.46875,,,,0,,,,3e-06,0.0005814957767142914,0.04809385262296056,,0,,0.1015625,,89.58983993530273,,-0.00083078135503456,3.3125,,46,0.203125,247.01024351199885,,53.10205787199993,,0.1205357164144516,4096,,5.120638117261933e-05,,,,0.203125,94.25665143200058,,0,0.003822500275418861,0.0380859375,0.23978948593139648,,0.53125,-0.00083078135503456,0.1205357164144516,0.134765625,0.0002474998836987652,39,1290.6327100742844,0,55607.521057128906,0.001294999947276665,1275198.0,66,0,,77.30277648999981,0.0,0.07391530682450928,,0.00020944170682923868,0,,0.1171875,0.0078125,,0,0.0006024993126629852,0,1078.255859375,37.35071420669556,22.141646647000016,0.53125,205.0,,,,50.457794189453125,,0.0005949996193521656,0,,,1780315168.6422262,0.2054558639993047,0.0390625,,0,0.171875,1,0,2,,247.01024351199885,,254,0,,0.134765625,,0.0390625,3645,0.1171875,,,,190.13741540908813,0,,167.0546875,721,0,,,,0.00040999975681188516,15292.845119841,21118.86215209961,,,0,0,-0.09107142686843872,0,102.10506439208984,0.0,,0.1015625,1,0,,,,,0,0.0078125,985,0.4500981569290161,-0.09107142686843872,0.00339508056640625,0
549.8363053907524,0.0009349996616947465,0,67,,1.0,0.0658099734270861,,0.484375,,,,0,,,,3e-06,2.573970596131403e-05,0.049868176001911464,,0,,0.0859375,,89.58695983886719,,-0.000374362338334322,3.6328125,,49,0.171875,207.74596790100077,,50.9414887540006,,0.125,4096,,-9.814365078852916e-06,,,,0.171875,58.17031581300034,,0,0.003775000095629366,0.033203125,0.23624250025022775,,0.515625,-0.000374362338334322,0.125,0.1689453125,0.00023000029614195228,34,1399.260611106184,0,54946.964263916016,0.001294999492529314,1162763.0,67,0,,76.52140213199891,0.0,0.0500276632581191,,0.00021604962648780202,0,,0.109375,0.015625,,0,0.0005400002009992022,0,997.5810546875,36.854445934295654,21.908765227000913,0.515625,205.0,,,,48.29458999633789,,0.0006875002327433322,0,,,1780315376.4118161,0.20174720199975127,0.1015625,,0,0.09375,1,0,3,,207.74596790100077,,251,0,,0.1689453125,,0.1015625,3707,0.109375,,,,190.13741540908813,0,,137.9296875,732,0,,,,0.00035999983083456755,15586.241534141,20987.503051757812,,,0,0,-0.09642857313156128,0,88.32913970947266,0.0,,0.0859375,1,0,,,,,0,0.015625,990,0.4405882954597473,-0.09642857313156128,0.0042572021484375,0
546.2353617503977,0.0009850004971667659,0,68,,0.984375,0.06348911709228386,,0.46875,,,,0,,,,3e-06,0.0005670905120496172,0.05043273610413843,,0,,0.0703125,,89.6537857055664,,-0.000346851913491264,3.21875,,51,0.25,293.3834658509986,,53.74409912400006,,0.0982142835855484,4096,,-7.628533531089943e-05,,,,0.25,140.2366710160004,,0,0.002850000328180613,0.0400390625,0.2710842527449131,,0.53125,-0.000346851913491264,0.0982142835855484,0.1259765625,0.00021975029085297137,41,1033.44866119342,0,55855.72814941406,0.0010399999155197293,1212787.0,68,0,,76.99877585099966,0.0,0.11563173996423147,,0.00028541250321723055,0,,0.09375,0.0078125,,0,0.0005324995981936809,0,1040.6826171875,36.98321431875229,22.192438522000884,0.53125,205.0,,,,49.12166213989258,,0.0008124993655655999,0,,,1780315669.8083324,0.20937774599951808,0.046875,,0,0.2109375,1,0,2,,293.3834658509986,,294,0,,0.1259765625,,0.046875,3767,0.09375,,,,190.13741540908813,0,,143.6796875,586,0,,,,0.0003625000317697413,15795.383426436,20559.551239013672,,,0,0,-0.125,0,89.84080505371094,0.0,,0.0703125,1,0,,,,,0,0.0078125,983,0.4109642803668976,-0.125,0.00342559814453125,0
560.6129986949963,0.0010249996194033884,0,69,,1.0,0.06112047392385015,,0.484375,,,,0,,,,3e-06,0.00028158011991763477,0.04887535515873864,,0,,0.078125,,89.60858154296875,,-0.0005716498126275837,3.328125,,37,0.15625,209.11583857000005,,54.33927773799951,,0.125,4096,,6.361520877362636e-05,,,,0.15625,55.03300882599979,,0,0.003044999630219536,0.0439453125,0.23885999689809978,,0.515625,-0.0005716498126275837,0.125,0.189453125,0.00017750062397681177,45,1511.5940148846657,0,55932.78503417969,0.0012749997040373273,1264393.0,69,0,,77.28029938599866,0.0,0.04352524003691873,,0.00025924199599103304,0,,0.109375,0.015625,,0,0.00042500005292822607,0,1085.7353515625,37.80557960271835,22.260403038999357,0.515625,205.0,,,,50.11693572998047,,0.000609749804425519,0,,,1780315878.9502037,0.20088021400079015,0.125,,0,0.1640625,1,0,2,,209.11583857000005,,223,0,,0.189453125,,0.125,3829,0.109375,,,,190.13741540908813,0,,149.0234375,721,0,,,,0.0004875005288340617,16017.095655962,20748.849868774414,,,0,0,-0.1339285671710968,0,94.06742858886719,0.0,,0.078125,1,0,,,,,0,0.015625,979,0.4647503197193146,-0.1339285671710968,0.00351715087890625,0
534.5787051360239,0.0009125005817622878,0,70,,1.0,0.05774049429284447,,0.40625,,,,0,,,,3e-06,0.0014118385315669002,0.04891963754228846,,0,,0.078125,,89.54656600952148,,-0.0011393509339541197,3.2734375,,42,0.1640625,221.69202807799957,,57.60854788399956,,0.11249999701976776,4096,,2.273875774960743e-05,,7.599890508001408,,0.1640625,54.660801269999865,,0,0.0025674989956314676,0.056640625,0.26804200024344027,,0.59375,-0.0011393509339541197,0.11249999701976776,0.1240234375,0.00016500143829034641,58,1543.5918150363102,0,56886.0969543457,0.0011225019989069551,1368808.0,70,0,,79.03565051199985,0.0,0.03993313983407451,,0.000219397334376481,0,,0.1015625,0.015625,,0,0.0005574993338086642,0,1150.015625,36.9015671312809,22.541392729999643,0.59375,205.0,,,,51.6404914855957,,0.0006525001481350046,0,,,1780316100.662312,0.24369099999967148,0.046875,,0,0.1640625,1,0,2,,221.69202807799957,,220,0,,0.1240234375,,0.046875,3881,0.1015625,,,,190.13741540908813,0,,186.7109375,916,0,,,,0.0004225003067404032,16257.23014325,21577.79884338379,,,0,0,-0.0892857164144516,0,103.40151977539062,0.0,,0.078125,1,0,,,,,0,0.015625,966,0.4392217993736267,-0.0892857164144516,0.0035552978515625,0
538.350209835713,0.0009525001587462611,0,71,,1.0,0.0602959709195996,,0.375,,,,0,,,,3e-06,0.0006101163926359732,0.04898733987836863,,0,,0.0703125,,89.62382507324219,,0.00018231201102025807,3.21875,,44,0.125,240.1168234479992,,55.32159887400121,,0.125,4096,,-5.7982039798787355e-05,,,,0.125,84.52017601700209,,0,0.0031749987101648003,0.04296875,0.23320225591305643,,0.625,0.00018231201102025807,0.125,0.126953125,0.00016750072973081842,44,1343.6792781405106,0,55921.836853027344,0.0010624999049468897,1290560.0,71,0,,77.81556822999846,0.0,0.0654910860533428,,8.739462009543786e-05,0,,0.109375,0.0078125,,0,0.0004725006874650717,0,1102.8359375,37.226274609565735,22.24911240399888,0.625,205.0,,,,52.19038772583008,,0.0005399997462518513,0,,,1780316340.7968376,0.20817108000119333,0.0625,,0,0.1875,1,0,2,,240.1168234479992,,248,0,,0.126953125,,0.0625,3929,0.109375,,,,190.13741540908813,0,,157.4765625,752,0,,,,0.0003575014488887973,16505.922774481,21317.914962768555,,,0,0,-0.1339285671710968,0,91.83323669433594,0.0,,0.0703125,1,0,,,,,0,0.0078125,980,0.4831521511077881,-0.1339285671710968,0.00390625,0
543.4464158260962,0.0009425011739949696,0,72,,1.0,0.0655999325895666,,0.4609375,,,,0,,,,3e-06,0.0005668925023201155,0.05021040671053299,,0,,0.109375,,89.31615829467773,,-0.000531204859726131,3.203125,,43,0.1640625,248.6662245309999,,51.35871871200288,,0.125,4096,,-3.8670340998692154e-05,,,,0.1640625,97.85529037000015,,0,0.003282499164924957,0.041015625,0.28027378721162677,,0.5390625,-0.000531204859726131,0.125,0.1669921875,0.00021749929146608338,42,1181.5818595957776,0,55577.125549316406,0.0011325009836582467,1175278.0,72,0,,77.09815757400065,0.0,0.08326139889455954,,0.00013412859243544517,0,,0.0859375,0.0078125,,0,0.0004899993655271828,0,998.896484375,37.074703723192215,22.141152759999386,0.5390625,205.0,,,,47.75187301635742,,0.0005424999471870251,0,,,1780316589.4892278,0.20359943999937968,0.09375,,0,0.203125,1,0,2,,248.6662245309999,,223,0,,0.1669921875,,0.09375,3988,0.0859375,,,,190.13741540908813,0,,148.8359375,710,0,,,,0.0003300001480965875,16716.715748747,20940.223693847656,,,0,0,-0.07321428507566452,0,83.4691390991211,0.0,,0.109375,1,0,,,,,0,0.0078125,982,0.4062192142009735,-0.07321428507566452,0.02324676513671875,0
598.2061754502647,0.0010574995030765422,0,73,,1.0,0.05832515718426774,,0.453125,,,,0,,,,3e-06,0.0007743627720628865,0.04631535866957125,,0,,0.1015625,,89.60918426513672,,-0.0003760803083423525,3.4140625,,35,0.1640625,210.745021034003,,54.70131014100116,,0.125,4096,,4.206485758118106e-05,,,,0.1640625,54.30972898899927,,0,0.0032772495615063235,0.05078125,0.2246722433483228,,0.546875,-0.0003760803083423525,0.125,0.158203125,0.00026750058168545365,52,1605.0177524498886,0,56804.32891845703,0.001187500856758561,1352998.0,73,0,,78.91382101999989,0.0,0.04014028770848092,,0.00016063952398326364,0,,0.0859375,0.0078125,,0,0.0005600004442385398,0,1153.380859375,35.3231281042099,22.543912850000197,0.546875,205.0,,,,51.53113555908203,,0.000567497409065254,0,,,1780316800.2825136,0.27420321899990086,0.09375,,0,0.203125,1,0,3,,210.745021034003,,269,0,,0.158203125,,0.09375,4046,0.0859375,,,,190.13741540908813,0,,167.90625,756,0,,,,0.0003125005605397746,16927.756932773,21475.730895996094,,,0,0,-0.11249999701976776,0,95.01334381103516,0.0,,0.1015625,1,0,,,,,0,0.0078125,972,0.4055229425430298,-0.11249999701976776,0.0031585693359375,0
612.9985404641193,0.0009875002433545887,0,74,,1.0,0.05979730715401042,,0.4375,,,,0,,,,3e-06,0.0005335521709639579,0.04855111600172355,,0,,0.1171875,,89.56314849853516,,-0.00044322555186226964,3.40625,,41,0.1875,211.01811328300028,,54.788283670000965,,0.125,4096,,-5.1627563571798873e-05,,,,0.1875,55.765198394001345,,0,0.0037524996514548548,0.0546875,0.26570449699647725,,0.5625,-0.00044322555186226964,0.125,0.1328125,0.0002975002644234337,56,1542.997873188882,0,56399.33395385742,0.0010650010153767653,1302402.0,74,0,,77.88013243199748,0.0,0.04281719345793491,,0.00017427345619580592,0,,0.0703125,0.0,,0,0.0005775018507847562,0,1102.017578125,36.54440492391586,22.371937321997393,0.5625,205.0,,,,50.548973083496094,,0.0005675001375493594,0,,,1780317011.3236825,0.20732435200261534,0.0625,,0,0.1328125,1,0,2,,211.01811328300028,,302,0,,0.1328125,,0.0625,4102,0.0703125,,,,190.13741540908813,0,,169.859375,757,0,,,,0.00037249992601573467,17141.52879473,20830.982208251953,,,0,0,-0.1116071417927742,0,89.82500457763672,0.0,,0.1171875,1,0,,,,,0,0.0,968,0.4208124279975891,-0.1116071417927742,0.00328826904296875,0
529.8233016028244,0.0009700006557977758,0,75,,1.0,0.05878546926536978,,0.4296875,,,,0,,,,3e-06,-0.0002800303263938986,0.04712829985427993,,0,,0.0859375,,89.67337036132812,,-0.00022118030756246299,3.1484375,,47,0.1796875,213.75983837700187,,53.364787773996795,,0.125,4096,,6.228885418124719e-05,,,,0.1796875,60.09708386199782,,0,0.004197499947622418,0.0478515625,0.26847649132832885,,0.5703125,-0.00022118030756246299,0.125,0.169921875,0.0002250008037663065,49,1544.979180876531,0,56392.28057861328,0.0012250011423020624,1321018.0,75,0,,77.65666303800026,0.0,0.04549300907481792,,0.0003284810086370271,0,,0.046875,0.03125,,0,0.0005350002538762055,0,1105.791015625,37.54708170890808,22.42083220600034,0.5703125,205.0,,,,50.93787384033203,,0.0006549998943228275,0,,,1780317225.095466,0.218470071999036,0.0859375,,0,0.15625,1,0,2,,213.75983837700187,,280,0,,0.169921875,,0.0859375,4157,0.046875,,,,190.13741540908813,0,,184.265625,808,0,,,,0.0004100011210539378,17349.301440696,20696.735382080078,,,0,0,-0.0803571417927742,0,94.49238586425781,0.0,,0.0859375,1,0,,,,,0,0.03125,975,0.4478863477706909,-0.0803571417927742,0.002838134765625,0
551.9945772466599,0.0009422501534572802,0,76,,1.0,0.06511522278217419,,0.3984375,,,,0,,,,3e-06,0.0008271555934697972,0.052550279632134766,,0,,0.0703125,,89.59110641479492,,-0.0008776368340477347,3.2734375,,40,0.1171875,207.76084410299882,,54.552235085000575,,0.1205357164144516,4096,,7.687219607532825e-06,,,,0.1171875,54.288196294000954,,0,0.004185000761935953,0.04296875,0.27347926516085863,,0.6015625,-0.0008776368340477347,0.1205357164144516,0.1591796875,0.00023749998945277184,44,1415.4351426018075,0,55488.92593383789,0.001264999809791334,1176288.0,76,0,,76.59425517599811,0.0,0.04615212966042411,,0.00013191421203373466,0,,0.1015625,0.03125,,0,0.0006099999154685065,0,1013.765625,37.170421332120895,22.129533802999504,0.6015625,205.0,,,,48.983131408691406,,0.0006099990059738047,0,,,1780317432.8680599,0.1940614960003586,0.078125,,0,0.125,1,0,2,,207.76084410299882,,275,0,,0.1591796875,,0.078125,4208,0.1015625,,,,190.13741540908813,0,,134.953125,597,0,,,,0.00042250121623510495,17554.087514419,20515.88249206543,,,0,0,-0.0892857164144516,0,79.34522247314453,0.0,,0.0703125,1,0,,,,,0,0.03125,980,0.4569012522697449,-0.0892857164144516,0.00345611572265625,0
521.528739556772,0.000962501871981658,0,77,,1.0,0.06004005746397892,,0.4296875,,,,0,,,,3e-06,0.0015946660714689642,0.0475274847291476,,0,,0.09375,,89.60356521606445,,-0.0003427563642617315,3.453125,,31,0.1171875,204.76782543100126,,52.65389428700291,,0.125,4096,,-4.195999402156758e-05,,,,0.1171875,52.640161560000706,,0,0.0032899988582357764,0.046875,0.2774965250864625,,0.5703125,-0.0003427563642617315,0.125,0.1552734375,0.00028500016924226657,48,1566.0834377911474,0,55784.6794128418,0.0012075006452505477,1282734.0,77,0,,77.01542307099953,0.0,0.04103747274181608,,0.00023334501474892022,0,,0.125,0.0078125,,0,0.0005574993338086642,0,1081.896484375,36.61647439002991,22.227701511001214,0.5703125,205.0,,,,50.024749755859375,,0.000630000613455195,0,,,1780317637.6542563,0.22862799699942116,0.0859375,,0,0.1953125,1,0,3,,204.76782543100126,,264,0,,0.1552734375,,0.0859375,4263,0.125,,,,190.13741540908813,0,,170.7734375,1024,0,,,,0.0003249988367315382,17755.110597383,20672.313690185547,,,0,0,-0.1607142835855484,0,87.29523468017578,0.0078125,,0.09375,1,0,,,,,0,0.0078125,976,0.3946765661239624,-0.1607142835855484,0.00360107421875,0
551.7524652232241,0.000999999429041054,0,78,,1.0,0.06460258415093101,,0.4375,,,,0,,,,3e-06,0.0005001735953555908,0.04956456571518282,,0,,0.1015625,,89.57837677001953,,-0.0010407357476651669,3.2109375,,42,0.1484375,201.00145920400246,,51.589922564002336,,0.125,4096,,-7.049583246043767e-07,,,,0.1484375,50.13573075900058,,0,0.0035972498153569177,0.0419921875,0.25258897221647203,,0.5625,-0.0010407357476651669,0.125,0.158203125,0.0002275000952067785,43,1482.5850079901609,0,55391.77703857422,0.0011324991646688432,1192007.0,78,0,,77.00673252599881,0.0,0.042059929815009965,,0.0001532631617919833,0,,0.0859375,0.0078125,,0,0.0004949997673975304,0,1016.4677734375,37.79088705778122,22.06030261699925,0.5625,205.0,,,,48.956581115722656,,0.000627501322014723,0,,,1780317838.6773345,0.20645166599933873,0.09375,,0,0.1328125,1,0,2,,201.00145920400246,,271,0,,0.158203125,,0.09375,4319,0.0859375,,,,190.13741540908813,0,,147.6015625,1024,0,,,,0.0002600008883746341,17966.032333049,21025.1522064209,,,0,0,-0.12321428209543228,0,83.74528503417969,0.0078125,,0.1015625,1,0,,,,,0,0.0078125,981,0.4773236811161041,-0.12321428209543228,0.00333404541015625,0
537.5959489001834,0.001027500729833264,0,79,,1.0,0.06493110971921832,,0.390625,,,,0,,,,3e-06,0.0006488392828032374,0.05021939726389356,,0,,0.046875,,89.62511444091797,,-0.00019930957932956517,3.1015625,,39,0.125,210.9021447410014,,51.15714406900224,,0.1160714253783226,4096,,1.5286528451952108e-05,,,,0.125,61.54533962400092,,0,0.0029199991331552155,0.03515625,0.2848614822141826,,0.609375,-0.00019930957932956517,0.1160714253783226,0.134765625,0.00023999928089324385,36,1389.5840194508232,0,54742.088317871094,0.0010525000107008964,1172265.0,79,0,,76.11646733499947,0.0,0.052501217407327626,,0.000220043841181905,0,,0.1328125,0.0078125,,0,0.000529999852005858,0,994.7978515625,36.02684661746025,21.885852864998014,0.609375,205.0,,,,48.58530044555664,,0.0006150012268335558,0,,,1780318049.598851,0.19495579800059204,0.078125,,0,0.171875,1,0,2,,210.9021447410014,,297,0,,0.134765625,,0.078125,4369,0.1328125,,,,190.13741540908813,0,,149.9921875,757,0,,,,0.0003450013537076302,18174.858906124,20800.464630126953,,,0,0,-0.125,0,80.90831756591797,0.0,,0.046875,1,0,,,,,0,0.0078125,988,0.45308423042297363,-0.125,0.00278472900390625,0
515.6371431922016,0.0009522500477032736,0,80,,1.0,0.0645020674857846,,0.4296875,,,,0,,,,3e-06,-6.760837277397513e-05,0.047955588539170604,,0,,0.0625,,89.57043075561523,,-0.00020545956795103848,3.0234375,,36,0.171875,208.8008729059984,,50.68613179500244,,0.125,4096,,-7.570185816518915e-05,,7.811186279999674,,0.171875,51.159235373997944,,0,0.003189999915775843,0.0341796875,0.23124476138036698,,0.5703125,-0.00020545956795103848,0.125,0.1591796875,0.00023500069801229984,35,1427.0186989790125,0,55232.64694213867,0.0009474997568759136,1191851.0,80,0,,76.87685363499986,0.0,0.04292418714587473,,0.0003046721349164727,0,,0.0703125,0.015625,,0,0.0004899993655271828,0,1032.1669921875,36.374352872371674,22.068058959001064,0.5703125,205.0,,,,48.14117431640625,,0.0006474992915173061,0,,,1780318258.425593,0.19742265600143583,0.109375,,0,0.21875,1,0,2,,208.8008729059984,,251,0,,0.1591796875,,0.109375,4424,0.0703125,,,,190.13741540908813,0,,131.75,581,0,,,,0.0003975010258727707,18387.164508224,21091.957092285156,,,0,0,-0.21875,0,80.74080657958984,0.0,,0.0625,1,0,,,,,0,0.015625,989,0.44463416934013367,-0.21875,0.00307464599609375,0
523.5628567525127,0.0010100002327817492,0,81,,1.0,0.06148806838044654,,0.4296875,,,,0,,,,3e-06,0.0005934763830737211,0.051252810365920116,,0,,0.09375,,89.60529327392578,,-0.0005363503005355597,3.375,,44,0.1015625,212.24887377900086,,56.427960386998166,,0.1116071417927742,4096,,9.079737935735466e-06,,,,0.1015625,54.78029768600027,,0,0.0029650000215042382,0.0478515625,0.26707700453698635,,0.5703125,-0.0005363503005355597,0.1116071417927742,0.166015625,0.0003875002221320756,49,1501.4979553287512,0,56426.71203613281,0.0011900010576937348,1274765.0,81,0,,78.38283748899994,0.0,0.04297285984946266,,0.0002383844612268149,0,,0.125,0.0078125,,0,0.00042999909055652097,0,1075.1689453125,34.21146050095558,22.4472700740007,0.5703125,205.0,,,,51.86121368408203,,0.0006749996828148142,0,,,1780318470.73115,0.20840647899967735,0.1015625,,0,0.140625,1,0,4,,212.24887377900086,,228,0,,0.166015625,,0.1015625,4479,0.125,,,,190.13741540908813,0,,169.71875,752,0,,,,0.00039000042306724936,18601.446360273,21398.0770111084,,,0,0,-0.1071428582072258,0,86.02271270751953,0.0,,0.09375,1,0,,,,,0,0.0078125,975,0.5282398462295532,-0.1071428582072258,0.00325775146484375,0
518.1265076653217,0.0009200011845678091,0,82,,1.0,0.061926720302762264,,0.4453125,,,,0,,,,3e-06,0.0002193237487517763,0.049354008101807144,,0,,0.125,,89.59082412719727,,-0.0006666752160526812,3.15625,,39,0.171875,214.26503924999997,,53.686401640999975,,0.125,4096,,-6.0234269454895184e-05,,,,0.171875,60.4393839689983,,0,0.0033599999369471334,0.046875,0.2768742269836366,,0.5546875,-0.0006666752160526812,0.125,0.142578125,0.000252499376074411,48,1461.6546922271643,0,56268.20373535156,0.0009349996616947465,1252726.0,82,0,,77.57721261799816,0.0,0.04824629166234141,,0.0002359900372539414,0,,0.09375,0.0078125,,0,0.0004999983502784744,0,1062.287109375,36.05534881353378,22.359202777002793,0.5546875,205.0,,,,49.78659439086914,,0.0005724996299250051,0,,,1780318685.013076,0.20107657799962908,0.046875,,0,0.1328125,1,0,2,,214.26503924999997,,316,0,,0.142578125,,0.046875,4536,0.09375,,,,190.13741540908813,0,,161.078125,651,0,,,,0.00030749924917472526,18833.097928924,20754.54330444336,,,0,0,-0.07857143133878708,0,88.91943359375,0.0,,0.125,1,0,,,,,0,0.0078125,976,0.44731777906417847,-0.07857143133878708,0.0034637451171875,0
597.3807419541117,0.0009075001798919402,0,83,,0.9921875,0.05952876900231329,,0.4453125,,,,0,,,,3e-06,0.00031983235021471046,0.05051211007240086,,0,,0.09375,,89.60052108764648,,-0.00027190035325475037,3.40625,,50,0.171875,231.62926462999894,,58.04750665300162,,0.11249999701976776,4096,,0.00011237248654083487,,,,0.171875,72.2402389739982,,0,0.0026249999791616574,0.052734375,0.26788198738358915,,0.5546875,-0.00027190035325475037,0.11249999701976776,0.1708984375,0.0002275000952067785,54,1427.1296872959447,0,56668.121337890625,0.0010272497092955746,1322260.0,83,0,,78.71251010099877,0.0,0.0546339138853162,,0.00028486333940236364,0,,0.0703125,0.0234375,,0,0.0004450012056622654,0,1122.24609375,36.262936890125275,22.427440786999796,0.5546875,205.0,,,,50.91681671142578,,0.0006625004971283488,0,,,1780318916.6646707,0.19970991799709736,0.0859375,,0,0.125,1,0,2,,231.62926462999894,,257,0,,0.1708984375,,0.0859375,4593,0.0703125,,,,190.13741540908813,0,,169.0234375,1024,0,,,,0.0003450004442129284,19202.142103489,21410.470962524414,,,0,0,-0.1071428582072258,0,84.97711181640625,0.0078125,,0.09375,1,0,,,,,0,0.0234375,970,0.4645075500011444,-0.1071428582072258,0.00376129150390625,0
535.680519114976,0.000910000380827114,0,84,,0.9921875,0.06287848435499366,,0.515625,,,,0,,,,3e-06,0.0016001961630536243,0.04967592503218233,,0,,0.15625,,89.70195388793945,,-0.0010120143415406346,3.28125,,41,0.1484375,369.0195693120004,,53.83404833700115,,0.1205357164144516,4096,,1.4941005360924464e-05,,,,0.1484375,214.95594830399932,,0,0.003584999831218738,0.0458984375,0.26444674585945904,,0.484375,-0.0010120143415406346,0.1205357164144516,0.2001953125,0.00021999949240125716,47,837.5822739597694,0,55901.48162841797,0.001117499778047204,1236337.0,84,0,,77.73899671199979,0.0,0.17386517454706873,,0.00025838759438556735,0,,0.078125,0.0078125,,0,0.0005100000635138713,0,1058.3056640625,35.97206249833107,22.29073037300259,0.484375,205.0,,,,48.85951614379883,,0.000607498805038631,0,,,1780319285.7087936,0.1978387009985454,0.125,,0,0.2109375,1,0,2,,369.0195693120004,,240,0,,0.2001953125,,0.125,4659,0.078125,,,,190.13741540908813,0,,149.0546875,794,0,,,,0.0004374996933620423,19474.529014928,21265.59066772461,,,0,0,-0.0892857164144516,0,80.95903015136719,0.0,,0.15625,1,0,,,,,0,0.0078125,977,0.4344421327114105,-0.0892857164144516,0.003936767578125,0
557.908286661579,0.0009449995559407398,0,85,,0.9921875,0.0643928643589594,,0.4765625,,,,0,,,,3e-06,-0.0006012721369188512,0.049860180129167084,,0,,0.1171875,,89.60946273803711,,4.5424305426422507e-05,3.34375,,47,0.140625,272.3654808760002,,51.416316350998386,,0.125,4096,,5.34732475898636e-06,,,,0.140625,122.67807480000192,,0,0.0034374988899799064,0.0390625,0.23864948889240623,,0.5234375,4.5424305426422507e-05,0.125,0.177734375,0.001452500328014139,40,1083.9938271561475,0,55063.2209777832,0.0012825003068428487,1180970.0,85,0,,76.04604102200028,0.0,0.10387907804601465,,0.00026152536497647816,0,,0.1015625,0.0078125,,0,0.0006000009307172149,0,1007.041015625,36.29960119724274,21.985712132001936,0.5234375,205.0,,,,48.700462341308594,,0.0006774998837499879,0,,,1780319558.0957425,0.2376491819995863,0.109375,,0,0.1171875,1,0,3,,272.3654808760002,,257,0,,0.177734375,,0.109375,4720,0.1015625,,,,190.13741540908813,0,,146.25,769,0,,,,0.0003199993443558924,19680.427829696,20388.364791870117,,,0,0,-0.1875,0,75.43545532226562,0.0,,0.1171875,1,0,,,,,0,0.0078125,984,0.4424505829811096,-0.1875,0.00392913818359375,0
540.7776647452556,0.0010225003279629163,0,86,,1.0,0.06350772658821466,,0.46875,,,,0,,,,3e-06,0.0003341048322909046,0.04908225070104778,,0,,0.0859375,,89.57596969604492,,-0.0005296690505929291,3.59375,,40,0.1796875,205.88306848399952,,53.10473747500146,,0.125,4096,,-4.9820178602999476e-05,,,,0.1796875,53.37988256199969,,0,0.00326249937643297,0.0400390625,0.23282974143512547,,0.53125,-0.0005296690505929291,0.125,0.1796875,0.00024499877326888964,41,1474.9464452614754,0,55535.53009033203,0.0010499998097657226,1214666.0,86,0,,77.14067622400034,0.0,0.04394614038920962,,0.0002564038263699331,0,,0.0703125,0.015625,,0,0.0005250003596302122,0,1056.595703125,34.48071703314781,22.01364841100076,0.53125,205.0,,,,48.87976837158203,,0.0006625004971283488,0,,,1780319763.9945467,0.24225477700019837,0.1171875,,0,0.1484375,1,0,12,,205.88306848399952,,234,0,,0.1796875,,0.1171875,4780,0.0703125,,,,190.13741540908813,0,,129.6015625,735,0,,,,0.0003275008566561155,19886.876632355,21029.647827148438,,,0,0,-0.1339285671710968,0,74.59171295166016,0.0,,0.0859375,1,0,,,,,0,0.015625,983,0.4432130753993988,-0.1339285671710968,0.0038604736328125,0
547.9203776376235,0.0009300001693191007,0,87,,1.0,0.0611114074673032,,0.40625,,,,0,,,,3e-06,0.0005501978630491067,0.04728397145706476,,0,,0.09375,,89.58918380737305,,-0.00012698776845354587,3.1328125,,39,0.171875,206.42115044399907,,53.33726548299819,,0.1205357164144516,4096,,-1.6283752842127797e-05,,,,0.171875,52.925650925997616,,0,0.0025974995878641494,0.0517578125,0.2614067343529314,,0.59375,-0.00012698776845354587,0.1205357164144516,0.142578125,0.0001599992174305953,53,1539.7598517223068,0,55952.62145996094,0.0009824998414842412,1271356.0,87,0,,77.69435455200073,0.0,0.04162929260254218,,0.00020434871566976653,0,,0.0546875,0.0234375,,0,0.00039750193536747247,0,1101.58203125,37.55093738436699,22.267303837001236,0.59375,205.0,,,,49.93558120727539,,0.0005724996299250051,0,,,1780319970.4432313,0.1942608659992402,0.0625,,0,0.1640625,1,0,3,,206.42115044399907,,239,0,,0.142578125,,0.0625,4832,0.0546875,,,,190.13741540908813,0,,139.9765625,719,0,,,,0.0003149998519802466,20098.892130244,21155.994415283203,,,0,0,-0.10625000298023224,0,78.50237274169922,0.0,,0.09375,1,0,,,,,0,0.0234375,971,0.41706955432891846,-0.10625000298023224,0.00307464599609375,0
518.3653716885601,0.000940000063565094,0,88,,1.0,0.06165177220532656,,0.421875,,,,0,,,,3e-06,0.0010105212386406492,0.05031950047282926,,0,,0.09375,,89.61913681030273,,-0.0009044043836183846,3.53125,,36,0.15625,211.99905010400107,,54.38179374600077,,0.11249999701976776,4096,,2.1094135083998822e-05,,,,0.15625,57.86694668599739,,0,0.003294999260106124,0.0439453125,0.18924025062005967,,0.578125,-0.0009044043836183846,0.11249999701976776,0.1591796875,0.00018500031728763133,45,1477.1882225244444,0,56060.95886230469,0.001164999048341997,1252650.0,88,0,,77.22809245300232,0.0,0.0461956226288248,,0.0001464878973820305,0,,0.0625,0.0078125,,0,0.00046499917516484857,0,1055.400390625,35.206880420446396,22.30885408299946,0.578125,205.0,,,,49.338043212890625,,0.0005449992386274971,0,,,1780320182.4588058,0.21132474100159016,0.1015625,,0,0.15625,1,0,7,,211.99905010400107,,276,0,,0.1591796875,,0.1015625,4886,0.0625,,,,190.13741540908813,0,,167.890625,873,0,,,,0.0003300010575912893,20315.667250498,20613.365173339844,,,0,0,-0.1071428582072258,0,84.1750717163086,0.0,,0.09375,1,0,,,,,0,0.0078125,979,0.42195308208465576,-0.1071428582072258,0.0037689208984375,0
536.608583527588,0.0010025005394709297,0,89,,1.0,0.0595539600980225,,0.4921875,,,,0,,,,3e-06,0.002330226230697008,0.04672676956600422,,0,,0.1484375,,89.62765502929688,,-0.0008800489013083279,3.1171875,,44,0.203125,216.72456092599896,,53.963484548999986,,0.1205357164144516,4096,,2.3569977798842956e-05,,,,0.203125,61.026909764001175,,0,0.0033550004445714876,0.0615234375,0.2653389819897711,,0.5078125,-0.0008800489013083279,0.1205357164144516,0.1708984375,0.0002674987626960501,63,1526.5840133041904,0,57297.576904296875,0.0011974989320151508,1323393.0,89,0,,78.8132939160023,0.0,0.04611397352411655,,9.078746234081336e-05,0,,0.046875,0.015625,,0,0.000482500581711065,0,1127.8056640625,37.20442205667496,22.710029437999765,0.5078125,205.0,,,,50.957645416259766,,0.0006350001058308408,0,,,1780320399.2340074,0.20889584299948183,0.078125,,0,0.1875,1,0,3,,216.72456092599896,,274,0,,0.1708984375,,0.078125,4949,0.046875,,,,190.13741540908813,0,,164.5703125,758,0,,,,0.0004100011210539378,20522.998727005,20941.631317138672,,,0,0,-0.09375,0,89.82475280761719,0.0,,0.1484375,1,0,,,,,0,0.015625,961,0.4399818181991577,-0.09375,0.00359344482421875,0
560.2017455121095,0.001192499439639505,0,90,,1.0,0.06451691227416492,,0.4765625,,,,0,,,,3e-06,0.0007899189877207391,0.048256943301449494,,0,,0.1015625,,89.66912078857422,,-0.0007869915571063757,3.515625,,34,0.171875,207.31001310499778,,50.76215425600094,,0.125,4096,,-1.8373320621378753e-05,,7.801070017001621,,0.171875,49.59037843099941,,0,0.004102499588043429,0.0380859375,0.29975123470649123,,0.5234375,-0.0007869915571063757,0.125,0.1884765625,0.00026750058168545365,39,1436.5369792783083,0,55298.42758178711,0.001262500518350862,1191234.0,90,0,,76.85473947600258,0.0,0.0416294182595522,,0.00018449895264893712,0,,0.0703125,0.0078125,,0,0.0005325009624357335,0,1027.259765625,37.05798089504242,22.08733291899989,0.5234375,205.0,,,,47.80668640136719,,0.0005924994184169918,0,,,1780320606.565324,0.21241208100036602,0.125,,0,0.1015625,1,0,2,,207.31001310499778,,252,0,,0.1884765625,,0.125,5010,0.0703125,,,,190.13741540908813,0,,136.0546875,625,0,,,,0.0004175008143647574,20733.82972079,20958.744049072266,,,0,0,-0.08214285969734192,0,75.08004760742188,0.0,,0.1015625,1,0,,,,,0,0.0078125,985,0.5245399475097656,-0.08214285969734192,0.0031585693359375,0
537.6427930869249,0.0010325002222089097,0,91,,1.0,0.06057308246973829,,0.484375,,,,0,,,,3e-06,0.0004617533086275216,0.04962692261241423,,0,,0.109375,,89.37314987182617,,-0.0011429052101448178,3.171875,,40,0.1484375,210.8078046740011,,55.79371289700066,,0.10357142984867096,4096,,6.23766574108231e-05,,,,0.1484375,55.160654551000334,,0,0.0036225001167622395,0.0498046875,0.2619439910631627,,0.515625,-0.0011429052101448178,0.10357142984867096,0.1826171875,0.00018999980966327712,51,1514.0983536809485,0,56035.96115112305,0.001030000021273736,1276735.0,91,0,,77.33577444700131,0.0,0.04320446651106168,,0.00031218707545122015,0,,0.109375,0.0078125,,0,0.0005224992492003366,0,1097.9130859375,34.35809910297394,22.30978716000027,0.515625,205.0,,,,52.348480224609375,,0.000732500666345004,0,,,1780320817.3964424,0.2053240690001985,0.109375,,0,0.171875,1,0,2,,210.8078046740011,,221,0,,0.1826171875,,0.109375,5072,0.109375,,,,190.13741540908813,0,,148.8984375,707,0,,,,0.0004524999894783832,20966.846055882,20727.542877197266,,,0,0,-0.1428571492433548,0,93.93478393554688,0.0,,0.109375,1,0,,,,,0,0.0078125,973,0.629531741142273,-0.1428571492433548,0.004058837890625,0
550.3597329334298,0.0008699998943484388,0,92,,1.0,0.06362580092347458,,0.46875,,,,0,,,,3e-06,0.0008469921194773633,0.04885470148545192,,0,,0.109375,,89.61243057250977,,-0.0006175231537781656,3.4609375,,51,0.1484375,232.99485399999685,,51.770203505999234,,0.1205357164144516,4096,,1.7620061825596167e-05,,,,0.1484375,81.79042506300175,,0,0.0031974996090866625,0.041015625,0.2586392511148006,,0.53125,-0.0006175231537781656,0.1205357164144516,0.162109375,0.00022499989427160472,42,1300.3946001314007,0,55560.428619384766,0.0010674993973225355,1211941.0,92,0,,77.11071679699671,0.0,0.06748713432667246,,0.0002550267845435883,0,,0.125,0.0078125,,0,0.0004925004759570584,0,1034.8408203125,37.13112697005272,22.015181033999397,0.53125,205.0,,,,48.767845153808594,,0.0005199999577598646,0,,,1780321050.412771,0.3060564279985556,0.078125,,0,0.125,1,0,3,,232.99485399999685,,260,0,,0.162109375,,0.078125,5132,0.125,,,,190.13741540908813,0,,148.6953125,758,0,,,,0.00026250108930980787,21169.805396644,20962.53204345703,,,0,0,-0.125,0,74.88077545166016,0.0,,0.109375,1,0,,,,,0,0.0078125,982,0.5220829844474792,-0.125,0.00333404541015625,0
537.6080805144738,0.0010674993973225355,0,93,,1.0,0.06344219542616751,,0.40625,,,,0,,,,3e-06,0.0006017957639414817,0.050684162316172884,,0,,0.1015625,,89.68820190429688,,-0.0004100760561414063,3.1484375,,46,0.1484375,202.9452467279989,,53.52688492800007,,0.125,4096,,-6.67413022839014e-05,,,,0.1484375,50.920767944000545,,0,0.003494748852972407,0.037109375,0.28786127222701907,,0.59375,-0.0004100760561414063,0.125,0.1279296875,0.0001875005182228051,38,1480.062996511462,0,55273.09036254883,0.0010624999049468897,1201487.0,93,0,,76.22497305599973,0.0,0.04238145559960328,,0.0002838302116288105,0,,0.1015625,0.0,,0,0.0005174997568246908,0,1031.3349609375,36.40437126159668,22.073995479000587,0.59375,205.0,,,,48.32529830932617,,0.0006574991857632995,0,,,1780321253.3720648,0.19628525900043314,0.0546875,,0,0.1640625,1,0,3,,202.9452467279989,,275,0,,0.1279296875,,0.0546875,5184,0.1015625,,,,190.13741540908813,0,,141.9921875,514,0,,,,0.0004725006874650717,21378.473971465,20377.574920654297,,,0,0,-0.1339285671710968,0,83.21855926513672,0.0,,0.1015625,1,0,,,,,0,0.0,986,0.43837663531303406,-0.1339285671710968,0.0034942626953125,0
539.3970929116767,0.000940000063565094,0,94,,1.0,0.0618927419786462,,0.4609375,,,,0,,,,3e-06,0.0005326767713995655,0.05013868929250267,,0,,0.09375,,89.61074447631836,,-0.0014288442907854915,3.8515625,,47,0.140625,208.64929235199816,,53.79766042100164,,0.1160714253783226,4096,,0.00010090792417827288,,,,0.140625,54.7524506080008,,0,0.003192499207216315,0.0556640625,0.2803364768624306,,0.5390625,-0.0014288442907854915,0.1160714253783226,0.1650390625,0.00020249990484444425,57,1499.0812883866683,0,56644.412994384766,0.0010799985830090009,1251129.0,94,0,,77.43580437900164,0.0,0.043762434255780816,,0.00015857547850828269,0,,0.1328125,0.0,,0,0.0005575011527980678,0,1047.8291015625,37.91588917374611,22.45507721300237,0.5390625,205.0,,,,49.42988586425781,,0.0007125008778530173,0,,,1780321462.040655,0.20628510599999572,0.09375,,0,0.125,1,0,2,,208.64929235199816,,276,0,,0.1650390625,,0.09375,5243,0.1328125,,,,190.13741540908813,0,,173.9765625,758,0,,,,0.0004875000740867108,22175.452537541,20213.790893554688,,,0,0,-0.21875,0,93.86436462402344,0.0,,0.09375,1,0,,,,,0,0.0,967,0.5196783542633057,-0.21875,0.00439453125,0
580.8030938778829,0.000940000063565094,0,95,,1.0,0.0641596893643449,,0.4375,,,,0,,,,3e-06,-0.0001510565089120064,0.04920876829032496,,0,,0.1171875,,89.68445587158203,,-0.00023611752840224653,3.15625,,44,0.140625,796.9598015109987,,51.954814395998255,,0.10803571343421936,4096,,-1.864990463218419e-05,,,,0.140625,645.550566681999,,0,0.0030050005079829134,0.033203125,0.3047937643714249,,0.5625,-0.00023611752840224653,0.10803571343421936,0.158203125,0.0002449996827635914,34,377.69910029250804,0,55140.11001586914,0.0010650001058820635,1204044.0,95,0,,77.25108902100328,0.0,0.5361519734179141,,0.00021962691425869707,0,,0.0859375,0.0078125,,0,0.0004849980541621335,0,1031.05859375,37.398334592580795,22.005367862999265,0.5625,205.0,,,,48.17512512207031,,0.000664998879074119,0,,,1780322259.0192173,0.1958142859984946,0.0859375,,0,0.2109375,1,0,2,,796.9598015109987,,241,0,,0.158203125,,0.0859375,5299,0.0859375,,,,190.13741540908813,0,,144.765625,718,0,,,,0.00040500162867829204,22446.180774076,21492.46597290039,,,0,0,-0.1071428582072258,0,94.04779052734375,0.0,,0.1171875,1,0,,,,,0,0.0078125,990,0.4245772957801819,-0.1071428582072258,0.00347900390625,0
517.6094371491054,0.000910000380827114,0,96,,1.0,0.05992128837232883,,0.4453125,,,,0,,,,3e-06,0.0009912140740198083,0.04656811671396629,,0,,0.0859375,,89.62688446044922,,-0.0011379310162737966,3.21875,,47,0.1640625,270.71041281699945,,53.42722776099981,,0.1071428582072258,4096,,6.935933993190702e-05,,,,0.1640625,116.31163942800049,,0,0.0032899988582357764,0.0546875,0.30555372359231114,,0.5546875,-0.0011379310162737966,0.1071428582072258,0.1572265625,0.00019500021153362468,56,1206.3924568013217,0,56378.36456298828,0.0011224992704228498,1306332.0,96,0,,78.27709648200107,0.0,0.0890368140932018,,0.00021941672093817033,0,,0.09375,0.015625,,0,0.000464749064121861,0,1120.40234375,33.21274369955063,22.423370336000517,0.5546875,205.0,,,,50.05549621582031,,0.0006975005817366764,0,,,1780322529.7475057,0.269164716002706,0.0859375,,0,0.1953125,1,0,2,,270.71041281699945,,252,0,,0.1572265625,,0.0859375,5356,0.09375,,,,190.13741540908813,0,,155.3125,768,0,,,,0.000382499820261728,22648.824637428,21347.597122192383,,,0,0,-0.09107142686843872,0,88.06646728515625,0.0,,0.0859375,1,0,,,,,0,0.015625,968,0.6132136583328247,-0.09107142686843872,0.0042877197265625,0
520.9181580912555,0.00093500148068415,0,97,,1.0,0.060671572026396905,,0.4140625,,,,0,,,,3e-06,0.0004941436709486879,0.0474736691061007,,0,,0.1171875,,89.61435317993164,,-0.0004537651839200407,3.3203125,,49,0.1171875,202.59747425100068,,51.75959195299947,,0.1116071417927742,4096,,-6.20048293740183e-05,,,,0.1171875,51.654096127997036,,0,0.0029299999368959107,0.046875,0.2341897488804534,,0.5859375,-0.0004537651839200407,0.1116071417927742,0.1689453125,0.00017249931261176243,48,1561.6384220468005,0,55715.70587158203,0.0010325002222089097,1265536.0,97,0,,76.78205857599824,0.0,0.04081598321027378,,0.00013336575375433313,0,,0.078125,0.03125,,0,0.0004599996827892028,0,1064.7265625,35.146038979291916,22.198359595997317,0.5859375,205.0,,,,48.74650573730469,,0.0005674992280546576,0,,,1780322732.3913338,0.20040647499990882,0.0703125,,0,0.2109375,1,0,2,,202.59747425100068,,236,0,,0.1689453125,,0.0703125,5409,0.078125,,,,190.13741540908813,0,,171.1484375,756,0,,,,0.00030749924917472526,23013.334248076,20510.047912597656,,,0,0,-0.11249999701976776,0,74.56595611572266,0.0,,0.1171875,1,0,,,,,0,0.03125,976,0.4372578263282776,-0.11249999701976776,0.0045623779296875,0
538.8868504769634,0.0010474996088305488,0,98,,0.9921875,0.06435550128152806,,0.4375,,,,0,,,,3e-06,0.0012785559356416343,0.04916016153786463,,0,,0.140625,,89.7024040222168,,-0.0003298642986919731,3.2109375,,50,0.1171875,364.48785388000033,,50.69887459399979,,0.125,4096,,0.00011562684542099078,,,,0.1171875,215.75368400099978,,0,0.0028774993552360684,0.044921875,0.32818352337926626,,0.5625,-0.0003298642986919731,0.125,0.181640625,0.0002649994712555781,46,808.7100759660566,0,54939.86511230469,0.0010849998943740502,1179060.0,98,0,,75.87899734099847,0.0,0.1829878750877816,,0.0003983515643994906,0,,0.078125,0.0234375,,0,0.000557500243303366,0,1007.12890625,36.69581189751625,21.954447653999523,0.5625,205.0,,,,47.299156188964844,,0.0006299997039604932,0,,,1780323096.9009485,0.19979399600197212,0.078125,,0,0.1015625,1,0,2,,364.48785388000033,,275,0,,0.181640625,,0.078125,5465,0.078125,,,,190.13741540908813,0,,144.296875,752,0,,,,0.00042749979911604896,23223.289862796,20363.21449279785,,,0,0,-0.125,0,76.5639419555664,0.0,,0.140625,1,0,,,,,0,0.0234375,978,0.38493475317955017,-0.125,0.003875732421875,0
518.0437671124237,0.0010675003068172373,0,99,,1.0,0.06457791738798899,,0.4296875,,,,0,,,,3e-06,-5.2728724767803214e-05,0.04989663590522598,,0,,0.09375,,89.64420700073242,,-0.0002522289287298918,3.2734375,,49,0.1328125,209.9437020999976,,51.652598316002695,,0.1071428582072258,4096,,-4.976802171086092e-05,,,,0.1328125,58.37986203999753,,0,0.0032347488740924746,0.04296875,0.24161700275726616,,0.5703125,-0.0002522289287298918,0.1071428582072258,0.1640625,0.0002124997990904376,44,1429.6404083464213,0,55515.40756225586,0.0010399999155197293,1200576.0,99,0,,77.53069774600226,0.0,0.04862654429207108,,0.00012711693307210226,0,,0.0859375,0.0078125,,0,0.0006649997885688208,0,1010.9296875,37.05572336912155,22.144061040999077,0.5703125,205.0,,,,48.519107818603516,,0.0006475002010120079,0,,,1780323306.8565993,0.2346667800011346,0.109375,,0,0.1953125,1,0,2,,209.9437020999976,,260,0,,0.1640625,,0.109375,5520,0.0859375,,,,190.13741540908813,0,,161.5078125,737,0,,,,0.00034499953471822664,23574.954440935,21459.941864013672,,,0,0,-0.09285714477300644,0,75.5365982055664,0.0,,0.09375,1,0,,,,,0,0.0078125,980,0.410180926322937,-0.09285714477300644,0.0029754638671875,0
530.8265073572256,0.0010650001058820635,0,100,0.0,0.9921875,0.05758569357534566,0.8095703125,0.4453125,0.06666666666666667,0.0,0.0,0,0.0,0.1813186813186813,"{'size': 19728, '_type': 'table-file', 'ncols': 13, 'log_mode': 'IMMUTABLE', 'nrows': 2, 'path': 'media/table/val/generations_99_c38c90995afdef9c0345.table.json', 'artifact_path': 'wandb-client-artifact://d0oatzwsvb3vzpbzmyzs70m8w7xvklnjvb8oqcjsdbe7wriq2nspdujyb3kx9pb0n8eac92rbddcev4p7ko29zyvrl1p1eyhycyw6jkji8hxv4b8bto4qb3ug1z3tbtz/val/generations.table.json', '_latest_artifact_path': 'wandb-client-artifact://2woxnzxvqaw47vc341t9gg21udwcerw62hp5g68winyv24nygj3fsk95dskad546jnfbn94rjrkoa1qoqrfuj0io9k5uhaga4380167pu6xxstmzwtukzgno6e9w9wkt:latest/val/generations.table.json', 'sha256': 'c38c90995afdef9c0345846780ab588d7804eecf7df56def7a2e743aac731ca3'}",3e-06,0.0026612666952132713,0.04808827422827619,76.40669619599794,0,0.0,0.1015625,0.1869070208728653,89.60010528564453,0.0,-0.0009228792623616755,3.1953125,0.0,36,0.1328125,359.01706367299994,0.0,56.776190380001935,30.0,0.11249999701976776,4096,0.0,-3.894627252520877e-05,0.0,7.338614827000129,0.1904296875,0.1328125,116.94974522600023,1054.0,0,0.0033547494240337983,0.060546875,0.24122223840095103,0.0,0.5546875,-0.0009228792623616755,0.11249999701976776,0.154296875,0.00020250081433914602,62,949.8559664857684,0,57491.485595703125,0.0010599987945170142,1364058.0,100,0,0.0,78.55022600699886,0.0,0.08573663673098962,0.1904296875,0.0003035795969026367,0,0.0,0.1171875,0.0,0.18480725623582767,0,0.0005950005288468674,0,1152.994140625,36.94477304816246,22.778632860998187,0.5546875,205.0,0.0,0.0,0.0,51.684326171875,0.0,0.0005799993232358247,0,1024.0,0.0,1780323665.9010553,0.21431570899949293,0.09375,0.0,0,0.15625,1,0,3,0.0,359.01706367299994,0.0,241,0,0.07142857142857142,0.154296875,0.0,0.09375,5577,0.1171875,0.0,0.8130929791271347,0.0,190.13741540908813,0,0.0,179.09375,1024,0,0.0,0.0,0.0,0.000302501575788483,23788.501423886,20490.720748901367,0.0,0.0,0,0,-0.15625,0,96.04129028320312,0.0078125,0.06666666666666667,0.1015625,1,0,0.0,0.9333333333333333,0.0,0.0,0,0.0,962,0.44921600818634033,-0.15625,0.0040283203125,0
531.8380619410309,0.0010799994925037026,0,101,,1.0,0.06396236291351118,,0.40625,,,,0,,,,3e-06,0.000225332554691704,0.05178802770911319,,0,,0.0625,,89.6624870300293,,0.0002503271389286965,3.3671875,,52,0.1796875,206.14348446500298,,53.3820632019997,,0.125,4096,,-7.548526939871181e-05,,,,0.1796875,54.7267066860004,,0,0.004059999810124282,0.0322265625,0.2858365187421441,,0.59375,0.0002503271389286965,0.125,0.13671875,0.00021500090952031314,33,1437.809207354885,0,54917.05322265625,0.0013700000636163168,1185580.0,101,0,,75.83249822300058,0.0,0.04616028162249734,,0.00025049393298104405,0,,0.0703125,0.0078125,,0,0.0006375012162607163,0,1006.62109375,37.231966853141785,21.99612850199992,0.59375,205.0,,,,50.03860092163086,,0.0005875017450307496,0,,,1780323872.0681458,0.2035532730005798,0.0859375,,0,0.1640625,1,0,9,,206.14348446500298,,232,0,,0.13671875,,0.0859375,5629,0.0703125,,,,190.13741540908813,0,,151.171875,806,0,,,,0.0004049989001941867,23996.93779108,20346.080780029297,,,0,0,-0.15625,0,70.8525619506836,0.0,,0.0625,1,0,,,,,0,0.0078125,991,0.486132949590683,-0.15625,0.003204345703125,0
513.0080352637451,0.000985000042419415,0,102,,1.0,0.06269931830088836,,0.4375,,,,0,,,,3e-06,0.001402434143528808,0.049149308886293784,,0,,0.0703125,,89.6574935913086,,-0.0007967791752889752,3.4921875,,51,0.125,208.4193637979988,,51.888793064998026,,0.1205357164144516,4096,,4.022515048518471e-05,,,,0.125,57.91435617000025,,0,0.0035524990380508825,0.0439453125,0.3266632556915283,,0.5625,-0.0007967791752889752,0.1205357164144516,0.1796875,0.0002400010998826474,45,1462.5248558739088,0,55041.046142578125,0.0011524998626555316,1219274.0,102,0,,76.44764862199736,0.0,0.04749904957376295,,4.954514770361129e-05,0,,0.1015625,0.0,,0,0.000607498805038631,0,1030.994140625,34.894175827503204,21.96791724799914,0.5625,205.0,,,,48.80508041381836,,0.0006724994818796404,0,,,1780324080.5044854,0.19856755799992243,0.140625,,0,0.1953125,1,0,4,,208.4193637979988,,229,0,,0.1796875,,0.140625,5685,0.1015625,,,,190.13741540908813,0,,159.703125,808,0,,,,0.0003825007297564298,24834.537442303,20858.366012573242,,,0,0,-0.125,0,69.5416259765625,0.0,,0.0703125,1,0,,,,,0,0.0,979,0.44184523820877075,-0.125,0.00299835205078125,0
612.7409148184524,0.0010674993973225355,0,103,,1.0,0.05837512949161738,,0.375,,,,0,,,,3e-06,0.0004212079002172686,0.04587289119353201,,0,,0.0703125,,89.65133285522461,,-7.9332385212183e-05,3.0234375,,43,0.1640625,837.577278212997,,54.569473906001804,,0.125,4096,,3.724752065181747e-05,,,,0.1640625,680.5874752210002,,0,0.0033947499105124734,0.07421875,0.28317674878053367,,0.625,-7.9332385212183e-05,0.125,0.1240234375,0.00018250011635245755,76,406.5905425784454,0,57077.37350463867,0.0011125002856715582,1362204.0,103,0,,79.51883489399916,0.0,0.4996222850769783,,0.00010702130475692684,0,,0.0625,0.0,,0,0.0005299989425111562,0,1161.69921875,36.80213913321495,22.6765109759981,0.625,205.0,,,,51.44043731689453,,0.000660000296193175,0,,,1780324918.1040103,0.22282839299805346,0.078125,,0,0.2890625,1,0,2,,837.577278212997,,247,0,,0.1240234375,,0.078125,5733,0.0625,,,,190.13741540908813,0,,168.578125,766,0,,,,0.00032749994716141373,25070.815276596,21791.627883911133,,,0,0,-0.0669642835855484,0,88.32066345214844,0.0,,0.0703125,1,0,,,,,0,0.0,948,0.5513906478881836,-0.0669642835855484,0.003265380859375,0
570.3385950118827,0.0008750002962187864,0,104,,1.0,0.06460839877107975,,0.4921875,,,,0,,,,3e-06,0.0005729337608499918,0.050224165753184585,,0,,0.09375,,89.51907348632812,,-0.0010924087837338448,3.328125,,41,0.15625,236.25403039100274,,52.690272739997454,,0.125,4096,,6.029035745314104e-05,,,,0.15625,84.2943047459994,,0,0.0032724992706789635,0.0458984375,0.2832589962054044,,0.5078125,-0.0010924087837338448,0.125,0.185546875,0.00019999970390927047,47,1261.2927682411644,0,55287.91427612305,0.0011750007615773939,1191942.0,104,0,,77.00946404799834,0.0,0.07072013969303825,,6.839005436631851e-05,0,,0.1171875,0.0078125,,0,0.0005449983291327953,0,1024.513671875,36.99112683534622,22.05443790500067,0.5078125,205.0,,,,47.92815399169922,,0.0006024993126629852,0,,,1780325154.3819654,0.20329891099754605,0.1171875,,0,0.15625,1,0,2,,236.25403039100274,,221,0,,0.185546875,,0.1171875,5796,0.1171875,,,,190.13741540908813,0,,139.4921875,812,0,,,,0.0003724990165210329,25304.084015022,21113.929748535156,,,0,0,-0.11517857015132904,0,74.8227767944336,0.0,,0.09375,1,0,,,,,0,0.0078125,977,0.46286967396736145,-0.11517857015132904,0.00374603271484375,0
530.2516932397557,0.0008974993761512451,0,105,,1.0,0.06391684375822175,,0.4765625,,,,0,,,,3e-06,0.0013033571085543372,0.04772410779474363,,0,,0.1484375,,89.62699890136719,,-0.0003512076218612492,3.203125,,40,0.1640625,233.2175682979978,,50.187578515000496,,0.125,4096,,-3.100555829860241e-05,,,,0.1640625,83.09699998100041,,0,0.0028250005925656296,0.0380859375,0.27675897581502795,,0.5234375,-0.0003512076218612492,0.125,0.1865234375,0.00016750072973081842,39,1299.8538326780185,0,55813.350677490234,0.0010574995030765422,1212595.0,105,0,,77.5052451570009,0.0,0.06852823900890273,,0.00021747152004536474,0,,0.0546875,0.015625,,0,0.0005574993338086642,0,1026.9716796875,36.36908903717995,22.23849280899958,0.5234375,205.0,,,,48.09812545776367,,0.0006200007192092016,0,,,1780325387.6506913,0.18722213299770374,0.09375,,0,0.2265625,1,0,2,,233.2175682979978,,244,0,,0.1865234375,,0.09375,5857,0.0546875,,,,190.13741540908813,0,,157.203125,758,0,,,,0.000350000846083276,25519.88475194,21124.990463256836,,,0,0,-0.0714285746216774,0,68.65412902832031,0.0,,0.1484375,1,0,,,,,0,0.015625,985,0.43734681606292725,-0.0714285746216774,0.0030975341796875,0
513.9722344319744,0.0008425004125456326,0,106,,1.0,0.06247798942898647,,0.390625,,,,0,,,,3e-06,0.0010697554753278382,0.04880430363153578,,0,,0.078125,,89.66794204711914,,-0.0011139623820781708,3.53125,,37,0.171875,215.78463179900064,,52.920165773997724,,0.125,4096,,-2.002152190527795e-05,,,,0.171875,62.20536667499982,,0,0.0028900003599119373,0.04296875,0.2325392561033368,,0.609375,-0.0011139623820781708,0.125,0.13671875,0.0002200013113906607,44,1450.7497470514943,0,55863.277435302734,0.0010325002222089097,1252198.0,106,0,,78.234813406998,0.0,0.04967694140623114,,7.970231854415033e-05,0,,0.0546875,0.0234375,,0,0.00044250009523238987,0,1058.919921875,34.84168276190758,22.22774010899957,0.609375,205.0,,,,49.24993896484375,,0.0006799991751904599,0,,,1780325603.4514527,0.1945153489978111,0.0625,,0,0.1875,1,0,2,,215.78463179900064,,221,0,,0.13671875,,0.0625,5907,0.0546875,,,,190.13741540908813,0,,163.9296875,711,0,,,,0.00034499953471822664,25895.155647262,21822.48306274414,,,0,0,-0.15000000596046448,0,80.76786804199219,0.0,,0.078125,1,0,,,,,0,0.0234375,980,0.399269163608551,-0.15000000596046448,0.00368499755859375,0
566.1341613431432,0.0010075000318465754,0,107,,0.9921875,0.06250545658491516,,0.484375,,,,0,,,,3e-06,7.282506339834072e-05,0.04786845885421283,,0,,0.1171875,,89.68678283691406,,-0.0009969571838155389,3.2890625,,47,0.1640625,375.2383653709985,,52.14124535999872,,0.125,4096,,3.917774718154021e-05,,,,0.1640625,223.70668322700294,,0,0.003992498022853397,0.0458984375,0.26387651450932026,,0.515625,-0.0009969571838155389,0.125,0.185546875,0.00027250007406109944,47,821.4118769418938,0,55758.70895385742,0.001072499799192883,1232901.0,107,0,,77.06303992899848,0.0,0.18144740188141867,,0.00023722261130387778,0,,0.0859375,0.0078125,,0,0.0004025005182484165,0,1063.7314453125,38.027528673410416,22.13863805100118,0.515625,205.0,,,,48.65497589111328,,0.0006249993020901456,0,,,1780325978.7222407,0.18680366800253978,0.109375,,0,0.1953125,1,0,8,,375.2383653709985,,249,0,,0.185546875,,0.109375,5969,0.0859375,,,,190.13741540908813,0,,140.2734375,863,0,,,,0.0002699989636312239,26113.235671317,20699.89776611328,,,0,0,-0.0892857164144516,0,73.63380432128906,0.0,,0.1171875,1,0,,,,,0,0.0078125,977,0.47119951248168945,-0.0892857164144516,0.0040130615234375,0
541.0464487003919,0.0009850009519141167,0,108,,1.0,0.06257209490839208,,0.4765625,,,,0,,,,3e-06,0.0010411776165710762,0.05453943658382853,,0,,0.09375,,89.72161483764648,,-0.0006426977342925966,3.3046875,,48,0.1640625,218.06753087199831,,59.54075745800219,,0.125,4096,,-8.950592880552222e-05,,,,0.1640625,57.67271637700105,,0,0.00399999953515362,0.05078125,0.19672999042086303,,0.5234375,-0.0006426977342925966,0.125,0.1787109375,0.0002824999683070928,52,1433.5799958385398,0,56299.62158203125,0.001277499904972501,1250469.0,108,0,,78.24446494800213,0.0,0.046120868551720234,,9.821236744755879e-05,0,,0.09375,0.0078125,,0,0.0005799993232358247,0,1066.1142578125,36.6659015417099,22.410411339998973,0.5234375,205.0,,,,54.22905349731445,,0.0006525006028823555,0,,,1780326196.8024218,0.19700583799931337,0.1171875,,0,0.1484375,1,0,3,,218.06753087199831,,238,0,,0.1787109375,,0.1171875,6030,0.09375,,,,190.13741540908813,0,,155.046875,676,0,,,,0.0003150007614749484,26327.576413012,21366.926193237305,,,0,0,-0.08214285969734192,0,72.46119689941406,0.0,,0.09375,1,0,,,,,0,0.0078125,972,0.5233150720596313,-0.08214285969734192,0.00354766845703125,0
551.7973723663163,0.0009925006452249363,0,109,,1.0,0.06211569742684481,,0.4765625,,,,0,,,,3e-06,0.00044110438648203854,0.04807595579329895,,0,,0.09375,,89.64115905761719,,-0.0006558112800121307,3.3359375,,38,0.1953125,214.3173247300001,,52.95383841999865,,0.125,4096,,3.155043114588807e-05,,,,0.1953125,61.03818626000066,,0,0.004102500497538131,0.0458984375,0.27562674949876964,,0.5234375,-0.0006558112800121307,0.125,0.1796875,0.0002425003913231194,47,1460.094280265141,0,56325.225830078125,0.00117250056064222,1251694.0,109,0,,77.74984577499708,0.0,0.0487644634071911,,0.00014006774131303246,0,,0.0546875,0.03125,,0,0.0006475002010120079,0,1075.646484375,37.71317005157471,22.37045778799802,0.5234375,205.0,,,,49.02594757080078,,0.000702500983607024,0,,,1780326411.1430364,0.202145652998297,0.1015625,,0,0.1640625,1,0,2,,214.3173247300001,,272,0,,0.1796875,,0.1015625,6091,0.0546875,,,,190.13741540908813,0,,146.7109375,767,0,,,,0.0004000012268079445,26561.872202676,20834.82551574707,,,0,0,-0.10982143133878708,0,92.73925018310547,0.0,,0.09375,1,0,,,,,0,0.03125,977,0.5040311813354492,-0.10982143133878708,0.00359344482421875,0
538.5582232156739,0.0009675004548626021,0,110,,0.9921875,0.05963392834408281,,0.421875,,,,0,,,,3e-06,0.0009869786590570584,0.045577933990971604,,0,,0.1171875,,89.60551071166992,,-0.0006290045566856861,3.4921875,,43,0.15625,234.26551321499937,,53.36515190299906,,0.125,4096,,3.453906937522788e-05,,12.887039822999213,,0.15625,67.09925275400019,,0,0.003217500307073351,0.046875,0.31277124071493745,,0.578125,-0.0006290045566856861,0.125,0.150390625,0.00021999949240125716,48,1403.8504664498912,0,56792.327880859375,0.0010474996088305488,1315495.0,110,0,,78.44813456699922,0.0,0.05100684742549397,,0.00012820209303754382,0,,0.0703125,0.015625,,0,0.00048750280257081613,0,1143.4130859375,36.89634054899216,22.240074421002646,0.578125,205.0,,,,50.25919723510742,,0.0006974996722419746,0,,,1780326645.4388382,0.22370592399965972,0.0625,,0,0.1953125,1,0,115,,234.26551321499937,,231,0,,0.150390625,,0.0625,6145,0.0703125,,,,190.13741540908813,0,,141.25,608,0,,,,0.00036499932321021333,26769.850962928,21080.032348632812,,,0,0,-0.10982143133878708,0,76.65526580810547,0.0,,0.1171875,1,0,,,,,0,0.015625,976,0.49596986174583435,-0.10982143133878708,0.00341033935546875,0
523.7402817401744,0.0008550005077267997,0,111,,1.0,0.06267518871018211,,0.484375,,,,0,,,,3e-06,2.036587829934433e-06,0.05014885354542693,,0,,0.0859375,,89.64140701293945,,-0.0011659935116767883,3.28125,,44,0.1796875,207.958055193998,,53.12804648800011,,0.125,4096,,-2.9000786128108302e-06,,,,0.1796875,56.07860790600171,,0,0.0029275006454554386,0.0341796875,0.2217127475887537,,0.515625,-0.0011659935116767883,0.125,0.1796875,0.00022499989427160472,35,1467.9005807937097,0,55004.63104248047,0.0010875010048039258,1221047.0,111,0,,76.52935114900174,0.0,0.045926657946829,,0.00021146829089957464,0,,0.109375,0.015625,,0,0.0005825004336657003,0,1034.5771484375,37.252362817525864,22.011799609001173,0.515625,205.0,,,,50.200069427490234,,0.0006150003173388541,0,,,1780326853.4177206,0.2083306150016142,0.09375,,0,0.1953125,1,0,2,,207.958055193998,,240,0,,0.1796875,,0.09375,6207,0.109375,,,,190.13741540908813,0,,157.8515625,747,0,,,,0.0003874993126373738,26983.622601882,20963.499069213867,,,0,0,-0.1875,0,71.46541595458984,0.0,,0.0859375,1,0,,,,,0,0.015625,989,0.5818594098091125,-0.1875,0.00373077392578125,0
519.4971487890143,0.0009475006663706154,0,112,,1.0,0.06189777002203461,,0.4296875,,,,0,,,,3e-06,0.001001138094579801,0.04780915417991126,,0,,0.1171875,,89.64458847045898,,-0.0010306249605491757,3.3359375,,49,0.125,213.7493785330007,,52.51567855399844,,0.125,4096,,-3.9406003679687274e-05,,,,0.125,61.266377438001655,,0,0.0035920002119382843,0.0439453125,0.27064650203101337,,0.5703125,-0.0010306249605491757,0.125,0.173828125,0.00020250081433914602,45,1465.056891155602,0,55835.50262451172,0.001017499016597867,1252620.0,112,0,,77.53438468500099,0.0,0.04891058536347947,,0.0001584922983965953,0,,0.0625,0.0078125,,0,0.0004174999048700556,0,1072.69921875,37.219446152448654,22.228929230001086,0.5703125,205.0,,,,49.10496139526367,,0.000602500222157687,0,,,1780327067.1893542,0.20180533600068884,0.1171875,,0,0.1484375,1,0,3,,213.7493785330007,,269,0,,0.173828125,,0.1171875,6262,0.0625,,,,190.13741540908813,0,,150.5625,768,0,,,,0.0003747500159079209,27194.42984968,21141.887664794922,,,0,0,-0.15625,0,82.76158142089844,0.0,,0.1171875,1,0,,,,,0,0.0078125,979,0.5468368530273438,-0.15625,0.0041351318359375,0
518.6597725723841,0.0009199993655784056,0,113,,1.0,0.06100203365893395,,0.4921875,,,,0,,,,3e-06,0.000519558798259823,0.04834128050846882,,0,,0.109375,,89.6685562133789,,-0.0009233899763785303,3.4453125,,44,0.171875,210.75930303299901,,52.80293899299795,,0.1071428582072258,4096,,7.017128805841821e-05,,,,0.171875,59.15180967299966,,0,0.002457498339936137,0.0400390625,0.24114949337672442,,0.5078125,-0.0009233899763785303,0.1071428582072258,0.181640625,0.0001999987944145687,41,1487.4681472585578,0,55481.20880126953,0.000985000042419415,1253991.0,113,0,,76.49600119000024,0.0,0.04717084067828211,,0.00025718039978528395,0,,0.1015625,0.0234375,,0,0.00047750017984071746,0,1066.6943359375,37.007883191108704,22.106971257002442,0.5078125,205.0,,,,48.90050506591797,,0.0006150003173388541,0,,,1780327277.996604,0.19952896700124256,0.0859375,,0,0.1484375,1,0,5,,210.75930303299901,,232,0,,0.181640625,,0.0859375,6325,0.1015625,,,,190.13741540908813,0,,157.90625,679,0,,,,0.0003650002327049151,27403.881784905,20458.877563476562,,,0,0,-0.0892857164144516,0,79.99270629882812,0.0,,0.109375,1,0,,,,,0,0.0234375,983,0.47002482414245605,-0.0892857164144516,0.0061492919921875,0
521.3437175207218,0.0011499996617203578,0,114,,1.0,0.06210413669064626,,0.4453125,,,,0,,,,3e-06,0.00010960961844830308,0.05070174945785975,,0,,0.0546875,,89.66891098022461,,-0.0008138061966747046,3.515625,,42,0.1875,209.42922799100052,,54.40627278199827,,0.125,4096,,4.511507768256706e-06,,,,0.1875,56.23323902300035,,0,0.003117499545624014,0.033203125,0.23074474302120507,,0.5546875,-0.0008138061966747046,0.125,0.16796875,0.00032499974622623995,34,1469.948836430934,0,55525.150299072266,0.0010824996934388764,1231401.0,114,0,,76.47509602499849,0.0,0.04566606574381566,,0.0003063306130570709,0,,0.078125,0.0234375,,0,0.0004749999789055437,0,1047.9150390625,36.911219358444214,22.11477521100096,0.5546875,205.0,,,,48.35078430175781,,0.0006899990694364533,0,,,1780327487.4484549,0.19790524499694584,0.1015625,,0,0.125,1,0,4,,209.42922799100052,,217,0,,0.16796875,,0.1015625,6382,0.078125,,,,190.13741540908813,0,,154.625,735,0,,,,0.00041499970393488184,27611.250586234,20391.45278930664,,,0,0,-0.1607142835855484,0,68.99968719482422,0.0,,0.0546875,1,0,,,,,0,0.0234375,990,0.39012110233306885,-0.1607142835855484,0.0034942626953125,0
524.5127072594187,0.0008924998837755993,0,115,,1.0,0.06328251183185728,,0.40625,,,,0,,,,3e-06,0.00012477553536882624,0.048126498402050535,,0,,0.0546875,,89.67989349365234,,7.062462827889249e-05,3.765625,,45,0.1875,207.34188433700183,,51.21511268999893,,0.125,4096,,2.8275103261421464e-05,,,,0.1875,56.96463331199993,,0,0.002912498530349694,0.0341796875,0.26230901130475104,,0.59375,7.062462827889249e-05,0.125,0.138671875,0.000277500475931447,35,1466.9889345927909,0,55468.33038330078,0.001115000486606732,1216673.0,115,0,,76.99412351800129,0.0,0.046820002837245446,,0.00014868209336782456,0,,0.0625,0.0234375,,0,0.00046249988372437656,0,1039.2353515625,37.44164481759071,21.976532098997268,0.59375,205.0,,,,48.30448913574219,,0.000807500327937305,0,,,1780327694.817214,0.18964646099993843,0.078125,,0,0.140625,1,0,2,,207.34188433700183,,259,0,,0.138671875,,0.078125,6434,0.0625,,,,190.13741540908813,0,,148.921875,758,0,,,,0.00036499932321021333,28015.984003505,20963.56964111328,,,0,0,-0.10982143133878708,0,62.24003219604492,0.0,,0.0546875,1,0,,,,,0,0.0234375,989,0.4490797519683838,-0.10982143133878708,0.00339508056640625,0
567.9357639319351,0.0009350005711894482,0,116,,0.9921875,0.06539151226027987,,0.421875,,,,0,,,,3e-06,0.00026697194880398456,0.051108128655266476,,0,,0.0859375,,89.75767517089844,,-0.000364899227861315,3.1640625,,46,0.1328125,404.7022057150025,,53.37472305299889,,0.125,4096,,-3.239079649119958e-05,,,,0.1328125,250.51835052299793,,0,0.0036797518987441435,0.0390625,0.24462450528517365,,0.578125,-0.000364899227861315,0.125,0.1884765625,0.0002650003807502799,40,739.9842298138935,0,55807.65151977539,0.001134999365604017,1197893.0,116,0,,78.33203479600343,0.0,0.20913249390638222,,0.0002695525763556361,0,,0.0546875,0.0390625,,0,0.0005800002327305265,0,1019.8720703125,37.85279020667076,22.2423676110011,0.578125,205.0,,,,49.233673095703125,,0.000660000296193175,0,,,1780328099.5503988,0.23226879299909342,0.109375,,0,0.203125,1,0,2,,404.7022057150025,,251,0,,0.1884765625,,0.109375,6488,0.0546875,,,,190.13741540908813,0,,149.9453125,810,0,,,,0.000252499376074411,28278.741406824,21918.34259033203,,,0,0,-0.1875,0,67.96265411376953,0.0,,0.0859375,1,0,,,,,0,0.0390625,984,1.1039917469024658,-0.1875,0.00321197509765625,0
573.6932549998455,0.0009625009624869563,0,117,,1.0,0.06488601849184167,,0.4453125,,,,0,,,,3e-06,0.0006152800597192254,0.051676739121919835,,0,,0.109375,,89.67425537109375,,-0.0008349799318239093,3.4296875,,43,0.1640625,262.7350327179993,,53.82716326700029,,0.125,4096,,-9.406628356600777e-05,,,,0.1640625,109.02069380100147,,0,0.00329475096805254,0.0419921875,0.27652925928123295,,0.5546875,-0.0008349799318239093,0.125,0.1494140625,0.000279999767371919,43,1135.391983756431,0,55601.05514526367,0.001164999048341997,1193229.0,117,0,,77.42387895900174,0.0,0.09136611145136556,,0.0002482690561009804,0,,0.1015625,0.015625,,0,0.0005949996193521656,0,1017.2001953125,37.18823194503784,22.202726183000777,0.5546875,205.0,,,,50.554012298583984,,0.0006700001904391684,0,,,1780328362.3078454,0.25839763499971014,0.0546875,,0,0.1640625,1,0,2,,262.7350327179993,,253,0,,0.1494140625,,0.0546875,6545,0.1015625,,,,190.13741540908813,0,,148.0625,758,0,,,,0.000352500137523748,28495.687639653,21211.658477783203,,,0,0,-0.08749999850988388,0,68.30058288574219,0.0,,0.109375,1,0,,,,,0,0.015625,981,0.4637499749660492,-0.08749999850988388,0.00323486328125,0
563.5870260175434,0.0010799994925037026,0,118,,1.0,0.05786206724911159,,0.4296875,,,,0,,,,3e-06,0.001571358381625032,0.048169999097395826,,0,,0.0546875,,89.64235305786133,,-0.0009360557305626571,3.28125,,45,0.1484375,216.9283918109977,,57.05023477099894,,0.125,4096,,-4.86287013927722e-05,,,,0.1484375,58.446446915000706,,0,0.0033575006455066614,0.0498046875,0.24314199981745332,,0.5703125,-0.0009360557305626571,0.125,0.130859375,0.00027999885787721723,51,1567.7523682391413,0,56646.52633666992,0.0011524998626555316,1360360.0,118,0,,78.71324180300144,0.0,0.04296395580214113,,0.00034441209618307767,0,,0.1484375,0.0,,0,0.0005350002538762055,0,1156.59375,37.49058395624161,22.499487446002604,0.5703125,205.0,,,,52.82783126831055,,0.0006249993020901456,0,,,1780328579.2542832,0.21655215799910366,0.078125,,0,0.1875,1,0,2,,216.9283918109977,,254,0,,0.130859375,,0.078125,6600,0.1484375,,,,190.13741540908813,0,,171.8828125,674,0,,,,0.0003399991328478791,28710.745008385,21465.38734436035,,,0,0,-0.15625,0,84.78719329833984,0.0,,0.0546875,1,0,,,,,0,0.0,973,0.43165531754493713,-0.15625,0.004425048828125,0
571.4594937344518,0.0010300009307684377,0,119,,1.0,0.060897020457188096,,0.4296875,,,,0,,,,3e-06,0.0017028750116878655,0.049410455063367845,,0,,0.0859375,,89.63798904418945,,-0.0012607001699507236,3.328125,,47,0.15625,215.03620408599818,,54.492468598000414,,0.125,4096,,9.673381185848484e-05,,,,0.15625,60.832544412998686,,0,0.0035325001590535976,0.04296875,0.25160424411296844,,0.5703125,-0.0012607001699507236,0.125,0.140625,0.0002925007720477879,44,1474.641218430286,0,55991.16897583008,0.0012225000318721868,1268405.0,119,0,,77.24208523299967,0.0,0.04795987434060784,,0.0004262276997906156,0,,0.109375,0.0078125,,0,0.0005650008461088873,0,1077.0048828125,36.29126772284508,22.26391961400077,0.5703125,205.0,,,,50.63615417480469,,0.0006850004865555093,0,,,1780328794.3116708,0.2031156060002104,0.0703125,,0,0.140625,1,0,2,,215.03620408599818,,290,0,,0.140625,,0.0703125,6655,0.109375,,,,190.13741540908813,0,,161.671875,1024,0,,,,0.00037500012695090845,28932.929336902,20642.906188964844,,,0,0,-0.09375,0,84.52809143066406,0.0078125,,0.0859375,1,0,,,,,0,0.0078125,980,0.45115476846694946,-0.09375,0.003204345703125,0
566.0102108858991,0.0009650002539274283,0,120,,1.0,0.06408640837226813,,0.53125,,,,0,,,,3e-06,0.0010308290229659178,0.05058686555831207,,0,,0.140625,,89.62100219726562,,-0.0008379762293770909,3.34375,,39,0.1953125,222.01123833699967,,53.150911426000675,,0.125,4096,,5.897931537024448e-05,,12.715754387998459,,0.1953125,56.694770418998814,,0,0.0025974995878641494,0.033203125,0.27402924024499953,,0.46875,-0.0008379762293770909,0.125,0.205078125,0.0001875005182228051,34,1355.974149124096,0,55364.532470703125,0.0011600013749557547,1204166.0,120,0,,77.17067402400062,0.0,0.047082188351937206,,0.0003242268171561591,0,,0.046875,0.015625,,0,0.0005124993549543433,0,1026.060546875,36.8632897734642,22.06716888400115,0.46875,205.0,,,,49.93397521972656,,0.0006049986041034572,0,,,1780329016.4959052,0.20978671199918608,0.1328125,,0,0.1484375,1,0,3,,222.01123833699967,,261,0,,0.205078125,,0.1328125,6723,0.046875,,,,190.13741540908813,0,,149.8828125,669,0,,,,0.00032499974622623995,29163.011744079,21202.987670898438,,,0,0,-0.09285714477300644,0,80.07237243652344,0.0,,0.140625,1,0,,,,,0,0.015625,990,0.4950929880142212,-0.09285714477300644,0.00414276123046875,0
576.0062149347505,0.0009500008673057891,0,121,,1.0,0.059933478552531415,,0.5,,,,0,,,,3e-06,-0.0002860598956431204,0.04964219881033604,,0,,0.109375,,89.66201400756836,,-0.0006229281425476074,3.3359375,,43,0.171875,230.02592524099964,,55.46478195099917,,0.125,4096,,5.095717770586816e-05,,,,0.171875,74.64369837399863,,0,0.003145000846416224,0.0439453125,0.25743924197740853,,0.5,-0.0006229281425476074,0.125,0.1953125,0.00021975120034767315,45,1403.5494027977286,0,56109.96627807617,0.0011225010894122534,1291411.0,121,0,,77.39875347100315,0.0,0.057800110401722324,,0.0002761770927008911,0,,0.09375,0.015625,,0,0.00044999887904850766,0,1091.1044921875,35.2456197142601,22.301484395000443,0.5,205.0,,,,52.907554626464844,,0.0006724994818796404,0,,,1780329246.5782535,0.2147818310004368,0.109375,,0,0.1640625,1,0,2,,230.02592524099964,,248,0,,0.1953125,,0.109375,6787,0.09375,,,,190.13741540908813,0,,170.0390625,750,0,,,,0.00047000139602459967,29380.50037883,20677.270889282227,,,0,0,-0.1875,0,71.71101379394531,0.0,,0.109375,1,0,,,,,0,0.015625,979,0.48749443888664246,-0.1875,0.00371551513671875,0
582.5477184916963,0.0010250005288980901,0,122,,1.0,0.06074220669088918,,0.5078125,,,,0,,,,3e-06,0.0006348485039779923,0.05034183492388144,,0,,0.0859375,,89.66511917114258,,-0.0006149834953248501,3.1015625,,55,0.1875,217.47251433699785,,55.98998743500124,,0.125,4096,,6.622634393949056e-05,,,,0.1875,60.430165596000734,,0,0.0034150007195421495,0.0478515625,0.23213950044009835,,0.4921875,-0.0006149834953248501,0.125,0.1796875,0.00015749901649542153,49,1481.8378358408265,0,56299.43084716797,0.0012125001376261935,1289036.0,122,0,,78.29889114399703,0.0,0.04688012250705235,,0.00025864808912956505,0,,0.1171875,0.0234375,,0,0.0005450001481221989,0,1086.12890625,37.38921880722046,22.4049249210002,0.4921875,205.0,,,,51.69877624511719,,0.0005674992280546576,0,,,1780329464.0670485,0.34625592899828916,0.09375,,0,0.15625,1,0,2,,217.47251433699785,,232,0,,0.1796875,,0.09375,6852,0.1171875,,,,190.13741540908813,0,,172.6953125,831,0,,,,0.00039250062400242314,29585.883638171,21379.283905029297,,,0,0,-0.0714285746216774,0,78.88471984863281,0.0,,0.0859375,1,0,,,,,0,0.0234375,975,0.390566885471344,-0.0714285746216774,0.005828857421875,0
565.3793981064227,0.0008975002856459469,0,123,,1.0,0.06339699447118934,,0.5234375,,,,0,,,,3e-06,-3.508133886498399e-05,0.05029242673843787,,0,,0.0625,,89.69155883789062,,-0.0010451150592416525,3.4765625,,43,0.203125,205.3649511420008,,52.57389238500036,,0.125,4096,,6.61423023586849e-05,,,,0.203125,52.73955998400197,,0,0.0028147514967713505,0.037109375,0.2815964980982244,,0.4765625,-0.0010451150592416525,0.125,0.1767578125,0.0002474998836987652,38,1490.8532264022874,0,55832.98873901367,0.0013475000741891563,1224676.0,123,0,,77.64077760099826,0.0,0.04306409204067196,,0.0003207178906450281,0,,0.140625,0.015625,,0,0.0006125001164036803,0,1020.86328125,34.876272082328796,22.209016351000173,0.4765625,205.0,,,,50.41786193847656,,0.0005449992386274971,0,,,1780329669.4502304,0.19951045700145187,0.1015625,,0,0.1796875,1,0,2,,205.3649511420008,,238,0,,0.1767578125,,0.1015625,6919,0.140625,,,,190.13741540908813,0,,175.109375,886,0,,,,0.00025749977794475853,29806.499572597,21207.244873046875,,,0,0,-0.1339285671710968,0,72.3825454711914,0.0,,0.0625,1,0,,,,,0,0.015625,986,0.47926366329193115,-0.1339285671710968,0.0041046142578125,0
574.8152865690063,0.0009799996405490674,0,124,,0.984375,0.06261212252814798,,0.4609375,,,,0,,,,3e-06,0.0007921588294266257,0.04854116069352159,,0,,0.09375,,89.69000244140625,,-0.0004866659000981599,3.0859375,,47,0.1640625,220.59611051499814,,52.973017206000804,,0.11339285969734192,4096,,2.557021403859494e-05,,,,0.1640625,67.67919515800168,,0,0.002544999915699009,0.0498046875,0.3145589726045728,,0.5390625,-0.0004866659000981599,0.11339285969734192,0.171875,0.0002149990905309096,51,1401.3993686392835,0,56086.34948730469,0.0012025002433802001,1236573.0,124,0,,77.42446019099953,0.0,0.05473125740089883,,0.0004284072688278684,0,,0.0859375,0.0078125,,0,0.0005149995558895171,0,1065.7236328125,36.73052787780762,22.31536954799958,0.5390625,205.0,,,,50.846282958984375,,0.0005649999366141856,0,,,1780329890.0661542,0.20179465999899548,0.109375,,0,0.21875,1,0,1,,220.59611051499814,,237,0,,0.171875,,0.109375,6978,0.0859375,,,,190.13741540908813,0,,141.8671875,660,0,,,,0.0003349987309775315,30009.219336962,20726.24397277832,,,0,0,-0.1696428507566452,0,67.6578140258789,0.0,,0.09375,1,0,,,,,0,0.0078125,973,0.45230352878570557,-0.1696428507566452,0.0035400390625,0
549.7607356028166,0.0009599998520570807,0,125,,1.0,0.06242090639646959,,0.4296875,,,,0,,,,3e-06,-0.00010302665214112494,0.050512183876234865,,0,,0.0703125,,89.6544189453125,,-0.000712929351720959,3.1875,,43,0.140625,202.70156178400066,,54.64317129800111,,0.125,4096,,1.4582041956145986e-06,,,,0.140625,49.08795791800003,,0,0.0033174992495332845,0.0458984375,0.2735442540142685,,0.5703125,-0.000712929351720959,0.125,0.146484375,0.0003349996404722333,47,1514.1052555236142,0,55485.347747802734,0.0011625006663962267,1227646.0,125,0,,76.63077605400031,0.0,0.03998543384493578,,0.00017261850121030875,0,,0.1328125,0.015625,,0,0.0005475003490573727,0,1056.427734375,36.77387535572052,22.138907341002778,0.5703125,205.0,,,,50.55835723876953,,0.0006525006028823555,0,,,1780330092.785887,0.19816612300201086,0.0703125,,0,0.203125,1,0,3,,202.70156178400066,,222,0,,0.146484375,,0.0703125,7033,0.1328125,,,,190.13741540908813,0,,142.4453125,755,0,,,,0.00035249831853434443,30214.305899033,20558.612823486328,,,0,0,-0.0982142835855484,0,72.39066314697266,0.0,,0.0703125,1,0,,,,,0,0.015625,977,0.4582475423812866,-0.0982142835855484,0.00522613525390625,0
565.666609952139,0.0009750001481734216,0,126,,1.0,0.06194096722672547,,0.5,,,,0,,,,3e-06,0.0009821213461691514,0.05032604912219758,,0,,0.15625,,89.6743049621582,,-0.0004879738262388855,3.1640625,,42,0.1484375,205.06356222999966,,53.903425997999875,,0.125,4096,,-1.1598569003012926e-05,,,,0.1484375,52.52870549599902,,0,0.0034875001801992767,0.044921875,0.26143176364712417,,0.5,-0.0004879738262388855,0.125,0.2099609375,0.0003697505235322751,46,1502.1342487677534,0,55322.25036621094,0.0012225000318721868,1232132.0,126,0,,76.3194478309997,0.0,0.0426323685254494,,0.000252441517659463,0,,0.0625,0.03125,,0,0.0004699995770351961,0,1045.98046875,36.21547669172287,22.08534059500016,0.5,205.0,,,,50.759185791015625,,0.0007675007509533316,0,,,1780330297.872498,0.22432452800057945,0.1015625,,0,0.2265625,1,0,2,,205.06356222999966,,238,0,,0.2099609375,,0.1015625,7097,0.0625,,,,190.13741540908813,0,,157.2734375,749,0,,,,0.0004199991963105276,30415.074583648,20395.04623413086,,,0,0,-0.09375,0,77.16934967041016,0.0,,0.15625,1,0,,,,,0,0.03125,978,0.41323235630989075,-0.09375,0.00344085693359375,0
547.1205529656872,0.0009900013537844643,0,127,,1.0,0.06295027791798868,,0.453125,,,,0,,,,3e-06,0.0006897924504301045,0.05119110090066962,,0,,0.1015625,,89.63365936279297,,-0.0006541076581925154,3.296875,,40,0.1171875,200.74478324099982,,53.29572063199885,,0.125,4096,,7.416332547194315e-05,,,,0.1171875,49.16289257600147,,0,0.0030347509891726077,0.0361328125,0.2439547679387033,,0.546875,-0.0006541076581925154,0.125,0.1875,0.00018250011635245755,37,1505.5048759955748,0,55074.432373046875,0.0012749997040373273,1208889.0,127,0,,76.09989852199942,0.0,0.04066783019450212,,0.0002858148063751287,0,,0.109375,0.0234375,,0,0.0005225010681897402,0,1016.7119140625,35.582076758146286,21.975574185998994,0.546875,205.0,,,,49.9898681640625,,0.0006400014171958901,0,,,1780330498.6412284,0.20840995000253315,0.1015625,,0,0.171875,1,0,4,,200.74478324099982,,229,0,,0.1875,,0.1015625,7155,0.109375,,,,190.13741540908813,0,,163.84375,736,0,,,,0.0004074991011293605,30628.051278096,20442.51251220703,,,0,0,-0.1339285671710968,0,81.19314575195312,0.0,,0.1015625,1,0,,,,,0,0.0234375,987,0.46423614025115967,-0.1339285671710968,0.00341033935546875,0
563.0844427751144,0.0009299992598243989,0,128,,1.0,0.06223702900015347,,0.3828125,,,,0,,,,3e-06,0.0017719035386107862,0.048893703317515996,,0,,0.078125,,89.63237380981445,,-0.0006391412462107837,3.421875,,43,0.0859375,212.9544664319983,,53.432750264997594,,0.125,4096,,3.4889013171834904e-05,,,,0.0859375,60.2169652090015,,0,0.003110000761807896,0.033203125,0.3102739865425974,,0.6171875,-0.0006391412462107837,0.125,0.158203125,0.00023749998945277184,34,1452.9901869834969,0,55249.88555908203,0.0011100000847363845,1237683.0,128,0,,77.02971276399694,0.0,0.04865297916267857,,0.0003266810917921248,0,,0.109375,0.0234375,,0,0.0004925004759570584,0,1067.2216796875,36.55129298567772,22.058928913000273,0.6171875,205.0,,,,50.56979751586914,,0.0006125001164036803,0,,,1780330711.6178699,0.21369757899810793,0.0859375,,0,0.21875,1,0,2,,212.9544664319983,,254,0,,0.158203125,,0.0859375,7204,0.109375,,,,190.13741540908813,0,,141.453125,785,0,,,,0.00028250087780179456,30835.745211348,21179.874420166016,,,0,0,-0.09375,0,74.37549591064453,0.0,,0.078125,1,0,,,,,0,0.0234375,990,0.42540061473846436,-0.09375,0.00347137451171875,0
572.2439929577231,0.0009450004654354416,0,129,,1.0,0.06227713597020803,,0.4921875,,,,0,,,,3e-06,0.0005189560670260107,0.05000624542851026,,0,,0.0859375,,89.66091918945312,,-0.000553704216144979,3.359375,,47,0.1875,207.63187583999752,,53.72275959500257,,0.11071428656578064,4096,,2.2775504646688205e-06,,,,0.1875,54.72181579700191,,0,0.003279498741903808,0.0458984375,0.279391766525805,,0.5078125,-0.000553704216144979,0.11071428656578064,0.166015625,0.0002650003807502799,47,1484.4457227632765,0,55568.71032714844,0.0012274995242478326,1232873.0,129,0,,76.77979945499828,0.0,0.04438560646311657,,0.00020529669018287677,0,,0.1171875,0.03125,,0,0.0005450010576169007,0,1049.1416015625,34.93047505617142,22.178560176002065,0.5078125,205.0,,,,50.64690017700195,,0.0005000010787625797,0,,,1780330919.311838,0.2265822939989448,0.0703125,,0,0.2109375,1,0,3,,207.63187583999752,,241,0,,0.166015625,,0.0703125,7267,0.1171875,,,,190.13741540908813,0,,154.8359375,736,0,,,,0.00034749882615869865,31099.813475462,20603.628158569336,,,0,0,-0.0625,0,79.3642349243164,0.0,,0.0859375,1,0,,,,,0,0.03125,977,0.44349488615989685,-0.0625,0.0033111572265625,0
572.2971667437232,0.0010124995242222212,0,130,,0.9921875,0.06213207644934496,,0.484375,,,,0,,,,3e-06,0.0006539852838614024,0.05065564227230648,,0,,0.1484375,,89.72277450561523,,-0.0011049117892980576,3.109375,,49,0.1484375,264.04306766399895,,54.41895124800067,,0.125,4096,,-3.403476929975113e-05,,9.008946752997872,,0.1484375,101.07186242600073,,0,0.0034149998100474477,0.041015625,0.28184399707242846,,0.515625,-0.0011049117892980576,0.125,0.1904296875,0.00033750075090210885,42,1175.039370451545,0,55837.26501464844,0.001187500856758561,1241044.0,130,0,,77.10864068500086,0.0,0.0814409984061812,,0.00022969781889514707,0,,0.0703125,0.015625,,0,0.00044999978854320943,0,1049.11328125,37.29220852255821,22.226242093998735,0.515625,205.0,,,,50.68782043457031,,0.0005749998308601789,0,,,1780331183.3800538,0.2058761090011103,0.1015625,,0,0.25,1,0,6,,264.04306766399895,,223,0,,0.1904296875,,0.1015625,7329,0.0703125,,,,190.13741540908813,0,,162.84375,767,0,,,,0.00035749962989939377,31314.948042911,20661.497116088867,,,0,0,-0.1071428582072258,0,72.8742446899414,0.0,,0.1484375,1,0,,,,,0,0.015625,982,0.5052051544189453,-0.1071428582072258,0.00311279296875,0
578.0933326768863,0.001032499312714208,0,131,,1.0,0.06082096783198632,,0.390625,,,,0,,,,3e-06,0.0003746711081475951,0.05169439725785099,,0,,0.078125,,89.636474609375,,2.104385566781275e-05,3.109375,,47,0.1328125,215.11177175600096,,56.66843216200141,,0.1071428582072258,4096,,-5.443319505804567e-05,,,,0.1328125,60.173348721000366,,0,0.0034200002119177952,0.0419921875,0.25621673557907343,,0.609375,2.104385566781275e-05,0.1071428582072258,0.1435546875,0.00021750111045548692,43,1451.2873816785477,0,55440.38391113281,0.0012000000424450263,1248756.0,131,0,,75.9505485059999,0.0,0.04818663431527085,,0.000253272490681411,0,,0.09375,0.015625,,0,0.0006199989002197981,0,1070.52734375,36.799438297748566,22.100570189999416,0.609375,205.0,,,,52.065677642822266,,0.0006849986675661057,0,,,1780331398.5146601,0.21654447600303683,0.0703125,,0,0.203125,1,0,2,,215.11177175600096,,240,0,,0.1435546875,,0.0703125,7379,0.09375,,,,190.13741540908813,0,,148.9609375,1011,0,,,,0.0003450004442129284,31529.568185427,19895.008087158203,,,0,0,-0.0714285746216774,0,74.60751342773438,0.0,,0.078125,1,0,,,,,0,0.015625,981,0.5151667594909668,-0.0714285746216774,0.003631591796875,0
571.6564953017805,0.0010174981071031652,0,132,,0.9921875,0.0656747020975102,,0.5,,,,0,,,,3e-06,0.002079328160107252,0.05212939542791636,,0,,0.1171875,,89.6786880493164,,-0.0010912884026765823,3.1875,,43,0.1796875,214.59683658899667,,52.94939081799748,,0.11428571492433548,4096,,4.3996624199849066e-05,,,,0.1796875,62.639668210998934,,0,0.0031872505132923834,0.0361328125,0.3258935175836086,,0.5,-0.0010912884026765823,0.11428571492433548,0.197265625,0.00022499989427160472,37,1362.305729417215,0,55156.490325927734,0.001174999852082692,1169386.0,132,0,,76.79907718699906,0.0,0.05356628881395787,,0.0001316483030677773,0,,0.0703125,0.0390625,,0,0.0005024994607083499,0,991.923828125,36.71148419380188,21.99544659199819,0.5,205.0,,,,49.485435485839844,,0.0005800002327305265,0,,,1780331613.1348906,0.21053562399902148,0.09375,,0,0.1875,1,0,7,,214.59683658899667,,243,0,,0.197265625,,0.09375,7443,0.0703125,,,,190.13741540908813,0,,150.0546875,806,0,,,,0.00034499953471822664,31736.347192168,21033.885955810547,,,0,0,-0.125,0,69.86541748046875,0.0,,0.1171875,1,0,,,,,0,0.0390625,987,0.45816802978515625,-0.125,0.0034027099609375,0
549.86084394934,0.0008774995876592584,0,133,,1.0,0.06109743005788148,,0.4765625,,,,0,,,,3e-06,0.00019913424694095738,0.04910173744278231,,0,,0.125,,89.67122268676758,,-0.0006054048426449299,3.328125,,47,0.171875,206.75484630400024,,53.034590204999404,,0.125,4096,,5.714704300885387e-05,,,,0.171875,54.09573865499988,,0,0.003942499461118132,0.04296875,0.252274505328387,,0.5234375,-0.0006054048426449299,0.125,0.1767578125,0.0002550013959989883,44,1526.6195963112143,0,55923.179626464844,0.0012099999366910197,1262544.0,133,0,,77.13819373499791,0.0,0.04284661655752186,,0.0003617455372477707,0,,0.0859375,0.03125,,0,0.0004972489477950148,0,1054.78125,37.12555021047592,22.278195656999742,0.5234375,205.0,,,,50.9830436706543,,0.0006597510946448892,0,,,1780331819.9137726,0.20227157100089244,0.0625,,0,0.1875,1,0,2,,206.75484630400024,,279,0,,0.1767578125,,0.0625,7504,0.0859375,,,,190.13741540908813,0,,178.171875,1024,0,,,,0.0004350013114162721,31942.249718065,20627.76756286621,,,0,0,-0.09285714477300644,0,72.01506042480469,0.0078125,,0.125,1,0,,,,,0,0.03125,980,0.44823935627937317,-0.09285714477300644,0.00316619873046875,0
563.5812668761064,0.0009500008673057891,0,134,,1.0,0.0647990535577912,,0.4609375,,,,0,,,,3e-06,0.0003911687708750833,0.05172624473046868,,0,,0.09375,,89.69258880615234,,-0.0001749148068483919,3.53125,,41,0.140625,205.88331496300088,,53.12471548300164,,0.11249999701976776,4096,,8.084365734362109e-05,,,,0.140625,54.96304642999894,,0,0.0033474989322712645,0.03125,0.3264734987169504,,0.5390625,-0.0001749148068483919,0.11249999701976776,0.1748046875,0.00017000002117129043,32,1418.2450872839006,0,54738.7809753418,0.0011625015758909285,1167972.0,134,0,,75.6834801820005,0.0,0.04705853088087637,,0.00022603164734391612,0,,0.1171875,0.0078125,,0,0.0005225010681897402,0,1002.96484375,36.42401471734047,21.896190144001594,0.5390625,205.0,,,,49.66399383544922,,0.000627501322014723,0,,,1780332025.8163905,0.21359662999748252,0.1015625,,0,0.1796875,1,0,2,,205.88331496300088,,208,0,,0.1748046875,,0.1015625,7563,0.1171875,,,,190.13741540908813,0,,137.6328125,767,0,,,,0.00032000025385059416,32313.240003562,20344.3603515625,,,0,0,-0.07678571343421936,0,66.16749572753906,0.0,,0.09375,1,0,,,,,0,0.0078125,992,0.4484899342060089,-0.07678571343421936,0.00351715087890625,0
564.5291828850459,0.0009250006769434549,0,135,,0.9921875,0.06143658567310283,,0.5546875,,,,0,,,,3e-06,-3.401461708563147e-05,0.05150451076577115,,0,,0.109375,,89.70755386352539,,-0.0006070130039006472,3.6875,,48,0.234375,370.96674963699843,,55.38789937299953,,0.125,4096,,6.303685736952502e-05,,,,0.234375,216.78716501800227,,0,0.003087498953391332,0.0380859375,0.2592717355582863,,0.4453125,-0.0006070130039006472,0.125,0.171875,0.00017000002117129043,39,838.9963529199234,0,55338.66882324219,0.0013400003808783367,1244959.0,135,0,,76.48603026300043,2.5656813704699744e-06,0.17413197142877979,,0.00044392128165782196,0,,0.1328125,0.0078125,,0,0.0005725005394197069,0,1050.1943359375,36.53391823172569,22.08972321100009,0.4453125,205.0,,,,50.79725646972656,,0.0007150010787881911,0,,,1780332396.8066225,0.21376739599872963,0.0703125,,0,0.171875,1,0,2,,370.96674963699843,,238,0,,0.171875,,0.0703125,7634,0.1328125,,,,190.13741540908813,0,,165.5859375,697,0,,,,0.00030499995773425326,32524.653978141,20546.031951904297,,,0,0,-0.125,0,67.45621490478516,0.0,,0.109375,1,0,,,,,0,0.0078125,985,0.47361376881599426,-0.125,0.0041351318359375,0
580.8072232593986,0.0010375006240792572,0,136,,1.0,0.06302706499301947,,0.515625,,,,0,,,,3e-06,0.000784727861173451,0.04995278214304782,,0,,0.1328125,,89.73608016967773,,-0.0007988805300556123,3.6875,,48,0.1875,211.39740381900265,,54.37055624299683,,0.125,4096,,-1.4156712637714008e-06,,,,0.1875,57.20453312600148,,0,0.0032699990697437897,0.04296875,0.2713667636271566,,0.484375,-0.0007988805300556123,0.125,0.19140625,0.0002625001798151061,44,1453.015715665988,0,55651.78298950195,0.0011599986464716494,1228655.0,136,0,,77.43851853899832,0.0,0.046558662216815525,,0.00027224398672842653,0,,0.078125,0.015625,,0,0.0004225003067404032,0,1062.9287109375,37.09738329052925,22.188374365992786,0.484375,205.0,,,,50.368927001953125,,0.000657501004752703,0,,,1780332608.220565,0.19299757399858208,0.1015625,,0,0.1796875,1,0,3,,211.39740381900265,,249,0,,0.19140625,,0.1015625,7700,0.078125,,,,190.13741540908813,0,,136.9296875,595,0,,,,0.00036750134313479066,32734.993087481,21168.55239868164,,,0,0,-0.15625,0,70.06151580810547,0.0,,0.1328125,1,0,,,,,0,0.015625,980,0.3906859755516052,-0.15625,0.0043792724609375,0
558.8096306564694,0.0009622508514439687,0,137,,1.0,0.06089995856848746,,0.3984375,,,,0,,,,3e-06,0.0003013662008015672,0.04789290891527336,,0,,0.1015625,,89.67822265625,,-8.293052815133706e-05,3.21875,,49,0.109375,210.27926186299737,,53.09905968599924,,0.125,4096,,4.084138558368977e-05,,,,0.109375,56.66547283699765,,0,0.0034774984669638798,0.0546875,0.23635500110685825,,0.6015625,-8.293052815133706e-05,0.125,0.162109375,0.00018250102584715933,56,1521.7763138644045,0,56057.884216308594,0.0010549993021413684,1279992.0,137,0,,77.9514597679954,0.0,0.044270177342512804,,0.00023276208503375528,0,,0.0859375,0.0234375,,0,0.0004949997673975304,0,1082.71875,36.26648336648941,22.337344241997926,0.6015625,205.0,,,,50.98204040527344,,0.0005975016392767429,0,,,1780332818.559553,0.2236794570053462,0.078125,,0,0.171875,1,0,3,,210.27926186299737,,229,0,,0.162109375,,0.078125,7751,0.0859375,,,,190.13741540908813,0,,167.2734375,699,0,,,,0.0003925015334971249,32934.982726861,21298.255920410156,,,0,0,-0.15625,0,70.22928619384766,0.0,,0.1015625,1,0,,,,,0,0.0234375,968,0.3997558355331421,-0.15625,0.00278472900390625,0
560.0298692716024,0.0009549985406920314,0,138,,1.0,0.06596924485301489,,0.40625,,,,0,,,,3e-06,0.00023837704793550074,0.05152846178558821,,0,,0.0625,,89.69457626342773,,-0.00027228533872403204,3.515625,,47,0.1171875,199.9744522530018,,51.74297477200162,,0.125,4096,,-7.389135880941922e-08,,,,0.1171875,50.00205929799995,,0,0.003077499059145339,0.0302734375,0.33358350628986955,,0.59375,-0.00027228533872403204,0.125,0.1728515625,0.00029750117391813546,31,1442.958071638716,0,54662.540435791016,0.0012400014384184033,1154219.0,138,0,,76.14295582500199,0.0,0.043321119560499305,,0.0005501183686646982,0,,0.0859375,0.015625,,0,0.0022274998627835885,0,980.6279296875,35.4454331099987,21.869388028004323,0.59375,205.0,,,,49.174556732177734,,0.0005725014489144087,0,,,1780333018.5493047,0.21475798900064547,0.125,,0,0.125,1,0,2,,199.9744522530018,,228,0,,0.1728515625,,0.125,7803,0.0859375,,,,190.13741540908813,0,,146.5390625,1005,0,,,,0.00035500124795362353,33141.428324958,20884.597778320312,,,0,0,-0.1875,0,69.79080963134766,0.0,,0.0625,1,0,,,,,0,0.015625,993,0.4050242006778717,-0.1875,0.0030670166015625,0
532.4705353923491,0.001009997504297644,0,139,,1.0,0.06303058031705505,,0.3828125,,,,0,,,,3e-06,0.0010082939124913537,0.05028253422455892,,0,,0.0546875,,89.66316223144531,,-0.0008655313868075609,3.34375,,44,0.1484375,206.42806883699814,,52.65446192899981,,0.1205357164144516,4096,,-0.0001044178549705066,,,,0.1484375,54.75418765899667,,0,0.0036324981920188293,0.04296875,0.26407200493849814,,0.6171875,-0.0008655313868075609,0.1205357164144516,0.1328125,0.00034499862522352487,44,1472.8859389760757,0,55585.88790893555,0.001275000613532029,1216180.0,139,0,,76.65653116999601,0.0,0.045021450491700796,,0.0003255806877859868,0,,0.09375,0.015625,,0,0.0005775018507847562,0,1022.62890625,35.089269280433655,22.1697657850018,0.6171875,205.0,,,,50.24468994140625,,0.0007700000423938036,0,,,1780333224.994926,0.1907017609992181,0.0703125,,0,0.1953125,1,0,2,,206.42806883699814,,220,0,,0.1328125,,0.0703125,7852,0.09375,,,,190.13741540908813,0,,165.046875,709,0,,,,0.0003425011527724564,33362.986757968,20502.811431884766,,,0,0,-0.1071428582072258,0,83.415283203125,0.0,,0.0546875,1,0,,,,,0,0.015625,980,0.42016518115997314,-0.1071428582072258,0.0040130615234375,0
582.0784610023111,0.0011649972293525934,0,140,,1.0,0.060969872759900685,,0.4921875,,,,0,,,,3e-06,-0.00047768305194040295,0.049555600825272425,,0,,0.1015625,,89.65727615356445,,-0.0006440809229388833,3.6953125,,49,0.21875,221.53477974700218,,54.667558384004224,,0.125,4096,,-7.389743800700899e-05,,8.801740031005465,,0.21875,57.6619471649974,,0,0.003282502802903764,0.05859375,0.2686869993340224,,0.5078125,-0.0006440809229388833,0.125,0.1572265625,0.00024000291887205094,60,1440.0221959022529,0,56358.421325683594,0.0012775017239619046,1276060.0,140,0,,77.80121583399887,0.0,0.04518748896211573,,0.00020373776533233467,0,,0.0859375,0.0078125,,0,0.000559999534743838,0,1077.30078125,35.94839945435524,22.384952848005923,0.5078125,205.0,,,,51.44411087036133,,0.0006525006028823555,0,,,1780333446.5533612,0.21241928099334473,0.078125,,0,0.1640625,1,0,3,,221.53477974700218,,209,0,,0.1572265625,,0.078125,7915,0.0859375,,,,190.13741540908813,0,,168.8515625,719,0,,,,0.0002824999683070928,33621.796838189,20824.491500854492,,,0,0,-0.15625,0,65.41333770751953,0.0,,0.1015625,1,0,,,,,0,0.0078125,964,0.4249212443828583,-0.15625,0.0045318603515625,0
563.6282536106592,0.0010050007404061034,0,141,,1.0,0.06205325027746209,,0.4609375,,,,0,,,,3e-06,0.0004341249186836649,0.05220403687193417,,0,,0.0859375,,89.62334442138672,,-0.0006258040084503591,3.4765625,,47,0.15625,258.79013754399784,,55.40388331199938,,0.1116071417927742,4096,,-3.34316053667294e-05,,,,0.15625,102.87195936399803,,0,0.00288749833998736,0.044921875,0.270421733148396,,0.5390625,-0.0006258040084503591,0.1116071417927742,0.173828125,0.00017750062397681177,46,1212.4872801485844,0,56022.73941040039,0.0011274987627984956,1255119.0,141,0,,77.88421343499795,0.0,0.0819619170485014,,0.00022538164603247424,0,,0.1015625,0.015625,,0,0.0005274996510706842,0,1036.4208984375,37.06294298171997,22.33247260299686,0.5390625,205.0,,,,51.79658126831055,,0.000647503838990815,0,,,1780333705.3634562,0.29496661300072446,0.1015625,,0,0.1640625,1,0,3,,258.79013754399784,,225,0,,0.173828125,,0.1015625,7974,0.1015625,,,,190.13741540908813,0,,189.28125,865,0,,,,0.00035750053939409554,34014.817703358,21260.50567626953,,,0,0,-0.1116071417927742,0,74.52495574951172,0.0,,0.0859375,1,0,,,,,0,0.015625,978,0.46146878600120544,-0.1116071417927742,0.00330352783203125,0
556.986127190612,0.001005002559395507,0,142,,0.9921875,0.0591609953062449,,0.4375,,,,0,,,,3e-06,0.0014796030664001592,0.04748812229375474,,0,,0.1171875,,89.70162200927734,,-0.0008204519399441779,3.2421875,,40,0.140625,393.00095752200286,,54.94807891300297,,0.125,4096,,3.1734143092876366e-05,,,,0.140625,237.50350835899735,,0,0.0036750025174114853,0.0546875,0.25125473621301353,,0.5625,-0.0008204519399441779,0.125,0.1611328125,0.00028249814931768924,56,839.0482101599931,0,56018.585205078125,0.0012049986253259704,1318987.0,142,0,,78.03258371599804,0.0,0.18006508658462694,,0.00021211197281445493,0,,0.078125,0.0078125,,0,0.0007200032996479422,0,1129.9716796875,36.795131862163544,22.300739113001327,0.5625,205.0,,,,52.38434600830078,,0.0006275004125200212,0,,,1780334098.3842685,0.21358533099555643,0.09375,,0,0.15625,1,0,2,,393.00095752200286,,237,0,,0.1611328125,,0.09375,8030,0.078125,,,,190.13741540908813,0,,158.1015625,812,0,,,,0.00036750134313479066,34235.885651068,21419.958114624023,,,0,0,-0.1071428582072258,0,74.40805053710938,0.0,,0.1171875,1,0,,,,,0,0.0078125,968,0.4794163703918457,-0.1071428582072258,0.00371551513671875,0
561.2190029696649,0.0008374991011805832,0,143,,1.0,0.06307866189504403,,0.4375,,,,0,,,,3e-06,0.0003389827506907749,0.04933852248112545,,0,,0.109375,,89.87406539916992,,-0.0008587652700953186,3.109375,,36,0.1171875,221.05022245700093,,53.6002853760001,,0.1205357164144516,4096,,9.124242006919303e-05,,,,0.1171875,66.73493194199546,,0,0.003327499143779278,0.0556640625,0.21809499594382942,,0.5625,-0.0008587652700953186,0.1205357164144516,0.1728515625,0.00023250140657182783,57,1400.860386196787,0,56198.29177856445,0.0012449982023099437,1238642.0,143,0,,78.13187992700114,0.0,0.0538774980518951,,0.00011327094762236811,0,,0.0859375,0.0078125,,0,0.0006399986887117848,0,1060.916015625,37.52230852842331,22.35965251300513,0.5625,205.0,,,,50.613426208496094,,0.0006750015018042177,0,,,1780334319.4521942,0.22128185399924405,0.1171875,,0,0.1875,1,0,2,,221.05022245700093,,266,0,,0.1728515625,,0.1171875,8086,0.0859375,,,,190.13741540908813,0,,148.6953125,728,0,,,,0.00035500124795362353,34445.463366284,21334.62142944336,,,0,0,-0.1339285671710968,0,82.79530334472656,0.0,,0.109375,1,0,,,,,0,0.0078125,967,0.40551334619522095,-0.1339285671710968,0.0035400390625,0
584.6652203817939,0.0010399999155197293,0,144,,1.0,0.06387765034771958,,0.4609375,,,,0,,,,3e-06,0.0009027803935168777,0.049930917449094635,,0,,0.109375,,89.96289443969727,,-0.0006323765264824033,2.9453125,,51,0.15625,209.55650924600195,,52.86026451399812,,0.09553571790456772,4096,,1.0274148166899977e-05,,,,0.15625,56.65964239599998,,0,0.00353225004801061,0.0419921875,0.21006775205023587,,0.5390625,-0.0006323765264824033,0.09553571790456772,0.1826171875,0.0002449996827635914,43,1449.2081448230842,0,55813.194274902344,0.001207499735755846,1214764.0,144,0,,77.59627004699723,0.0,0.04664251031146789,,0.00012692396785496385,0,,0.078125,0.0234375,,0,0.0004999983502784744,0,1033.85546875,38.01379352807999,22.22846681500232,0.5390625,205.0,,,,50.06958770751953,,0.0006549998943228275,0,,,1780334529.0299213,0.20950986100069713,0.09375,,0,0.1953125,1,0,4,,209.55650924600195,,258,0,,0.1826171875,,0.09375,8145,0.078125,,,,190.13741540908813,0,,152.4375,617,0,,,,0.0003725017450051382,34660.019706346,21160.179138183594,,,0,0,-0.09642857313156128,0,61.67658233642578,0.0,,0.109375,1,0,,,,,0,0.0234375,981,0.44532936811447144,-0.09642857313156128,0.0029449462890625,0
557.3950892721768,0.0009674986358731985,0,145,,1.0,0.06289563619542346,,0.34375,,,,0,,,,3e-06,0.00026985361546394415,0.04967603856595306,,0,,0.09375,,89.91785430908203,,-0.0006279739900492132,3.828125,,54,0.1328125,214.49309723999613,,53.26726842200151,,0.125,4096,,2.1636053389784138e-05,,,,0.1328125,61.72799377299816,,0,0.0035799967008642852,0.041015625,0.263986992649734,,0.65625,-0.0006279739900492132,0.125,0.1181640625,0.0001725002221064642,42,1429.9166450882358,0,55441.27655029297,0.0012999989849049598,1226829.0,145,0,,77.16219045799517,0.0,0.05031507551011442,,0.000157748417223047,0,,0.0546875,0.0,,0,0.0005524998414330184,0,1047.1611328125,37.46902570128441,22.12149908900028,0.65625,205.0,,,,50.338096618652344,,0.0006849986675661057,0,,,1780334743.5863338,0.21179417600069428,0.0625,,0,0.09375,1,0,8,,214.49309723999613,,221,0,,0.1181640625,,0.0625,8189,0.0546875,,,,190.13741540908813,0,,150.9140625,721,0,,,,0.000350000846083276,34876.706458723,21125.778198242188,,,0,0,-0.1026785746216774,0,71.69628143310547,0.0,,0.09375,1,0,,,,,0,0.0,982,0.48549050092697144,-0.1026785746216774,0.00357818603515625,0
541.8319949021679,0.0010949988791253418,0,146,,1.0,0.060419016488592825,,0.390625,,,,0,,,,3e-06,0.0010328728094464168,0.04793017152286261,,0,,0.1015625,,89.92240142822266,,-0.0011798570631071925,3.21875,,40,0.140625,216.66956646100152,,54.654630797005666,,0.125,4096,,-8.994300003450917e-06,,,,0.140625,60.328400737002084,,0,0.0038800008042017,0.0615234375,0.29673625249415636,,0.609375,-0.0011798570631071925,0.125,0.140625,0.0002525011950638145,62,1510.2547872541095,0,56354.07257080078,0.0011249994713580236,1308905.0,146,0,,79.08275277700159,0.0,0.04609074053273697,,0.00027413914449425647,0,,0.0703125,0.0078125,,0,0.000505002390127629,0,1113.5712890625,35.26601567864418,22.386849894995976,0.609375,205.0,,,,51.9893684387207,,0.0006475002010120079,0,,,1780334960.2730594,0.21437664500263054,0.0703125,,0,0.2265625,1,0,2,,216.66956646100152,,233,0,,0.140625,,0.0703125,8239,0.0703125,,,,190.13741540908813,0,,164.65625,758,0,,,,0.0004122503014514223,35084.112760213,22151.277542114258,,,0,0,-0.13035714626312256,0,72.49056243896484,0.0,,0.1015625,1,0,,,,,0,0.0078125,962,0.4223814010620117,-0.13035714626312256,0.00400543212890625,0
585.7883482094621,0.0009999985195463523,0,147,,1.0,0.06253075244038066,,0.4453125,,,,0,,,,3e-06,0.0007302394042199012,0.05027358941042842,,0,,0.0859375,,89.99790573120117,,-0.0005325612146407366,3.375,,43,0.1484375,207.39255595199938,,53.4412277320007,,0.125,4096,,-3.647167818598973e-05,,,,0.1484375,55.315118341000925,,0,0.003910001396434382,0.048828125,0.2733744913712144,,0.5546875,-0.0005325612146407366,0.125,0.177734375,0.0002225006028311327,50,1469.5223683464221,0,55642.31872558594,0.0010824987839441746,1219072.0,147,0,,76.22948943899974,0.0,0.045374775518591946,,0.000384210366746629,0,,0.0859375,0.0234375,,0,0.0005549991328734905,0,1038.09375,36.341384053230286,22.199794934000238,0.5546875,205.0,,,,50.41506576538086,,0.0006950012902962044,0,,,1780335167.6793842,0.2046347630021046,0.1015625,,0,0.1484375,1,0,10,,207.39255595199938,,227,0,,0.177734375,,0.1015625,8296,0.0859375,,,,190.13741540908813,0,,152.40625,689,0,,,,0.0003149998519802466,35295.62976493,19964.759826660156,,,0,0,-0.09107142686843872,0,75.06724548339844,0.0,,0.0859375,1,0,,,,,0,0.0234375,974,0.4882546067237854,-0.09107142686843872,0.0030670166015625,0
569.1034835163009,0.0010450003173900768,0,148,,1.0,0.06316858640208801,,0.5,,,,0,,,,3e-06,0.0005171695120225195,0.04890641462087125,,0,,0.1171875,,89.99217224121094,,-0.0009662257507443428,3.2890625,,40,0.1484375,211.4962289929972,,52.82983392100141,,0.125,4096,,-7.527430858544903e-05,,,,0.1484375,58.73515516799671,,0,0.00297499900625553,0.0517578125,0.26043449179269373,,0.5,-0.0009662257507443428,0.125,0.208984375,0.00022749736672267318,53,1448.4123497546755,0,56103.65295410156,0.001062502633430995,1225335.0,148,0,,77.40267981900251,0.0,0.047933956973396426,,0.0004375894504846656,0,,0.0703125,0.015625,,0,0.0004625017027137801,0,1054.9052734375,37.32282295823097,22.317321902002732,0.5,205.0,,,,50.402305603027344,,0.0007574981282232329,0,,,1780335379.1963024,0.2088396510007442,0.1484375,,0,0.171875,1,0,59,,211.4962289929972,,210,0,,0.208984375,,0.1484375,8360,0.0703125,,,,190.13741540908813,0,,141.7109375,717,0,,,,0.00037249992601573467,35537.504109907,20692.333221435547,,,0,0,-0.15625,0,64.58696746826172,0.0,,0.1171875,1,0,,,,,0,0.015625,971,0.4305003881454468,-0.15625,0.004241943359375,0
570.2870145596535,0.0011100000847363845,0,149,,1.0,0.06274150614508651,,0.4921875,,,,0,,,,3e-06,0.000534706145117525,0.05228371208785869,,0,,0.140625,,89.95669937133789,,-0.0011465685674920678,3.40625,,49,0.1484375,241.85216655000113,,55.3695490589962,,0.125,4096,,3.6497268093071966e-05,,,,0.1484375,87.09439611799462,,0,0.0031049967219587415,0.0419921875,0.3198735066689551,,0.5078125,-0.0011465685674920678,0.125,0.2041015625,0.00032249954529106617,43,1267.911941308175,0,55703.712463378906,0.0012700002116616815,1226589.0,149,0,,76.95804128099553,0.0,0.0710053621204777,,0.00026929012756227166,0,,0.0859375,0.0390625,,0,0.0005775000317953527,0,1034.2001953125,36.78182512521744,22.208230994998303,0.5078125,205.0,,,,50.52928161621094,,0.0006700010999338701,0,,,1780335621.07071,0.2198115709979902,0.078125,,0,0.171875,1,0,105,,241.85216655000113,,190,0,,0.2041015625,,0.078125,8423,0.0859375,,,,190.13741540908813,0,,163.640625,710,0,,,,0.0004474986781133339,35885.177656924,20646.93260192871,,,0,0,-0.09375,0,71.83995819091797,0.0,,0.140625,1,0,,,,,0,0.0390625,981,0.4415720999240875,-0.09375,0.0071868896484375,0
583.913980750367,0.0009449995559407398,0,150,0.0,0.9921875,0.06114403589472256,0.7880859375,0.3984375,0.06666666666666667,0.0,0.0,0,0.0,0.20021881838074398,"{'nrows': 3, '_type': 'table-file', 'log_mode': 'IMMUTABLE', 'path': 'media/table/val/generations_149_5de26a4615ad4533ea70.table.json', 'sha256': '5de26a4615ad4533ea70eaa5a06bae8b88a0481e861f2342b11e7ef7998a7f49', 'size': 32420, 'ncols': 13, 'artifact_path': 'wandb-client-artifact://w4zqoisp9wwhe7i7c9bami5025b7saqpspr6ujcax2ql8czz27c3unef597f92ofiticrwqu1izrkvly4u97kqmnylckshbvyyrv86og8f3pzjx82aog9g501j6177gn/val/generations.table.json', '_latest_artifact_path': 'wandb-client-artifact://rg12ol0y2k44px8mss9kwt77qny8yre0nirg4fpju9zmtkqtwngtiqfnwgezcw2dgivdo2ej9qj7ctvimt1oaiq02aj4zuf23rf2rdluuiggz56uq6g2ft0e87u5sqdn:latest/val/generations.table.json'}",3e-06,5.243037048785471e-05,0.04887975010374735,76.94709496300493,0,0.0,0.0625,0.2077798861480076,89.9641342163086,0.0,-0.0009495162521488965,3.3984375,0.0,41,0.140625,356.46549712600245,0.0,53.23845517999871,30.0,0.125,4096,0.0,5.833424438606016e-06,0.0,8.77378893399873,0.2119140625,0.140625,119.08711519799544,1054.0,0,0.003510000169626437,0.03515625,0.33196102594956756,0.0,0.6015625,-0.0009495162521488965,0.125,0.1376953125,0.00023000029614195228,36,873.9779936959134,0,55141.05224609375,0.0011324991646688432,1246172.0,150,0,0.0,76.1959854989982,0.0,0.09556234227538048,0.2119140625,0.00023053887457535893,0,0.0,0.109375,0.0078125,0.2040586245772266,0,0.0004325011104810983,0,1063.64453125,37.47931495308876,22.02027060399996,0.6015625,205.0,0.0,0.0,0.0,50.512691497802734,0.0,0.0005824967956868932,0,1024.0,0.0,1780335977.556286,0.1997267129991087,0.078125,0.0,0,0.1796875,1,0,2,0.0,356.46549712600245,0.0,280,0,0.07407407407407408,0.1376953125,0.0,0.078125,8474,0.109375,0.0,0.7922201138519924,0.0,190.13741540908813,0,0.0,153.3203125,721,0,0.0,0.0,0.0,0.00032749630918260664,36139.698455654,20433.20083618164,0.0,0.0,0,0,-0.12232142686843872,0,69.61668395996094,0.0,0.06666666666666667,0.0625,1,0,0.0,0.9333333333333333,0.0,0.0,0,0.0078125,988,0.4703938364982605,-0.12232142686843872,0.0053863525390625,0
530.4076839238405,0.0009899995347950608,0,151,,0.9921875,0.06068218470097938,,0.4609375,,,,0,,,,3e-06,3.489369555609301e-05,0.05059232178888662,,0,,0.0859375,,89.94785690307617,,-0.00015057064592838287,3.6640625,,47,0.1953125,245.6846480880049,,56.09464152200235,,0.125,4096,,8.217210279326537e-06,,,,0.1953125,88.6950077510046,,0,0.003210001523257233,0.0576171875,0.273989251581952,,0.5390625,-0.00015057064592838287,0.125,0.1572265625,0.00034499862522352487,59,1310.8002575913622,0,56732.337951660156,0.001072499799192883,1288174.0,151,0,,78.16921259499941,0.0,0.06885328204963351,,0.00012445128322724486,0,,0.0859375,0.0234375,,0,0.0005900001269765198,0,1082.771484375,36.66171059012413,22.515778168002726,0.5390625,205.0,,,,53.02217483520508,,0.0006525006028823555,0,,,1780336223.2650452,0.20755494100012584,0.0703125,,0,0.1484375,1,0,12,,245.6846480880049,,258,0,,0.1572265625,,0.0703125,8533,0.0859375,,,,190.13741540908813,0,,175.2109375,1024,0,,,,0.0003974982973886654,36352.825404878,20869.524002075195,,,0,0,-0.15625,0,73.08224487304688,0.0078125,,0.0859375,1,0,,,,,0,0.0234375,965,0.39019039273262024,-0.15625,0.004058837890625,0
523.3612113788695,0.0008950028131948784,0,152,,1.0,0.06418600193512392,,0.4921875,,,,0,,,,3e-06,-0.00014260029274737473,0.05084712317849014,,0,,0.1015625,,89.96272277832031,,-0.00045402569230645895,3.34375,,37,0.1484375,213.10971922900353,,53.22295500900509,,0.1205357164144516,4096,,-2.9538594390032813e-05,,,,0.1484375,60.38911303199711,,0,0.002940003469120711,0.0341796875,0.2574920072220266,,0.5078125,-0.00045402569230645895,0.1205357164144516,0.2099609375,0.0002874985511880368,35,1410.0588705533958,0,55478.572845458984,0.0009950017556548119,1201989.0,152,0,,77.15086827999767,0.0,0.050240986424998156,,0.00011522459953994257,0,,0.0859375,0.046875,,0,0.0005349993443815038,0,1022.1923828125,35.959113389253616,22.13505616000475,0.5078125,205.0,,,,50.269371032714844,,0.0007024991646176204,0,,,1780336436.392235,0.20979084099963075,0.109375,,0,0.171875,1,0,2,,213.10971922900353,,204,0,,0.2099609375,,0.109375,8596,0.0859375,,,,190.13741540908813,0,,151.625,670,0,,,,0.00030999945010989904,36569.960308767,21112.71095275879,,,0,0,-0.21875,0,70.5338134765625,0.0,,0.1015625,1,0,,,,,0,0.046875,989,0.47418802976608276,-0.21875,0.00360107421875,0
528.2057507411082,0.0009675022738520056,0,153,,1.0,0.06047678943571779,,0.5,,,,0,,,,3e-06,-0.0007362971300608478,0.052880510000135515,,0,,0.1640625,,90.00584030151367,,-0.00024616625159978867,3.375,,50,0.140625,217.07878782600164,,58.85257039700082,,0.125,4096,,-9.349721040052827e-06,,,,0.140625,57.51700762799737,,0,0.003244747858843766,0.052734375,0.3142612404190004,,0.5,-0.00024616625159978867,0.125,0.1953125,0.0002575015969341621,54,1488.020792980073,0,56227.23388671875,0.0011274987627984956,1292071.0,153,0,,78.14030580299732,0.0,0.044515361484003105,,0.0002831075821632112,0,,0.078125,0.015625,,0,0.0005800011422252283,0,1086.8505859375,37.37304359674454,22.35489836499619,0.5,205.0,,,,51.98688507080078,,0.000602500222157687,0,,,1780336653.526749,0.20897037299437216,0.1015625,,0,0.1796875,1,0,3,,217.07878782600164,,240,0,,0.1953125,,0.1015625,8660,0.078125,,,,190.13741540908813,0,,174.9375,722,0,,,,0.00029750117391813546,37111.533606444,21347.171783447266,,,0,0,-0.0892857164144516,0,88.72100830078125,0.0,,0.1640625,1,0,,,,,0,0.015625,970,0.4167795181274414,-0.0892857164144516,0.00391387939453125,0
557.0461884435645,0.0009625000529922545,0,154,,0.9921875,0.0606011234563641,,0.5078125,,,,0,,,,3e-06,0.0015102940706128725,0.04813078989263132,,0,,0.1015625,,90.13970565795898,,-0.0009301943355239928,3.703125,,43,0.1484375,541.5549407549988,,53.94720332799625,,0.11249999701976776,4096,,8.105542111991326e-05,,,,0.1484375,387.11754413400195,,0,0.003340002876939252,0.0517578125,0.2855612547136843,,0.4921875,-0.0009301943355239928,0.11249999701976776,0.19140625,0.00025749977794475853,53,592.954612420893,0,56465.003967285156,0.001117499778047204,1284470.0,154,0,,77.840325045996,2.5340577849419788e-06,0.3013830950773486,,0.00024331862186954822,0,,0.140625,0.0234375,,0,0.0005099991540191695,0,1094.576171875,37.128932774066925,22.440603707000264,0.4921875,205.0,,,,51.45945358276367,,0.0005697511369362473,0,,,1780337195.100263,0.2071481649982161,0.09375,,0,0.1875,1,0,32,,541.5549407549988,,227,0,,0.19140625,,0.09375,8725,0.140625,,,,190.13741540908813,0,,159.7890625,722,0,,,,0.00036750134313479066,37318.87790217,20780.853271484375,,,0,0,-0.1339285671710968,0,68.57424926757812,0.0,,0.1015625,1,0,,,,,0,0.0234375,971,0.4348335266113281,-0.1339285671710968,0.00426483154296875,0
532.1840882243123,0.0009425002645002678,0,155,,1.0,0.06408960040290652,,0.53125,,,,0,,,,3e-06,0.0021519660658668727,0.05110255439742902,,0,,0.078125,,89.92538833618164,,-0.000778519141022116,3.2578125,,33,0.1796875,207.31557805800549,,53.048181951002334,,0.125,4096,,-3.367305737356219e-05,,,,0.1796875,54.626092776001315,,0,0.0025925000954885036,0.0390625,0.26333925779908895,,0.46875,-0.000778519141022116,0.125,0.212890625,0.00022499989427160472,40,1453.9874563389576,0,55555.06134033203,0.0013297467376105487,1205737.0,155,0,,77.2752025209993,0.0,0.045305147620087395,,0.00018514731254981598,0,,0.109375,0.03125,,0,0.0005249985406408086,0,1013.7431640625,36.53552383184433,22.105654158003745,0.46875,205.0,,,,50.1685676574707,,0.0006800019036745653,0,,,1780337402.4445553,0.25823302900244016,0.1328125,,0,0.1640625,1,0,2,,207.31557805800549,,241,0,,0.212890625,,0.1328125,8793,0.109375,,,,190.13741540908813,0,,163.734375,766,0,,,,0.00027750138542614877,37528.582018742,21151.151657104492,,,0,0,-0.14107142388820648,0,67.31200408935547,0.0,,0.078125,1,0,,,,,0,0.03125,984,0.4773217439651489,-0.14107142388820648,0.0037841796875,0
540.6392904696986,0.0009549985406920314,0,156,,1.0,0.06057842180050477,,0.4296875,,,,0,,,,3e-06,1.9699109543580562e-05,0.04874610895034428,,0,,0.0703125,,89.40064239501953,,-0.0008959366241469979,3.515625,,39,0.1484375,209.6770393170009,,53.84738925199781,,0.125,4096,,2.733441295532657e-06,,,,0.1484375,56.23366562699812,,0,0.0026225006877211854,0.0478515625,0.26168450131081045,,0.5703125,-0.0008959366241469979,0.125,0.154296875,0.00017750062397681177,49,1517.9940590385509,0,55909.996032714844,0.0011275005817878991,1273154.0,156,0,,77.12566002899985,0.0,0.04416878525849828,,8.815765386316343e-05,0,,0.1171875,0.0,,0,0.0005650017556035891,0,1078.759765625,36.80935129523277,22.255957669003692,0.5703125,205.0,,,,50.97772216796875,,0.000767498931963928,0,,,1780337612.1486738,0.21236828600376612,0.09375,,0,0.1484375,1,0,3,,209.6770393170009,,237,0,,0.154296875,,0.09375,8848,0.1171875,,,,190.13741540908813,0,,164.5546875,732,0,,,,0.0003724981070263311,37735.619517033,20637.94708251953,,,0,0,-0.11071428656578064,0,74.15122985839844,0.0,,0.0703125,1,0,,,,,0,0.0,975,0.47841376066207886,-0.11071428656578064,0.00396728515625,0
551.7815548610088,0.0009675004548626021,0,157,,1.0,0.062295327607416455,,0.4765625,,,,0,,,,3e-06,0.0016044831299950604,0.049616899885014235,,0,,0.09375,,89.70008850097656,,-0.0013502133078873158,3.28125,,40,0.1640625,207.02203163800004,,53.46275541200157,,0.125,4096,,-1.943323650266393e-05,,,,0.1640625,53.606481870003336,,0,0.0027700007194653153,0.04296875,0.291598989861086,,0.5234375,-0.0013502133078873158,0.125,0.171875,0.00018999890016857535,44,1502.6697764417963,0,55771.1067199707,0.0011775009625125676,1244343.0,157,0,,77.51675484099542,0.0,0.04308014901840034,,0.00028435019794414984,0,,0.09375,0.015625,,0,0.0006149984983494505,0,1052.2568359375,36.726951599121094,22.18363430700265,0.5234375,205.0,,,,50.920440673828125,,0.0006574991857632995,0,,,1780337819.186201,0.24959801200020593,0.109375,,0,0.109375,1,0,4,,207.02203163800004,,274,0,,0.171875,,0.109375,8909,0.09375,,,,190.13741540908813,0,,162.921875,985,0,,,,0.00035999983083456755,37937.553417215,21156.841278076172,,,0,0,-0.0982142835855484,0,63.68501663208008,0.0,,0.09375,1,0,,,,,0,0.015625,980,0.46651238203048706,-0.0982142835855484,0.00371551513671875,0
531.1116948068957,0.0010574985935818404,0,158,,1.0,0.06602673506094936,,0.421875,,,,0,,,,3e-06,0.00015029904898256063,0.05188080808821237,,0,,0.09375,,89.6744613647461,,-0.0006778418319299817,3.390625,,39,0.1171875,201.90902929200092,,52.447761559000355,,0.1205357164144516,4096,,6.720096699552869e-05,,,,0.1171875,50.39790890199947,,0,0.003480001396383159,0.0400390625,0.27512427186593413,,0.578125,-0.0006778418319299817,0.1205357164144516,0.17578125,0.0002750002749962732,41,1440.658701693456,0,55155.46417236328,0.0009750019671628252,1163528.0,158,0,,76.82395499199629,0.0,0.0433147366475061,,0.00028905400449730223,0,,0.09375,0.0390625,,0,0.0005024994607083499,0,987.234375,37.56934404373169,22.014221425997675,0.578125,205.0,,,,49.37212371826172,,0.000660000296193175,0,,,1780338021.1201525,0.2202485039961175,0.078125,,0,0.140625,1,0,2,,201.90902929200092,,257,0,,0.17578125,,0.078125,8963,0.09375,,,,190.13741540908813,0,,149.0234375,735,0,,,,0.0003474997356534004,38147.216953302,21099.52735900879,,,0,0,-0.0803571417927742,0,70.55364990234375,0.0,,0.09375,1,0,,,,,0,0.0390625,983,0.4690292477607727,-0.0803571417927742,0.00339508056640625,0
533.7616237793554,0.0010399999155197293,0,159,,1.0,0.06411335105973053,,0.390625,,,,0,,,,3e-06,0.00027926225811825134,0.052183750001469395,,0,,0.1171875,,89.72806167602539,,-0.00063814886379987,3.5078125,,42,0.140625,209.64261994900153,,53.38261947400315,,0.125,4096,,2.886795570589129e-05,,,,0.140625,58.26662380099879,,0,0.003489998562145047,0.029296875,0.2818965003825724,,0.609375,-0.00063814886379987,0.125,0.1318359375,0.00023249776859302074,30,1410.77944967463,0,54904.319763183594,0.001072499799192883,1183038.0,159,0,,75.84853061100148,0.0,0.04925169250776289,,0.00021537216071010334,0,,0.0703125,0.0,,0,0.0005274996510706842,0,998.998046875,35.43848544359207,21.9356106349951,0.609375,205.0,,,,49.707984924316406,,0.0006174996087793261,0,,,1780338230.7836137,0.20728109999618027,0.0625,,0,0.1484375,1,0,2,,209.64261994900153,,243,0,,0.1318359375,,0.0625,9013,0.0703125,,,,190.13741540908813,0,,156.3125,710,0,,,,0.0003349996404722333,38368.536354149,20374.72152709961,,,0,0,-0.07321428507566452,0,62.4182243347168,0.0,,0.1171875,1,0,,,,,0,0.0,994,0.48698967695236206,-0.07321428507566452,0.00379180908203125,0
520.0033972359961,0.0011025003914255649,0,160,,1.0,0.06218842126915995,,0.4375,,,,0,,,,3e-06,0.001728808529151138,0.049225047783999026,,0,,0.1171875,,89.62239837646484,,-0.0007189381285570562,3.7421875,,32,0.21875,221.29371088700282,,53.81439743899682,,0.125,4096,,5.916206725231632e-05,,9.004548942997644,,0.21875,59.01187205399765,,0,0.003395000021555461,0.0419921875,0.2704164944589138,,0.5625,-0.0007189381285570562,0.125,0.1220703125,0.00017500133253633976,43,1401.5671695178592,0,55540.897369384766,0.0010625008144415915,1240632.0,160,0,,77.15294545600045,0.0,0.04756597609444029,,0.00032322968399967067,0,,0.0625,0.0078125,,0,0.0004899993655271828,0,1067.609375,41.06571152806282,22.09356425900478,0.5625,205.0,,,,50.80978012084961,,0.0007124999683583155,0,,,1780338452.1029434,0.21435747900250135,0.03125,,0,0.125,1,0,2,,221.29371088700282,,218,0,,0.1220703125,,0.03125,9069,0.0625,,,,190.13741540908813,0,,143.9453125,760,0,,,,0.0004824978532269597,38578.726968353,21050.701141357422,,,0,0,-0.1339285671710968,0,79.4638442993164,0.0,,0.1171875,1,0,,,,,0,0.0078125,981,0.46725407242774963,-0.1339285671710968,0.0044708251953125,0
535.3185138392291,0.0011000010999850929,0,161,,1.0,0.05985320415332185,,0.375,,,,0,,,,3e-06,0.0009767138944880571,0.048829240201219835,,0,,0.1328125,,89.67179489135742,,-0.0003900477895513177,3.2265625,,44,0.1171875,210.13340590399457,,55.75571675300307,,0.125,4096,,1.1706831628544023e-05,,,,0.1171875,53.48720473400317,,0,0.003730001481017098,0.048828125,0.2858767402358353,,0.625,-0.0003900477895513177,0.125,0.1337890625,0.00028500107873696834,50,1558.2898330292342,0,55922.4853515625,0.0012049986253259704,1309795.0,161,0,,78.39542753400019,0.0,0.0408363176939927,,0.00011253814682277152,0,,0.0546875,0.0,,0,0.0004475004971027374,0,1115.0888671875,36.64194047451019,22.289574790003826,0.625,205.0,,,,52.790138244628906,,0.0005999972927384079,0,,,1780338662.2936406,0.2033867089994601,0.0703125,,0,0.2265625,1,0,3,,210.13340590399457,,234,0,,0.1337890625,,0.0703125,9117,0.0546875,,,,190.13741540908813,0,,164.0078125,989,0,,,,0.0003124969225609675,38792.217287592,21900.68817138672,,,0,0,-0.15625,0,60.30115509033203,0.0,,0.1328125,1,0,,,,,0,0.0,974,0.5421626567840576,-0.15625,0.00389862060546875,0
522.9482087761426,0.0009250015864381567,0,162,,1.0,0.058617788625140194,,0.390625,,,,0,,,,3e-06,0.0019368626635696273,0.04954458168012028,,0,,0.0859375,,89.7867660522461,,-0.0011670279782265425,3.421875,,42,0.171875,213.47462076899683,,56.28863968299993,,0.125,4096,,6.114755146313655e-05,,,,0.171875,57.46742958699906,,0,0.0029499988158931956,0.052734375,0.28598151402547956,,0.609375,-0.0011670279782265425,0.125,0.1474609375,0.00025749977794475853,54,1542.760674845665,0,56001.23596191406,0.001312499080086127,1317361.0,162,0,,77.22078864100331,0.0,0.04362314474695931,,8.982450367511774e-05,0,,0.0390625,0.015625,,0,0.0005175006663193926,0,1109.4931640625,36.651141941547394,22.28401501299959,0.609375,205.0,,,,51.99443817138672,,0.0006050013325875625,0,,,1780338875.783925,0.21170804900611984,0.078125,,0,0.1640625,1,0,2,,213.47462076899683,,278,0,,0.1474609375,,0.078125,9167,0.0390625,,,,190.13741540908813,0,,176.9921875,813,0,,,,0.00044000080379191786,39007.843271835,20659.66033935547,,,0,0,-0.125,0,76.56901550292969,0.0,,0.0859375,1,0,,,,,0,0.015625,970,0.42769312858581543,-0.125,0.00356292724609375,0
510.0498941483238,0.001014999725157395,0,163,,1.0,0.061140926848095446,,0.46875,,,,0,,,,3e-06,0.0009948831284418702,0.05036464507759023,,0,,0.1015625,,89.74864196777344,,-0.0009190200362354517,2.953125,,39,0.140625,215.60699657400255,,56.156226708997565,,0.1160714253783226,4096,,-6.717261999522606e-05,,,,0.140625,58.412604567995004,,0,0.00341225131705869,0.046875,0.2897362574003637,,0.53125,-0.0009190200362354517,0.1160714253783226,0.154296875,0.0002600008883746341,48,1487.0122727671192,0,56512.20703125,0.001129996235249564,1282441.0,163,0,,78.40963136799837,0.0,0.04554798588628639,,0.000138929250624642,0,,0.15625,0.0,,0,0.000507501681568101,0,1088.8603515625,35.2783128619194,22.42671776899806,0.53125,205.0,,,,51.80558395385742,,0.000664998879074119,0,,,1780339091.4100113,0.1999253329995554,0.0703125,,0,0.203125,1,0,23,,215.60699657400255,,273,0,,0.154296875,,0.0703125,9227,0.15625,,,,190.13741540908813,0,,163.5234375,720,0,,,,0.0003925015334971249,39214.102419253,21351.79901123047,,,0,0,-0.11428571492433548,0,71.66832733154297,0.0,,0.1015625,1,0,,,,,0,0.0,976,0.44902917742729187,-0.11428571492433548,0.00289154052734375,0
528.2243320416455,0.0010924995876848698,0,164,,1.0,0.06450981277678361,,0.4609375,,,,0,,,,3e-06,-0.00010288496196153574,0.050496419256948054,,0,,0.109375,,89.74599838256836,,-0.00048177677672356367,3.234375,,42,0.1640625,206.2416353009976,,53.06582855799934,,0.125,4096,,4.613848784984498e-05,,,,0.1640625,52.69939669100131,,0,0.002839999069692567,0.0478515625,0.27966650668531656,,0.5390625,-0.00048177677672356367,0.125,0.16796875,0.00024249857233371586,49,1465.2169992687132,0,56043.66683959961,0.0012325017451075837,1208755.0,164,0,,77.97655874300108,0.0,0.043598079586848706,,0.00019093618084298214,0,,0.078125,0.015625,,0,0.0004749999789055437,0,1026.2529296875,37.000805139541626,22.29662634700071,0.5390625,205.0,,,,50.123878479003906,,0.0005950005288468674,0,,,1780339297.669109,0.20138489500095602,0.09375,,0,0.1328125,1,0,15,,206.2416353009976,,246,0,,0.16796875,,0.09375,9286,0.078125,,,,190.13741540908813,0,,154.171875,710,0,,,,0.0004800021997652948,39492.043632145,21367.380142211914,,,0,0,-0.1071428582072258,0,69.87017822265625,0.0,,0.109375,1,0,,,,,0,0.015625,975,0.46839457750320435,-0.1071428582072258,0.0032501220703125,0
531.1618501546036,0.001059999704011716,0,165,,0.984375,0.06550211301191224,,0.5,,,,0,,,,3e-06,5.740798223996535e-05,0.05019438254031877,,0,,0.140625,,89.70323181152344,,-0.0005289493128657341,3.296875,,42,0.171875,277.9245458849982,,51.975429815996904,,0.125,4096,,-2.9130858294479367e-05,,,,0.171875,127.01432528300211,,0,0.0032525003916816786,0.0322265625,0.23582452558912337,,0.5,-0.0005289493128657341,0.125,0.1875,0.00023749998945277184,33,1053.8930595975485,0,55094.37942504883,0.0012475011317292228,1171611.0,165,0,,76.7429961279995,0.0,0.10840998017516233,,0.0003821560708274774,0,,0.078125,0.015625,,0,0.0005849997251061723,0,1011.2138671875,35.956546664237976,21.995326301002933,0.5,205.0,,,,49.68260192871094,,0.0006850004865555093,0,,,1780339575.610275,0.19470448699576082,0.09375,,0,0.21875,1,0,3,,277.9245458849982,,226,0,,0.1875,,0.09375,9350,0.078125,,,,190.13741540908813,0,,132.9375,669,0,,,,0.00045499837142415345,39695.852528596,21081.254959106445,,,0,0,-0.11071428656578064,0,64.1868667602539,0.0,,0.140625,1,0,,,,,0,0.015625,991,0.4381791353225708,-0.11071428656578064,0.00347137451171875,0
513.2563928018499,0.0009424984455108643,0,166,,1.0,0.06424007518750409,,0.4453125,,,,0,,,,3e-06,0.000841984132421203,0.05365079348156605,,0,,0.0859375,,89.74177551269531,,-0.0008216791902668774,3.640625,,44,0.171875,203.79275221699936,,56.22672902899649,,0.125,4096,,-8.387152090705285e-05,,,,0.171875,48.0065110880023,,0,0.0031999989005271345,0.0380859375,0.32008098787628114,,0.5546875,-0.0008216791902668774,0.125,0.162109375,0.0001725002221064642,39,1474.808337050022,0,55493.11065673828,0.001270002030651085,1202221.0,166,0,,77.23076743199636,0.0,0.03993151931966111,,0.0005105634968458617,0,,0.0703125,0.015625,,0,0.00047249886847566813,0,1023.4501953125,37.364743649959564,22.13600708499871,0.5546875,205.0,,,,49.894832611083984,,0.0006975024007260799,0,,,1780339779.419238,0.19052802899386734,0.1015625,,0,0.1640625,1,0,104,,203.79275221699936,,239,0,,0.162109375,,0.1015625,9407,0.0703125,,,,190.13741540908813,0,,150.59375,669,0,,,,0.000352500137523748,39896.041983915,21186.708450317383,,,0,0,-0.125,0,72.82635498046875,0.0,,0.0859375,1,0,,,,,0,0.015625,985,0.46518224477767944,-0.125,0.0043182373046875,0
547.3200334963622,0.0009574978321325034,0,167,,1.0,0.06493617850791476,,0.4453125,,,,0,,,,3e-06,0.0008447125983366277,0.05190993231929292,,0,,0.078125,,89.70037078857422,,-0.0002999524585902691,3.3984375,,40,0.1875,200.16960019199905,,52.440140368002176,,0.125,4096,,4.892232013276043e-05,,,,0.1875,49.897578614996746,,0,0.0034125023375963792,0.0341796875,0.2380067453486845,,0.5546875,-0.0002999524585902691,0.125,0.1552734375,0.00020500192476902157,35,1456.5223676339917,0,54827.369689941406,0.0011949978215852752,1166206.0,167,0,,75.72896099300124,0.0,0.042786247554031404,,0.0002883846475469909,0,,0.0859375,0.0,,0,0.0005050005711382255,0,986.537109375,37.10467368364334,21.906298442998377,0.5546875,205.0,,,,49.58172607421875,,0.0006875015969853848,0,,,1780339979.608657,0.19441756900050677,0.09375,,0,0.1640625,1,0,2,,200.16960019199905,,257,0,,0.1552734375,,0.09375,9464,0.0859375,,,,190.13741540908813,0,,152.3359375,811,0,,,,0.0003925015334971249,40105.320293064,20316.92123413086,,,0,0,-0.11874999850988388,0,76.59933471679688,0.0,,0.078125,1,0,,,,,0,0.0,989,0.5595383048057556,-0.11874999850988388,0.0035247802734375,0
516.9736684911186,0.001017499016597867,0,168,,1.0,0.06266223253567302,,0.4765625,,,,0,,,,3e-06,-0.00036603049193217885,0.04988662209253305,,0,,0.0625,,89.73567962646484,,-0.0004283968883100897,3.53125,,42,0.1953125,209.26592753000295,,54.09944755500328,,0.125,4096,,1.1440739420720547e-05,,,,0.1953125,54.65469740200206,,0,0.002832000973285176,0.048828125,0.2836667699739337,,0.5234375,-0.0004283968883100897,0.125,0.15625,0.00038249891076702625,50,1486.3098052854607,0,56027.252197265625,0.0013025000953348354,1244136.0,168,0,,77.96033933800209,0.0,0.04392984159448972,,0.00020988790174669703,0,,0.109375,0.0078125,,0,0.000507501681568101,0,1059.03125,35.67681461572647,22.34391145200061,0.5234375,205.0,,,,50.8369140625,,0.0005622496246360242,0,,,1780340188.8869822,0.20532122899749083,0.1015625,,0,0.1640625,1,0,2,,209.26592753000295,,221,0,,0.15625,,0.1015625,9525,0.109375,,,,190.13741540908813,0,,155.9453125,758,0,,,,0.000359998011845164,40345.196591855,21380.146026611328,,,0,0,-0.09375,0,70.50101470947266,0.0,,0.0625,1,0,,,,,0,0.0078125,974,0.44201338291168213,-0.09375,0.00396728515625,0
514.0635055067833,0.0010824987839441746,0,169,,0.9921875,0.062113362859647664,,0.4140625,,,,0,,,,3e-06,0.00023776258422003593,0.04938681135471115,,0,,0.078125,,89.69124603271484,,-0.0011662153992801905,3.4609375,,34,0.1484375,239.8150484889993,,52.91026402400166,,0.125,4096,,4.193370523353224e-05,,,,0.1484375,88.12528494299477,,0,0.0032650004868628457,0.0390625,0.2641192404553294,,0.5859375,-0.0011662153992801905,0.125,0.1669921875,0.00022750100470148027,40,1283.2138847788622,0,55450.08850097656,0.0012524997146101668,1230936.0,169,0,,76.45757442500326,0.0,0.07159209328754279,,0.00016568892579016392,0,,0.0546875,0.0390625,,0,0.0005224992492003366,0,1046.234375,37.69519925117493,22.121046047002892,0.5859375,205.0,,,,50.621192932128906,,0.0006099999154685065,0,,,1780340428.7632325,0.19862123800703557,0.09375,,0,0.1875,1,0,23,,239.8150484889993,,247,0,,0.1669921875,,0.09375,9578,0.0546875,,,,190.13741540908813,0,,155.8515625,713,0,,,,0.00035999983083456755,40559.798213686,20455.455780029297,,,0,0,-0.1071428582072258,0,70.80535888671875,0.0,,0.078125,1,0,,,,,0,0.0390625,984,0.4275370240211487,-0.1071428582072258,0.0037689208984375,0
542.8094836242963,0.0009499981388216838,0,170,,1.0,0.06357386521997589,,0.4609375,,,,0,,,,3e-06,0.0013159585923858685,0.051048702282823065,,0,,0.1015625,,89.78765487670898,,-0.001396722043864429,3.4375,,48,0.1796875,214.58232987600059,,52.989165553997736,,0.125,4096,,-2.7146764523422462e-05,,8.997426630005066,,0.1796875,53.77627839300112,,0,0.0035575012589106336,0.033203125,0.27773698093369603,,0.5390625,-0.001396722043864429,0.125,0.177734375,0.0002500019036233425,34,1403.8387977895254,0,55067.37518310547,0.0011899992387043312,1204956.0,170,0,,76.60371034000127,0.0,0.04462924653929365,,0.00012765930205205223,0,,0.046875,0.0078125,,0,0.00042750070861075073,0,1013.68359375,37.01421990990639,22.00472527400416,0.5390625,205.0,,,,50.00092315673828,,0.0006525006028823555,0,,,1780340643.3647535,0.2088153809963842,0.125,,0,0.2109375,1,0,5,,214.58232987600059,,234,0,,0.177734375,,0.125,9637,0.046875,,,,190.13741540908813,0,,163.03125,758,0,,,,0.0003400018613319844,40772.359140099,20956.226348876953,,,0,0,-0.125,0,70.68134307861328,0.0,,0.1015625,1,0,,,,,0,0.0078125,990,0.487701416015625,-0.125,0.0042266845703125,0
577.1712580481108,0.0009800005500437692,0,171,,1.0,0.06177822151980545,,0.4921875,,,,0,,,,3e-06,0.0008767693470872473,0.04970676963622787,,0,,0.0703125,,89.75397109985352,,-0.00046065321657806635,3.171875,,56,0.203125,212.54345641499822,,54.46012860300107,,0.125,4096,,-5.1398337376440395e-05,,,,0.203125,57.74097179000091,,0,0.002745000529102981,0.052734375,0.30450624763034284,,0.5078125,-0.00046065321657806635,0.125,0.1748046875,0.000200001522898674,54,1480.1067287894216,0,56338.233947753906,0.0012950004020240158,1258348.0,171,0,,77.73850149300415,0.0,0.04588633016462927,,0.00010791562863232684,0,,0.1015625,0.015625,,0,0.0005324982339516282,0,1069.94921875,35.25605425238609,22.408244618003664,0.5078125,205.0,,,,51.356773376464844,,0.0006150003173388541,0,,,1780340855.9258127,0.1932961790007539,0.1015625,,0,0.1796875,1,0,3,,212.54345641499822,,247,0,,0.1748046875,,0.1015625,9700,0.1015625,,,,190.13741540908813,0,,158.90625,752,0,,,,0.00036750134313479066,40998.718575794,20787.52899169922,,,0,0,-0.1875,0,69.60551452636719,0.0,,0.0703125,1,0,,,,,0,0.015625,970,0.5206074714660645,-0.1875,0.00414276123046875,0
561.725432797175,0.0008975021046353504,0,172,,1.0,0.06228785173407123,,0.5625,,,,0,,,,3e-06,-0.0003992184210801497,0.05061886918146462,,0,,0.1484375,,89.71059036254883,,-0.0003746211586985737,3.375,,38,0.203125,226.33899263299827,,54.53449180699681,,0.125,4096,,6.349748639422614e-05,,,,0.203125,70.9233059380058,,0,0.003200000719516538,0.046875,0.26419898495078087,,0.4375,-0.0003746211586985737,0.125,0.2080078125,0.00019000253814738244,48,1388.6107132659308,0,56318.6149597168,0.0010949988791253418,1257187.0,172,0,,78.30747745800181,0.0,0.05641428517635467,,0.0004798992003998137,0,,0.09375,0.0234375,,0,0.0005699985194951296,0,1052.1044921875,35.07555648684502,22.35769255500054,0.4375,205.0,,,,50.7893180847168,,0.0005825004336657003,0,,,1780341082.285259,0.21393462000560248,0.09375,,0,0.1796875,1,0,2,,226.33899263299827,,229,0,,0.2080078125,,0.09375,9772,0.09375,,,,190.13741540908813,0,,175.6171875,766,0,,,,0.00038499820220749825,41213.614862658,21391.79039001465,,,0,0,-0.1071428582072258,0,72.16768646240234,0.0,,0.1484375,1,0,,,,,0,0.0234375,976,0.4786261320114136,-0.1071428582072258,0.0044097900390625,0
549.2000898921106,0.000914998963708058,0,173,,1.0,0.06156988397385513,,0.4765625,,,,0,,,,3e-06,0.0028461965530368616,0.05015073510414049,,0,,0.09375,,89.76570510864258,,-0.0015522699104622006,3.4140625,,42,0.1171875,214.88126200700208,,54.71400064200134,,0.125,4096,,-6.634130365057445e-05,,,,0.1171875,60.72841993399925,,0,0.0027700007194653153,0.04296875,0.25271973572671413,,0.5234375,-0.0015522699104622006,0.125,0.1865234375,0.000302501575788483,44,1457.7341322101545,0,55447.21221923828,0.0010450003173900768,1252959.0,173,0,,77.14454025399755,0.0,0.048468002491701044,,0.00020557816742439172,0,,0.1328125,0.0078125,,0,0.0005472484190249816,0,1065.4208984375,37.158358842134476,22.082378628998413,0.5234375,205.0,,,,51.02333450317383,,0.0006849968485767022,0,,,1780341297.1814096,0.2092536089985515,0.125,,0,0.1640625,1,0,2,,214.88126200700208,,245,0,,0.1865234375,,0.125,9833,0.1328125,,,,190.13741540908813,0,,158.171875,736,0,,,,0.000457499481854029,41425.346254698,21110.71014404297,,,0,0,-0.08571428805589676,0,62.03941345214844,0.0,,0.09375,1,0,,,,,0,0.0078125,980,0.4288223385810852,-0.08571428805589676,0.00354766845703125,0
521.6152445409534,0.0009474988473812118,0,174,,1.0,0.06361583336994982,,0.4375,,,,0,,,,3e-06,0.0007881362562329741,0.05046483700160532,,0,,0.09375,,89.75805282592773,,-0.00038460621726699173,3.390625,,45,0.2109375,211.71581483999762,,53.510591774000204,,0.125,4096,,-7.655035247822184e-05,,,,0.2109375,57.45929732699733,,0,0.003092498445766978,0.0458984375,0.26104197604581714,,0.5625,-0.00038460621726699173,0.125,0.15234375,0.0002874985511880368,47,1451.1646200459318,0,56219.024658203125,0.0010999992809956893,1228938.0,174,0,,78.17991502999939,0.0,0.046755245038396835,,0.00021761230709671509,0,,0.046875,0.03125,,0,0.00044499756768345833,0,1035.501953125,37.17290237545967,22.361462462002237,0.5625,205.0,,,,50.657833099365234,,0.0005474976205732673,0,,,1780341508.9129045,0.20230161400104407,0.0546875,,0,0.21875,1,0,2,,211.71581483999762,,216,0,,0.15234375,,0.0546875,9889,0.046875,,,,190.13741540908813,0,,164.6328125,812,0,,,,0.0002749984560068697,41964.531466096,21401.83448791504,,,0,0,-0.15625,0,66.0346908569336,0.0,,0.09375,1,0,,,,,0,0.03125,977,0.46793362498283386,-0.15625,0.003143310546875,0
579.5365582107479,0.0009574978321325034,0,175,,0.9921875,0.06652169500726894,,0.40625,,,,0,,,,3e-06,-0.00020278821284591686,0.052483960338226845,,0,,0.0859375,,89.64540481567383,,-0.00032365680090151727,3.1328125,,45,0.125,539.1595855780033,,53.094296313000086,,0.125,4096,,3.7077730112855534e-05,,,,0.125,387.7402468709988,,0,0.0032199986890191212,0.0322265625,0.3214337630197406,,0.59375,-0.00032365680090151727,0.125,0.166015625,0.0001650023477850482,33,531.2735925726371,0,54649.864196777344,0.0011424981494201347,1145765.0,175,0,,76.21822988000349,0.0,0.3384116698197264,,0.00015750542570458492,0,,0.0859375,0.0234375,,0,0.0005799993232358247,0,987.9189453125,37.38614171743393,21.91169192399684,0.59375,205.0,,,,49.11388397216797,,0.00056249882618431,0,,,1780342048.0981052,0.1925409010000294,0.0859375,,0,0.1953125,1,0,14,,539.1595855780033,,279,0,,0.166015625,,0.0859375,9941,0.0859375,,,,190.13741540908813,0,,130.9921875,679,0,,,,0.0002674987626960501,42181.113271055,20951.114654541016,,,0,0,-0.09375,0,63.70346450805664,0.0,,0.0859375,1,0,,,,,0,0.0234375,991,0.4145515561103821,-0.09375,0.004364013671875,0
536.9440619015222,0.0009425002645002678,0,176,,1.0,0.06452959645484903,,0.453125,,,,0,,,,3e-06,0.0012091680255252868,0.05381295416588411,,0,,0.1328125,,89.68218231201172,,-0.0009158951579593122,3.6484375,,48,0.15625,216.5621463569987,,56.020092480997846,,0.125,4096,,8.282173631357637e-05,,,,0.15625,60.451475102003315,,0,0.0028625017876038328,0.037109375,0.2377892378717661,,0.546875,-0.0009158951579593122,0.125,0.177734375,0.00022749736672267318,38,1390.6296879028296,0,55444.77844238281,0.0012250002328073606,1204631.0,176,0,,77.73435230700125,0.0,0.050182566364308505,,0.00011688548602251103,0,,0.0546875,0.0234375,,0,0.0005299989425111562,0,1016.6162109375,36.42573952674866,22.14261418100068,0.546875,205.0,,,,50.37537384033203,,0.000602500222157687,0,,,1780342264.679959,0.21124752600007923,0.0859375,,0,0.1171875,1,0,3,,216.5621463569987,,235,0,,0.177734375,,0.0859375,9999,0.0546875,,,,190.13741540908813,0,,159.78125,807,0,,,,0.0003350032784510404,42410.882466707,21715.959548950195,,,0,0,-0.15625,0,70.68694305419922,0.0,,0.1328125,1,0,,,,,0,0.0234375,986,0.4366399645805359,-0.15625,0.00433349609375,0
537.6049524238624,0.0008375009201699868,0,177,,1.0,0.06265342630744491,,0.484375,,,,0,,,,3e-06,0.0020914850356348325,0.04984619626067649,,0,,0.09375,,89.70557022094727,,-0.00033459742553532124,3.34375,,44,0.1875,229.71332488799817,,53.27576410199981,,0.125,4096,,3.7639111702958417e-06,,,,0.1875,77.01825570499932,,0,0.003577502866392024,0.04296875,0.2768940175883472,,0.515625,-0.00033459742553532124,0.125,0.177734375,0.00018249920685775578,44,1339.594688945611,0,55476.98211669922,0.0011550000635907054,1230891.0,177,0,,77.11953856099717,0.0,0.06257114212793767,,0.00024647413374623284,0,,0.0859375,0.03125,,0,0.0004174999048700556,0,1043.7529296875,37.12436556816101,22.101365340000484,0.515625,205.0,,,,50.5640754699707,,0.0006350001058308408,0,,,1780342494.449144,0.19603845800156705,0.0859375,,0,0.1640625,1,0,2,,229.71332488799817,,242,0,,0.177734375,,0.0859375,10061,0.0859375,,,,190.13741540908813,0,,158.2890625,816,0,,,,0.0003975001163780689,42663.584480447,21067.543029785156,,,0,0,-0.0892857164144516,0,67.90094757080078,0.0,,0.09375,1,0,,,,,0,0.03125,980,0.47429418563842773,-0.0892857164144516,0.00441741943359375,0
538.5257056641422,0.0008775004971539602,0,178,,1.0,0.05948541563871721,,0.4140625,,,,0,,,,3e-06,0.0009819113911362365,0.050571269073762054,,0,,0.0625,,89.73984146118164,,-0.00076269794953987,3.2421875,,51,0.1484375,252.68328609700256,,57.91416677200323,,0.125,4096,,-3.8968352427559694e-05,,,,0.1484375,93.55177698400075,,0,0.003025001205969602,0.052734375,0.24033173394855112,,0.5859375,-0.00076269794953987,0.125,0.1494140625,0.0002200013113906607,54,1304.7232173220928,0,56892.29202270508,0.0010422463674331084,1318727.0,178,0,,78.44502370899863,0.0,0.07094097336598156,,0.0002326588837604504,0,,0.1015625,0.0078125,,0,0.0005374986358219758,0,1118.3583984375,37.320222705602646,22.566053447997547,0.5859375,205.0,,,,52.29425048828125,,0.0005974998202873394,0,,,1780342747.1511629,0.20395668199489592,0.09375,,0,0.21875,1,0,2,,252.68328609700256,,264,0,,0.1494140625,,0.09375,10114,0.1015625,,,,190.13741540908813,0,,169.4609375,694,0,,,,0.0003324967110529542,42867.13696897,20976.638793945312,,,0,0,-0.1071428582072258,0,82.05500793457031,0.0,,0.0625,1,0,,,,,0,0.0078125,970,0.44791537523269653,-0.1071428582072258,0.00366973876953125,0
513.7669619543885,0.0010647509043337777,0,179,,1.0,0.06426793242540854,,0.453125,,,,0,,,,3e-06,0.0014880399940011555,0.05145197195585215,,0,,0.09375,,89.73730850219727,,-0.0011188164353370667,3.5390625,,39,0.1484375,203.5343955730059,,52.66809076500067,,0.125,4096,,1.1165088324105454e-05,,,,0.1484375,53.5654778859971,,0,0.0036049968912266195,0.025390625,0.29701649327762425,,0.546875,-0.0011188164353370667,0.125,0.154296875,0.00021000050764996558,26,1436.3714750863148,0,55572.479248046875,0.001177499143523164,1169404.0,179,0,,75.15517725000245,0.0,0.0458057932810193,,0.00013698224483960075,0,,0.125,0.015625,,0,0.0006424997991416603,0,999.64453125,36.44753247499466,21.94773998499295,0.546875,205.0,,,,50.17316436767578,,0.0006125010258983821,0,,,1780342950.7036192,0.19509830000606598,0.0703125,,0,0.1484375,1,0,2,,203.5343955730059,,239,0,,0.154296875,,0.0703125,10172,0.125,,,,190.13741540908813,0,,142.3515625,720,0,,,,0.00030000046535860747,43138.337652474,19032.17887878418,,,0,0,-0.09910714626312256,0,63.974857330322266,0.0,,0.09375,1,0,,,,,0,0.015625,998,0.4819217920303345,-0.09910714626312256,0.0037078857421875,0
526.572689988825,0.0009324976417701691,0,180,,0.9921875,0.06413897181938225,,0.546875,,,,0,,,,3e-06,0.0002583359837444732,0.05177569822378848,,0,,0.0859375,,89.69693756103516,,-0.0007246421882882714,3.0234375,,42,0.1484375,271.18330313500337,,52.83647872899746,,0.125,4096,,7.288528800586391e-05,,8.533999904000666,,0.1484375,111.44525082399923,,0,0.003387498509255238,0.0341796875,0.2464397402945906,,0.453125,-0.0007246421882882714,0.125,0.2255859375,0.00022999847715254873,35,1094.39628682542,0,55173.011779785156,0.00112499765236862,1187128.0,180,0,,76.1411693379996,0.0,0.0938780408043608,,0.000154115672557964,0,,0.1484375,0.046875,,0,0.000555000951862894,0,996.5703125,36.91024333238602,22.02953668199916,0.453125,205.0,,,,49.57807159423828,,0.0007224989531096071,0,,,1780343221.9044137,0.19455223599652527,0.1171875,,0,0.2421875,1,0,2,,271.18330313500337,,267,0,,0.2255859375,,0.1171875,10242,0.1484375,,,,190.13741540908813,0,,162.734375,598,0,,,,0.00037999961932655424,43352.486739195,20404.420852661133,,,0,0,-0.1607142835855484,0,63.22288131713867,0.0,,0.0859375,1,0,,,,,0,0.046875,989,0.4176570177078247,-0.1607142835855484,0.0045166015625,0
539.5219149268087,0.0009300001693191007,0,181,,1.0,0.06294720800097249,,0.4921875,,,,0,,,,3e-06,-0.0001018288985505933,0.05152291756795027,,0,,0.0859375,,89.71681213378906,,-0.0005526674212887883,3.4140625,,33,0.2265625,214.1294631790006,,54.889321956005006,,0.125,4096,,4.567954053413814e-05,,,,0.2265625,59.88295226799528,,0,0.004242499926476739,0.0361328125,0.2568594936747104,,0.5078125,-0.0005526674212887883,0.125,0.1650390625,0.00028249814931768924,37,1431.173905030617,0,54979.69055175781,0.0012024993338854983,1225826.0,181,0,,77.16232419500011,0.0,0.04885110306682619,,0.00010214789062956697,0,,0.078125,0.0078125,,0,0.0006500013114418834,0,1040.369140625,37.02695667743683,21.99373783700139,0.5078125,205.0,,,,51.48339080810547,,0.0005849997251061723,0,,,1780343436.0532987,0.19908136700541945,0.09375,,0,0.1796875,1,0,60,,214.1294631790006,,210,0,,0.1650390625,,0.09375,10305,0.078125,,,,190.13741540908813,0,,156.7265625,1024,0,,,,0.00031749732443131506,43591.506769005,21605.819702148438,,,0,0,-0.0892857164144516,0,67.02437591552734,0.0078125,,0.0859375,1,0,,,,,0,0.0078125,987,0.554101824760437,-0.0892857164144516,0.003753662109375,0
551.1493076428451,0.0010200001270277426,0,182,,0.9921875,0.06167543366810365,,0.3828125,,,,0,,,,3e-06,0.0010435423600938523,0.04967177959052904,,0,,0.0859375,,89.70536804199219,,-0.0006996861193329096,3.140625,,41,0.1328125,239.00283707800554,,53.797815633995924,,0.125,4096,,-0.00010318691349198161,,,,0.1328125,85.64320105799561,,0,0.00335000004270114,0.04296875,0.2619792358018458,,0.6171875,-0.0006996861193329096,0.125,0.130859375,0.00023250140657182783,44,1310.2459528452944,0,55517.295837402344,0.0012500004231696948,1252610.0,182,0,,77.25526496700331,0.0,0.06837180052689633,,0.0002866969643946504,0,,0.078125,0.0078125,,0,0.0005349975253921002,0,1057.681640625,36.569807678461075,22.092918893999013,0.6171875,205.0,,,,50.64434814453125,,0.0007300004654098302,0,,,1780343675.073381,0.2116003089977312,0.078125,,0,0.1640625,1,0,2,,239.00283707800554,,267,0,,0.130859375,,0.078125,10354,0.078125,,,,190.13741540908813,0,,165.5703125,626,0,,,,0.00037249992601573467,43810.164777059,21149.980545043945,,,0,0,-0.1875,0,77.50930786132812,0.0,,0.0859375,1,0,,,,,0,0.0078125,980,0.44608139991760254,-0.1875,0.00323486328125,0
556.3509811508993,0.0010022486094385386,0,183,,1.0,0.06243921404010985,,0.4921875,,,,0,,,,3e-06,-3.1085794034879655e-05,0.04906541072703183,,0,,0.1015625,,89.72738265991211,,-0.0009224148816429079,3.328125,,39,0.203125,218.64138267499948,,53.4755079739989,,0.125,4096,,0.00014035706936033066,,,,0.203125,65.28072521599825,,0,0.0031175022741081193,0.041015625,0.284123991150409,,0.5078125,-0.0009224148816429079,0.125,0.1689453125,0.00017250204109586775,42,1418.6175380213883,0,55720.8251953125,0.001167498339782469,1240674.0,183,0,,77.46670943999925,0.0,0.05261714617699593,,0.0003943059673474636,0,,0.0625,0.0078125,,0,0.0004324974725022912,0,1064.337890625,37.51269355416298,22.203803203999996,0.5078125,205.0,,,,50.812744140625,,0.0006249993020901456,0,,,1780343893.731447,0.21248485600517597,0.1171875,,0,0.1875,1,0,5,,218.64138267499948,,205,0,,0.1689453125,,0.1171875,10417,0.0625,,,,190.13741540908813,0,,147.2578125,661,0,,,,0.00034500226320233196,44016.055794213,21151.729583740234,,,0,0,-0.11696428805589676,0,59.934757232666016,0.0,,0.1015625,1,0,,,,,0,0.0078125,982,0.46261048316955566,-0.11696428805589676,0.00383758544921875,0
542.1445794709143,0.0009350023901788518,0,184,,1.0,0.06488998707117719,,0.3984375,,,,0,,,,3e-06,0.0006015094040776603,0.05228948552735024,,0,,0.0546875,,89.68405151367188,,-0.0004194004868622869,3.3828125,,39,0.109375,205.87492499899963,,52.706232727003226,,0.1160714253783226,4096,,3.788515925862157e-06,,,,0.109375,55.46596311200119,,0,0.0032500011002412066,0.03125,0.32089848536998034,,0.6015625,-0.0004194004868622869,0.1160714253783226,0.1826171875,0.00023500251700170338,32,1415.250060207263,0,54684.51690673828,0.0013275002856971696,1165458.0,184,0,,75.62655455200002,0.0,0.047591558951074336,,6.108950947236735e-05,0,,0.0703125,0.0234375,,0,0.0005950023478362709,0,984.345703125,36.58878058195114,21.87968191500113,0.6015625,205.0,,,,49.39018249511719,,0.000612497387919575,0,,,1780344099.6225445,0.19427614800224546,0.140625,,0,0.1484375,1,0,109,,205.87492499899963,,241,0,,0.1826171875,,0.140625,10468,0.0703125,,,,190.13741540908813,0,,153.796875,607,0,,,,0.000357498720404692,44227.027911263,20362.97607421875,,,0,0,-0.1116071417927742,0,63.60664367675781,0.0,,0.0546875,1,0,,,,,0,0.0234375,992,0.48103511333465576,-0.1116071417927742,0.002960205078125,0
505.00371398266,0.0009250015864381567,0,185,,1.0,0.06203912344677251,,0.4921875,,,,0,,,,3e-06,0.002027459839155199,0.052425257221210636,,0,,0.1484375,,89.68282318115234,,-0.000901276885997504,3.3984375,,48,0.1484375,210.92139596399647,,57.157160937997105,,0.125,4096,,7.311704882795311e-05,,,,0.1484375,53.6594627279992,,0,0.0028100021154386923,0.044921875,0.24529226357117295,,0.5078125,-0.000901276885997504,0.125,0.1826171875,0.0002749984560068697,46,1483.8560998971582,0,55887.36343383789,0.001277499904972501,1251908.0,185,0,,77.66727495600207,0.0,0.04286214540365522,,0.0002203655562880158,0,,0.0859375,0.015625,,0,0.0005325000529410318,0,1064.70703125,36.50778532028198,22.233872888995393,0.5078125,205.0,,,,50.92573165893555,,0.0007399994501611218,0,,,1780344310.5945845,0.2015112200024305,0.09375,,0,0.1640625,1,0,83,,210.92139596399647,,238,0,,0.1826171875,,0.09375,10531,0.0859375,,,,190.13741540908813,0,,157.859375,669,0,,,,0.0004350004019215703,44475.374483377,21238.147735595703,,,0,0,-0.09375,0,70.18258666992188,0.0,,0.1484375,1,0,,,,,0,0.015625,978,0.46235814690589905,-0.09375,0.0045623779296875,0
532.1153409822728,0.001016998794511892,0,186,,1.0,0.061928080294154524,,0.5234375,,,,0,,,,3e-06,0.0013389252635533921,0.05028811874616176,,0,,0.15625,,89.76447296142578,,-0.00020125038281548768,3.5234375,,34,0.203125,248.33063604700146,,54.88591115500458,,0.125,4096,,-4.530859254003872e-05,,,,0.203125,94.47945009799878,,0,0.002929999027401209,0.033203125,0.22851498215459287,,0.4765625,-0.00020125038281548768,0.125,0.171875,0.00020500010577961802,34,1247.2856951140566,0,55246.01745605469,0.001177499143523164,1238957.0,186,0,,76.7262285770048,0.0,0.07625724710219868,,0.00023174276611825917,0,,0.09375,0.015625,,0,0.0006224981916602701,0,1065.8486328125,37.78225928544998,22.016196315998968,0.4765625,205.0,,,,50.41986846923828,,0.0006399986887117848,0,,,1780344558.9412062,0.22090338300040457,0.0546875,,0,0.1796875,1,0,4,,248.33063604700146,,219,0,,0.171875,,0.0546875,10598,0.09375,,,,190.13741540908813,0,,144.0703125,545,0,,,,0.0003650002327049151,44692.599441239,20910.078048706055,,,0,0,-0.0714285746216774,0,63.02777862548828,0.0,,0.15625,1,0,,,,,0,0.015625,990,0.44742560386657715,-0.0714285746216774,0.00445556640625,0
572.2412347058707,0.0010249987099086866,0,187,,1.0,0.060892997396241794,,0.4453125,,,,0,,,,3e-06,0.00013706387107959017,0.048280068576197314,,0,,0.125,,89.65240097045898,,-0.0006391109782271087,3.265625,,42,0.1640625,217.19915949399729,,53.58131666600093,,0.125,4096,,-1.147095386500041e-05,,,,0.1640625,62.901781467000546,,0,0.003527500666677952,0.052734375,0.2243524941150099,,0.5546875,-0.0006391109782271087,0.125,0.16796875,0.0003650002327049151,54,1478.249274757776,0,55967.81921386719,0.001214997610077262,1284298.0,187,0,,78.20475476999854,0.0,0.04897755931022282,,0.00019773879193962784,0,,0.0546875,0.0234375,,0,0.0005875008355360478,0,1083.791015625,37.28417679667473,22.29723640299926,0.5546875,205.0,,,,50.23180389404297,,0.0005299989425111562,0,,,1780344776.1660867,0.21178604399756296,0.078125,,0,0.1875,1,0,2,,217.19915949399729,,214,0,,0.16796875,,0.078125,10655,0.0546875,,,,190.13741540908813,0,,170.40625,762,0,,,,0.00034999902709387243,44899.963709358,21627.178192138672,,,0,0,-0.1071428582072258,0,82.33247375488281,0.0,,0.125,1,0,,,,,0,0.0234375,970,0.40425312519073486,-0.1071428582072258,0.00296783447265625,0
541.1430923450098,0.0009400009730597958,0,188,,1.0,0.0636915762784321,,0.5234375,,,,0,,,,3e-06,0.00254457384289708,0.049221659197262096,,0,,0.1171875,,89.68856048583984,,-0.001539138494990766,3.4765625,,38,0.1953125,207.34479227400152,,52.667618336003216,,0.125,4096,,4.320217215081357e-05,,,,0.1953125,54.493572134000715,,0,0.003489998562145047,0.046875,0.25126649416051805,,0.4765625,-0.001539138494990766,0.125,0.1943359375,0.00017749880498740822,48,1471.482580555057,0,55878.09753417969,0.0011075007932959124,1220417.0,188,0,,77.73028244699526,0.0,0.0446516003415232,,0.00042643179403967224,0,,0.09375,0.03125,,0,0.0005799993232358247,0,1044.9306640625,35.583458840847015,22.247286940000777,0.4765625,205.0,,,,49.284812927246094,,0.0006124992069089785,0,,,1780344983.5303736,0.20402518199989572,0.0859375,,0,0.15625,1,0,9,,207.34479227400152,,245,0,,0.1943359375,,0.0859375,10722,0.09375,,,,190.13741540908813,0,,146.8828125,811,0,,,,0.00029750117391813546,45112.875363,21275.19989013672,,,0,0,-0.09375,0,71.20902252197266,0.0,,0.1171875,1,0,,,,,0,0.03125,976,0.5699054598808289,-0.09375,0.0040740966796875,0
572.0153104757628,0.0008999977580970153,0,189,,1.0,0.0612310600221688,,0.40625,,,,0,,,,3e-06,0.0010030754583567614,0.05128341817742502,,0,,0.078125,,89.75211334228516,,-0.0003648821439128369,3.53125,,45,0.171875,212.89451102900057,,56.84182274000341,,0.125,4096,,5.409199239636564e-05,,,,0.171875,55.80525556000066,,0,0.003040000592591241,0.0439453125,0.3098665038123727,,0.59375,-0.0003648821439128369,0.125,0.130859375,0.00020499828679021448,45,1487.4526283905132,0,56132.78579711914,0.001262500518350862,1266682.0,189,0,,77.56028157100081,1.9141245957143838e-06,0.04405624739279524,,0.00034378323834971525,0,,0.0859375,0.0,,0,0.0005325000529410318,0,1082.408203125,37.025611847639084,22.474779187999957,0.59375,205.0,,,,51.44108963012695,,0.0005299989425111562,0,,,1780345196.442124,0.2102801869987161,0.0703125,,0,0.1640625,1,0,2,,212.89451102900057,,279,0,,0.130859375,,0.0703125,10774,0.0859375,,,,190.13741540908813,0,,154.5859375,721,0,,,,0.00039249971450772136,45338.992419373,20818.138122558594,,,0,0,-0.125,0,66.48190307617188,0.0,,0.078125,1,0,,,,,0,0.0,979,0.5015212297439575,-0.125,0.00347137451171875,0
533.0785176920472,0.0010450003173900768,0,190,,1.0,0.06436836445740111,,0.46875,,,,0,,,,3e-06,0.0013890393238398246,0.04976333425040248,,0,,0.0703125,,89.62540817260742,,-0.0006308698211796582,3.578125,,45,0.15625,226.08498185200006,,52.50892669099994,,0.1160714253783226,4096,,-2.5512730246646242e-05,,8.733304263005266,,0.15625,64.89616440499958,,0,0.003324999852338806,0.0390625,0.25461200857535005,,0.53125,-0.0006308698211796582,0.1160714253783226,0.173828125,0.00021999949240125716,40,1331.6286979074132,0,55727.96630859375,0.0012772488844348118,1204245.0,190,0,,77.515281056003,0.0,0.05388950288770108,,0.00024257387758552795,0,,0.1171875,0.015625,,0,0.0004850007826462388,0,1030.4423828125,38.17316144704819,22.223603446997004,0.53125,205.0,,,,49.80690002441406,,0.0006099999154685065,0,,,1780345422.559124,0.20550372599973343,0.109375,,0,0.15625,1,0,5,,226.08498185200006,,206,0,,0.173828125,,0.109375,10834,0.1171875,,,,190.13741540908813,0,,145.578125,753,0,,,,0.000254998667514883,45556.271357255,21215.801239013672,,,0,0,-0.1607142835855484,0,59.58551025390625,0.0,,0.0703125,1,0,,,,,0,0.015625,984,0.4835026264190674,-0.1607142835855484,0.00384521484375,0
590.7673481815436,0.0009825016604736447,0,191,,1.0,0.057699236741487435,,0.4375,,,,0,,,,3e-06,0.000725981477444293,0.04862582291993635,,0,,0.0546875,,89.79461669921875,,-0.0004495941975619644,3.34375,,44,0.21875,217.263722194999,,57.74904844199773,,0.125,4096,,5.419068102696656e-06,,,,0.21875,57.444084532005945,,0,0.0033650012483121827,0.056640625,0.23352997959591448,,0.5625,-0.0004495941975619644,0.125,0.142578125,0.0002225006028311327,58,1577.2133816820324,0,56906.02111816406,0.001074999090633355,1370685.0,191,0,,79.0874783130057,0.0,0.04190903419239719,,0.00028059188571205596,0,,0.0625,0.015625,,0,0.0006097507139202207,0,1159.7861328125,37.432484328746796,22.725856477998605,0.5625,205.0,,,,53.69844436645508,,0.0005599977157544345,0,,,1780345639.8379462,0.2549291399991489,0.0859375,,0,0.1640625,1,0,2,,217.263722194999,,226,0,,0.142578125,,0.0859375,10890,0.0625,,,,190.13741540908813,0,,178.7734375,757,0,,,,0.0003550030669430271,45986.294094051,21553.016662597656,,,0,0,-0.06875000149011612,0,72.77947235107422,0.0,,0.0546875,1,0,,,,,0,0.015625,966,0.5065697431564331,-0.06875000149011612,0.0031280517578125,0
548.4376012354915,0.0010324984032195061,0,192,,0.9921875,0.06672137938417033,,0.515625,,,,0,,,,3e-06,0.001255714440048905,0.052849717747501294,,0,,0.1015625,,89.72183990478516,,-0.0010119854705408216,3.203125,,37,0.1796875,429.9795706089935,,53.62724279500253,,0.125,4096,,-8.146981187451274e-06,,,,0.1796875,276.4945694909984,,0,0.004010002157883719,0.0380859375,0.23916474310681224,,0.484375,-0.0010119854705408216,0.125,0.2001953125,0.00022749918571207672,39,675.4274385377637,0,55304.37088012695,0.001057500412571244,1161680.0,192,0,,77.50889200300298,0.0,0.2380126794736919,,0.00019938876266678562,0,,0.09375,0.0234375,,0,0.0005124984454596415,0,990.9296875,36.486003547906876,22.15489288700337,0.484375,205.0,,,,49.514617919921875,,0.0006975005817366764,0,,,1780346069.8438976,0.19159002199739916,0.1171875,,0,0.203125,1,0,3,,429.9795706089935,,246,0,,0.2001953125,,0.1171875,10956,0.09375,,,,190.13741540908813,0,,143.5234375,813,0,,,,0.0003825007297564298,46194.370710267,21619.35043334961,,,0,0,-0.09375,0,63.934139251708984,0.0,,0.1015625,1,0,,,,,0,0.0234375,985,0.44932490587234497,-0.09375,0.00359344482421875,0
582.7364052674966,0.0011324991646688432,0,193,,1.0,0.06479361715155608,,0.5078125,,,,0,,,,3e-06,3.205661414540373e-05,0.05371743522071012,,0,,0.1328125,,89.68516159057617,,-0.0007286543259397149,3.25,,44,0.1640625,207.9569416939994,,56.06725070700486,,0.125,4096,,9.776685342188784e-06,,,,0.1640625,52.89272404999792,,0,0.0032200005080085248,0.048828125,0.240567242144607,,0.4921875,-0.0007286543259397149,0.125,0.19921875,0.00030750015866942704,50,1423.4388984022141,0,55120.94497680664,0.0010925014066742733,1184056.0,193,0,,76.7192711500029,0.0,0.044670796018091985,,0.0001814434299376444,0,,0.078125,0.0,,0,0.0005950005288468674,0,1019.28125,37.30496019124985,22.052821377001237,0.4921875,205.0,,,,49.47101593017578,,0.0005975016392767429,0,,,1780346277.9373264,0.22177513699716656,0.1328125,,0,0.1796875,1,0,181,,207.9569416939994,,215,0,,0.19921875,,0.1328125,11021,0.078125,,,,190.13741540908813,0,,137.0234375,600,0,,,,0.00041499879444018006,46404.739019017,20978.036880493164,,,0,0,-0.125,0,70.24354553222656,0.0,,0.1328125,1,0,,,,,0,0.0,974,0.4922891855239868,-0.125,0.00347137451171875,0
527.7591132253292,0.0009325012797489762,0,194,,1.0,0.06426709419381778,,0.453125,,,,0,,,,3e-06,0.000945263629546389,0.049419306225454804,,0,,0.1171875,,89.77907180786133,,-0.0008788281702436507,3.5078125,,50,0.15625,210.35504482000397,,51.39632557100413,,0.125,4096,,4.118819316545341e-05,,,,0.15625,59.68823285599501,,0,0.0030850023904349655,0.03515625,0.30150398379191756,,0.546875,-0.0008788281702436507,0.125,0.1669921875,0.00022500171326100826,36,1422.695853365816,0,55423.439025878906,0.001072499799192883,1197085.0,194,0,,76.93317445300636,0.0,0.049861315492212344,,0.00035136959013470914,0,,0.0859375,0.015625,,0,0.000450001607532613,0,1015.6298828125,37.240587174892426,22.128790663999098,0.546875,205.0,,,,48.892112731933594,,0.0006225000106496736,0,,,1780346488.3057127,0.20638304200110724,0.078125,,0,0.15625,1,0,6,,210.35504482000397,,227,0,,0.1669921875,,0.078125,11079,0.0859375,,,,190.13741540908813,0,,153.3984375,738,0,,,,0.00034500226320233196,46644.10195997,20944.427490234375,,,0,0,-0.10000000149011612,0,67.39000701904297,0.0,,0.1171875,1,0,,,,,0,0.015625,988,0.5302219390869141,-0.10000000149011612,0.0038604736328125,0
545.8894875846454,0.0009699997463030741,0,195,,0.9921875,0.06707992905178906,,0.390625,,,,0,,,,3e-06,0.0002950817834062036,0.050834965514987535,,0,,0.0703125,,89.70828628540039,,-0.0002386371634202078,3.765625,,54,0.125,239.34073179199913,,49.733778492001875,,0.125,4096,,3.666655939582597e-05,,,,0.125,91.67290205999598,,0,0.003892500899382867,0.0224609375,1.4332474675029516,,0.609375,-0.0002386371634202078,0.125,0.1474609375,0.0003724981070263311,23,1181.9822638707954,0,54519.47784423828,0.0011274987627984956,1131586.0,195,0,,75.90670859599777,0.0,0.08101275736885749,,0.0003690555186040001,0,,0.09375,0.015625,,0,0.0004622506821760908,0,955.408203125,40.92152416706085,21.827722310001263,0.609375,205.0,,,,47.21747589111328,,0.000559999534743838,0,,,1780346727.6685097,0.1974239810006111,0.0859375,,0,0.125,1,0,2,,239.34073179199913,,266,0,,0.1474609375,,0.0859375,11129,0.09375,,,,190.13741540908813,0,,149.65625,815,0,,,,0.0003022505552507937,46848.045532839,20798.978805541992,,,0,0,-0.125,0,61.51203155517578,0.0,,0.0703125,1,0,,,,,0,0.015625,1001,0.4128551781177521,-0.125,0.0034332275390625,0
574.8633487564803,0.0010350031516281888,0,196,,1.0,0.0646287099713045,,0.484375,,,,0,,,,3e-06,0.0017408496205462143,0.05118250922068689,,0,,0.109375,,89.74307632446289,,-0.0012794247595593333,3.625,,41,0.2109375,203.92923714299832,,52.48868685599882,,0.1116071417927742,4096,,-7.33292398535923e-05,,,,0.2109375,52.391852403001394,,0,0.003395000021555461,0.037109375,0.2749367558863014,,0.515625,-0.0012794247595593333,0.1116071417927742,0.1552734375,0.00016500052879564464,38,1457.701721266927,0,55154.86526489258,0.0009349987522000447,1189072.0,196,0,,76.84818942299898,0.0,0.04406112699903908,,9.305482717536506e-05,0,,0.0859375,0.0078125,,0,0.0005425008566817269,0,1001.484375,35.6840118765831,21.995073407000746,0.515625,205.0,,,,48.400691986083984,,0.0006449972715927288,0,,,1780346931.6121633,0.20314627300103894,0.0703125,,0,0.1640625,1,0,11,,203.92923714299832,,238,0,,0.1552734375,,0.0703125,11191,0.0859375,,,,190.13741540908813,0,,159.71875,1024,0,,,,0.0004074991011293605,47098.864033137,21082.494735717773,,,0,0,-0.1205357164144516,0,69.41026306152344,0.0078125,,0.109375,1,0,,,,,0,0.0078125,986,1.1704883575439453,-0.1205357164144516,0.0047760009765625,0
534.4986241543666,0.0010050043783849105,0,197,,1.0,0.06186954078792448,,0.4765625,,,,0,,,,3e-06,0.0008791913496679626,0.05141448950727726,,0,,0.125,,89.78628921508789,,-0.0004342765314504504,3.171875,,39,0.2109375,250.80518193900207,,56.05618961999426,,0.125,4096,,-2.18852584907836e-05,,,,0.2109375,94.87006348100113,,0,0.0029400016501313075,0.046875,0.23568200413137674,,0.5234375,-0.0004342765314504504,0.125,0.18359375,0.0002650031092343852,48,1246.2581418115165,0,56090.02685546875,0.0011225019989069551,1250272.0,197,0,,77.35375449999992,0.0,0.0758795393970281,,0.00014882400864735246,0,,0.0234375,0.03125,,0,0.0004550038283923641,0,1064.7265625,37.092097103595734,22.316065719001926,0.5234375,205.0,,,,49.450355529785156,,0.0005625024641631171,0,,,1780347182.430726,0.2069603760028258,0.0859375,,0,0.1796875,1,0,6,,250.80518193900207,,260,0,,0.18359375,,0.0859375,11252,0.0234375,,,,190.13741540908813,0,,156.2421875,716,0,,,,0.0003600016498239711,47333.489897657,20691.89453125,,,0,0,-0.125,0,66.96471405029297,0.0,,0.125,1,0,,,,,0,0.03125,976,1.8861198425292969,-0.125,0.0033111572265625,0
533.4202983522118,0.000962498234002851,0,198,,1.0,0.060111941271750874,,0.4765625,,,,0,,,,3e-06,0.002190497441915795,0.05197532881123579,,0,,0.0859375,,89.68447494506836,,-0.0006298005464486778,3.4296875,,41,0.1796875,234.6041971529994,,58.60223520999716,,0.1116071417927742,4096,,0.00010396512924160106,,,,0.1796875,75.67933384999924,,0,0.0034125023375963792,0.0615234375,0.2591419906821102,,0.5234375,-0.0006298005464486778,0.1116071417927742,0.1748046875,0.00017999991541728377,63,1377.5510153777664,0,56388.912200927734,0.0011349966371199116,1292717.0,198,0,,77.70772838499397,0.0,0.05854284723570529,,0.00021945214029983617,0,,0.09375,0.03125,,0,0.0005072488420410082,0,1101.0751953125,36.46669536828995,22.40309412199713,0.5234375,205.0,,,,54.882869720458984,,0.0006450009095715359,0,,,1780347417.0565765,0.2098347110004397,0.0859375,,0,0.171875,1,0,3,,234.6041971529994,,249,0,,0.1748046875,,0.0859375,11313,0.09375,,,,190.13741540908813,0,,161.34375,747,0,,,,0.00025749977794475853,47585.478853187,20748.6629486084,,,0,0,-0.1071428582072258,0,66.21388244628906,0.0,,0.0859375,1,0,,,,,0,0.03125,961,0.4812599718570709,-0.1071428582072258,0.00360870361328125,0
557.1182278908964,0.0009875002433545887,0,199,,0.9921875,0.0574572711232272,,0.4296875,,,,0,,,,3e-06,-2.368590867263265e-05,0.04814970087663997,,0,,0.1015625,,89.71963119506836,,-0.0008192061213776469,2.9765625,,45,0.1796875,251.96993786099483,,57.204492874996504,,0.125,4096,,-3.58389552133076e-05,,,,0.1796875,93.1960115480033,,0,0.003029999788850546,0.0625,0.30138398869894445,,0.5703125,-0.0008192061213776469,0.125,0.1474609375,0.00023000029614195228,64,1358.5579014145987,0,57068.61114501953,0.001174999852082692,1369263.0,199,0,,78.67411543000344,0.0,0.068062900661161,,0.00012992469601158518,0,,0.0625,0.0078125,,0,0.0004675002855947241,0,1160.2099609375,37.44242712855339,22.667350194999017,0.5703125,205.0,,,,52.600704193115234,,0.0006399986887117848,0,,,1780347669.0455313,0.22565044099610532,0.078125,,0,0.2421875,1,0,2,,251.96993786099483,,240,0,,0.1474609375,,0.078125,11368,0.0625,,,,190.13741540908813,0,,176.9609375,807,0,,,,0.00034000004234258085,47868.307982374,21010.635375976562,,,0,0,-0.1651785671710968,0,79.85914611816406,0.0,,0.1015625,1,0,,,,,0,0.0078125,960,0.5420070886611938,-0.1651785671710968,0.0025787353515625,0
524.8128644143435,0.0009949962986866012,0,200,0.0,1.0,0.06415574880129742,0.7900390625,0.4921875,0.13333333333333333,0.0,0.0,0,0.0,0.19679144385026737,"{'nrows': 4, 'path': 'media/table/val/generations_199_1a8102b55f95b75be078.table.json', 'sha256': '1a8102b55f95b75be0788292c240e880298fb7d58e71cecebcd549e2176b013d', 'ncols': 13, 'log_mode': 'IMMUTABLE', '_latest_artifact_path': 'wandb-client-artifact://iqsgya5r3m43jhrwyxswy2joscpeygpch71i10w2foekr2so4vnrphqd265eivsge9iw3wwdb4rdgtqd8sdy71wmdrjosqgtqy8qe6r6e4d7zwngf2i7wnidkal7d98h:latest/val/generations.table.json', 'size': 46826, '_type': 'table-file', 'artifact_path': 'wandb-client-artifact://pu8f8nfzk3415vqrevmesvpffn6ffphhsesm5f97dbpom5lx76cqxywhhcrilbl509askr3hcwtidcuaxz2gvzpxn0rhacnq0ls677o1g4r7evz8yu1bjycdgzstnikj/val/generations.table.json'}",3e-06,0.001138420971983578,0.054813143054026334,73.01562635700247,0,0.0,0.1640625,0.2077798861480076,89.68323516845703,0.0,-0.000920583086553961,3.2109375,0.0,44,0.1171875,290.364781794,0.0,57.031266513993614,30.0,0.1116071417927742,4096,0.0,3.650414082656539e-05,0.0,7.520322708005551,0.2099609375,0.1171875,54.051694819005206,1054.0,0,0.003382499926374294,0.0322265625,0.31625875271856785,0.0,0.5078125,-0.000920583086553961,0.1116071417927742,0.205078125,0.0002174983819713816,33,1027.2965893350768,0,54973.33908081055,0.0011050015018554404,1193163.0,200,0,0.0,76.54826570700243,0.0,0.045301182503149365,0.2099609375,0.0002640105376485735,0,0.0,0.09375,0.0234375,0.1986754966887417,0,0.0005950005288468674,0,1016.0810546875,37.651918828487396,21.997567808000895,0.5078125,205.0,0.0,0.0,0.0,50.789100646972656,0.0,0.000662499587633647,0,1024.0,0.0,1780347959.438308,0.19703011700039497,0.09375,0.0,0,0.2109375,1,0,9,0.0,290.364781794,0.0,249,0,0.13793103448275862,0.205078125,0.0,0.09375,11431,0.09375,0.0,0.7922201138519924,0.0,190.13741540908813,0,0.0,149.1171875,721,0,0.0,0.0,0.0,0.0002600008883746341,48081.482582179,21012.13836669922,0.0,0.0,0,0,-0.11249999701976776,0,63.556190490722656,0.0,0.13333333333333333,0.1640625,1,0,0.0,0.8666666666666667,0.0,0.0,0,0.0234375,991,0.859886109828949,-0.11249999701976776,0.003997802734375,0
835.295767239586,0.0010324984032195061,0,201,,1.0,0.06426731606547173,,0.5078125,,,,0,,,,3e-06,4.015275044366815e-05,0.052015592695203304,,0,,0.1328125,,89.66922760009766,,-0.00034876682911999524,3.171875,,35,0.1640625,205.5474395939964,,53.528050084001734,,0.125,4096,,-6.196704975103273e-05,,,,0.1640625,53.25296685099602,,0,0.0029975017241667956,0.037109375,0.24196448794100434,,0.4921875,-0.00034876682911999524,0.125,0.20703125,0.00019999970390927047,38,1448.897882592251,0,55225.830078125,0.0011849988368339837,1191269.0,201,0,,76.55966134199844,0.0,0.044702721930140056,,0.00024862584405127564,0,,0.09375,0.046875,,0,0.0006200007192092016,0,1004.9580078125,36.56121715903282,22.012041059002513,0.4921875,205.0,,,,50.5435791015625,,0.0006725022103637457,0,,,1780348165.0492346,0.19232143900444498,0.0703125,,0,0.234375,1,0,7,,205.5474395939964,,221,0,,0.20703125,,0.0703125,11496,0.09375,,,,190.13741540908813,0,,158.390625,717,0,,,,0.00037249992601573467,48285.781042292,20461.72523498535,,,0,0,-0.1339285671710968,0,66.66990661621094,0.0,,0.1328125,1,0,,,,,0,0.046875,986,0.5340585708618164,-0.1339285671710968,0.00337982177734375,0
546.0259841347579,0.0010674993973225355,0,202,,1.0,0.06731408344280117,,0.53125,,,,0,,,,3e-06,-0.0014879575701343128,0.05190689222583056,,0,,0.1796875,,89.6638069152832,,-0.00086024816846475,3.2578125,,46,0.1328125,204.28072908399918,,50.685886400002346,,0.1205357164144516,4096,,-0.00010160020661231783,,,,0.1328125,55.12679935900087,,0,0.003784998625633307,0.0302734375,0.27762172976508737,,0.46875,-0.00086024816846475,0.1205357164144516,0.23046875,0.00022999847715254873,31,1377.8649178614419,0,55416.59927368164,0.0011874999472638592,1125885.0,202,0,,75.78791683699819,0.0,0.048963081805869044,,0.00020881198270217283,0,,0.0625,0.015625,,0,0.0005700003384845331,0,953.5908203125,36.506280303001404,22.47820630700153,0.46875,205.0,,,,47.82264709472656,,0.0006024984031682834,0,,,1780348369.347678,0.19962482000119053,0.140625,,0,0.1875,1,0,5,,204.28072908399918,,219,0,,0.23046875,,0.140625,11564,0.0625,,,,190.13741540908813,0,,145.90625,1024,0,,,,0.0004025005182484165,48488.806909937,19788.49983215332,,,0,0,-0.09375,0,75.06684112548828,0.0078125,,0.1796875,1,0,,,,,0,0.015625,993,0.4853146970272064,-0.09375,0.00418853759765625,0
556.9758065848873,0.0008499973773723468,0,203,,1.0,0.06488388344389187,,0.5390625,,,,0,,,,3e-06,0.0004356156932772137,0.05098935325248727,,0,,0.15625,,89.72452163696289,,-0.000877632643096149,3.3828125,,34,0.1953125,203.00330647500232,,51.99838156400074,,0.125,4096,,6.644451185877642e-05,,,,0.1953125,52.0865761640016,,0,0.003749995812540874,0.037109375,0.23645476903766394,,0.4609375,-0.000877632643096149,0.125,0.1865234375,0.0003100012690993026,38,1453.1549023627629,0,55474.80773925781,0.0012499986041802913,1179981.0,203,0,,76.56174967000698,0.0,0.04414187699971576,,0.00013532705133911804,0,,0.0859375,0.0078125,,0,0.000555000951862894,0,995.8876953125,37.68510743975639,22.14978473699739,0.4609375,205.0,,,,48.97642135620117,,0.000660000296193175,0,,,1780348572.3735476,0.20450104000337888,0.09375,,0,0.2109375,1,0,8,,203.00330647500232,,242,0,,0.1865234375,,0.09375,11633,0.0859375,,,,190.13741540908813,0,,156.4375,632,0,,,,0.0003675031621241942,48700.542768422,20492.036819458008,,,0,0,-0.125,0,73.19546508789062,0.0,,0.15625,1,0,,,,,0,0.0078125,986,0.6726285219192505,-0.125,0.0040435791015625,0
539.6756794034445,0.0009850027709035203,0,204,,1.0,0.06099432750051104,,0.4453125,,,,0,,,,3e-06,0.0005840026606165338,0.05107538324317661,,0,,0.125,,89.75690841674805,,-0.0009133451385423541,3.5,,54,0.1796875,211.71284677099902,,57.16346677499678,,0.125,4096,,-2.3710669381671323e-05,,,,0.1796875,52.961293622000085,,0,0.0030450009944615886,0.0576171875,0.2920440165325999,,0.5546875,-0.0009133451385423541,0.125,0.1708984375,0.00022499989427160472,59,1525.6490332368687,0,56789.14260864258,0.0011724987416528165,1291998.0,204,0,,78.80454914200527,0.0,0.04099177678448425,,0.0002085107344100834,0,,0.0234375,0.03125,,0,0.00044250009523238987,0,1092.966796875,37.323348224163055,22.566913884002133,0.5546875,205.0,,,,51.94330978393555,,0.0007450016710208729,0,,,1780348784.1094239,0.21418215899757342,0.0859375,,0,0.1796875,1,0,9,,211.71284677099902,,224,0,,0.1708984375,,0.0859375,11690,0.0234375,,,,190.13741540908813,0,,168.75,732,0,,,,0.0004025005182484165,48902.30563583,21438.108444213867,,,0,0,-0.0803571417927742,0,73.47527313232422,0.0,,0.125,1,0,,,,,0,0.03125,965,0.5345728397369385,-0.0803571417927742,0.003509521484375,0
548.4664989489829,0.0009750019671628252,0,205,,1.0,0.06541648492099689,,0.40625,,,,0,,,,3e-06,0.0018584707140689716,0.05130528667915781,,0,,0.046875,,89.71661376953125,,-0.00025660041137598455,3.7578125,,38,0.15625,201.73936238500028,,51.509635636000894,,0.125,4096,,-6.611358827512959e-06,,,,0.15625,53.82107588100189,,0,0.0034599997889017686,0.0224609375,0.2733615110628307,,0.59375,-0.00025660041137598455,0.125,0.1533203125,0.00023000211513135582,23,1412.2566197878668,0,53911.35025024414,0.0009975010470952839,1139631.0,205,0,,74.5506541270006,0.0,0.047226756626488654,,0.00018560599619377172,0,,0.09375,0.0390625,,0,0.000507498043589294,0,980.4521484375,36.081064492464066,21.641078956003184,0.59375,205.0,,,,48.5181999206543,,0.0006475002010120079,0,,,1780348985.8722665,0.21500592899974436,0.0703125,,0,0.1484375,1,0,9,,201.73936238500028,,232,0,,0.1533203125,,0.0703125,11742,0.09375,,,,190.13741540908813,0,,132.46875,758,0,,,,0.00034999902709387243,49115.454854161,20054.475784301758,,,0,0,-0.1116071417927742,0,53.3549690246582,0.0,,0.046875,1,0,,,,,0,0.0390625,1001,0.4625168740749359,-0.1116071417927742,0.00312042236328125,0
568.8123243835435,0.0009325012797489762,0,206,,1.0,0.06096417085655123,,0.4921875,,,,0,,,,3e-06,-0.000384354365451145,0.04936119198049108,,0,,0.109375,,89.7164535522461,,3.588778054108843e-05,3.5625,,41,0.2109375,213.12237749299675,,54.63913743300509,,0.125,4096,,-7.387808300052257e-05,,,,0.2109375,58.54688952700235,,0,0.0034525019145803526,0.037109375,0.2670067478902638,,0.5078125,3.588778054108843e-05,0.125,0.1962890625,0.0002174983819713816,38,1491.2523674828262,0,55666.324615478516,0.0011550000635907054,1271277.0,206,0,,77.50234823400388,0.0,0.04605360556904778,,0.00021863226811547065,0,,0.0390625,0.03125,,0,0.0004924986569676548,0,1080.9814453125,36.582715809345245,22.216933479001455,0.5078125,205.0,,,,49.966800689697266,,0.0006750015018042177,0,,,1780349199.0215454,0.21464505000039935,0.1015625,,0,0.1953125,1,0,2,,213.12237749299675,,208,0,,0.1962890625,,0.1015625,11805,0.0390625,,,,190.13741540908813,0,,160.5,722,0,,,,0.00033750075090210885,49355.614691134,21230.35430908203,,,0,0,-0.1071428582072258,0,68.16571807861328,0.0,,0.109375,1,0,,,,,0,0.03125,986,1.1661510467529297,-0.1071428582072258,0.0032958984375,0
612.3027895300766,0.0008875013008946553,0,207,,1.0,0.06399468224339273,,0.40625,,,,0,,,,3e-06,0.0006830828715465032,0.050940655126399934,,0,,0.1015625,,89.66098022460938,,-0.0010400870814919472,3.28125,,47,0.125,240.13555873199948,,52.075409159995615,,0.125,4096,,-1.0967982022158651e-05,,,,0.125,89.41195847500057,,0,0.00353225004801061,0.037109375,0.24573475820943713,,0.59375,-0.0010400870814919472,0.125,0.142578125,0.0001700009306659922,38,1240.44519509266,0,55598.0110168457,0.0010950006981147453,1191500.0,207,0,,76.24966389300243,0.0,0.0750415094208985,,4.9798007239587605e-05,0,,0.1171875,0.0234375,,0,0.0005549973138840869,0,998.31640625,36.775801330804825,22.180172139997012,0.59375,205.0,,,,48.849430084228516,,0.0007549988367827609,0,,,1780349439.1812685,0.216112811001949,0.0390625,,0,0.171875,1,0,3,,240.13555873199948,,213,0,,0.142578125,,0.0390625,11857,0.1171875,,,,190.13741540908813,0,,165.2578125,759,0,,,,0.00031250237952917814,49564.553053992,20002.321243286133,,,0,0,-0.07500000298023224,0,66.13811492919922,0.0,,0.1015625,1,0,,,,,0,0.0234375,986,0.3936893939971924,-0.07500000298023224,0.00315093994140625,0
540.7428734506539,0.0009999985195463523,0,208,,1.0,0.0641879817044276,,0.4296875,,,,0,,,,3e-06,0.0004438042742549442,0.051535127275206344,,0,,0.1015625,,89.65211486816406,,-0.000394613656681031,3.4140625,,44,0.15625,208.9124798269986,,54.10703933700279,,0.1071428582072258,4096,,-8.541747284596113e-05,,,,0.15625,54.09828579999885,,0,0.0031324980227509513,0.04296875,0.2976012765429914,,0.5703125,-0.000394613656681031,0.1071428582072258,0.1474609375,0.0002225006028311327,44,1457.024014324406,0,56168.78128051758,0.0011275005817878991,1217562.0,208,0,,78.15284738000628,0.0,0.04443164766968651,,0.0003907950601842458,0,,0.1015625,0.0078125,,0,0.0005225010681897402,0,1025.298828125,37.39411011338234,22.331293014998664,0.5703125,205.0,,,,50.8170280456543,,0.0007399994501611218,0,,,1780349648.1196678,0.22079697400477016,0.0625,,0,0.15625,1,0,3,,208.9124798269986,,261,0,,0.1474609375,,0.0625,11912,0.1015625,,,,190.13741540908813,0,,163.7265625,758,0,,,,0.0003800014383159578,49836.928054209,21405.624389648438,,,0,0,-0.09285714477300644,0,65.51285552978516,0.0,,0.1015625,1,0,,,,,0,0.0078125,980,0.40524184703826904,-0.09285714477300644,0.00366973876953125,0
526.1817630853329,0.0009749983291840181,0,209,,0.9921875,0.06961659667337869,,0.4296875,,,,0,,,,3e-06,0.0011291846094536595,0.05233959735232879,,0,,0.1015625,,89.70151901245117,,-0.0011555578093975782,3.3671875,,44,0.1328125,272.3188112610005,,50.34158556300099,,0.125,4096,,8.057978859810078e-05,,,,0.1328125,123.76761255200108,,0,0.002912498530349694,0.0263671875,0.27462898287922144,,0.5703125,-0.0011555578093975782,0.125,0.1640625,0.0001775024429662153,27,1002.2609115255332,0,54556.556701660156,0.001119999069487676,1091738.0,209,0,,76.00308401900111,0.0,0.11336750443055117,,0.00020212502568028867,0,,0.078125,0.015625,,0,0.0006475020200014114,0,939.283203125,36.5418940782547,22.010365232003096,0.5703125,205.0,,,,47.37664794921875,,0.0007400030881399289,0,,,1780349920.494741,0.19380880499375053,0.1015625,,0,0.140625,1,0,2,,272.3188112610005,,255,0,,0.1640625,,0.1015625,11967,0.078125,,,,190.13741540908813,0,,126.8671875,573,0,,,,0.0004249995981808752,50042.752137702,20883.522033691406,,,0,0,-0.1071428582072258,0,57.030120849609375,0.0,,0.1015625,1,0,,,,,0,0.015625,997,0.44394487142562866,-0.1071428582072258,0.0030975341796875,0
539.637431878873,0.0009622508514439687,0,210,,1.0,0.06606024766682382,,0.4921875,,,,0,,,,3e-06,0.0016845386835484533,0.050907698915857565,,0,,0.09375,,89.41366195678711,,-0.0013905557570979,3.359375,,48,0.1484375,205.78843438100012,,51.7087824659975,,0.125,4096,,-1.4759088230675843e-05,,8.037082178001583,,0.1484375,48.76945512500242,,0,0.003924998964066617,0.029296875,0.25240948889404535,,0.5078125,-0.0013905557570979,0.125,0.2158203125,0.00023249776859302074,29,1384.4898565704095,0,54522.01843261719,0.0012824984878534451,1139648.0,210,0,,75.28542913300043,0.0,0.042793437206051714,,0.0003775406489694433,0,,0.078125,0.0390625,,0,0.0005100027919979766,0,991.9296875,37.22614049911499,21.795362482997007,0.5078125,205.0,,,,48.809791564941406,,0.0005474994395626709,0,,,1780350126.3186414,0.1899861569982022,0.1328125,,0,0.140625,1,0,59,,205.78843438100012,,252,0,,0.2158203125,,0.1328125,12030,0.078125,,,,190.13741540908813,0,,121.0078125,600,0,,,,0.00033249853004235774,50244.587010398,20186.28692626953,,,0,0,-0.10000000149011612,0,57.75437545776367,0.0,,0.09375,1,0,,,,,0,0.0390625,995,0.6241776347160339,-0.10000000149011612,0.00406646728515625,0
573.8076405523316,0.0011350002750987187,0,211,,1.0,0.06690872388750138,,0.546875,,,,0,,,,3e-06,0.0018177563051722245,0.05534968914536167,,0,,0.09375,,89.60295867919922,,-0.0010325707262381911,3.6015625,,40,0.1953125,201.80834031899576,,54.95482446299866,,0.125,4096,,-4.376549751583525e-05,,,,0.1953125,48.113482143999136,,0,0.0030947521736379713,0.033203125,0.22214199998416007,,0.453125,-0.0010325707262381911,0.125,0.2177734375,0.00020500010577961802,34,1417.1292402877987,0,55165.470123291016,0.0009824998414842412,1143954.0,211,0,,76.54050232600275,0.0,0.04205893081714748,,0.0003205549412541586,0,,0.09375,0.03125,,0,0.0005224974302109331,0,969.595703125,35.44503450393677,21.915753753004537,0.453125,205.0,,,,50.38349914550781,,0.0006175032467581332,0,,,1780350328.153598,0.2815685809982824,0.1328125,,0,0.171875,1,0,8,,201.80834031899576,,211,0,,0.2177734375,,0.1328125,12100,0.09375,,,,190.13741540908813,0,,147.546875,633,0,,,,0.0002149990905309096,50447.473872467,20765.55061340332,,,0,0,-0.1071428582072258,0,59.72553253173828,0.0,,0.09375,1,0,,,,,0,0.03125,990,1.499292254447937,-0.1071428582072258,0.00380706787109375,0
543.6276014843315,0.001017502654576674,0,212,,1.0,0.061150163172012544,,0.53125,,,,0,,,,3e-06,0.001237686232343549,0.04666476975735619,,0,,0.1328125,,89.73055267333984,,-0.0015156242297962308,3.390625,,38,0.1875,202.8665918839979,,51.45266846400045,,0.125,4096,,3.7650957935397855e-05,,,,0.1875,52.355009757004154,,0,0.003232496965210885,0.0390625,0.2397419884800911,,0.46875,-0.0015156242297962308,0.125,0.1943359375,0.00022500171326100826,40,1545.481180949099,0,55639.11437988281,0.0011500014807097614,1254106.0,212,0,,76.68878653499996,0.0,0.041746877661859645,,0.00021384631759246986,0,,0.09375,0.03125,,0,0.0005250003596302122,0,1076.759765625,37.02098876237869,22.154283712996403,0.46875,205.0,,,,49.23616409301758,,0.0006149984983494505,0,,,1780350531.0404932,0.21323614799621282,0.0859375,,0,0.1875,1,0,144,,202.8665918839979,,246,0,,0.1943359375,,0.0859375,12168,0.09375,,,,190.13741540908813,0,,147.953125,685,0,,,,0.00035499942896422,50744.146821601,20468.77670288086,,,0,0,-0.1071428582072258,0,61.02225875854492,0.0,,0.1328125,1,0,,,,,0,0.03125,984,0.47194358706474304,-0.1071428582072258,0.0041046142578125,0
579.2604280486557,0.0009875020623439923,0,213,,0.9921875,0.06461160431195942,,0.46875,,,,0,,,,3e-06,0.0014877100020385114,0.05733712339471957,,0,,0.078125,,89.70965194702148,,-0.001089413883164525,3.15625,,34,0.15625,296.65957777100266,,59.880827537002915,,0.1071428582072258,4096,,-0.00010281100301767765,,,,0.15625,137.7422119030016,,0,0.0032500011002412066,0.044921875,0.2611542586237192,,0.53125,-0.001089413883164525,0.1071428582072258,0.197265625,0.00021750020096078515,46,999.0744348351543,0,55451.080322265625,0.0011049978638766333,1185540.0,213,0,,76.59964137600036,0.0,0.11618520834640889,,0.00014088515263210866,0,,0.0625,0.0234375,,0,0.0005149977369001135,0,1019.88671875,37.5078059732914,22.22663698699762,0.53125,205.0,,,,56.787574768066406,,0.000632251612842083,0,,,1780350827.7134259,0.20767024999804562,0.1484375,,0,0.1640625,1,0,2,,296.65957777100266,,242,0,,0.197265625,,0.1484375,12228,0.0625,,,,190.13741540908813,0,,137.8671875,619,0,,,,0.00030000046535860747,50983.785033325,20531.524658203125,,,0,0,-0.0892857164144516,0,70.0949935913086,0.0,,0.078125,1,0,,,,,0,0.0234375,978,0.5024510025978088,-0.0892857164144516,0.0047454833984375,0
536.067641194677,0.0009449995559407398,0,214,,1.0,0.06218252401203486,,0.453125,,,,0,,,,3e-06,0.0016625007592665497,0.05025520344451301,,0,,0.109375,,89.66257095336914,,-0.0005016209906898439,3.578125,,46,0.1875,239.61283313100284,,55.15870415500103,,0.1205357164144516,4096,,-7.823647715099469e-05,,,,0.1875,84.33497360599722,,0,0.0033200012694578618,0.041015625,0.3246809937991202,,0.546875,-0.0005016209906898439,0.1205357164144516,0.150390625,0.00022249878384172916,42,1302.012901076265,0,55775.81787109375,0.0011025003914255649,1247916.0,214,0,,77.5985666350025,0.0,0.06758064934338306,,0.0003040363681066083,0,,0.0859375,0.015625,,0,0.0005450019671116024,0,1071.84765625,37.308670580387115,22.314403878997837,0.546875,205.0,,,,50.92121887207031,,0.0006174996087793261,0,,,1780351067.3516734,0.20407358200463932,0.0546875,,0,0.15625,1,0,2,,239.61283313100284,,187,0,,0.150390625,,0.0546875,12286,0.0859375,,,,190.13741540908813,0,,146.8203125,562,0,,,,0.0004150006134295836,51185.207840403,21249.040603637695,,,0,0,-0.10000000149011612,0,75.23145294189453,0.0,,0.109375,1,0,,,,,0,0.015625,982,0.513597846031189,-0.10000000149011612,0.003448486328125,0
541.2014229859778,0.0010299991117790341,0,215,,1.0,0.06452103783167609,,0.4765625,,,,0,,,,3e-06,0.00025747457766556224,0.0504572737800371,,0,,0.0546875,,89.78940200805664,,-0.0004414573195390403,3.265625,,47,0.21875,201.40686837599787,,52.02417396000237,,0.125,4096,,3.7843114668589806e-05,,,,0.21875,51.54878824899788,,0,0.0028672493499470875,0.0283203125,0.23282450274564326,,0.5234375,-0.0004414573195390403,0.125,0.19140625,0.00020750121620949358,29,1454.2180331865202,0,54736.76300048828,0.0010775002010632306,1171558.0,215,0,,75.59013804000278,0.0,0.044000201653693526,,0.00016787594267952954,0,,0.046875,0.0390625,,0,0.0005849997251061723,0,1006.888671875,36.99171170592308,22.03460999699746,0.5234375,205.0,,,,49.30534362792969,,0.0006599984772037715,0,,,1780351268.774469,0.20649983499606606,0.1171875,,0,0.1875,1,0,4,,201.40686837599787,,238,0,,0.19140625,,0.1171875,12347,0.046875,,,,190.13741540908813,0,,137.2109375,639,0,,,,0.00025500048650428653,51426.505586421,20274.94239807129,,,0,0,-0.125,0,56.577781677246094,0.0,,0.0546875,1,0,,,,,0,0.0390625,995,0.4268765449523926,-0.125,0.0034027099609375,0
529.7034982049809,0.0008774968591751531,0,216,,1.0,0.063783183381034,,0.4296875,,,,0,,,,3e-06,-0.0002097669494105503,0.05124308078098061,,0,,0.0859375,,89.6885986328125,,-0.0009991844417527318,3.4609375,,46,0.1328125,241.27809163400525,,53.36244335900119,,0.125,4096,,-4.938617007610446e-05,,,,0.1328125,89.8404318660032,,0,0.00321499646815937,0.0390625,0.2513144863769412,,0.5703125,-0.0009991844417527318,0.125,0.16796875,0.0002600008883746341,40,1232.0710429479504,0,54989.45617675781,0.001062498995452188,1189087.0,216,0,,75.84375417700358,0.0,0.07555412839094465,,0.0002648548979777843,0,,0.0859375,0.0234375,,0,0.0005375022738007829,0,1016.9521484375,37.36615926027298,22.007307125997613,0.5703125,205.0,,,,49.966434478759766,,0.0006000009307172149,0,,,1780351510.0721493,0.22194973500154447,0.1015625,,0,0.15625,1,0,27,,241.27809163400525,,249,0,,0.16796875,,0.1015625,12402,0.0859375,,,,190.13741540908813,0,,144.265625,721,0,,,,0.000337247911375016,51665.562063658,20286.970138549805,,,0,0,-0.07321428507566452,0,63.10993957519531,0.0,,0.0859375,1,0,,,,,0,0.0234375,984,1.580122709274292,-0.07321428507566452,0.0038909912109375,0
546.2425790356065,0.000912499672267586,0,217,,1.0,0.06427521817944211,,0.5,,,,0,,,,3e-06,0.0001182089363283012,0.05039818732980908,,0,,0.1328125,,89.72472381591797,,-0.0004358085279818624,3.5625,,41,0.1953125,238.99821581300057,,51.6376803489984,,0.125,4096,,9.001461863178406e-05,,,,0.1953125,89.35402385199995,,0,0.00367975007975474,0.0341796875,0.23001950467005372,,0.5,-0.0004358085279818624,0.125,0.1767578125,0.00022499807528220117,35,1234.19540600585,0,54933.570861816406,0.0011375013855285943,1179882.0,217,0,,75.83717297599651,0.0,0.07573132215933454,,0.000208824119908968,0,,0.0703125,0.0078125,,0,0.0005250003596302122,0,1000.580078125,37.355102598667145,21.965759124002943,0.5,205.0,,,,48.87763977050781,,0.0006275004125200212,0,,,1780351749.128705,0.20124835100432392,0.09375,,0,0.140625,1,0,8,,238.99821581300057,,221,0,,0.1767578125,,0.09375,12466,0.0703125,,,,190.13741540908813,0,,151.6484375,696,0,,,,0.00030750015866942704,51898.697353997,20319.766998291016,,,0,0,-0.15625,0,66.19051361083984,0.0,,0.1328125,1,0,,,,,0,0.0078125,989,0.4094899594783783,-0.15625,0.0045623779296875,0
567.7377674583113,0.0010050007404061034,0,218,,0.9921875,0.06339044426196053,,0.40625,,,,0,,,,3e-06,0.0025925192012437037,0.0494594793855504,,0,,0.1171875,,89.71341323852539,,-0.001464882050640881,3.875,,51,0.125,233.11108550000063,,51.35862447499676,,0.125,4096,,1.5410100715484987e-05,,,,0.125,83.42104496699903,,0,0.0035125012800563127,0.0283203125,0.3064737538807094,,0.59375,-0.001464882050640881,0.125,0.162109375,0.0003199984348611906,29,1288.3707325879154,0,55196.81167602539,0.0011875035852426663,1201334.0,218,0,,76.15309596699808,0.0,0.06944034295791099,,0.00039134651160566136,0,,0.0625,0.0078125,,0,0.0005649999366141856,0,1014.060546875,37.30127215385437,21.97881077799684,0.59375,205.0,,,,48.51042938232422,,0.0006874997779959813,0,,,1780351982.264024,0.19708181299938587,0.09375,,0,0.1171875,1,0,4,,233.11108550000063,,216,0,,0.162109375,,0.09375,12518,0.0625,,,,190.13741540908813,0,,159.1171875,746,0,,,,0.0003325003490317613,52102.658486161,20350.93116760254,,,0,0,-0.12142857164144516,0,63.707733154296875,0.0,,0.1171875,1,0,,,,,0,0.0078125,995,0.5915250182151794,-0.12142857164144516,0.00444793701171875,0
523.0378201631538,0.0009100021998165175,0,219,,1.0,0.06347907553302365,,0.4765625,,,,0,,,,3e-06,0.0006911529435456032,0.0514062676811898,,0,,0.140625,,89.67427062988281,,-0.0010591908358037472,3.4765625,,44,0.1640625,203.93845452499954,,54.15321300100186,,0.125,4096,,3.833387006579869e-05,,,,0.1640625,51.06342415200197,,0,0.002880000465665944,0.0439453125,0.2000152599066496,,0.5234375,-0.0010591908358037472,0.125,0.173828125,0.00022249878384172916,45,1476.2640067133298,0,55403.41567993164,0.0012225009413668886,1204268.0,219,0,,76.44581933400332,0.0,0.042402043525197025,,0.00020837827196373837,0,,0.0703125,0.015625,,0,0.0005225028871791437,0,1028.74609375,36.0410138964653,22.071757167002943,0.5234375,205.0,,,,49.65471267700195,,0.0005649962986353785,0,,,1780352186.225132,0.20224713499919744,0.0859375,,0,0.15625,1,0,39,,203.93845452499954,,205,0,,0.173828125,,0.0859375,12579,0.0703125,,,,190.13741540908813,0,,147.296875,756,0,,,,0.0004249995981808752,52320.031970066,20483.118057250977,,,0,0,-0.125,0,63.88957214355469,0.0,,0.140625,1,0,,,,,0,0.015625,979,0.8193516731262207,-0.125,0.003662109375,0
569.3037142737012,0.0009799987310543656,0,220,,1.0,0.06141470220474295,,0.4375,,,,0,,,,3e-06,-8.734640869079158e-05,0.05160857062386679,,0,,0.0703125,,89.71825408935547,,-7.419365283567458e-05,3.2890625,,42,0.125,217.35281826300343,,57.42692087600153,,0.1160714253783226,4096,,-5.358245812203677e-05,,7.4698297549985,,0.125,51.60458814100275,,0,0.003020002623088658,0.0458984375,0.30682599754072726,,0.5625,-7.419365283567458e-05,0.1160714253783226,0.203125,0.0002824999683070928,47,1464.922343977709,0,56851.295471191406,0.00126000122691039,1273620.0,220,0,,78.21899302200472,0.0,0.04051804159875218,,0.00013935399420006434,0,,0.0703125,0.015625,,0,0.0005399997462518513,0,1086.66015625,35.49329191446304,22.414979123001103,0.5625,205.0,,,,51.28327941894531,,0.0006274985935306177,0,,,1780352403.5986955,0.21501720699598081,0.15625,,0,0.1640625,1,0,3,,217.35281826300343,,245,0,,0.203125,,0.15625,12635,0.0703125,,,,190.13741540908813,0,,157.109375,766,0,,,,0.00041499879444018006,52523.306927587,20762.58659362793,,,0,0,-0.14107142388820648,0,64.37995910644531,0.0,,0.0703125,1,0,,,,,0,0.015625,977,1.3327622413635254,-0.14107142388820648,0.0034942626953125,0
537.6707854084088,0.0010324984032195061,0,221,,1.0,0.06297521443559469,,0.5,,,,0,,,,3e-06,5.80873111175606e-05,0.05085964559456867,,0,,0.1171875,,89.71864700317383,,-0.0007432596758008003,3.1171875,,32,0.2109375,203.25667420800164,,53.23519792099978,,0.11249999701976776,4096,,7.29584437273445e-05,,,,0.2109375,50.717046915997344,,0,0.0035574976209318265,0.04296875,0.24744475376792252,,0.5,-0.0007432596758008003,0.11249999701976776,0.166015625,0.0002349988790228963,44,1501.7907834486412,0,55755.71823120117,0.0013424996723188087,1220996.0,221,0,,76.89248492500337,0.0,0.04153743903829115,,0.00012470694946387084,0,,0.078125,0.0078125,,0,0.00047499815991614014,0,1022.17578125,37.82842308282852,22.20457836699643,0.5,205.0,,,,50.28965759277344,,0.0005999991117278114,0,,,1780352606.8735995,0.2048238700008369,0.0859375,,0,0.2109375,1,0,4,,203.25667420800164,,229,0,,0.166015625,,0.0859375,12699,0.078125,,,,190.13741540908813,0,,170.203125,1024,0,,,,0.0005299989425111562,52718.571952926,20561.012268066406,,,0,0,-0.0892857164144516,0,66.17109680175781,0.0078125,,0.1171875,1,0,,,,,0,0.0078125,980,1.179566740989685,-0.0892857164144516,0.00289154052734375,0
534.3795700391638,0.0010225012374576181,0,222,,1.0,0.06356834203403389,,0.4921875,,,,0,,,,3e-06,0.0010888554170378484,0.050289170003445016,,0,,0.140625,,89.70416259765625,,-0.000288347655441612,3.5625,,48,0.1328125,195.23804435600323,,51.89500377999502,,0.1160714253783226,4096,,-8.801414878689684e-06,,,,0.1328125,45.77678915599972,,0,0.0033300002542091534,0.03515625,0.2796940098050982,,0.5078125,-0.000288347655441612,0.1160714253783226,0.20703125,0.00018249920685775578,36,1516.5947854921521,0,54963.8786315918,0.001186999725177884,1184388.0,222,0,,75.28958148500533,0.0,0.03865016291620628,,0.00020485154254856752,0,,0.0859375,0.03125,,0,0.00046000059228390455,0,1007.74609375,35.97045689821243,22.077188184994156,0.5078125,205.0,,,,49.19585037231445,,0.0006249956641113386,0,,,1780352802.1385772,0.19701588000316406,0.1015625,,0,0.15625,1,0,2,,195.23804435600323,,216,0,,0.20703125,,0.1015625,12762,0.0859375,,,,190.13741540908813,0,,148.8828125,624,0,,,,0.00040750092011876404,52920.855072772,19755.06591796875,,,0,0,-0.08571428805589676,0,70.98111724853516,0.0,,0.140625,1,0,,,,,0,0.03125,988,0.4805179834365845,-0.08571428805589676,0.003875732421875,0
645.431537346667,0.0010549974831519648,0,223,,1.0,0.06527331756759117,,0.4609375,,,,0,,,,3e-06,0.0007153577280405443,0.05165177885160772,,0,,0.0703125,,89.72766876220703,,-1.6408648662036285e-05,3.265625,,39,0.1953125,202.26454224700137,,52.45630695900036,,0.125,4096,,4.759507281448805e-05,,,,0.1953125,51.019517947002896,,0,0.003389748599147424,0.0390625,0.21792476763948798,,0.5390625,-1.6408648662036285e-05,0.125,0.1650390625,0.0002174983819713816,40,1447.5695875673964,0,55210.044860839844,0.0011449992598500103,1171168.0,223,0,,76.44602078900061,0.0,0.043562937125162994,,0.00031643800230085617,0,,0.0859375,0.0390625,,0,0.00047750108933541924,0,991.7734375,36.30881756544113,22.128041140000278,0.5390625,205.0,,,,48.23463821411133,,0.0006550035323016346,0,,,1780353004.421733,0.21217150199663593,0.0703125,,0,0.2265625,1,0,2,,202.26454224700137,,256,0,,0.1650390625,,0.0703125,12821,0.0859375,,,,190.13741540908813,0,,151.9453125,720,0,,,,0.00031749732443131506,53128.2239013,20554.01039123535,,,0,0,-0.0669642835855484,0,62.193397521972656,0.0,,0.0703125,1,0,,,,,0,0.0390625,984,1.1886446475982666,-0.0669642835855484,0.0030670166015625,0
518.4422333204566,0.001072499799192883,0,224,,1.0,0.063425595667663,,0.375,,,,0,,,,3e-06,3.687123898998834e-05,0.05155320423324486,,0,,0.09375,,89.67850494384766,,-0.0007078336784616113,3.578125,,45,0.1328125,207.3443559610023,,54.531484395003645,,0.125,4096,,-6.679617254690129e-05,,,,0.1328125,52.86439671499829,,0,0.0030499995773425326,0.0390625,0.28285151347517967,,0.625,-0.0007078336784616113,0.125,0.142578125,0.0001924963726196438,40,1473.9188273708278,0,55651.771545410156,0.0011999982234556228,1222435.0,224,0,,77.53366803999961,0.0,0.04324515963220809,,0.00016041031267377548,0,,0.0625,0.03125,,0,0.0005950023478362709,0,1032.9794921875,37.44060918688774,22.203181930999563,0.625,205.0,,,,51.74427032470703,,0.0006000009307172149,0,,,1780353211.790248,0.20944488800159888,0.0546875,,0,0.1953125,1,0,2,,207.3443559610023,,205,0,,0.142578125,,0.0546875,12869,0.0625,,,,190.13741540908813,0,,160.8046875,756,0,,,,0.00044250009523238987,53414.122311128,21325.72364807129,,,0,0,-0.09375,0,65.9259262084961,0.0,,0.09375,1,0,,,,,0,0.03125,984,0.5450084209442139,-0.09375,0.00384521484375,0
559.7508060163818,0.000907501089386642,0,225,,0.9921875,0.06083840103696679,,0.46875,,,,0,,,,3e-06,0.001892384603706887,0.05209872742816724,,0,,0.125,,89.7458610534668,,-0.001579881296493113,3.2109375,,46,0.140625,285.84303715300484,,57.95483278600295,,0.125,4096,,3.309807686946442e-05,,,,0.140625,126.76291820299957,,0,0.004049750714330003,0.0498046875,0.27008450706489384,,0.53125,-0.001579881296493113,0.125,0.1865234375,0.0002225006028311327,51,1127.160567593392,0,56316.64276123047,0.0011800002539530396,1288764.0,225,0,,78.40634107400547,0.0,0.09836007073676761,,0.00013673729517904576,0,,0.078125,0.015625,,0,0.00047750108933541924,0,1086.33203125,38.43008726835251,22.457229461004317,0.53125,205.0,,,,52.39118576049805,,0.0006500013114418834,0,,,1780353497.6889346,0.25933886999700917,0.109375,,0,0.25,1,0,2,,285.84303715300484,,202,0,,0.1865234375,,0.109375,12929,0.078125,,,,190.13741540908813,0,,172.2265625,1024,0,,,,0.0002999986463692039,53621.143706093,21491.239547729492,,,0,0,-0.11071428656578064,0,67.60408020019531,0.0078125,,0.125,1,0,,,,,0,0.015625,973,0.4467145800590515,-0.11071428656578064,0.00399017333984375,0
564.7846576212032,0.000912499672267586,0,226,,1.0,0.061254682383827176,,0.4921875,,,,0,,,,3e-06,0.0013060815163044026,0.05228545851861968,,0,,0.1015625,,89.73226547241211,,-0.0007898909971117973,3.6953125,,48,0.15625,207.00334579899936,,57.09488413499639,,0.125,4096,,3.308658796186137e-05,,,,0.15625,50.331115236003825,,0,0.0031122508517000824,0.0390625,0.27729873545467854,,0.5078125,-0.0007898909971117973,0.125,0.208984375,0.00017499951354693621,40,1521.1541571204987,0,55868.839263916016,0.001217500539496541,1259536.0,226,0,,77.15247763099615,0.0,0.03996004499752594,,0.0003345000432091183,0,,0.09375,0.046875,,0,0.0006375012162607163,0,1066.390625,37.09081560373306,22.230953797996335,0.5078125,205.0,,,,51.73310089111328,,0.0006300015229498968,0,,,1780353704.7103133,0.19181918400136055,0.09375,,0,0.1796875,1,0,16,,207.00334579899936,,215,0,,0.208984375,,0.09375,12992,0.09375,,,,190.13741540908813,0,,163.625,713,0,,,,0.00041000021155923605,53836.527223268,20681.47850036621,,,0,0,-0.11428571492433548,0,71.8517837524414,0.0,,0.1015625,1,0,,,,,0,0.046875,984,0.41058796644210815,-0.11428571492433548,0.004241943359375,0
567.286828356373,0.0011249994713580236,0,227,,1.0,0.060722144985613256,,0.46875,,,,0,,,,3e-06,0.0013567260411946336,0.050169755558657436,,0,,0.09375,,89.72724533081055,,-0.0009709740406833589,3.3671875,,40,0.171875,215.36000193600194,,55.69194055299886,,0.125,4096,,7.936029228605701e-05,,,,0.171875,59.40221145199757,,0,0.0035150005714967847,0.05078125,0.27038424741476774,,0.53125,-0.0009709740406833589,0.125,0.1826171875,0.0002225006028311327,52,1484.0058373280174,0,56329.925537109375,0.0010399999155197293,1278382.0,227,0,,77.62609715099825,0.0,0.046466714528206415,,0.00011570293554541422,0,,0.078125,0.015625,,0,0.0005425026756711304,0,1084.052734375,40.162693709135056,22.439908241998637,0.53125,205.0,,,,52.65898132324219,,0.0007375001587206498,0,,,1780353920.093867,0.19745617699663853,0.109375,,0,0.1875,1,0,6,,215.36000193600194,,240,0,,0.1826171875,,0.109375,13052,0.078125,,,,190.13741540908813,0,,164.3671875,759,0,,,,0.0003874993126373738,54035.76999483,20688.444137573242,,,0,0,-0.1071428582072258,0,61.037174224853516,0.0,,0.09375,1,0,,,,,0,0.015625,972,0.45084309577941895,-0.1071428582072258,0.004150390625,0
553.2018600115407,0.0009824998414842412,0,228,,1.0,0.06468911939103321,,0.453125,,,,0,,,,3e-06,0.0008238680711656343,0.051828568415633956,,0,,0.09375,,89.72447204589844,,-0.00022101066133473068,3.4453125,,39,0.140625,199.22503887100174,,52.837152357002196,,0.125,4096,,5.300492336601792e-05,,,,0.140625,48.02674133399705,,0,0.0034474996937206015,0.041015625,0.30117074493318796,,0.546875,-0.00022101066133473068,0.125,0.1875,0.0002750002749962732,42,1476.2451630913374,0,55107.95593261719,0.0010725034371716902,1176420.0,228,0,,76.10157383399928,0.0,0.040824485586777724,,0.00018368428527537617,0,,0.0703125,0.015625,,0,0.0005325018719304353,0,995.56640625,34.416381269693375,22.055979857002967,0.546875,205.0,,,,50.381988525390625,,0.0006524987838929519,0,,,1780354119.3365955,0.20091621200117515,0.1328125,,0,0.21875,1,0,2,,199.22503887100174,,217,0,,0.1875,,0.1328125,13110,0.0703125,,,,190.13741540908813,0,,153.28125,812,0,,,,0.0003800014383159578,54270.781496606,20405.691146850586,,,0,0,-0.1071428582072258,0,61.74797821044922,0.0,,0.09375,1,0,,,,,0,0.015625,982,0.5684995651245117,-0.1071428582072258,0.00359344482421875,0
531.4199640979496,0.0011200008884770796,0,229,,0.9921875,0.06516307848718397,,0.53125,,,,0,,,,3e-06,0.0003632158022810472,0.05240305161364222,,0,,0.109375,,89.40978622436523,,-0.0010398287558928132,3.359375,,45,0.1484375,234.985638776001,,53.09482429799391,,0.1116071417927742,4096,,1.6504287077445667e-05,,,,0.1484375,83.77248417300143,,0,0.003682502210722305,0.033203125,0.25935424491763115,,0.46875,-0.0010398287558928132,0.1116071417927742,0.2294921875,0.00018500031728763133,34,1238.99592977907,0,55056.156158447266,0.0011299998732283711,1164585.0,229,0,,75.88794375999714,0.0,0.07193333605791027,,0.0003890810021403013,0,,0.09375,0.03125,,0,0.0006125010258983821,0,989.4541015625,36.29506379365921,22.031110009003896,0.46875,205.0,,,,49.29314422607422,,0.0007100043148966506,0,,,1780354354.3481443,0.19678615799784893,0.1484375,,0,0.203125,1,0,6,,234.985638776001,,227,0,,0.2294921875,,0.1484375,13178,0.09375,,,,190.13741540908813,0,,147.8359375,607,0,,,,0.00039000042306724936,54482.291473505,20263.805389404297,,,0,0,-0.15625,0,57.40966033935547,0.0,,0.109375,1,0,,,,,0,0.03125,990,0.51451575756073,-0.15625,0.0040130615234375,0
561.3459636770131,0.0008924998837755993,0,230,,1.0,0.061480717698626196,,0.4453125,,,,0,,,,3e-06,0.0007245248052640818,0.048199170947008485,,0,,0.125,,89.65066909790039,,-0.00046133744763210416,3.109375,,42,0.171875,211.48141962099908,,53.287027233003755,,0.125,4096,,-1.9553290826479497e-05,,8.692574781998701,,0.171875,49.05339408299915,,0,0.002987499101436697,0.0419921875,0.26574399089440703,,0.5546875,-0.00046133744763210416,0.125,0.1474609375,0.0001849984982982278,43,1498.258100252217,0,55979.103088378906,0.001032251020660624,1267415.0,230,0,,77.92158382200432,0.0,0.03870349813044595,,0.00017642230886849575,0,,0.078125,0.0078125,,0,0.0005350011633709073,0,1079.6474609375,37.503402680158615,22.264520712000376,0.5546875,205.0,,,,49.0932731628418,,0.0006624977686442435,0,,,1780354565.858055,0.2597540389979258,0.0625,,0,0.265625,1,0,112,,211.48141962099908,,183,0,,0.1474609375,,0.0625,13235,0.078125,,,,190.13741540908813,0,,158.0625,737,0,,,,0.0003349996404722333,54684.414937912,21343.358993530273,,,0,0,-0.125,0,64.38859558105469,0.0,,0.125,1,0,,,,,0,0.0078125,981,0.43013328313827515,-0.125,0.00330352783203125,0
563.5786224120238,0.0010450003173900768,0,231,,1.0,0.06441156569349615,,0.4453125,,,,0,,,,3e-06,0.0008332508168678032,0.05178538450385848,,0,,0.1015625,,89.644775390625,,-0.0014128872426226735,3.390625,,50,0.1171875,202.1052809219982,,53.39632424500451,,0.125,4096,,2.070075230609092e-05,,,,0.1171875,50.77689031900081,,0,0.004140003511565737,0.03515625,0.23226224584504962,,0.5546875,-0.0014128872426226735,0.125,0.162109375,0.00018000173440668732,36,1455.731382464715,0,54863.88397216797,0.0012250002328073606,1176844.0,231,0,,75.80236461699678,0.0,0.043146662020625344,,0.00027600818475548294,0,,0.1171875,0.0,,0,0.0005725014489144087,0,1006.94140625,35.35773232579231,21.904327554999327,0.5546875,205.0,,,,50.12239074707031,,0.0006125010258983821,0,,,1780354767.9815257,0.22301957399758976,0.109375,,0,0.2265625,1,0,2,,202.1052809219982,,214,0,,0.162109375,,0.109375,13292,0.1171875,,,,190.13741540908813,0,,142.3203125,685,0,,,,0.0002824999683070928,54886.138045883,20339.303970336914,,,0,0,-0.14107142388820648,0,64.90941619873047,0.0,,0.1015625,1,0,,,,,0,0.0,988,0.4954849183559418,-0.14107142388820648,0.00373077392578125,0
532.0116329239681,0.0012800010154023767,0,232,,1.0,0.06558646874538439,,0.4453125,,,,0,,,,3e-06,0.0016947987787716556,0.050458122732881895,,0,,0.0859375,,89.71389770507812,,-0.0008158378768712282,3.578125,,45,0.15625,201.70433381299517,,51.048129561997484,,0.125,4096,,-0.00011527242789810543,,,,0.15625,52.494520109001314,,0,0.0032825009839143604,0.0322265625,0.2899412647821009,,0.5546875,-0.0008158378768712282,0.125,0.171875,0.00021999949240125716,33,1435.6917599424576,0,55037.960052490234,0.001062502633430995,1158341.0,232,0,,75.9714957929973,0.0,0.04531871021486878,,0.0001950503724401642,0,,0.0625,0.0,,0,0.0005150013748789206,0,987.9814453125,36.61038726568222,21.986119581997627,0.5546875,205.0,,,,47.116580963134766,,0.0007450016710208729,0,,,1780354969.7047052,0.20157800000015413,0.140625,,0,0.125,1,0,154,,201.70433381299517,,221,0,,0.171875,,0.140625,13349,0.0625,,,,190.13741540908813,0,,143.2109375,718,0,,,,0.0002800024958560243,55092.021163957,20364.61639404297,,,0,0,-0.125,0,57.78292465209961,0.0,,0.0859375,1,0,,,,,0,0.0,991,0.7310566902160645,-0.125,0.00370025634765625,0
526.5198194538243,0.0010399980965303257,0,233,,1.0,0.061295762893157496,,0.4921875,,,,0,,,,3e-06,0.0006933788390597333,0.04775012602891292,,0,,0.1171875,,89.75204467773438,,-0.00035383703652769327,3.2734375,,37,0.125,205.82463776700024,,52.03531783899962,,0.125,4096,,3.8828206129437604e-05,,,,0.125,54.0823096690001,,0,0.0038250000216066837,0.04296875,0.23120225523598492,,0.5078125,-0.00035383703652769327,0.125,0.20703125,0.00021750020096078515,44,1528.084797875575,0,55956.94351196289,0.0010274998203385621,1258070.0,233,0,,77.11436042299465,0.0,0.042988315172446764,,0.00016996277372527402,0,,0.109375,0.0390625,,0,0.0005375022738007829,0,1064.201171875,37.49948740005493,22.38325619399984,0.5078125,205.0,,,,49.53925704956055,,0.0006499994924524799,0,,,1780355175.5876822,0.20678577500075335,0.1015625,,0,0.203125,1,0,2,,205.82463776700024,,217,0,,0.20703125,,0.1015625,13412,0.109375,,,,190.13741540908813,0,,164.3828125,983,0,,,,0.00038249891076702625,55294.701919573,20593.158721923828,,,0,0,-0.125,0,60.22233581542969,0.0,,0.1171875,1,0,,,,,0,0.0390625,980,0.47436678409576416,-0.125,0.00380706787109375,0
561.0236756820086,0.00117250056064222,0,234,,1.0,0.06314773121674885,,0.4140625,,,,0,,,,3e-06,0.000301887965179049,0.05040206895449455,,0,,0.1015625,,89.7635612487793,,-0.00027789559680968523,3.5390625,,47,0.140625,202.658183354004,,53.597408920002636,,0.125,4096,,0.00014571278518360486,,,,0.140625,50.14144207699428,,0,0.0037050012906547636,0.0419921875,0.2804715186357498,,0.5859375,-0.00027789559680968523,0.125,0.1689453125,0.00022749918571207672,43,1495.42073744249,0,55489.646911621094,0.001067501216311939,1212237.0,234,0,,76.55001624699798,0.0,0.04136273853792145,,0.00017192914810948423,0,,0.0546875,0.0234375,,0,0.00047750108933541924,0,1038.4736328125,37.50959411263466,22.160400116998062,0.5859375,205.0,,,,49.43600082397461,,0.0006274985935306177,0,,,1780355378.2684953,0.20633482599805575,0.09375,,0,0.1875,1,0,2,,202.658183354004,,195,0,,0.1689453125,,0.09375,13465,0.0546875,,,,190.13741540908813,0,,145.3515625,595,0,,,,0.00046499917516484857,55493.046647103,20461.5478515625,,,0,0,-0.15625,0,60.579830169677734,0.0,,0.1015625,1,0,,,,,0,0.0234375,981,0.4666338860988617,-0.15625,0.003448486328125,0
580.0250464490091,0.0021075011318316683,0,235,,1.0,0.06622245976477734,,0.390625,,,,0,,,,3e-06,0.000245262621319853,0.052338294586584004,,0,,0.078125,,89.68807983398438,,-0.0008678245940245688,3.5390625,,51,0.15625,198.32370352999715,,52.25308784299705,,0.125,4096,,-5.3368611411031e-05,,,,0.15625,47.41645225600223,,0,0.0025472490960964933,0.0390625,0.24378673697356135,,0.609375,-0.0008678245940245688,0.125,0.142578125,0.00017749880498740822,40,1455.524452508716,0,54931.1408996582,0.0010925014066742733,1154660.0,235,0,,76.46442539199779,0.0,0.04106529390123693,,7.71066659126518e-05,0,,0.0625,0.03125,,0,0.0005849997251061723,0,974.97265625,37.023141980171204,21.978345153998816,0.609375,205.0,,,,48.68888473510742,,0.0005675010470440611,0,,,1780355576.613222,0.20909606399800396,0.0625,,0,0.1875,1,0,2,,198.32370352999715,,202,0,,0.142578125,,0.0625,13515,0.0625,,,,190.13741540908813,0,,152.625,759,0,,,,0.0003325003490317613,55706.193701079,20915.985107421875,,,0,0,-0.125,0,68.87290954589844,0.0,,0.078125,1,0,,,,,0,0.03125,984,0.496886670589447,-0.125,0.0037841796875,0
534.6088847218198,0.0010450003173900768,0,236,,1.0,0.06015376322051666,,0.3828125,,,,0,,,,3e-06,0.0011807529372163117,0.04922462896543395,,0,,0.0859375,,89.6618537902832,,-0.0012614222941920161,3.359375,,50,0.140625,213.12293471399607,,55.36697661699873,,0.125,4096,,7.987023315081387e-05,,,,0.140625,56.6655932499998,,0,0.00246000308834482,0.056640625,0.250581739237532,,0.6171875,-0.0012614222941920161,0.125,0.1650390625,0.00025500048650428653,58,1530.0723051585542,0,56450.74462890625,0.0009649993444327265,1304374.0,236,0,,78.4630047469982,0.0,0.04344274974048839,,0.00013652280040332698,0,,0.03125,0.0390625,,0,0.0004749999789055437,0,1098.419921875,37.84596920013428,22.423498092000955,0.6171875,205.0,,,,50.72221755981445,,0.0005924975994275883,0,,,1780355789.760308,0.20169808399805333,0.0859375,,0,0.2265625,1,0,20,,213.12293471399607,,193,0,,0.1650390625,,0.0859375,13564,0.03125,,,,190.13741540908813,0,,175.3828125,734,0,,,,0.0003974982973886654,55915.578822924,21439.54849243164,,,0,0,-0.1875,0,65.06087493896484,0.0,,0.0859375,1,0,,,,,0,0.0390625,966,0.5419195294380188,-0.1875,0.00330352783203125,0
629.9071073353844,0.0009699997463030741,0,237,,1.0,0.05841755971809522,,0.5078125,,,,0,,,,3e-06,0.00010916461542365141,0.04738574295031372,,0,,0.0625,,89.6917839050293,,-0.0005972189828753471,3.359375,,43,0.1484375,209.3618494839975,,54.551462385003106,,0.125,4096,,-1.4258164753755409e-05,,,,0.1484375,53.95789623499877,,0,0.0033825017453636974,0.0517578125,0.25928899412974715,,0.4921875,-0.0005972189828753471,0.125,0.2373046875,0.00022999847715254873,53,1596.9062693322953,0,56659.25598144531,0.0012322470865910873,1337325.0,237,0,,78.1232630500017,0.0,0.04034763145458192,,0.00031110057716432493,0,,0.09375,0.0703125,,0,0.0005125039024278522,0,1124.2392578125,36.695025861263275,22.51304920900293,0.4921875,205.0,,,,50.60700988769531,,0.0007100024959072471,0,,,1780355999.145463,0.2138217540050391,0.1328125,,0,0.2265625,1,0,2,,209.3618494839975,,207,0,,0.2373046875,,0.1328125,13629,0.09375,,,,190.13741540908813,0,,181.7421875,814,0,,,,0.0003950008249375969,56122.552720442,20797.138214111328,,,0,0,-0.1071428582072258,0,65.0227279663086,0.0,,0.0625,1,0,,,,,0,0.0703125,971,0.558467447757721,-0.1071428582072258,0.0042724609375,0
530.9626538582961,0.0009900013537844643,0,238,,1.0,0.061369095391201535,,0.4140625,,,,0,,,,3e-06,-0.0006340286236081738,0.05071615590413655,,0,,0.1015625,,89.68410110473633,,-0.00030603769118897617,3.28125,,46,0.140625,206.95472149700072,,55.63014568200015,,0.125,4096,,9.169731452374208e-05,,,,0.140625,52.46401102100208,,0,0.0031500003387918696,0.03515625,0.29858900234103203,,0.5859375,-0.00030603769118897617,0.125,0.1474609375,0.00018500031728763133,36,1505.8511240803775,0,55468.59359741211,0.0011250012903474271,1246572.0,238,0,,76.50099598000088,0.0,0.04208662718318884,,0.00040258974104290246,0,,0.078125,0.015625,,0,0.0003949971869587898,0,1071.18359375,36.04244440793991,22.151174969993008,0.5859375,205.0,,,,50.670433044433594,,0.0006749996828148142,0,,,1780356206.1194057,0.20579232500313083,0.078125,,0,0.15625,1,0,2,,206.95472149700072,,213,0,,0.1474609375,,0.078125,13682,0.078125,,,,190.13741540908813,0,,146.171875,836,0,,,,0.0004699977580457926,56327.197223836,20465.091705322266,,,0,0,-0.0892857164144516,0,59.46360397338867,0.0,,0.1015625,1,0,,,,,0,0.015625,988,0.49190106987953186,-0.0892857164144516,0.00305938720703125,0
537.0708909886162,0.0010475014278199524,0,239,,1.0,0.06353627511384041,,0.515625,,,,0,,,,3e-06,0.00041516478086123243,0.049355427863927506,,0,,0.1015625,,89.79829788208008,,-0.0009300361853092909,3.1484375,,42,0.1796875,204.62684715299838,,52.35011780499917,,0.125,4096,,3.617133626221403e-05,,,,0.1796875,52.30176594800287,,0,0.0032374973670812324,0.0419921875,0.21478249982465059,,0.484375,-0.0009300361853092909,0.125,0.2197265625,0.0002199976734118536,43,1488.4801492947058,0,55740.135192871094,0.001015003363136202,1218332.0,239,0,,77.40827713199542,0.0,0.04292899303966642,,0.0002883392160129006,0,,0.0546875,0.03125,,0,0.0005224992492003366,0,1035.81640625,37.86032274365425,22.365228975999344,0.484375,205.0,,,,48.69215774536133,,0.0005799975042464212,0,,,1780356410.763872,0.1995592170060263,0.1484375,,0,0.1875,1,0,19,,204.62684715299838,,244,0,,0.2197265625,,0.1484375,13748,0.0546875,,,,190.13741540908813,0,,153.9609375,757,0,,,,0.000352500137523748,56569.021260573,21092.988967895508,,,0,0,-0.10982143133878708,0,63.37464141845703,0.0,,0.1015625,1,0,,,,,0,0.03125,981,0.4612583518028259,-0.10982143133878708,0.00371551513671875,0
552.7704692176485,0.0009699997463030741,0,240,,0.9921875,0.06620734525401649,,0.46875,,,,0,,,,3e-06,0.0001607272624823967,0.052849033768493175,,0,,0.140625,,89.6402359008789,,-6.833275256212801e-05,3.3046875,,47,0.0859375,241.79273490700143,,52.52115836299345,,0.125,4096,,6.201289352247841e-06,,7.737341298001411,,0.0859375,83.79232375800348,,0,0.003192499207216315,0.037109375,0.2365495020058006,,0.53125,-6.833275256212801e-05,0.125,0.21875,0.0002725009835558012,38,1180.9577327037034,0,54749.1569519043,0.0011925003491342068,1142188.0,240,0,,75.62123526099458,0.0,0.07336123629210206,,0.0001833792002798873,0,,0.0859375,0.0234375,,0,0.0005674992280546576,0,970.50390625,36.831848323345184,21.909785413001373,0.53125,205.0,,,,48.024200439453125,,0.0006275022315094247,0,,,1780356652.5879068,0.20860373199684545,0.1328125,,0,0.1953125,1,0,2,,241.79273490700143,,213,0,,0.21875,,0.1328125,13808,0.0859375,,,,190.13741540908813,0,,144.9140625,676,0,,,,0.0003349996404722333,56772.38851858,20282.2322845459,,,0,0,-0.125,0,57.873863220214844,0.0,,0.140625,1,0,,,,,0,0.0234375,986,1.3780388832092285,-0.125,0.0048675537109375,0
530.0419268260157,0.0009974992281058803,0,241,,1.0,0.06419248910344846,,0.40625,,,,0,,,,3e-06,0.0029329550598049536,0.05152372685001382,,0,,0.0625,,89.74002456665039,,-0.001494134310632944,3.3203125,,39,0.1484375,203.30438375299855,,54.0520991739977,,0.125,4096,,-3.429334266602524e-05,,,,0.1484375,49.00117407699872,,0,0.0030574974516639486,0.0419921875,0.21629250841215253,,0.59375,-0.001494134310632944,0.125,0.162109375,0.0002474989742040634,43,1490.0810027198045,0,55999.82833862305,0.0012100008461857215,1211760.0,241,0,,77.78589059599472,0.0,0.04043801914322863,,0.00013802650119032478,0,,0.0703125,0.0234375,,0,0.000527252268511802,0,1024.484375,37.310242652893066,22.25078133599891,0.59375,205.0,,,,50.3818473815918,,0.0006322479748632759,0,,,1780356855.9551463,0.2113805280023371,0.1015625,,0,0.1953125,1,0,28,,203.30438375299855,,252,0,,0.162109375,,0.1015625,13860,0.0703125,,,,190.13741540908813,0,,158.875,746,0,,,,0.0003374989319127053,56983.958679327,21218.486785888672,,,0,0,-0.15625,0,60.28596878051758,0.0,,0.0625,1,0,,,,,0,0.0234375,981,0.4789119362831116,-0.15625,0.00432586669921875,0
533.1160412260942,0.0009199993655784056,0,242,,1.0,0.061749909788366725,,0.5546875,,,,0,,,,3e-06,9.277138815377839e-05,0.05131738473497227,,0,,0.1328125,,89.6696548461914,,-0.0008956324891187251,3.4609375,,36,0.1875,211.5430441169956,,56.61072165299993,,0.125,4096,,-6.703768804072752e-06,,,,0.1875,55.053991968001355,,0,0.0038574999052798375,0.0400390625,0.30579150188714266,,0.4453125,-0.0008956324891187251,0.125,0.2177734375,0.00021249798010103405,41,1482.0021679682943,0,55680.641174316406,0.0011350002750987187,1254029.0,242,0,,77.43617762199574,0.0,0.0439016896483266,,0.00024423024888164946,0,,0.09375,0.03125,,0,0.0005475012585520744,0,1077.2939453125,36.02807968854904,22.22885474400391,0.4453125,205.0,,,,50.43380355834961,,0.0005524962034542114,0,,,1780357067.5253568,0.2109453199955169,0.109375,,0,0.1953125,1,0,2,,211.5430441169956,,212,0,,0.2177734375,,0.109375,13931,0.09375,,,,190.13741540908813,0,,147.34375,759,0,,,,0.0002849992597475648,57193.819572131,21186.079025268555,,,0,0,-0.125,0,59.14570999145508,0.0,,0.1328125,1,0,,,,,0,0.03125,983,0.43132689595222473,-0.125,0.003814697265625,0
545.9318850334967,0.0011424963304307312,0,243,,1.0,0.06731400751014247,,0.5078125,,,,0,,,,3e-06,-0.00032210018980549627,0.05277968516202521,,0,,0.078125,,89.73509216308594,,-0.000269450421910733,3.5390625,,50,0.1328125,209.83820703899983,,52.75772881299781,,0.125,4096,,1.2476189738208632e-05,,,,0.1328125,57.8456597100012,,0,0.0032650004868628457,0.0224609375,0.24743698304519057,,0.4921875,-0.000269450421910733,0.125,0.216796875,0.0001725002221064642,23,1362.3829713092587,0,54786.60583496094,0.0012025011528749019,1143520.0,243,0,,76.97491386799811,0.0,0.0505856125909483,,0.00019699644985848863,0,,0.1328125,0.03125,,0,0.000552501660422422,0,976.15625,36.65469586849213,22.072994397000002,0.4921875,205.0,,,,48.52391815185547,,0.0005925012374063954,0,,,1780357277.3861752,0.18464969899650896,0.1328125,,0,0.15625,1,0,2,,209.83820703899983,,229,0,,0.216796875,,0.1328125,13996,0.1328125,,,,190.13741540908813,0,,140.5625,604,0,,,,0.0002449996827635914,57395.373472027,21605.466842651367,,,0,0,-0.1071428582072258,0,61.656890869140625,0.0,,0.078125,1,0,,,,,0,0.03125,1001,0.5329480767250061,-0.1071428582072258,0.00443267822265625,0
553.8403107657359,0.0010374988050898537,0,244,,1.0,0.06293790223682089,,0.359375,,,,0,,,,3e-06,0.0004491099880397087,0.05238331188052866,,0,,0.1015625,,89.72930908203125,,-0.000441887037595734,3.3671875,,50,0.0703125,201.54112502600037,,54.880110058002174,,0.1071428582072258,4096,,-5.889093063160544e-05,,,,0.0703125,48.18283416899794,,0,0.0032150019251275808,0.0419921875,0.2812389866448939,,0.640625,-0.000441887037595734,0.1071428582072258,0.1572265625,0.00023000211513135582,43,1501.1824507825324,0,55119.651794433594,0.0010425010259496048,1210200.0,244,0,,76.16744928700064,0.0,0.03981394328953722,,0.00012418191681717872,0,,0.078125,0.0234375,,0,0.0005199999577598646,0,1023.109375,37.65806183218956,22.107166948000668,0.640625,205.0,,,,50.44337844848633,,0.000712498149368912,0,,,1780357478.9400992,0.20133325200004037,0.0859375,,0,0.1796875,1,0,75,,201.54112502600037,,208,0,,0.1572265625,,0.0859375,14042,0.078125,,,,190.13741540908813,0,,158.7265625,722,0,,,,0.0003049990482395515,57630.285670323,20456.010818481445,,,0,0,-0.1339285671710968,0,66.58108520507812,0.0,,0.1015625,1,0,,,,,0,0.0234375,981,0.5257750153541565,-0.1339285671710968,0.00322723388671875,0
528.1712184878415,0.001010001142276451,0,245,,0.9921875,0.06514663264214972,,0.4765625,,,,0,,,,3e-06,0.0001937228789756773,0.050195305599562944,,0,,0.1640625,,89.7261848449707,,-0.0006197834154590964,3.1875,,52,0.1015625,234.88896536600078,,51.01138087800064,,0.125,4096,,2.3891401383480115e-05,,,,0.1015625,86.08662812600232,,0,0.003547502274159342,0.03515625,0.2551645156927407,,0.5234375,-0.0006197834154590964,0.125,0.21875,0.00024000291887205094,36,1235.9988880176786,0,54854.190826416016,0.0011800020729424432,1161290.0,245,0,,75.65413302100205,0.0,0.0741301725891055,,0.00045702541729042423,0,,0.0546875,0.0234375,,0,0.0006450009095715359,0,992.439453125,35.54806485772133,21.94591837599728,0.5234375,205.0,,,,48.40327453613281,,0.0006800019036745653,0,,,1780357713.8522067,0.18897690899757436,0.1328125,,0,0.1484375,1,0,15,,234.88896536600078,,226,0,,0.21875,,0.1328125,14103,0.0546875,,,,190.13741540908813,0,,141.6328125,737,0,,,,0.0004374996933620423,57844.504001299,20235.960006713867,,,0,0,-0.10803571343421936,0,66.91104125976562,0.0,,0.1640625,1,0,,,,,0,0.0234375,988,0.45009446144104004,-0.10803571343421936,0.00335693359375,0
533.2908659784152,0.0009724990377435461,0,246,,1.0,0.057000520186440626,,0.4609375,,,,0,,,,3e-06,0.0014026419376023114,0.047326880045499134,,0,,0.109375,,89.69181060791016,,-0.0013380435993894935,3.46875,,43,0.140625,214.19396581099863,,56.87574067099922,,0.125,4096,,-4.018009866513239e-05,,,,0.140625,54.68112270399433,,0,0.003610000931075774,0.0703125,0.28511876007542014,,0.5390625,-0.0013380435993894935,0.125,0.1611328125,0.00020999868866056204,72,1630.9096228613842,0,57518.592834472656,0.0011100000847363845,1397324.0,246,0,,79.64819486899796,0.0,0.03913274423397461,,0.0001385135187774722,0,,0.1328125,0.015625,,0,0.0005450001481221989,0,1173.59765625,35.71970760822296,22.762867712001025,0.5390625,205.0,,,,52.15431213378906,,0.0006375012162607163,0,,,1780357928.0706248,0.22348788800445618,0.0625,,0,0.1796875,1,0,69,,214.19396581099863,,242,0,,0.1611328125,,0.0625,14162,0.1328125,,,,190.13741540908813,0,,190.9765625,747,0,,,,0.00033750075090210885,58052.438155203,21560.298919677734,,,0,0,-0.1071428582072258,0,78.46463012695312,0.0,,0.109375,1,0,,,,,0,0.015625,952,0.4961332082748413,-0.1071428582072258,0.00366973876953125,0
536.4722879730834,0.0010024978109868243,0,247,,1.0,0.06360579145798818,,0.546875,,,,0,,,,3e-06,0.00038262640009634197,0.05212771242666452,,0,,0.140625,,89.7359504699707,,-0.0005669239908456802,3.4765625,,47,0.1796875,207.91109110300022,,54.61373516000458,,0.1116071417927742,4096,,-9.696468126207947e-06,,,,0.1796875,54.68521356199926,,0,0.0030824994610156864,0.0322265625,0.23735701688565314,,0.453125,-0.0005669239908456802,0.1116071417927742,0.2080078125,0.00022749918571207672,33,1442.6972048903435,0,55342.51403808594,0.0012250020517967641,1199811.0,247,0,,76.31492825500027,0.0,0.045578189866570036,,0.00031841049622016726,0,,0.09375,0.0078125,,0,0.0006199989002197981,0,1023.1357421875,36.53314709663391,22.07515208300174,0.453125,205.0,,,,48.985137939453125,,0.0007274993549799547,0,,,1780358136.0047917,0.2201066279958468,0.125,,0,0.140625,1,0,142,,207.91109110300022,,258,0,,0.2080078125,,0.125,14232,0.09375,,,,190.13741540908813,0,,148.5546875,752,0,,,,0.0003400018613319844,58258.069508443,20399.1641998291,,,0,0,-0.1607142835855484,0,57.42359924316406,0.0,,0.140625,1,0,,,,,0,0.0078125,991,0.4255504012107849,-0.1607142835855484,0.00457763671875,0
552.484118989014,0.0011075007932959124,0,248,,1.0,0.06361331227961332,,0.390625,,,,0,,,,3e-06,-1.5963451005518436e-07,0.05092225059515672,,0,,0.0859375,,89.67450714111328,,7.797225407557562e-05,3.3828125,,44,0.1640625,205.60837142699893,,53.90364652300195,,0.125,4096,,-0.0001010284439928455,,,,0.1640625,52.052158778002195,,0,0.0031150029826676473,0.0419921875,0.2832289901562035,,0.609375,7.797225407557562e-05,0.125,0.1259765625,0.00018000173440668732,43,1477.2307075436343,0,55507.12203979492,0.001264999809791334,1214924.0,248,0,,77.28533980799693,0.0,0.04284396289644636,,0.00025311025774499285,0,,0.078125,0.0078125,,0,0.0005724996299250051,0,1033.73828125,36.10055893659592,22.161155198002234,0.609375,205.0,,,,49.03022003173828,,0.0006674999895039946,0,,,1780358341.636169,0.20358324200060451,0.0546875,,0,0.1953125,1,0,30,,205.60837142699893,,254,0,,0.1259765625,,0.0546875,14282,0.078125,,,,190.13741540908813,0,,152.7109375,713,0,,,,0.00045500200940296054,58462.070694511,21189.342498779297,,,0,0,-0.1071428582072258,0,64.90557098388672,0.0,,0.0859375,1,0,,,,,0,0.0078125,981,0.4928712844848633,-0.1071428582072258,0.0033721923828125,0
583.9458574446326,0.0010274998203385621,0,249,,1.0,0.06397346687214105,,0.4609375,,,,0,,,,3e-06,0.0022785972796555143,0.04998305561072722,,0,,0.140625,,89.61138534545898,,-0.0009013342787511647,3.125,,48,0.1171875,203.9395323589997,,51.93909250899742,,0.1205357164144516,4096,,-8.134163436324116e-05,,,,0.1171875,52.58274427500146,,0,0.0035649991332320496,0.041015625,0.2700990007724613,,0.5390625,-0.0009013342787511647,0.1205357164144516,0.1787109375,0.0002774977474473417,42,1475.1897119701507,0,55659.46960449219,0.0011275024007773027,1203398.0,249,0,,76.9855420870008,0.0,0.04369522325531658,,0.0001015031511997222,0,,0.109375,0.03125,,0,0.0005100009730085731,0,1014.779296875,35.893335938453674,22.22973144899879,0.5390625,205.0,,,,49.55388259887695,,0.0007900016498751938,0,,,1780358545.6373348,0.20019523800147,0.0625,,0,0.21875,1,0,8,,203.9395323589997,,230,0,,0.1787109375,,0.0625,14341,0.109375,,,,190.13741540908813,0,,160.4140625,767,0,,,,0.00038725193007849157,58743.236130637,20705.955505371094,,,0,0,-0.10000000149011612,0,68.49024963378906,0.0,,0.140625,1,0,,,,,0,0.03125,982,0.595037043094635,-0.10000000149011612,0.0035552978515625,0
546.2929534187424,0.0009175037121167406,0,250,0.0,1.0,0.06249924371366762,0.7861328125,0.484375,0.16666666666666666,0.0,0.0,0,0.0,0.20801733477789816,"{'size': 58523, '_type': 'table-file', 'ncols': 13, 'artifact_path': 'wandb-client-artifact://4eyb59lsr8172x6yhh264pj24kqxugyekhsqhsasrn4g3bimeg9mf9qatqte6f6nsa3l7oygpt58nuhnulzgmc97ohk02yhamhfy3cgq8f0xx98wv3s4lpztlp21ksrg/val/generations.table.json', '_latest_artifact_path': 'wandb-client-artifact://hxuqlu27hqr4u519073rzd599ovvq9v99zdwrg6kaccccydgg241wxudnif9zb6bmwnmpqt8iiyck5nsvyg7io50v85iv0aoolxievquvzxhvt7yea3fpccj0jvgiwug:latest/val/generations.table.json', 'nrows': 5, 'path': 'media/table/val/generations_249_4cdeb44e95f5558a70fb.table.json', 'log_mode': 'IMMUTABLE', 'sha256': '4cdeb44e95f5558a70fbacb25b6cfe80f1ccaa53428e79a5cd87d5fa0691b337'}",3e-06,-0.0006528356898343191,0.05010874683039728,76.65829578299599,0,0.0,0.0625,0.2125237191650854,89.64791488647461,0.0,-8.61273001646623e-05,3.5546875,0.0,37,0.1796875,291.8712234640043,0.0,54.158184988002176,30.0,0.125,4096,0.0,4.656338410313765e-05,0.0,10.691703394004435,0.2138671875,0.1796875,50.82317060600326,1054.0,0,0.003987497620983049,0.041015625,0.29496123897843063,0.0,0.515625,-8.61273001646623e-05,0.125,0.173828125,0.0003575023583834991,42,1057.9160437105593,0,55480.07583618164,0.0011000010999850929,1235101.0,250,0,0.0,77.19287840999459,0.0,0.04114899964132752,0.2138671875,0.00024673155076015973,0,0.0,0.1328125,0.03125,0.20893854748603352,0,0.000455000190413557,0,1055.4814453125,36.976344883441925,22.12991673399665,0.515625,205.0,0.0,0.0,0.0,50.837127685546875,0.0,0.0006725003913743421,0,1024.0,0.0,1780358837.526117,0.21435416099848226,0.078125,0.0,0,0.171875,1,0,2,0.0,291.8712234640043,0.0,215,0,0.17857142857142858,0.173828125,0.0,0.078125,14403,0.1328125,0.0,0.7874762808349146,0.0,190.13741540908813,0,0.0,150.671875,795,0,0.0,0.0,0.0,0.0003249988367315382,59022.961415055,21129.230499267578,0.0,0.0,0,0,-0.09285714477300644,0,61.13617706298828,0.0,0.16666666666666666,0.0625,1,0,0.0,0.8333333333333334,0.0,0.0,0,0.03125,982,0.496811181306839,-0.09285714477300644,0.00368499755859375,0
535.0518562754587,0.0010699986887630075,0,251,,0.9921875,0.06538679712323843,,0.5234375,,,,0,,,,3e-06,0.0019027985908905976,0.05291888071672892,,0,,0.1328125,,89.73601531982422,,-0.0008245983626693487,3.6484375,,40,0.1875,268.9861181369997,,53.16320718899806,,0.125,4096,,3.877862923662434e-05,,,,0.1875,118.04291675000422,,0,0.0030200008040992543,0.0283203125,0.24521473096683621,,0.4765625,-0.0008245983626693487,0.125,0.177734375,0.0003024997567990795,29,1074.3612049630487,0,54736.22512817383,0.0012049986253259704,1155953.0,251,0,,75.58406429499883,0.0,0.1021174016158133,,0.000378046845071367,0,,0.109375,0.0078125,,0,0.0004499979695538059,0,981.0712890625,36.591172218322754,21.99364809999679,0.4765625,205.0,,,,50.02207946777344,,0.0007300004654098302,0,,,1780359106.528048,0.20002943199506262,0.0859375,,0,0.1640625,1,0,11,,268.9861181369997,,228,0,,0.177734375,,0.0859375,14470,0.109375,,,,190.13741540908813,0,,147.7890625,766,0,,,,0.00039000042306724936,59227.031154715,20275.943756103516,,,0,0,-0.1607142835855484,0,59.055702209472656,0.0,,0.1328125,1,0,,,,,0,0.0078125,995,0.6156957149505615,-0.1607142835855484,0.004302978515625,0
514.9041174190643,0.0012125001376261935,0,252,,1.0,0.0638601191179401,,0.5078125,,,,0,,,,3e-06,0.001232387884556374,0.05299846058883065,,0,,0.109375,,89.73219680786133,,-0.0008368471753783524,3.296875,,40,0.1953125,204.05161281600158,,53.87770504999935,,0.125,4096,,4.614069416675193e-05,,,,0.1953125,52.29287022500648,,0,0.003460001607891172,0.03125,0.25619924417696893,,0.4921875,-0.0008368471753783524,0.125,0.1875,0.00026750058168545365,32,1452.77704943851,0,54991.00112915039,0.0010800013114931062,1185766.0,252,0,,75.72315800600336,0.0,0.04410049725241446,,0.0002849087213689927,0,,0.0859375,0.03125,,0,0.0004924986569676548,0,992.763671875,35.561878234148026,21.96104596099758,0.4921875,205.0,,,,50.21905517578125,,0.000705000275047496,0,,,1780359310.5977793,0.19476045000192244,0.0859375,,0,0.171875,1,0,11,,204.05161281600158,,214,0,,0.1875,,0.0859375,14535,0.0859375,,,,190.13741540908813,0,,165.2109375,793,0,,,,0.00046249988372437656,59431.67686674,20181.427001953125,,,0,0,-0.1339285671710968,0,64.28319549560547,0.0,,0.109375,1,0,,,,,0,0.03125,992,0.4233883023262024,-0.1339285671710968,0.0041961669921875,0
587.7079444398987,0.0009024988685268909,0,253,,1.0,0.06491374341997413,,0.4921875,,,,0,,,,3e-06,-0.00010265268429066055,0.05107795802496758,,0,,0.109375,,89.69592666625977,,-0.0008515353547409177,3.5703125,,41,0.1875,204.63341844899696,,53.63333718699869,,0.125,4096,,-9.036331292122668e-06,,,,0.1875,50.62099597600172,,0,0.0033324995456496254,0.0341796875,0.27701701037585735,,0.5078125,-0.0008515353547409177,0.125,0.2060546875,0.0002974993549287319,35,1468.2120460929664,0,56177.490234375,0.0011174979590578005,1201781.0,253,0,,78.01210348099994,0.0,0.04212164776777277,,0.00016462077110190876,0,,0.046875,0.0234375,,0,0.0005025012796977535,0,1025.4189453125,36.57634183764458,22.165393907998805,0.5078125,205.0,,,,49.70522689819336,,0.0006250011210795492,0,,,1780359515.2435358,0.19964112100569764,0.125,,0,0.171875,1,0,6,,204.63341844899696,,208,0,,0.2060546875,,0.125,14598,0.046875,,,,190.13741540908813,0,,148.1953125,752,0,,,,0.0003049990482395515,59637.338579808,21210.044860839844,,,0,0,-0.21875,0,62.555885314941406,0.0,,0.109375,1,0,,,,,0,0.0234375,989,0.45403653383255005,-0.21875,0.0041961669921875,0
560.2340941004513,0.0009674986358731985,0,254,,1.0,0.061237740466774916,,0.4765625,,,,0,,,,3e-06,0.0012005203871012782,0.04985682751629248,,0,,0.125,,89.73899841308594,,-0.0005034928326494992,3.453125,,44,0.1640625,205.64933904200007,,54.586096604005434,,0.125,4096,,0.0001328284715071959,,,,0.1640625,51.89188567199744,,0,0.0029924995033070445,0.0439453125,0.26206200709566474,,0.5234375,-0.0005034928326494992,0.125,0.1865234375,0.00025249755708500743,45,1524.4505596780593,0,55614.17770385742,0.0010750009096227586,1254009.0,254,0,,76.79267768499994,0.0,0.04138079206129896,,0.00022374685659087845,0,,0.0546875,0.0078125,,0,0.0006099999154685065,0,1069.1962890625,35.58623790740967,22.168338124,0.5234375,205.0,,,,50.788665771484375,,0.0005700021574739367,0,,,1780359720.905153,0.20821819300181232,0.125,,0,0.1640625,1,0,4,,205.64933904200007,,220,0,,0.1865234375,,0.125,14659,0.0546875,,,,190.13741540908813,0,,155.421875,812,0,,,,0.00030725095712114125,59835.125556869,20582.41081237793,,,0,0,-0.1875,0,63.13905334472656,0.0,,0.125,1,0,,,,,0,0.0078125,979,0.4802817106246948,-0.1875,0.00362396240234375,0
548.4961211841437,0.0010224994184682146,0,255,,1.0,0.06628826751669561,,0.484375,,,,0,,,,3e-06,6.281982950895364e-05,0.05330913842773878,,0,,0.109375,,89.6525764465332,,-0.00042550015496090055,3.265625,,32,0.140625,197.7611374850021,,53.18908624799951,,0.125,4096,,5.870502081251061e-05,,,,0.140625,45.9431022189965,,0,0.003550001565599814,0.03515625,0.2879209932871163,,0.515625,-0.00042550015496090055,0.125,0.1982421875,0.00032000025385059416,36,1457.9456998818391,0,54880.14602661133,0.0011374995665391907,1153300.0,255,0,,76.45025892700505,0.0,0.03983621106303347,,0.00016568008413742064,0,,0.1015625,0.0078125,,0,0.0005825004336657003,0,974.36328125,36.52282431721687,21.97368912499951,0.515625,205.0,,,,48.76719665527344,,0.0006324989954009652,0,,,1780359918.692241,0.2028317619988229,0.125,,0,0.21875,1,0,52,,197.7611374850021,,195,0,,0.1982421875,,0.125,14721,0.1015625,,,,190.13741540908813,0,,151.90625,888,0,,,,0.0003575023583834991,60039.025061534,20984.798431396484,,,0,0,-0.08749999850988388,0,53.59954833984375,0.0,,0.109375,1,0,,,,,0,0.0078125,988,0.5760036706924438,-0.08749999850988388,0.00324249267578125,0
553.3134801826236,0.0010375006240792572,0,256,,1.0,0.06215920235450814,,0.453125,,,,0,,,,3e-06,0.0006019807697157376,0.0520940312962642,,0,,0.109375,,89.71805953979492,,-0.0006721194367855787,3.609375,,47,0.1328125,203.87984600100026,,55.527548899000976,,0.125,4096,,1.1524651263528085e-05,,,,0.1328125,49.479762319002475,,0,0.002927499735960737,0.0400390625,0.3263784747105092,,0.546875,-0.0006721194367855787,0.125,0.1904296875,0.0001874977897386998,41,1509.0530331207458,0,55340.999603271484,0.0011799966159742326,1230662.0,256,0,,76.4969682880037,0.0,0.04020580981536968,,0.00020598031755980628,0,,0.078125,0.0234375,,0,0.0006774989742552862,0,1040.927734375,37.07503154873848,22.15566388899606,0.546875,205.0,,,,50.377777099609375,,0.0007125017873477191,0,,,1780360122.591699,0.21777876400301466,0.109375,,0,0.1796875,1,0,2,,203.87984600100026,,214,0,,0.1904296875,,0.109375,14779,0.078125,,,,190.13741540908813,0,,160.890625,625,0,,,,0.0004899993655271828,60240.199383467,20565.24658203125,,,0,0,-0.21875,0,71.04435729980469,0.0,,0.109375,1,0,,,,,0,0.0234375,983,0.49346789717674255,-0.21875,0.00370025634765625,0
527.984296079012,0.001119999069487676,0,257,,1.0,0.06429966134899144,,0.5,,,,0,,,,3e-06,0.0003728582632902544,0.05058097798408897,,0,,0.1171875,,89.70854568481445,,-0.0009355728980153799,3.2109375,,38,0.15625,201.1180842380054,,52.230777742996,,0.125,4096,,4.21639848653399e-05,,,,0.15625,49.95705891500256,,0,0.00384725171898026,0.0380859375,0.2168969949707389,,0.5,-0.0009355728980153799,0.125,0.171875,0.00022749918571207672,39,1480.7034938120462,0,56146.65222167969,0.0012875025277025998,1191185.0,257,0,,76.59279210399836,0.0,0.041938959032394266,,0.00022929285250938847,0,,0.1328125,0.015625,,0,0.0005350011633709073,0,1008.4150390625,37.5157967209816,22.138248632996692,0.5,205.0,,,,49.6602783203125,,0.0005799993232358247,0,,,1780360323.7660635,0.19693005100270966,0.078125,,0,0.2265625,1,0,3,,201.1180842380054,,243,0,,0.171875,,0.078125,14843,0.1328125,,,,190.13741540908813,0,,154.8515625,755,0,,,,0.00033250216802116483,60442.639448125,19880.414962768555,,,0,0,-0.0625,0,60.390403747558594,0.0,,0.1171875,1,0,,,,,0,0.015625,985,0.47088930010795593,-0.0625,0.003814697265625,0
567.9044247081038,0.0009274990588892251,0,258,,1.0,0.0635539928365393,,0.484375,,,,0,,,,3e-06,0.0011046259387512696,0.05319709947517599,,0,,0.1328125,,89.72611618041992,,-0.0007062259246595204,3.6796875,,36,0.109375,202.42288335299963,,54.877276664999954,,0.125,4096,,6.0573682058473466e-05,,,,0.109375,49.57446560500102,,0,0.0038550006138393655,0.0341796875,0.2841489913407713,,0.515625,-0.0007062259246595204,0.125,0.1923828125,0.00022249878384172916,35,1471.157781507745,0,55288.48648071289,0.0010875010048039258,1191184.0,258,0,,75.70449940300023,0.0,0.041617806824975005,,0.00022528721228809445,0,,0.1171875,0.0078125,,0,0.0005299989425111562,0,1007.40625,36.756884306669235,22.075547655003902,0.515625,205.0,,,,49.45924758911133,,0.0005949987098574638,0,,,1780360526.2060137,0.18902214099944104,0.1171875,,0,0.1796875,1,0,182,,202.42288335299963,,212,0,,0.1923828125,,0.1171875,14905,0.1171875,,,,190.13741540908813,0,,155.859375,806,0,,,,0.00029500188247766346,60645.311695123,19811.059951782227,,,0,0,-0.1607142835855484,0,58.980899810791016,0.0,,0.1328125,1,0,,,,,0,0.0078125,989,1.821238398551941,-0.1607142835855484,0.0044097900390625,0
522.1783220913494,0.0009574978321325034,0,259,,1.0,0.06548850037840453,,0.4453125,,,,0,,,,3e-06,0.0010862561102840118,0.05241216521238364,,0,,0.078125,,89.74813461303711,,-0.0006584005313925445,3.1484375,,36,0.140625,202.65096363599878,,53.933533132003504,,0.125,4096,,2.602432027742907e-05,,,,0.140625,49.4728611830069,,0,0.003534749339451082,0.0390625,0.23729950771667063,,0.5546875,-0.0006584005313925445,0.125,0.18359375,0.00023749998945277184,40,1449.1357195196326,0,55338.77944946289,0.0010374988050898537,1174675.0,259,0,,76.92770418200234,0.0,0.042116211873928444,,0.0002017252172663575,0,,0.09375,0.0390625,,0,0.0005575020622927696,0,1004.9091796875,37.09430247545242,22.11915686899738,0.5546875,205.0,,,,48.347625732421875,,0.000602500222157687,0,,,1780360728.8782659,0.19520927199482685,0.09375,,0,0.1875,1,0,16,,202.65096363599878,,234,0,,0.18359375,,0.09375,14962,0.09375,,,,190.13741540908813,0,,142.234375,624,0,,,,0.00037999598134774715,60863.929235994,21029.407501220703,,,0,0,-0.125,0,59.66656494140625,0.0,,0.078125,1,0,,,,,0,0.0390625,984,1.9369736909866333,-0.125,0.0029296875,0
529.5936108450405,0.0010525018296903,0,260,,1.0,0.06480663734458865,,0.4453125,,,,0,,,,3e-06,-0.00015949825683492236,0.05324279090742647,,0,,0.0625,,89.77653884887695,,0.00011854775220854208,3.53125,,42,0.171875,218.60481299000094,,55.37676196699613,,0.125,4096,,-8.096935090406987e-06,,10.973011123001925,,0.171875,52.80957772900001,,0,0.0029724978958256543,0.0419921875,0.27143926126882434,,0.5546875,0.00011854775220854208,0.125,0.173828125,0.00017750062397681177,43,1360.6196310673404,0,55371.99401855469,0.0011849988368339837,1189752.0,260,0,,77.10382639399904,0.0,0.044387046820681966,,0.00018079986693919636,0,,0.0859375,0.03125,,0,0.0006024984031682834,0,1015.703125,36.95748746395111,22.125871144002303,0.5546875,205.0,,,,48.746917724609375,,0.0006525006028823555,0,,,1780360947.4957232,0.21334398400358623,0.09375,,0,0.140625,1,0,6,,218.60481299000094,,219,0,,0.173828125,,0.09375,15019,0.0859375,,,,190.13741540908813,0,,146.1640625,914,0,,,,0.00037249992601573467,61070.138512633,21165.002822875977,,,0,0,-0.0892857164144516,0,60.482810974121094,0.0,,0.0625,1,0,,,,,0,0.03125,981,1.8656816482543945,-0.0892857164144516,0.00397491455078125,0
529.7598181514331,0.0010625008144415915,0,261,,1.0,0.0649858297737795,,0.4296875,,,,0,,,,3e-06,0.0004112340393476188,0.0543806373399883,,0,,0.1015625,,89.65017700195312,,-0.00030467117903754115,3.46875,,46,0.15625,206.18155172700062,,55.99634045599669,,0.1071428582072258,4096,,-3.166149384981054e-05,,,,0.15625,50.9048389899981,,0,0.0027900023269467056,0.0341796875,0.2808940189424902,,0.5703125,-0.00030467117903754115,0.1071428582072258,0.16796875,0.0002974993549287319,35,1435.8498494180803,0,55315.53649902344,0.0010425010259496048,1184183.0,261,0,,76.95511485900352,0.0,0.04298730769652841,,0.00034275536927452777,0,,0.0703125,0.046875,,0,0.00046249988372437656,0,1005.5771484375,35.441942512989044,22.126252084999578,0.5703125,205.0,,,,50.03687286376953,,0.0006100017344579101,0,,,1780361153.705088,0.19646242699673166,0.0546875,,0,0.1484375,1,0,2,,206.18155172700062,,205,0,,0.16796875,,0.0546875,15074,0.0703125,,,,190.13741540908813,0,,150.8515625,756,0,,,,0.0003899986040778458,61273.641277056,21074.08905029297,,,0,0,-0.125,0,58.72298812866211,0.0,,0.1015625,1,0,,,,,0,0.046875,989,2.3602609634399414,-0.125,0.003509521484375,0
586.825115575266,0.0008975002856459469,0,262,,1.0,0.060711295477483385,,0.4296875,,,,0,,,,3e-06,0.001872958142485004,0.05057525664406035,,0,,0.0859375,,89.6795768737793,,-0.0009514012490399182,3.8046875,,48,0.140625,203.47720966300403,,56.02504399899772,,0.125,4096,,3.8546901464542316e-05,,,,0.140625,47.82179943299707,,0,0.0035874982131645083,0.0390625,0.24703674716874957,,0.5703125,-0.0009514012490399182,0.125,0.16796875,0.00034499862522352487,40,1563.0890581149345,0,55493.24035644531,0.0012724995031021535,1272212.0,262,0,,77.23763864200009,0.0,0.037589489356331385,,0.00013137687210473814,0,,0.078125,0.0,,0,0.00047249886847566813,0,1081.79296875,36.84111684560776,22.17945589900046,0.5703125,205.0,,,,50.4736213684082,,0.00048749825509730726,0,,,1780361357.207961,0.20781300099770306,0.125,,0,0.1953125,1,0,104,,203.47720966300403,,209,0,,0.16796875,,0.125,15129,0.078125,,,,190.13741540908813,0,,160.6015625,720,0,,,,0.00027750138542614877,61478.854303413,21120.4776763916,,,0,0,-0.21875,0,67.6725845336914,0.0,,0.0859375,1,0,,,,,0,0.0,984,1.8242220878601074,-0.21875,0.004241943359375,0
523.5960911559232,0.0010050007404061034,0,263,,1.0,0.06395122232442878,,0.5390625,,,,0,,,,3e-06,0.0008653005224914523,0.053056906707517976,,0,,0.078125,,89.7121810913086,,-0.0007587919826619327,3.5,,39,0.1875,205.18594343699806,,54.97491388499475,,0.125,4096,,-4.1406749872408e-05,,,,0.1875,51.24448108999786,,0,0.0030972496460890397,0.0390625,0.2612217504065484,,0.4609375,-0.0007587919826619327,0.125,0.2197265625,0.00034750155464280397,40,1459.658956082249,0,55120.216369628906,0.0010975018085446209,1198006.0,263,0,,76.61394805199961,0.0,0.04277481172047374,,0.00037922239243926015,0,,0.09375,0.046875,,0,0.0006400005077011883,0,1011.865234375,37.37970441579819,22.08588402800524,0.4609375,205.0,,,,49.052852630615234,,0.000657501004752703,0,,,1780361562.4210138,0.2645291789958719,0.1328125,,0,0.2109375,1,0,2,,205.18594343699806,,235,0,,0.2197265625,,0.1328125,15198,0.09375,,,,190.13741540908813,0,,158.0625,604,0,,,,0.0003325003490317613,61682.639091732,20932.48748779297,,,0,0,-0.0892857164144516,0,65.56605529785156,0.0,,0.078125,1,0,,,,,0,0.046875,984,1.6167473793029785,-0.0892857164144516,0.00391387939453125,0
534.9164636390924,0.0008824972610455006,0,264,,1.0,0.06399540260276208,,0.5390625,,,,0,,,,3e-06,0.0015427155412908178,0.053354247909660535,,0,,0.09375,,89.65137100219727,,-0.0012733771000057459,2.9921875,,41,0.125,203.75927914899512,,54.90258818399889,,0.125,4096,,-7.777173198064702e-05,,,,0.125,49.35732559100143,,0,0.0025900008040480316,0.0390625,0.2566692419350147,,0.4609375,-0.0012733771000057459,0.125,0.2265625,0.0001925000105984509,40,1478.023485643477,0,55608.37936401367,0.0009974992281058803,1204644.0,264,0,,77.09167777300172,0.0,0.04097254092578507,,0.0001589286455327965,0,,0.1484375,0.0390625,,0,0.0004949997673975304,0,1004.90234375,36.799415946006775,22.192870152997784,0.4609375,205.0,,,,49.31360626220703,,0.0006000009307172149,0,,,1780361766.2057679,0.21263681399432244,0.1328125,,0,0.2734375,1,0,4,,203.75927914899512,,207,0,,0.2265625,,0.1328125,15267,0.1484375,,,,190.13741540908813,0,,171.5078125,795,0,,,,0.0003699969965964556,61898.196241991,20911.319732666016,,,0,0,-0.0892857164144516,0,60.555728912353516,0.0,,0.09375,1,0,,,,,0,0.0390625,984,1.6500452756881714,-0.0892857164144516,0.0038299560546875,0
535.8663166771294,0.0009225004760082811,0,265,,1.0,0.06198340979758605,,0.5625,,,,0,,,,3e-06,0.0005757739463660982,0.05664137886700591,,0,,0.109375,,89.77229309082031,,-0.0011701997136697173,3.3828125,,42,0.1953125,215.49738229899958,,61.787984474998666,,0.125,4096,,-6.974537171799966e-05,,,,0.1953125,52.30964794800093,,0,0.0029447492124745622,0.05078125,0.23030198644846678,,0.4375,-0.0011701997136697173,0.125,0.23046875,0.0002924971340689808,52,1472.9169636018987,0,56789.81018066406,0.0010999974620062858,1269639.0,265,0,,78.69655443199736,0.0,0.04120041046943338,,0.00023975111162144458,0,,0.09375,0.0390625,,0,0.0005047495506005362,0,1065.2958984375,37.2953824698925,22.488467788003618,0.4375,205.0,,,,50.429046630859375,,0.0006774971552658826,0,,,1780361981.7625897,0.21255771199503215,0.125,,0,0.1875,1,0,2,,215.49738229899958,,222,0,,0.23046875,,0.125,15339,0.09375,,,,190.13741540908813,0,,174.5859375,1024,0,,,,0.0003950008249375969,62113.926461681,21333.345413208008,,,0,0,-0.0982142835855484,0,63.7210578918457,0.0078125,,0.109375,1,0,,,,,0,0.0390625,972,1.9344818592071533,-0.0982142835855484,0.00373077392578125,0
528.3292866442935,0.0009824980224948376,0,266,,1.0,0.0606201577216585,,0.4375,,,,0,,,,3e-06,-0.00015764972522447351,0.05119974954169603,,0,,0.1015625,,89.80529022216797,,-0.00012189217522973195,3.453125,,50,0.140625,215.71129926799767,,56.723639320000075,,0.125,4096,,-6.231424592328949e-05,,,,0.140625,57.52616215599846,,0,0.00355975134880282,0.048828125,0.23557698295917362,,0.5625,-0.00012189217522973195,0.125,0.1884765625,0.00039999940781854093,50,1505.2166998289943,0,56648.13232421875,0.0012300006346777081,1298769.0,266,0,,78.73158162400068,0.0,0.04429283587458467,,0.00013995416520629078,0,,0.0625,0.0546875,,0,0.0004449993866728619,0,1081.9228515625,37.804193794727325,22.51757520600222,0.5625,205.0,,,,50.80083465576172,,0.0005849997251061723,0,,,1780362197.4931087,0.21020844799932092,0.078125,,0,0.21875,1,0,18,,215.71129926799767,,195,0,,0.1884765625,,0.078125,15395,0.0625,,,,190.13741540908813,0,,186.40625,1024,0,,,,0.00036249912227503955,62319.3867047,21517.072677612305,,,0,0,-0.125,0,75.444091796875,0.0078125,,0.1015625,1,0,,,,,0,0.0546875,974,1.828057885169983,-0.125,0.003448486328125,0
530.1190108184528,0.0010999992809956893,0,267,,1.0,0.06169982339658065,,0.359375,,,,0,,,,3e-06,3.960278991144145e-05,0.04887974470721074,,0,,0.109375,,89.83161544799805,,-0.0003559933975338936,3.5234375,,55,0.09375,205.4490400690047,,52.162459482002305,,0.125,4096,,-6.17037010073318e-05,,,,0.09375,54.65145504899556,,0,0.003322251359350048,0.0419921875,0.27747172862291336,,0.640625,-0.0003559933975338936,0.125,0.134765625,0.00018500031728763133,43,1502.9213565382995,0,55634.78088378906,0.0011500014807097614,1235095.0,267,0,,76.20514337799978,0.0,0.044248786570260226,,0.00016432772326879785,0,,0.0625,0.0078125,,0,0.0006225018296390772,0,1042.1474609375,36.92599758505821,22.21747472399875,0.640625,205.0,,,,49.201637268066406,,0.0006124992069089785,0,,,1780362402.9534214,0.21036071399430512,0.0859375,,0,0.125,1,0,2,,205.4490400690047,,220,0,,0.134765625,,0.0859375,15441,0.0625,,,,190.13741540908813,0,,164.0,722,0,,,,0.0003374989319127053,62519.708381101,20003.032684326172,,,0,0,-0.09375,0,60.138824462890625,0.0,,0.109375,1,0,,,,,0,0.0078125,981,0.4552098214626312,-0.09375,0.0030364990234375,0
548.3973614918796,0.0009750001481734216,0,268,,1.0,0.06252948079117365,,0.453125,,,,0,,,,3e-06,0.00039687566459178925,0.049773933250975656,,0,,0.078125,,89.67690658569336,,-0.00044182027340866625,3.4453125,,41,0.1328125,200.30554441399727,,52.53817840800184,,0.125,4096,,-5.5766008472346584e-05,,,,0.1328125,49.72479025400389,,0,0.0033550004445714876,0.03515625,0.3256659838370979,,0.546875,-0.00044182027340866625,0.125,0.1787109375,0.00022749918571207672,36,1513.6575519514822,0,54895.809173583984,0.0009949999366654083,1212776.0,268,0,,75.83425359599642,0.0,0.041000803325596726,,0.00018500006262911484,0,,0.1171875,0.0234375,,0,0.0004675002855947241,0,1030.796875,37.03225404024124,21.933868180996797,0.546875,205.0,,,,49.12844467163086,,0.0006822483555879444,0,,,1780362603.2749887,0.2722905129994615,0.1015625,,0,0.1796875,1,0,2,,200.30554441399727,,275,0,,0.1787109375,,0.1015625,15499,0.1171875,,,,190.13741540908813,0,,153.5546875,748,0,,,,0.0003250006557209417,62720.627304003,20352.68211364746,,,0,0,-0.125,0,60.93989944458008,0.0,,0.078125,1,0,,,,,0,0.0234375,988,0.442423015832901,-0.125,0.004150390625,0
666.8204521811276,0.0009399991540703923,0,269,,1.0,0.06301104913363578,,0.453125,,,,0,,,,3e-06,0.0012498455253080465,0.049520996082144164,,0,,0.0859375,,89.66117095947266,,-0.0012276381021365523,3.1796875,,35,0.1640625,200.87797821699496,,51.532588463996944,,0.11249999701976776,4096,,4.881578013282706e-05,,,,0.1640625,49.988599054995575,,0,0.0029799957701470703,0.0380859375,0.21455224486999214,,0.546875,-0.0012276381021365523,0.11249999701976776,0.1806640625,0.00028249814931768924,39,1520.1828130215847,0,55641.20101928711,0.001229996996698901,1221485.0,269,0,,76.9670513509991,0.0,0.040924447745977706,,0.0003469587263680296,0,,0.0625,0.015625,,0,0.000700001692166552,0,1016.2314453125,36.897994577884674,22.17865018000157,0.546875,205.0,,,,48.73361587524414,,0.0006850023055449128,0,,,1780362804.1939943,0.2090427329967497,0.125,,0,0.171875,1,0,29,,200.87797821699496,,225,0,,0.1806640625,,0.125,15557,0.0625,,,,190.13741540908813,0,,176.625,753,0,,,,0.0004199991963105276,62952.391447267,20621.910095214844,,,0,0,-0.11964285373687744,0,60.6148796081543,0.0,,0.0859375,1,0,,,,,0,0.015625,985,0.4853697419166565,-0.11964285373687744,0.00330352783203125,0
521.5467955713393,0.0009249997674487531,0,270,,0.9921875,0.0630508654696725,,0.5234375,,,,0,,,,3e-06,0.0013665981259691762,0.04975457395693295,,0,,0.1171875,,89.6424674987793,,-0.0004289655771572143,3.53125,,46,0.140625,231.7403268430062,,54.06560877200536,,0.1205357164144516,4096,,8.820574294077232e-06,,12.839460176001012,,0.140625,64.48040697300166,,0,0.0031422514439327642,0.04296875,0.3124662325717509,,0.4765625,-0.0004289655771572143,0.1205357164144516,0.2138671875,0.00022749918571207672,44,1334.154931996165,0,55668.06411743164,0.0011075007932959124,1236710.0,270,0,,77.97563583499868,0.0,0.05213866385248091,,0.0003585675458452897,0,,0.125,0.0390625,,0,0.00042750070861075073,0,1061.177734375,37.98109292984009,22.157423263000965,0.4765625,205.0,,,,49.165374755859375,,0.0006674999895039946,0,,,1780363035.9581046,0.21957410100003472,0.1015625,,0,0.1953125,1,0,3,,231.7403268430062,,234,0,,0.2138671875,,0.1015625,15624,0.125,,,,190.13741540908813,0,,146.546875,599,0,,,,0.0003325003490317613,63151.919707358,21747.724533081055,,,0,0,-0.125,0,54.40291213989258,0.0,,0.1171875,1,0,,,,,0,0.0390625,980,0.42488163709640503,-0.125,0.00359344482421875,0
809.2301675187628,0.0009025006875162944,0,271,,1.0,0.06500037343312427,,0.4609375,,,,0,,,,3e-06,0.0004313834670028882,0.05150729941963485,,0,,0.1328125,,89.75596618652344,,-6.542183109559119e-05,3.5859375,,51,0.109375,199.51718672100105,,52.57545779499924,,0.125,4096,,-7.864097560172922e-05,,,,0.109375,48.02024733500002,,0,0.0032074967748485506,0.03125,0.2546519972383976,,0.5390625,-6.542183109559119e-05,0.125,0.1953125,0.00020999868866056204,32,1478.4415560774903,0,55215.660095214844,0.0011225001799175516,1179898.0,271,0,,76.69381061299646,0.0,0.04069864287845222,,0.0002972902566398261,0,,0.0859375,0.0078125,,0,0.0005074998625786975,0,996.814453125,36.738887429237366,22.036170147999655,0.5390625,205.0,,,,49.3648681640625,,0.0006225000106496736,0,,,1780363235.48635,0.18965986499824794,0.125,,0,0.15625,1,0,10,,199.51718672100105,,222,0,,0.1953125,,0.125,15683,0.0859375,,,,190.13741540908813,0,,155.4296875,755,0,,,,0.00037750032788608223,63357.795442663,20631.919860839844,,,0,0,-0.08839285373687744,0,58.5081672668457,0.0,,0.1328125,1,0,,,,,0,0.0078125,992,0.5056702494621277,-0.08839285373687744,0.00391387939453125,0
518.1161623895605,0.0009572486305842176,0,272,,1.0,0.06055474601924611,,0.46875,,,,0,,,,3e-06,0.00019011599579243937,0.04901449866141453,,0,,0.125,,89.63814163208008,,-0.0009605908417142928,3.078125,,42,0.1328125,205.85400695899443,,53.680090759997256,,0.1116071417927742,4096,,2.095925151479605e-05,,,,0.1328125,52.282810966004035,,0,0.0037674999475711957,0.048828125,0.24843474966473877,,0.53125,-0.0009605908417142928,0.1116071417927742,0.1865234375,0.0002374981704633683,50,1551.337303157832,0,56064.04495239258,0.001205000444315374,1277396.0,272,0,,77.3523903460009,0.0,0.04092921143169701,,0.000352713611391664,0,,0.078125,0.0234375,,0,0.0005150013748789206,0,1069.51953125,37.25196048617363,22.328394662006758,0.53125,205.0,,,,51.05802917480469,,0.0005300007615005597,0,,,1780363441.3620288,0.2085626769985538,0.109375,,0,0.21875,1,0,15,,205.85400695899443,,223,0,,0.1865234375,,0.109375,15743,0.078125,,,,190.13741540908813,0,,177.9375,811,0,,,,0.00029499824449885637,63556.826254444,20732.72132873535,,,0,0,-0.125,0,62.797245025634766,0.0,,0.125,1,0,,,,,0,0.0234375,974,0.5055629014968872,-0.125,0.00339508056640625,0
538.5909695378359,0.0009824980224948376,0,273,,1.0,0.06545627630071076,,0.53125,,,,0,,,,3e-06,0.0003305896534584465,0.05214292495881429,,0,,0.1640625,,89.69451141357422,,-0.0007175978971645236,2.9921875,,41,0.1484375,198.96795572100382,,52.480498254997656,,0.125,4096,,3.19444703507088e-05,,,,0.1484375,48.454222366002796,,0,0.0031724994187243283,0.03515625,0.32201572321355343,,0.46875,-0.0007175978971645236,0.125,0.203125,0.00020750303519889712,36,1453.87481593079,0,55302.6123046875,0.0010474977898411453,1157098.0,273,0,,75.73932639499981,0.0,0.04187564265602636,,0.000395371010654344,0,,0.109375,0.03125,,0,0.0005250003596302122,0,982.884765625,36.767538636922836,22.09132880099787,0.46875,205.0,,,,48.573577880859375,,0.0005300007615005597,0,,,1780363640.3928876,0.19997497700387612,0.078125,,0,0.15625,1,0,2,,198.96795572100382,,241,0,,0.203125,,0.078125,15811,0.109375,,,,190.13741540908813,0,,147.09375,663,0,,,,0.0003374989319127053,63764.086152776,19861.026763916016,,,0,0,-0.07232142984867096,0,58.89750671386719,0.0,,0.1640625,1,0,,,,,0,0.03125,988,0.47532764077186584,-0.07232142984867096,0.003204345703125,0
538.6500272907142,0.001017499016597867,0,274,,1.0,0.06562661281775281,,0.4609375,,,,0,,,,3e-06,-0.0006692131792078726,0.05495898890218419,,0,,0.078125,,89.71048355102539,,0.0003500214370433241,3.6015625,,50,0.1171875,207.23557117799646,,55.25703149900073,,0.125,4096,,1.9974699085878456e-05,,,,0.1171875,54.250388684995414,,0,0.0033200012694578618,0.0244140625,0.3199909988325089,,0.5390625,0.0003500214370433241,0.125,0.19140625,0.0001624994183657691,25,1389.9628734711355,0,54698.551177978516,0.0012324999261181802,1152199.0,274,0,,75.61491766200197,0.0,0.047084217817404295,,0.0003511058789626986,0,,0.125,0.0234375,,0,0.0006225000106496736,0,981.8583984375,35.28113290667534,21.91046885999822,0.5390625,205.0,,,,49.74601745605469,,0.0007425005605909973,0,,,1780363847.6527886,0.20055320899700746,0.1171875,,0,0.171875,1,0,2,,207.23557117799646,,203,0,,0.19140625,,0.1171875,15870,0.125,,,,190.13741540908813,0,,143.3359375,737,0,,,,0.00046249988372437656,63976.733550639,20342.10777282715,,,0,0,-0.12767857313156128,0,59.49675369262695,0.0,,0.078125,1,0,,,,,0,0.0234375,999,1.6207795143127441,-0.12767857313156128,0.00371551513671875,0
686.7342146942974,0.0011675001587718725,0,275,,1.0,0.061927314181092055,,0.46875,,,,0,,,,3e-06,-0.0005420447487267664,0.05335510173249707,,0,,0.09375,,89.66265869140625,,-0.0002696781884878874,3.3046875,,37,0.140625,212.59445882900036,,57.44199581500288,,0.125,4096,,2.2131415050807846e-05,,,,0.140625,55.69385052200232,,0,0.0031224990379996598,0.0390625,0.30318100471049547,,0.53125,-0.0002696781884878874,0.125,0.1953125,0.00017750062397681177,40,1463.1213894911214,0,55652.02331542969,0.0012250002328073606,1244206.0,275,0,,77.05033586799982,0.0,0.04476256385357595,,3.659250432974659e-05,0,,0.09375,0.0390625,,0,0.0005824986146762967,0,1051.365234375,36.539558321237564,22.203906205002568,0.53125,205.0,,,,50.69953536987305,,0.0006449990905821323,0,,,1780364060.300208,0.2019429619977018,0.1015625,,0,0.2421875,1,0,10,,212.59445882900036,,194,0,,0.1953125,,0.1015625,15930,0.09375,,,,190.13741540908813,0,,163.6796875,806,0,,,,0.00028499744075816125,64172.573339258,20674.728393554688,,,0,0,-0.12321428209543228,0,54.799842834472656,0.0,,0.09375,1,0,,,,,0,0.0390625,984,0.47561025619506836,-0.12321428209543228,0.0034942626953125,0
672.2577498658211,0.001224998413817957,0,276,,1.0,0.06730719717481047,,0.4765625,,,,0,,,,3e-06,0.0005250718259048881,0.051388956341413876,,0,,0.09375,,89.68962478637695,,-0.00040524874930270016,3.65625,,41,0.1953125,195.82798220700352,,50.71499017899623,,0.125,4096,,0.00010946398963085358,,,,0.1953125,46.760870575999434,,0,0.003962499249610119,0.0302734375,0.24821923580020666,,0.5234375,-0.00040524874930270016,0.125,0.1748046875,0.00020750121620949358,31,1442.9258107827986,0,54979.39682006836,0.00121249831863679,1130261.0,276,0,,76.07469998599845,0.0,0.04137174561981651,,0.00024322230956386193,0,,0.0625,0.0234375,,0,0.0005724996299250051,0,963.7548828125,37.0640754699707,22.079288209002698,0.5234375,205.0,,,,48.54158401489258,,0.0006525006028823555,0,,,1780364256.139825,0.19565587800025241,0.1015625,,0,0.1171875,1,0,10,,195.82798220700352,,244,0,,0.1748046875,,0.1015625,15991,0.0625,,,,190.13741540908813,0,,140.015625,759,0,,,,0.0002674987626960501,64375.217367181,20385.725021362305,,,0,0,-0.1071428582072258,0,57.33729934692383,0.0,,0.09375,1,0,,,,,0,0.0234375,993,0.46309715509414673,-0.1071428582072258,0.003631591796875,0
522.8273234861263,0.0010824987839441746,0,277,,1.0,0.06453160146835465,,0.5078125,,,,0,,,,3e-06,0.0001899086928460747,0.05078687348517803,,0,,0.1171875,,89.67944717407227,,-0.00039362109964713454,3.359375,,43,0.1875,202.6253247689965,,52.51951846099837,,0.11249999701976776,4096,,2.2171449529651e-05,,,,0.1875,50.41611582299811,,0,0.0035374996514292434,0.0400390625,0.25534676387906075,,0.4921875,-0.00039362109964713454,0.11249999701976776,0.1962890625,0.0002550023054936901,41,1477.1845540098939,0,55528.38134765625,0.0011850006558233872,1197260.0,277,0,,77.2611051740023,0.0,0.042109580060302784,,0.00015716341158622527,0,,0.078125,0.015625,,0,0.000552501660422422,0,1009.87890625,36.31666302680969,22.198795197997242,0.4921875,205.0,,,,49.691654205322266,,0.0006174996087793261,0,,,1780364458.784034,0.22726034500374226,0.109375,,0,0.1640625,1,0,42,,202.6253247689965,,244,0,,0.1962890625,,0.109375,16056,0.078125,,,,190.13741540908813,0,,159.3203125,722,0,,,,0.00030750015866942704,64575.439909502,21173.316955566406,,,0,0,-0.13928571343421936,0,68.93862915039062,0.0,,0.1171875,1,0,,,,,0,0.015625,983,0.49395594000816345,-0.13928571343421936,0.0039520263671875,0
503.2326182408724,0.0008749975677346811,0,278,,1.0,0.0640506510809878,,0.5,,,,0,,,,3e-06,0.0010143027830054052,0.05027351913014319,,0,,0.1171875,,89.69208145141602,,-0.0009299023076891899,3.265625,,40,0.15625,200.2048676630002,,52.371583904001454,,0.125,4096,,1.5989327266652253e-05,,,,0.15625,48.153252041003725,,0,0.003279999873484485,0.04296875,0.27355150086805224,,0.5,-0.0009299023076891899,0.125,0.19140625,0.00022249878384172916,44,1495.1946648164435,0,55532.97424316406,0.001072499799192883,1197381.0,278,0,,76.69303264200425,0.0,0.0402154803199681,,0.00027151769972988404,0,,0.09375,0.0234375,,0,0.0005199963197810575,0,1017.3173828125,35.6346070766449,22.796537911002815,0.5,205.0,,,,49.601806640625,,0.000664998879074119,0,,,1780364659.006604,0.18828513199696317,0.109375,,0,0.21875,1,0,44,,200.2048676630002,,226,0,,0.19140625,,0.109375,16120,0.09375,,,,190.13741540908813,0,,152.0,598,0,,,,0.00034249933378305286,64785.073099383,20620.91064453125,,,0,0,-0.0892857164144516,0,61.46437454223633,0.0,,0.1171875,1,0,,,,,0,0.0234375,980,0.4397362470626831,-0.0892857164144516,0.00365447998046875,0
561.4844076771988,0.0008799997885944322,0,279,,1.0,0.06119607013949908,,0.453125,,,,0,,,,3e-06,0.0017506482545286417,0.047169683706649174,,0,,0.109375,,89.78760528564453,,-0.00035379320615902543,3.609375,,40,0.15625,209.61703795399808,,52.98013968500163,,0.125,4096,,-1.561704226560323e-05,,,,0.15625,56.231379126998945,,0,0.004237499524606392,0.0458984375,0.23343951033893973,,0.546875,-0.00035379320615902543,0.125,0.181640625,0.0002175020199501887,47,1518.2520615039057,0,56125.95748901367,0.0011350002750987187,1273006.0,279,0,,77.90296446400316,2.4239839149231557e-06,0.0441721241903015,,0.00013274813773023197,0,,0.0625,0.0234375,,0,0.0005250021786196157,0,1096.857421875,37.321850657463074,22.292009017000964,0.546875,205.0,,,,50.020721435546875,,0.0006275022315094247,0,,,1780364868.639716,0.20831886000087252,0.1015625,,0,0.1484375,1,0,113,,209.61703795399808,,226,0,,0.181640625,,0.1015625,16178,0.0625,,,,190.13741540908813,0,,146.3125,766,0,,,,0.0002124997990904376,64990.187997789,21177.959442138672,,,0,0,-0.11249999701976776,0,58.962162017822266,0.0,,0.109375,1,0,,,,,0,0.0234375,977,0.4089205265045166,-0.11249999701976776,0.004302978515625,0
537.9539083351119,0.001109998265746981,0,280,,1.0,0.0650076100247935,,0.53125,,,,0,,,,3e-06,0.0016454639153380415,0.05233438116115443,,0,,0.15625,,89.79764175415039,,-0.0010174571070820093,3.2421875,,43,0.1484375,205.10128693700244,,53.39378603899968,,0.1116071417927742,4096,,4.9409428498847774e-05,,8.266609548001725,,0.1484375,43.833361349999905,,0,0.0030725022952537984,0.0380859375,0.2735542366281152,,0.46875,-0.0010174571070820093,0.1116071417927742,0.2060546875,0.00018500213627703488,39,1447.7663911060965,0,55508.5563659668,0.0011075007932959124,1187755.0,280,0,,77.21311384499859,0.0,0.03690437956480916,,0.00021936216126050567,0,,0.1015625,0.0,,0,0.00070999885792844,0,996.3310546875,37.56529465317726,22.186305227995035,0.46875,205.0,,,,48.5311279296875,,0.0007175003702286631,0,,,1780365073.754789,0.20616946099471534,0.125,,0,0.1875,1,0,3,,205.10128693700244,,237,0,,0.2060546875,,0.125,16246,0.1015625,,,,190.13741540908813,0,,163.5859375,812,0,,,,0.0003424975147936493,65201.303982475,21128.75747680664,,,0,0,-0.125,0,69.17008209228516,0.0,,0.15625,1,0,,,,,0,0.0,985,1.3158714771270752,-0.125,0.00461578369140625,0
579.3501812913746,0.0010450003173900768,0,281,,1.0,0.06307440795427677,,0.4453125,,,,0,,,,3e-06,8.933213393902406e-05,0.05311160119650875,,0,,0.078125,,89.68857955932617,,-0.0011875132331624627,3.5546875,,30,0.1484375,211.06402240800526,,56.862076915000216,,0.1205357164144516,4096,,0.00011567052751715323,,,,0.1484375,54.508923882996896,,0,0.003335004294058308,0.041015625,0.2946937456727028,,0.5546875,-0.0011875132331624627,0.1205357164144516,0.1650390625,0.00027249916456639767,42,1451.9658372073964,0,55523.0598449707,0.0011049960448872298,1225831.0,281,0,,77.31856457699905,0.0,0.044466915817104394,,0.00014998145752542769,0,,0.1015625,0.0078125,,0,0.0005424990376923233,0,1045.5224609375,35.80653294920921,22.177199483005097,0.5546875,205.0,,,,51.061302185058594,,0.0006499994924524799,0,,,1780365284.8706408,0.19488169100077357,0.109375,,0,0.1640625,1,0,3,,211.06402240800526,,228,0,,0.1650390625,,0.109375,16303,0.1015625,,,,190.13741540908813,0,,151.578125,768,0,,,,0.0002925007720477879,65420.440506707,21180.04608154297,,,0,0,-0.15625,0,59.32337951660156,0.0,,0.078125,1,0,,,,,0,0.0078125,982,0.5747556090354919,-0.15625,0.0044708251953125,0
546.7894000539673,0.0010000003385357559,0,282,,0.9921875,0.06266132407576612,,0.4765625,,,,0,,,,3e-06,0.00037666210300812963,0.05054167778462283,,0,,0.0546875,,89.76467514038086,,-0.0001918102498166263,3.15625,,56,0.140625,219.121658338001,,53.29822089099616,,0.1160714253783226,4096,,5.9360143906062035e-05,,,,0.140625,66.45020481500251,,0,0.003227498382329941,0.044921875,0.27092150412499905,,0.5234375,-0.0001918102498166263,0.1160714253783226,0.19921875,0.00027250280254520476,46,1400.2312794051625,0,55749.1455078125,0.0010825024219229817,1227284.0,282,0,,76.90324045700254,0.0,0.05414411400702894,,0.00036334950254968135,0,,0.1171875,0.0234375,,0,0.0005450019671116024,0,1029.82421875,34.64754670858383,22.265886391993263,0.5234375,205.0,,,,49.791603088378906,,0.0005699985194951296,0,,,1780365504.007222,0.20188808199600317,0.140625,,0,0.1953125,1,0,30,,219.121658338001,,252,0,,0.19921875,,0.140625,16364,0.1171875,,,,190.13741540908813,0,,168.6953125,746,0,,,,0.00031750096241012216,65621.358339233,20572.38006591797,,,0,0,-0.07410714030265808,0,65.54400634765625,0.0,,0.0546875,1,0,,,,,0,0.0234375,978,0.859600841999054,-0.07410714030265808,0.002960205078125,0
542.8335334072472,0.0010700023267418146,0,283,,1.0,0.06427594528741734,,0.4765625,,,,0,,,,3e-06,-0.0005656054927385412,0.050901277165201174,,0,,0.1171875,,89.74614715576172,,-0.0013239473337307572,3.5625,,43,0.15625,200.90045913500944,,52.88943014999677,,0.125,4096,,4.883536335142935e-05,,,,0.15625,48.78197016099875,,0,0.002732500433921814,0.0322265625,0.25376450503244996,,0.5234375,-0.0013239473337307572,0.125,0.17578125,0.00017999991541728377,33,1489.885843410897,0,55406.44454956055,0.0010674993973225355,1197275.0,283,0,,76.9559823939926,0.0,0.040744165008873276,,0.00028273081579754944,0,,0.09375,0.0078125,,0,0.00046750574256293476,0,1014.7060546875,35.55592894554138,22.05450104699412,0.5234375,205.0,,,,48.84518814086914,,0.0006500013114418834,0,,,1780365704.9250028,0.21688585300580598,0.1015625,,0,0.1484375,1,0,2,,200.90045913500944,,214,0,,0.17578125,,0.1015625,16425,0.09375,,,,190.13741540908813,0,,154.5078125,723,0,,,,0.0003122477210126817,65824.848097289,20970.888137817383,,,0,0,-0.1205357164144516,0,61.0407829284668,0.0,,0.1171875,1,0,,,,,0,0.0078125,991,0.49256423115730286,-0.1205357164144516,0.0042724609375,0
546.6271556797437,0.0009574941941536963,0,284,,1.0,0.06258203069514047,,0.5078125,,,,0,,,,3e-06,0.00035315336208441295,0.049429846051273506,,0,,0.1484375,,89.73600769042969,,-0.0004205441218800843,3.234375,,41,0.140625,203.47233292499732,,52.826961650993326,,0.125,4096,,-1.4782135096425009e-05,,,,0.140625,50.33834750398819,,0,0.002949996996903792,0.037109375,0.3016635018866509,,0.4921875,-0.0004205441218800843,0.125,0.21484375,0.00017000638763420284,38,1527.2322066241138,0,56064.89562988281,0.00122499477583915,1242998.0,284,0,,77.78933898999821,0.0,0.040497528961420844,,0.0003785487624554662,0,,0.0859375,0.046875,,0,0.0005375077307689935,0,1043.677734375,36.80641949176788,22.313392260010005,0.4921875,205.0,,,,49.2363395690918,,0.0006325026333797723,0,,,1780365908.414847,0.20237294399703387,0.0859375,,0,0.2109375,1,0,18,,203.47233292499732,,235,0,,0.21484375,,0.0859375,16490,0.0859375,,,,190.13741540908813,0,,170.1875,806,0,,,,0.00035499397199600935,66026.388097303,21140.701293945312,,,0,0,-0.1875,0,63.94175338745117,0.0,,0.1484375,1,0,,,,,0,0.046875,986,0.462613046169281,-0.1875,0.0035552978515625,0
550.7731381148915,0.0010749972716439515,0,285,,1.0,0.06542063889411327,,0.5234375,,,,0,,,,3e-06,-0.00029499640004360117,0.05246900276641396,,0,,0.0859375,,89.71548461914062,,-0.000895234989002347,3.4296875,,42,0.125,201.51334018900525,,53.40950964100193,,0.1205357164144516,4096,,-0.00010791063937176659,,,,0.125,48.83090963000723,,0,0.0033024989534169436,0.037109375,0.2709637628868222,,0.4765625,-0.000895234989002347,0.1205357164144516,0.2236328125,0.00032249954529106617,38,1458.5498395507038,0,55748.443603515625,0.0010674957593437284,1175669.0,285,0,,76.91301710800326,0.0,0.041534572766660706,,0.0002199766840931261,0,,0.140625,0.0390625,,0,0.0005649999366141856,0,994.0673828125,37.262462079524994,22.161244636008632,0.4765625,205.0,,,,48.627838134765625,,0.0006374975782819092,0,,,1780366109.9547558,0.19646678199933376,0.1328125,,0,0.2109375,1,0,6,,201.51334018900525,,277,0,,0.2236328125,,0.1328125,16557,0.140625,,,,190.13741540908813,0,,154.046875,720,0,,,,0.00035750417737290263,66293.618514801,20576.25961303711,,,0,0,-0.1116071417927742,0,62.52043914794922,0.0,,0.0859375,1,0,,,,,0,0.0390625,986,0.4060054123401642,-0.1116071417927742,0.00426483154296875,0
540.6226298146066,0.0009225041139870882,0,286,,0.9921875,0.059838869269338714,,0.453125,,,,0,,,,3e-06,0.0009605339946574531,0.0482131070205655,,0,,0.1015625,,89.71663284301758,,-0.0008809513528831303,3.484375,,44,0.140625,267.2068034650001,,54.263562673004344,,0.125,4096,,2.368497125360136e-05,,,,0.140625,112.79584702200373,,0,0.003667497367132455,0.04296875,0.2560190041549504,,0.546875,-0.0008809513528831303,0.125,0.1787109375,0.00022749736672267318,44,1214.3908605324996,0,55814.788818359375,0.0011949996405746788,1297974.0,286,0,,77.66929650100064,0.0,0.08690146876748203,,0.00021416622894321335,0,,0.09375,0.0234375,,0,0.0005374968168325722,0,1099.115234375,35.890717059373856,22.26741635099461,0.546875,205.0,,,,50.64018249511719,,0.0005449983291327953,0,,,1780366377.1851804,0.20853868700214662,0.09375,,0,0.171875,1,0,6,,267.2068034650001,,201,0,,0.1787109375,,0.09375,16615,0.09375,,,,190.13741540908813,0,,168.4375,629,0,,,,0.0002799970388878137,66497.160006415,21277.73094177246,,,0,0,-0.08749999850988388,0,63.46147155761719,0.0,,0.1015625,1,0,,,,,0,0.0234375,980,0.5389496088027954,-0.08749999850988388,0.00351715087890625,0
539.4947829627199,0.001014999725157395,0,287,,1.0,0.0639785264869892,,0.4609375,,,,0,,,,3e-06,0.00039849814311310183,0.052712749307907626,,0,,0.0859375,,89.71430587768555,,-0.0002998411364387721,3.8515625,,42,0.1953125,203.5154337319982,,54.68610379099846,,0.125,4096,,1.2580110364979191e-05,,,,0.1953125,49.97699003398884,,0,0.00305499997921288,0.03515625,0.2597817510832101,,0.5390625,-0.0002998411364387721,0.125,0.1826171875,0.00021750383893959224,36,1469.0630313262213,0,55428.14636230469,0.0012499949662014842,1195908.0,287,0,,76.51243165400228,0.0,0.04178999557991822,,0.00022046885669624317,0,,0.046875,0.0390625,,0,0.00047000139602459967,0,1013.12109375,35.36103665828705,22.141063382005086,0.5390625,205.0,,,,51.1575927734375,,0.00046249624574556947,0,,,1780366580.7266645,0.19674154699896462,0.09375,,0,0.140625,1,0,129,,203.5154337319982,,211,0,,0.1826171875,,0.09375,16674,0.046875,,,,190.13741540908813,0,,154.7578125,794,0,,,,0.00031749732443131506,66700.219234086,20509.16290283203,,,0,0,-0.125,0,63.55889892578125,0.0,,0.0859375,1,0,,,,,0,0.0390625,988,0.571323573589325,-0.125,0.003875732421875,0
572.9205658899446,0.0008797505870461464,0,288,,1.0,0.06801346378540175,,0.5234375,,,,0,,,,3e-06,0.0012839825230912538,0.053364494373386216,,0,,0.125,,89.71050643920898,,-0.0012197550386190414,3.4921875,,37,0.1328125,203.01181790699775,,51.7842649660015,,0.125,4096,,-6.969546973323304e-06,,,,0.1328125,53.72228245000588,,0,0.003637498593889177,0.02734375,0.2743290096987039,,0.4765625,-0.0012197550386190414,0.125,0.22265625,0.0002824963303282857,28,1365.3441600477668,0,54551.05209350586,0.0012324999261181802,1108724.0,288,0,,75.40815962200577,0.0,0.04845415310754153,,0.00033109631931438344,0,,0.1015625,0.03125,,0,0.0005000001692678779,0,947.64453125,36.54295951128006,21.821910105994903,0.4765625,205.0,,,,47.95813751220703,,0.0006125046638771892,0,,,1780366783.7856212,0.27303090901114047,0.1328125,,0,0.1328125,1,0,9,,203.01181790699775,,242,0,,0.22265625,,0.1328125,16741,0.1015625,,,,190.13741540908813,0,,135.09375,811,0,,,,0.0003924978955183178,66910.111236223,20247.36213684082,,,0,0,-0.125,0,54.77238464355469,0.0,,0.125,1,0,,,,,0,0.03125,996,0.4716486632823944,-0.125,0.00402069091796875,0
529.553709202446,0.0010650037438608706,0,289,,1.0,0.06073493937737751,,0.4453125,,,,0,,,,3e-06,-0.00036258633554098196,0.05067361869230476,,0,,0.078125,,89.74351119995117,,-0.0005609914660453796,3.5546875,,47,0.15625,209.8348921249999,,55.640849490999244,,0.125,4096,,4.612384154256688e-05,,,,0.15625,54.611635257999296,,0,0.0036925011954735965,0.037109375,0.30894350493326783,,0.5546875,-0.0005609914660453796,0.125,0.162109375,0.00022500535123981535,38,1514.5145632437805,0,55520.08056640625,0.0012750024325214326,1271192.0,289,0,,77.20576905700727,0.0,0.042960965187005026,,0.00022220098981051706,0,,0.1015625,0.0,,0,0.0005549954948946834,0,1072.2890625,36.45803779363632,22.17182168101135,0.5546875,205.0,,,,50.377723693847656,,0.0006850023055449128,0,,,1780366993.6778307,0.20274494400655385,0.109375,,0,0.171875,1,0,3,,209.8348921249999,,216,0,,0.162109375,,0.109375,16798,0.1015625,,,,190.13741540908813,0,,169.109375,751,0,,,,0.0003324967110529542,67126.04935142,21119.359970092773,,,0,0,-0.0892857164144516,0,62.39356231689453,0.0,,0.078125,1,0,,,,,0,0.0,986,0.6604428887367249,-0.0892857164144516,0.0038299560546875,0
561.6501414551749,0.0009550058166496456,0,290,,1.0,0.0652069290949286,,0.4453125,,,,0,,,,3e-06,0.0015924836498015793,0.05177161400203563,,0,,0.0625,,89.73962020874023,,-0.00046529556857421994,3.0703125,,44,0.15625,215.9131686920009,,53.56767483499425,,0.125,4096,,0.00014401552471099421,,8.1750976510084,,0.15625,54.01111780598876,,0,0.004557499778456986,0.0390625,0.25501425261609256,,0.5546875,-0.00046529556857421994,0.125,0.1787109375,0.0001899970811791718,40,1381.4118046012914,0,56028.02658081055,0.0010574985935818404,1193060.0,290,0,,77.79577882599551,0.0,0.045271082599356915,,0.0003229691342312435,0,,0.0859375,0.0234375,,0,0.0005725050868932158,0,1010.44140625,37.328362464904785,22.152956263002125,0.5546875,205.0,,,,49.213077545166016,,0.0006549962563440204,0,,,1780367209.616015,0.2081470519915456,0.1171875,,0,0.1796875,1,0,18,,215.9131686920009,,206,0,,0.1787109375,,0.1171875,16855,0.0859375,,,,190.13741540908813,0,,154.65625,748,0,,,,0.00030249793780967593,67331.705309576,21168.51043701172,,,0,0,-0.0803571417927742,0,59.562583923339844,0.0,,0.0625,1,0,,,,,0,0.0234375,984,1.73783278465271,-0.0803571417927742,0.0032196044921875,0
532.4627813897678,0.0008475035429000854,0,291,,1.0,0.06233529607033444,,0.4609375,,,,0,,,,3e-06,0.000818583210275392,0.05028625897737679,,0,,0.140625,,89.77196502685547,,-0.0006538649904541671,3.203125,,43,0.1328125,205.63742338899465,,53.596050257008756,,0.125,4096,,9.866146683634724e-06,,,,0.1328125,52.308179743995424,,0,0.003550005203578621,0.046875,0.22626998543273658,,0.5390625,-0.0006538649904541671,0.125,0.1845703125,0.0003300010575912893,48,1501.0436569033548,0,55677.80685424805,0.0011025003914255649,1234683.0,291,0,,76.96433035800874,0.0,0.042365675840677665,,0.00011124031243525678,0,,0.0859375,0.0078125,,0,0.000607498805038631,0,1040.8388671875,37.3697504401207,22.566001131999656,0.5390625,205.0,,,,50.92572021484375,,0.0005649962986353785,0,,,1780367415.2719133,0.20097903200075962,0.09375,,0,0.21875,1,0,2,,205.63742338899465,,186,0,,0.1845703125,,0.09375,16914,0.0859375,,,,190.13741540908813,0,,164.90625,1024,0,,,,0.0003324967110529542,67537.161838131,20716.45736694336,,,0,0,-0.125,0,62.69404602050781,0.0078125,,0.140625,1,0,,,,,0,0.0078125,976,0.5583127737045288,-0.125,0.0031280517578125,0
546.5649760517408,0.0008525021257810295,0,292,,1.0,0.06232970264804892,,0.453125,,,,0,,,,3e-06,0.0008356574271601858,0.04796606725655981,,0,,0.109375,,89.74845123291016,,-0.0007452643476426601,3.3828125,,49,0.1484375,205.42060219999985,,52.40307237599336,,0.125,4096,,-3.4073750043717155e-06,,,,0.1484375,52.48492924099264,,0,0.0038824982766527683,0.046875,0.27443424914963543,,0.546875,-0.0007452643476426601,0.125,0.17578125,0.000295003701467067,48,1523.1274110246,0,56113.76190185547,0.0011350020940881222,1251527.0,292,0,,78.00730576600472,0.0,0.041936713503578145,,0.00026786335979522846,0,,0.0859375,0.0234375,,0,0.0005075053195469081,0,1066.8974609375,35.45758128166199,22.32255130900012,0.546875,205.0,,,,49.89723205566406,,0.0006000009307172149,0,,,1780367620.7283933,0.19992671399086248,0.0859375,,0,0.1640625,1,0,3,,205.42060219999985,,225,0,,0.17578125,,0.0859375,16972,0.0859375,,,,190.13741540908813,0,,155.296875,887,0,,,,0.00035750053939409554,67738.686648242,21311.23924255371,,,0,0,-0.07857143133878708,0,64.76176452636719,0.0,,0.109375,1,0,,,,,0,0.0234375,976,0.45577627420425415,-0.07857143133878708,0.00409698486328125,0
517.3130308648979,0.0008825045370031148,0,293,,1.0,0.06497848455949794,,0.4609375,,,,0,,,,3e-06,0.0012231806686031632,0.04911634454393161,,0,,0.1875,,89.74778747558594,,-0.0009429794154129922,3.3046875,,45,0.140625,201.50363484901027,,51.235714811002254,,0.125,4096,,-2.314296790473236e-05,,,,0.140625,50.89505172900681,,0,0.0031650015444029123,0.0380859375,0.262951769400388,,0.5390625,-0.0009429794154129922,0.125,0.1826171875,0.0002500019036233425,39,1471.6434282796092,0,55465.606689453125,0.0011800002539530396,1186166.0,293,0,,77.07526911600144,0.0,0.04290719151367246,,0.00021210320619502454,0,,0.046875,0.03125,,0,0.0005999972927384079,0,1018.701171875,35.44062376022339,22.101622068992583,0.5390625,205.0,,,,48.920475006103516,,0.0005824986146762967,0,,,1780367822.2532184,0.19384167100361083,0.0546875,,0,0.203125,1,0,2,,201.50363484901027,,223,0,,0.1826171875,,0.0546875,17031,0.046875,,,,190.13741540908813,0,,139.6640625,670,0,,,,0.0004424982762429863,67945.938605235,21056.638717651367,,,0,0,-0.09464285522699356,0,55.697513580322266,0.0,,0.1875,1,0,,,,,0,0.03125,985,0.4890167713165283,-0.09464285522699356,0.0035400390625,0
531.5971778036328,0.0009625000529922545,0,294,,1.0,0.06076600412265673,,0.46875,,,,0,,,,3e-06,0.0001680594104982447,0.0492161555593846,,0,,0.078125,,89.74849700927734,,-0.0005504130967892706,3.421875,,41,0.15625,207.2319832659996,,54.61255936800444,,0.125,4096,,-2.2816116782564677e-05,,,,0.15625,52.56855929199082,,0,0.0031397539714816958,0.044921875,0.305495981592685,,0.53125,-0.0005504130967892706,0.125,0.1728515625,0.0001874977897386998,46,1538.6029944554082,0,56233.86001586914,0.001217496901517734,1275391.0,294,0,,77.50041476399929,0.0,0.04121760251718165,,0.00023346094121734495,0,,0.125,0.03125,,0,0.0006175032467581332,0,1083.6396484375,37.21126541495323,22.3400650399999,0.53125,205.0,,,,49.98640441894531,,0.0008300012268591672,0,,,1780368029.505152,0.2083166579977842,0.078125,,0,0.1171875,1,0,171,,207.2319832659996,,230,0,,0.1728515625,,0.078125,17091,0.125,,,,190.13741540908813,0,,161.859375,885,0,,,,0.0003824970917776227,68155.274187933,20697.433471679688,,,0,0,-0.125,0,61.288673400878906,0.0,,0.078125,1,0,,,,,0,0.03125,978,0.6878858804702759,-0.125,0.0030975341796875,0
523.0656537751202,0.0008675015124026686,0,295,,1.0,0.061813968439088894,,0.4765625,,,,0,,,,3e-06,0.0034412557288305834,0.050287122202727116,,0,,0.1328125,,89.74990844726562,,-0.0016434552380815148,3.5625,,42,0.1875,209.31691071399837,,54.61256901899469,,0.125,4096,,1.0704542660278094e-05,,,,0.1875,54.449854232996586,,0,0.003342502168379724,0.0458984375,0.22618449293076992,,0.5234375,-0.0016434552380815148,0.125,0.189453125,0.00021750020096078515,47,1501.1579758566838,0,56310.768127441406,0.001205000444315374,1256871.0,295,0,,77.6921843260061,0.0,0.043321752377926286,,0.0001364335073503753,0,,0.03125,0.03125,,0,0.000505002390127629,0,1060.5615234375,37.253499031066895,22.361498334998032,0.5234375,205.0,,,,50.96117401123047,,0.0006525006028823555,0,,,1780368238.8408484,0.19882935500936583,0.09375,,0,0.125,1,0,38,,209.31691071399837,,251,0,,0.189453125,,0.09375,17152,0.03125,,,,190.13741540908813,0,,166.8515625,805,0,,,,0.0003475033736322075,68359.945587581,20820.863723754883,,,0,0,-0.09375,0,58.2309684753418,0.0,,0.1328125,1,0,,,,,0,0.03125,977,1.4434384107589722,-0.09375,0.0038299560546875,0
525.2302031658473,0.001010001142276451,0,296,,1.0,0.06125227937881604,,0.4765625,,,,0,,,,3e-06,-0.0003033393659279682,0.053597148059648686,,0,,0.0625,,89.72284698486328,,-0.0002478323003742844,3.6875,,39,0.2265625,204.65314295700227,,58.00856852499419,,0.125,4096,,-4.501350263552695e-05,,,,0.2265625,47.96905950400105,,0,0.003232500603189692,0.037109375,0.24968927027657628,,0.5234375,-0.0002478323003742844,0.125,0.1513671875,0.00017999991541728377,38,1520.1855466513139,0,55707.3860168457,0.0010725052561610937,1244443.0,296,0,,76.22497030701197,0.0,0.038546610414459365,,0.00022792098843638087,0,,0.09375,0.0234375,,0,0.0006150003173388541,0,1056.9404296875,37.543781101703644,22.240760314001818,0.5234375,205.0,,,,50.47014617919922,,0.0006274967745412141,0,,,1780368443.5121508,0.2077279930090299,0.0703125,,0,0.171875,1,0,22,,204.65314295700227,,204,0,,0.1513671875,,0.0703125,17213,0.09375,,,,190.13741540908813,0,,158.3359375,793,0,,,,0.0002749984560068697,68566.907571493,19954.553604125977,,,0,0,-0.1071428582072258,0,65.90348815917969,0.0,,0.0625,1,0,,,,,0,0.0234375,986,0.48627394437789917,-0.1071428582072258,0.00460052490234375,0
561.6810678402544,0.0008474962669424713,0,297,,1.0,0.061576852401141934,,0.4765625,,,,0,,,,3e-06,0.0005062157797510736,0.05026873748690237,,0,,0.1171875,,89.73385620117188,,-0.0008444247650913894,3.421875,,36,0.1171875,206.91732590399624,,54.31376225499844,,0.125,4096,,3.44424258011955e-05,,,,0.1171875,53.45572122700105,,0,0.0030900009733159095,0.044921875,0.25665698922239244,,0.5234375,-0.0008444247650913894,0.125,0.22265625,0.0002875021891668439,46,1503.2042321304368,0,55579.795837402344,0.001107498974306509,1244156.0,297,0,,76.61121037599514,0.0,0.0429654490489947,,0.00019147751254422474,0,,0.0546875,0.015625,,0,0.0004950015863869339,0,1055.14453125,38.22999447584152,22.329273207011283,0.5234375,205.0,,,,49.65789031982422,,0.0005674992280546576,0,,,1780368650.4742525,0.2052172549883835,0.171875,,0,0.2109375,1,0,11,,206.91732590399624,,194,0,,0.22265625,,0.171875,17274,0.0546875,,,,190.13741540908813,0,,159.8515625,746,0,,,,0.0003425011527724564,68776.255447991,20431.24008178711,,,0,0,-0.21875,0,63.143070220947266,0.0,,0.1171875,1,0,,,,,0,0.015625,978,1.6801323890686035,-0.21875,0.0035858154296875,0
522.0163904305082,0.0010600015230011195,0,298,,0.9921875,0.06463759195472947,,0.515625,,,,0,,,,3e-06,0.00079195753824024,0.051644912901262274,,0,,0.109375,,89.7654800415039,,-0.0008987852488644421,3.4765625,,43,0.1953125,209.33059676599805,,52.373209462995874,,0.125,4096,,1.580001338652437e-07,,,,0.1953125,57.88897649898718,,0,0.0031074960133992136,0.037109375,0.25846174685284495,,0.484375,-0.0008987852488644421,0.125,0.1904296875,0.00021999949240125716,38,1418.3378091254085,0,55264.32800292969,0.0012649979908019304,1187606.0,298,0,,76.76399203098845,0.0,0.048744260721979495,,0.00026884069529842236,0,,0.078125,0.0,,0,0.0005250039976090193,0,990.333984375,37.154439836740494,22.084061538000242,0.484375,205.0,,,,48.07048034667969,,0.0006449954526033252,0,,,1780368859.8220904,0.2184311880118912,0.1328125,,0,0.171875,1,0,10,,209.33059676599805,,255,0,,0.1904296875,,0.1328125,17340,0.078125,,,,190.13741540908813,0,,169.4375,813,0,,,,0.00040500526665709913,68982.946780434,20940.227508544922,,,0,0,-0.21875,0,65.19598388671875,0.0,,0.109375,1,0,,,,,0,0.0,986,2.2652945518493652,-0.21875,0.00408935546875,0
812.0251481814194,0.0011825031833723187,0,299,,1.0,0.06669606894729667,,0.5234375,,,,0,,,,3e-06,0.00011130291386507452,0.04995325482068766,,0,,0.1015625,,89.71079635620117,,-0.0002515566593501717,3.21875,,39,0.1875,206.66514554299647,,51.09128987201257,,0.125,4096,,1.4414019247510623e-05,,,,0.1875,54.82229898899095,,0,0.003255001502111554,0.03515625,0.25551175349391997,,0.4765625,-0.0002515566593501717,0.125,0.197265625,0.00020249717636033893,36,1422.3274042058772,0,56746.620178222656,0.0011275078577455133,1175782.0,299,0,,78.42003733899037,0.0,0.046626244481537356,,0.00033496989681225386,0,,0.1015625,0.03125,,0,0.0005475012585520744,0,998.810546875,36.900896579027176,22.116322961010155,0.4765625,205.0,,,,48.44761657714844,,0.0005799993232358247,0,,,1780369066.5134625,0.2130120590009028,0.1015625,,0,0.203125,1,0,12,,206.66514554299647,,244,0,,0.197265625,,0.1015625,17407,0.1015625,,,,190.13741540908813,0,,149.4140625,721,0,,,,0.0004225003067404032,69269.328617002,20824.228286743164,,,0,0,-0.1875,0,58.48250198364258,0.0,,0.1015625,1,0,,,,,0,0.03125,988,0.49326837062835693,-0.1875,0.004425048828125,0
534.7969493705023,0.001007498212857172,0,300,0.0,1.0,0.061310847480247954,0.7724609375,0.46875,0.1,0.0,0.0,0,0.0,0.21581196581196582,"{'size': 74755, '_type': 'table-file', 'ncols': 13, 'sha256': '9f9ea64e3ce6ba0b39b9c6f33567937abc1737a6b8c72e113940a510189e5baa', 'log_mode': 'IMMUTABLE', 'artifact_path': 'wandb-client-artifact://6dfvydffw8bzuzpeoxwqesc40aop3fo1zwdjexex8w1f7jv3rejofmksy6j79nf8vy8q75lduwmrpf4eurppjgkzu15o1x8phnb5f6fdsnopjahb3n88tzxd2x2s3nrr/val/generations.table.json', '_latest_artifact_path': 'wandb-client-artifact://zrtqxphno7xqmm0cjyx2hwiit5ge2cwm1f1jusfl2157tcdfjvtkpnvxh819y37gwajfwvgkp94dwrv7w07qljtz7dyj5trp5igdbv6jrpicuyig13zkiq9n05xs2fvj:latest/val/generations.table.json', 'nrows': 6, 'path': 'media/table/val/generations_299_9f9ea64e3ce6ba0b39b9.table.json'}",3e-06,0.0003928319911210565,0.04773573901858659,76.46366464499442,0,0.0,0.109375,0.2239089184060721,89.70833206176758,0.0,-0.0006311737233772874,3.171875,0.0,40,0.1640625,296.68834099899686,0.0,52.51012442800857,30.0,0.125,4096,0.0,-6.001310709002894e-05,0.0,10.30909525800962,0.2275390625,0.1640625,57.74355863199162,1054.0,0,0.00315499710268341,0.0439453125,0.23157172836363316,0.0,0.53125,-0.0006311737233772874,0.125,0.1943359375,0.0002374981704633683,45,1062.9141979025937,0,55526.21078491211,0.0008899987733457237,1261417.0,300,0,0.0,77.33854529599193,0.0,0.045776740468847034,0.2275390625,0.00034276407495781314,0,0.0,0.0625,0.0234375,0.21916299559471367,0,0.0005374968168325722,0,1074.2353515625,37.93637081980705,22.119303715997376,0.53125,205.0,0.0,0.0,0.0,49.961585998535156,0.0,0.0006774971552658826,0,1024.0,0.0,1780369363.2470257,0.20147110499965493,0.109375,0.0,0,0.1640625,1,0,4,0.0,296.68834099899686,0.0,210,0,0.10714285714285714,0.1943359375,0.0,0.109375,17467,0.0625,0.0,0.7760910815939279,0.0,190.13741540908813,0,0.0,157.6171875,907,0,0.0,0.0,0.0,0.0003975001163780689,69481.927706067,21239.362716674805,0.0,0.0,0,0,-0.0714285746216774,0,65.63236999511719,0.0,0.1,0.109375,1,0,0.0,0.9,0.0,0.0,0,0.0234375,979,0.41570913791656494,-0.0714285746216774,0.0026397705078125,0
509.9333475554886,0.001137254002969712,0,301,,1.0,0.06468194539064952,,0.4609375,,,,0,,,,3e-06,-0.0005110610181873199,0.05417275073981555,,0,,0.09375,,89.7776107788086,,2.3840833819122054e-05,3.265625,,45,0.1484375,202.2255035720009,,54.60716202799813,,0.125,4096,,2.1070323953154002e-05,,,,0.1484375,48.620120496008894,,0,0.0033397482184227556,0.03515625,0.2706267696339637,,0.5390625,2.3840833819122054e-05,0.125,0.1708984375,0.000302501575788483,36,1458.01961074124,0,55294.681549072266,0.0011374977475497872,1179395.0,301,0,,76.28556298400508,0.0,0.04122462830180634,,0.00019545343684512773,0,,0.1171875,0.0234375,,0,0.00046749846660532057,0,984.3935546875,36.41039505600929,22.516611069993814,0.5390625,205.0,,,,50.40188980102539,,0.0006424961611628532,0,,,1780369565.4942393,0.1939828890026547,0.078125,,0,0.21875,1,0,114,,202.2255035720009,,219,0,,0.1708984375,,0.078125,17526,0.1171875,,,,190.13741540908813,0,,167.359375,805,0,,,,0.0003950008249375969,69689.077648645,20444.259643554688,,,0,0,-0.0714285746216774,0,60.69086456298828,0.0,,0.09375,1,0,,,,,0,0.0234375,988,0.40676453709602356,-0.0714285746216774,0.00315093994140625,0
523.3154607740289,0.001207503373734653,0,302,,1.0,0.06042708379236786,,0.4609375,,,,0,,,,3e-06,0.0011226898750464898,0.046897186362036256,,0,,0.140625,,89.82373046875,,-0.0006486708880402148,3.359375,,48,0.1484375,207.1301826070121,,52.36971283299499,,0.1116071417927742,4096,,-6.721525765840397e-05,,,,0.1484375,54.79928520700196,,0,0.002967251930385828,0.0439453125,0.27928201598115265,,0.5390625,-0.0006486708880402148,0.1116071417927742,0.1865234375,0.00026500129024498165,45,1543.4496121048521,0,56523.658752441406,0.001115000486606732,1278780.0,302,0,,77.27294621200417,0.0,0.04285278562927318,,0.0002938795164482144,0,,0.0546875,0.03125,,0,0.0005600049917120486,0,1090.51953125,37.95091062784195,22.476658487008535,0.5390625,205.0,,,,50.519996643066406,,0.0007024973456282169,0,,,1780369772.6442506,0.2094683030009037,0.0859375,,0,0.1640625,1,0,3,,207.1301826070121,,240,0,,0.1865234375,,0.0859375,17585,0.0546875,,,,190.13741540908813,0,,158.2890625,807,0,,,,0.0003850036591757089,69891.389788626,20187.734603881836,,,0,0,-0.125,0,66.62705993652344,0.0,,0.140625,1,0,,,,,0,0.03125,979,0.41799724102020264,-0.125,0.0041046142578125,0
538.1429032386222,0.0010549993021413684,0,303,,1.0,0.06041547893862216,,0.4375,,,,0,,,,3e-06,0.00021561225366895114,0.04853919124005633,,0,,0.0859375,,89.72211456298828,,-0.0008823846001178026,3.0546875,,36,0.1875,202.2996263189998,,52.963392904013745,,0.1160714253783226,4096,,4.41670275321826e-05,,,,0.1875,51.20339559399872,,0,0.0035899975046049803,0.03515625,0.24938423302955925,,0.5625,-0.0008823846001178026,0.1160714253783226,0.1650390625,0.0002950073394458741,36,1550.4168529971348,0,55968.66989135742,0.0013874960131943226,1254595.0,303,0,,75.79695779900067,0.0,0.04081268903032351,,0.0002134876667696517,0,,0.046875,0.015625,,0,0.0005174988473299891,0,1065.5732421875,35.67647188901901,22.096043656987604,0.5625,205.0,,,,50.487369537353516,,0.0005324982339516282,0,,,1780369974.95647,0.2374082149908645,0.1015625,,0,0.1953125,1,0,2,,202.2996263189998,,228,0,,0.1650390625,,0.1015625,17641,0.046875,,,,190.13741540908813,0,,159.6171875,813,0,,,,0.0003450040821917355,70089.524107875,19254.21142578125,,,0,0,-0.07232142984867096,0,67.60574340820312,0.0,,0.0859375,1,0,,,,,0,0.015625,988,0.5569750070571899,-0.07232142984867096,0.00283050537109375,0
554.6483039142913,0.001024996890919283,0,304,,1.0,0.06234669540259996,,0.4921875,,,,0,,,,3e-06,0.0010051031640614383,0.05008822796293935,,0,,0.1171875,,89.74418640136719,,-0.0007343065226450562,3.3046875,,33,0.1328125,198.11609851899266,,52.675234848997206,,0.125,4096,,9.443908311368432e-05,,,,0.1328125,47.80020059600065,,0,0.0042099964048247784,0.037109375,0.29129424365237355,,0.5078125,-0.0007343065226450562,0.125,0.193359375,0.00027500209398567677,38,1527.2269758077932,0,55086.98272705078,0.0012349992175586522,1210273.0,304,0,,75.45652208499087,2.770881337710307e-06,0.03949538707052099,,0.00027952972777711693,0,,0.1171875,0.0234375,,0,0.0005549954948946834,0,1027.0009765625,36.240652203559875,21.977251228003297,0.5078125,205.0,,,,49.20419692993164,,0.0006350092007778585,0,,,1780370173.0908053,0.20476151700131595,0.1015625,,0,0.171875,1,0,33,,198.11609851899266,,217,0,,0.193359375,,0.1015625,17704,0.1171875,,,,190.13741540908813,0,,154.90625,1024,0,,,,0.0003425011527724564,70342.119405803,19778.350830078125,,,0,0,-0.0714285746216774,0,60.67726135253906,0.0078125,,0.1171875,1,0,,,,,0,0.0234375,986,0.4421021640300751,-0.0714285746216774,0.0039520263671875,0
544.5631703369145,0.001097505446523428,0,305,,0.9921875,0.06659709190155991,,0.5,,,,0,,,,3e-06,0.0005794702246930683,0.05120521689425275,,0,,0.1328125,,89.78477096557617,,-0.0006122105405665934,3.21875,,42,0.1328125,252.55156496100244,,50.11941027001012,,0.125,4096,,2.5856191790296634e-05,,,,0.1328125,104.48848277499201,,0,0.0034224940463900566,0.033203125,0.2672314876690507,,0.5,-0.0006122105405665934,0.125,0.2109375,0.00023000029614195228,34,1125.436502616364,0,55292.022705078125,0.0012900018191430718,1136923.0,305,0,,75.71576551599719,0.0,0.09190462570903395,,0.00015066739433677867,0,,0.0859375,0.0234375,,0,0.0006500013114418834,0,955.8544921875,34.77150201797485,22.02593286598858,0.5,205.0,,,,47.838401794433594,,0.0005849979061167687,0,,,1780370425.6859941,0.1995639939996181,0.125,,0,0.1953125,1,0,4,,252.55156496100244,,216,0,,0.2109375,,0.125,17768,0.0859375,,,,190.13741540908813,0,,154.421875,994,0,,,,0.00025500048650428653,70544.419455512,19844.133377075195,,,0,0,-0.1339285671710968,0,63.16944122314453,0.0,,0.1328125,1,0,,,,,0,0.0234375,990,0.4691334366798401,-0.1339285671710968,0.00388336181640625,0
599.5577324392798,0.0009575014701113105,0,306,,1.0,0.0598052516154149,,0.390625,,,,0,,,,3e-06,0.0002499101610737853,0.0481740312144029,,0,,0.078125,,89.57168960571289,,-0.00023198926646728069,3.453125,,34,0.1640625,202.276991050996,,54.4300554299989,,0.1205357164144516,4096,,-4.263369113211013e-05,,,,0.1640625,47.66018969200377,,0,0.0035750017559621483,0.041015625,0.22519449703395367,,0.609375,-0.00023198926646728069,0.1205357164144516,0.1171875,0.0001874977897386998,42,1606.1033353916914,0,55824.77951049805,0.0011500014807097614,1299511.0,306,0,,77.71758233199944,0.0,0.03667548000132648,,8.858249566401355e-05,0,,0.1015625,0.015625,,0,0.0004850007826462388,0,1103.3818359375,36.90711408853531,22.240337720999378,0.609375,205.0,,,,50.81059646606445,,0.0006574991857632995,0,,,1780370627.9860973,0.22642996699141804,0.03125,,0,0.1953125,1,0,12,,202.276991050996,,238,0,,0.1171875,,0.03125,17818,0.1015625,,,,190.13741540908813,0,,165.671875,752,0,,,,0.0003450004442129284,70909.459582039,21256.105422973633,,,0,0,-0.0625,0,67.04147338867188,0.0,,0.078125,1,0,,,,,0,0.015625,982,0.4358687996864319,-0.0625,0.00298309326171875,0
611.1943950018031,0.0010800031304825097,0,307,,0.9921875,0.06415791579001116,,0.484375,,,,0,,,,3e-06,0.0018676728104765066,0.050590799692520276,,0,,0.109375,,89.76881408691406,,-0.0010778160067275167,3.65625,,39,0.1015625,365.01975723399664,,52.35535619499569,,0.125,4096,,-5.523845055677157e-05,,,,0.1015625,214.78888541000197,,0,0.003067249053856358,0.0263671875,0.2586667542345822,,0.515625,-0.0010778160067275167,0.125,0.203125,0.0002900014806073159,27,808.6733502777855,0,54748.313903808594,0.001327494828728959,1180727.0,307,0,,75.75298343699251,0.0,0.18191240262143743,,0.00021282688840074115,0,,0.1171875,0.0078125,,0,0.0005625006451737136,0,1010.6240234375,35.20748019218445,21.87703528800921,0.515625,205.0,,,,49.02203369140625,,0.0005900037649553269,0,,,1780370993.0259366,0.24304902600124478,0.1484375,,0,0.1484375,1,0,3,,365.01975723399664,,244,0,,0.203125,,0.1484375,17880,0.1171875,,,,190.13741540908813,0,,142.4296875,668,0,,,,0.00036499841371551156,71117.322393904,20358.001708984375,,,0,0,-0.1116071417927742,0,55.88725280761719,0.0,,0.109375,1,0,,,,,0,0.0078125,997,0.46694085001945496,-0.1116071417927742,0.00391387939453125,0
537.0815141868661,0.001112497557187453,0,308,,1.0,0.06468413858688037,,0.453125,,,,0,,,,3e-06,0.0005618096347461687,0.05267782935315855,,0,,0.0859375,,89.92510223388672,,-0.00055855413665995,3.53125,,37,0.125,207.82975474400155,,54.63438929099357,,0.125,4096,,1.821214522124137e-05,,,,0.125,53.79796893800085,,0,0.003617504262365401,0.0458984375,0.28350151842460036,,0.546875,-0.00055855413665995,0.125,0.1845703125,0.00023500251700170338,47,1429.2347136043243,0,55754.45556640625,0.0010849980753846467,1188150.0,308,0,,76.85445926200191,0.0,0.04527876862180773,,0.0001964281586879224,0,,0.1015625,0.0078125,,0,0.0005699985194951296,0,1012.833984375,34.974437206983566,22.34269220600254,0.546875,205.0,,,,48.87250518798828,,0.0007175040082074702,0,,,1780371200.8890414,0.19831693200103473,0.1328125,,0,0.140625,1,0,14,,207.82975474400155,,234,0,,0.1845703125,,0.1328125,17938,0.1015625,,,,190.13741540908813,0,,147.46875,745,0,,,,0.0003500026650726795,71325.372898675,20527.65655517578,,,0,0,-0.11428571492433548,0,59.05112075805664,0.0,,0.0859375,1,0,,,,,0,0.0078125,977,0.41963890194892883,-0.11428571492433548,0.0032196044921875,0
522.2605377057334,0.0010325020411983132,0,309,,1.0,0.0627153230940623,,0.4765625,,,,0,,,,3e-06,0.0007729677417955827,0.04971104704180779,,0,,0.125,,89.9890365600586,,-0.0004077104094903916,3.3359375,,50,0.140625,208.0374205170083,,53.59372837100818,,0.125,4096,,-2.074731348500336e-05,,,,0.140625,55.30075875399052,,0,0.0030925002647563815,0.0380859375,0.2819664659909904,,0.5234375,-0.0004077104094903916,0.125,0.1865234375,0.0002425003913231194,39,1473.9571815395132,0,55300.5485534668,0.0011275005817878991,1226553.0,309,0,,76.9236676869914,0.0,0.04508631812403583,,0.0003595731450332096,0,,0.1015625,0.0234375,,0,0.00045750130084343255,0,1052.8369140625,36.29408776760101,22.01748932999908,0.5234375,205.0,,,,49.43203353881836,,0.0004949979484081268,0,,,1780371408.939587,0.1999118879903108,0.0859375,,0,0.203125,1,0,49,,208.0374205170083,,221,0,,0.1865234375,,0.0859375,17999,0.1015625,,,,190.13741540908813,0,,144.96875,747,0,,,,0.0003525055944919586,71549.603461008,21064.27574157715,,,0,0,-0.0892857164144516,0,63.45246887207031,0.0,,0.125,1,0,,,,,0,0.0234375,985,0.509575605392456,-0.0892857164144516,0.0032196044921875,0
580.6899612907728,0.0011299998732283711,0,310,,1.0,0.06263846557654976,,0.4453125,,,,0,,,,3e-06,-6.98820294928737e-05,0.04907425845861943,,0,,0.078125,,89.99043655395508,,-0.0005461048567667603,3.75,,44,0.140625,224.21890643099323,,52.80115394300083,,0.125,4096,,-3.5451367033090264e-05,,9.233342943000025,,0.140625,61.86879622499691,,0,0.0036800011002924293,0.0419921875,0.28294100775383413,,0.5546875,-0.0005461048567667603,0.125,0.1494140625,0.00041000021155923605,43,1385.3604272019732,0,55929.9430847168,0.0011649972293525934,1242496.0,310,0,,77.82804292500077,0.0,0.04979396008115673,,0.0002321715151083481,0,,0.140625,0.015625,,0,0.0006350019248202443,0,1050.7265625,36.145471036434174,22.279453811002895,0.5546875,205.0,,,,49.728904724121094,,0.0006324989954009652,0,,,1780371633.1701207,0.20597721901140176,0.0703125,,0,0.125,1,0,95,,224.21890643099323,,232,0,,0.1494140625,,0.0703125,18056,0.140625,,,,190.13741540908813,0,,162.6484375,813,0,,,,0.0003800014383159578,71774.784079137,21280.973434448242,,,0,0,-0.15625,0,65.07279968261719,0.0,,0.078125,1,0,,,,,0,0.015625,981,0.5200340747833252,-0.15625,0.00336456298828125,0
542.7045364995138,0.0010775038390420377,0,311,,1.0,0.06397623488425931,,0.375,,,,0,,,,3e-06,-0.00014553882283507846,0.052664073617828315,,0,,0.046875,,89.9035873413086,,-6.607705290662125e-05,3.53125,,49,0.1484375,225.15646139599266,,54.91904392199649,,0.125,4096,,-7.370286050445429e-05,,,,0.1484375,70.86563638799998,,0,0.002842501999111846,0.0400390625,0.28758851112797856,,0.625,-6.607705290662125e-05,0.125,0.1484375,0.00018750142771750689,41,1328.7049287643697,0,54991.172790527344,0.0011550037015695125,1196666.0,311,0,,76.55818509400706,0.0,0.059219227744416555,,0.00018622679044710821,0,,0.0546875,0.015625,,0,0.0005149995558895171,0,1018.376953125,37.66244277358055,22.607313397005782,0.625,205.0,,,,51.49931335449219,,0.0005600013537332416,0,,,1780371858.3507607,0.20414235100906808,0.109375,,0,0.1953125,1,0,2,,225.15646139599266,,231,0,,0.1484375,,0.109375,18104,0.0546875,,,,190.13741540908813,0,,150.2421875,678,0,,,,0.0003850000211969018,71989.568572826,20986.351013183594,,,0,0,-0.1116071417927742,0,59.424617767333984,0.0,,0.046875,1,0,,,,,0,0.015625,983,0.5699623823165894,-0.1116071417927742,0.00304412841796875,0
518.2124703314912,0.0009847499313764274,0,312,,1.0,0.06262955147320631,,0.4765625,,,,0,,,,3e-06,0.0003089136444032192,0.04939943231528343,,0,,0.09375,,89.92958450317383,,-0.00023066664289217442,3.1875,,47,0.1796875,214.76650940600666,,52.52300782001112,,0.125,4096,,-5.096156466777302e-05,,,,0.1796875,61.82061179599259,,0,0.003474997356534004,0.044921875,0.258793996181339,,0.5234375,-0.00023066664289217442,0.125,0.1640625,0.00022499807528220117,46,1448.1482744222571,0,56089.61486816406,0.0012025011528749019,1244055.0,312,0,,77.91460665799968,0.0,0.04969282852927932,,0.0003069173289986793,0,,0.109375,0.015625,,0,0.0005225010681897402,0,1038.3115234375,35.97097098827362,22.302343460993143,0.5234375,205.0,,,,49.832786560058594,,0.0006299960659816861,0,,,1780372073.1352603,0.20395298500079662,0.078125,,0,0.203125,1,0,3,,214.76650940600666,,250,0,,0.1640625,,0.078125,18165,0.109375,,,,190.13741540908813,0,,176.5859375,1024,0,,,,0.00037000063457526267,72191.849581433,21270.54214477539,,,0,0,-0.15625,0,63.220619201660156,0.0078125,,0.09375,1,0,,,,,0,0.015625,978,0.41226518154144287,-0.15625,0.00342559814453125,0
538.947589808231,0.0010374969861004502,0,313,,1.0,0.06333324006649915,,0.4609375,,,,0,,,,3e-06,-0.0012295035958231892,0.049474310762142565,,0,,0.140625,,90.01151275634766,,-0.00025447754887863994,3.328125,,41,0.1328125,202.2268141329987,,52.396461452997755,,0.125,4096,,-3.0907884251973883e-06,,,,0.1328125,51.13464927999303,,0,0.0036050005292054266,0.041015625,0.2747714752331376,,0.5390625,-0.00025447754887863994,0.125,0.1796875,0.00017250204109586775,42,1490.1782500603913,0,55264.530181884766,0.0013374992704484612,1205416.0,313,0,,76.34290090799914,0.0,0.042420748753951354,,0.00017757746900315396,0,,0.078125,0.0234375,,0,0.0005375040927901864,0,1034.2421875,37.21984475851059,22.147279797005467,0.5390625,205.0,,,,50.04255294799805,,0.0006899972504470497,0,,,1780372275.4162104,0.20279656001366675,0.0859375,,0,0.2109375,1,0,3,,202.2268141329987,,204,0,,0.1796875,,0.0859375,18224,0.078125,,,,190.13741540908813,0,,142.921875,816,0,,,,0.0004399989848025143,72404.634261509,20501.920700073242,,,0,0,-0.07500000298023224,0,61.10874938964844,0.0,,0.140625,1,0,,,,,0,0.0234375,982,0.6275930404663086,-0.07500000298023224,0.0029144287109375,0
540.8345703363011,0.0009150026016868651,0,314,,1.0,0.06136526476101967,,0.5078125,,,,0,,,,3e-06,0.0005760936328442767,0.04891113826985889,,0,,0.109375,,90.00272369384766,,-0.0011545082088559866,3.3046875,,37,0.171875,212.7697738739953,,53.1425875749992,,0.125,4096,,-1.4803537254692856e-05,,,,0.171875,59.31775444300729,,0,0.003734498022822663,0.0478515625,0.27333450270816684,,0.4921875,-0.0011545082088559866,0.125,0.2001953125,0.0003450004442129284,49,1488.5020754289953,0,56402.87780761719,0.00111250119516626,1266833.0,314,0,,77.73954245299683,0.0,0.04682365745367171,,0.00035783719840765116,0,,0.078125,0.0390625,,0,0.00044999978854320943,0,1061.0478515625,37.370555102825165,22.362773278990062,0.4921875,205.0,,,,50.265045166015625,,0.0005374968168325722,0,,,1780372488.2008743,0.20458418599446304,0.109375,,0,0.1484375,1,0,17,,212.7697738739953,,252,0,,0.2001953125,,0.109375,18289,0.078125,,,,190.13741540908813,0,,176.09375,721,0,,,,0.0003800014383159578,72613.230965411,20758.1787109375,,,0,0,-0.1875,0,74.05152893066406,0.0,,0.109375,1,0,,,,,0,0.0390625,975,0.41876280307769775,-0.1875,0.003814697265625,0
531.0743761801859,0.0009425020834896713,0,315,,1.0,0.06402330298614946,,0.484375,,,,0,,,,3e-06,9.926709026331082e-06,0.05043706151245534,,0,,0.1171875,,89.96833038330078,,-0.0009448637720197439,3.2578125,,45,0.1875,208.57357954500185,,52.5988948430022,,0.125,4096,,-7.4364426723150245e-06,,,,0.1875,55.74506219300383,,0,0.003472254320513457,0.037109375,0.27833375497721136,,0.515625,-0.0009448637720197439,0.125,0.1748046875,0.000290005118586123,38,1456.0113541824544,0,55958.90426635742,0.0012272503226995468,1214742.0,315,0,,77.77179511600116,0.0,0.04589045426354224,,0.0002823430440912489,0,,0.0859375,0.03125,,0,0.0005874971975572407,0,1018.419921875,37.56161406636238,22.256620814994676,0.515625,205.0,,,,49.80644607543945,,0.0006475056579802185,0,,,1780372696.7975335,0.19891627499600872,0.0625,,0,0.2109375,1,0,3,,208.57357954500185,,237,0,,0.1748046875,,0.0625,18351,0.0859375,,,,190.13741540908813,0,,167.8515625,1017,0,,,,0.000395004462916404,72830.940271954,21243.968963623047,,,0,0,-0.1428571492433548,0,64.43093872070312,0.0,,0.1171875,1,0,,,,,0,0.03125,986,0.64591383934021,-0.1428571492433548,0.003692626953125,0
567.351531539316,0.0010625008144415915,0,316,,1.0,0.06447030482329462,,0.484375,,,,0,,,,3e-06,0.0002673692324606236,0.05303852520753476,,0,,0.1328125,,89.98713302612305,,-0.0006519327289424837,3.328125,,35,0.1328125,217.67881888800184,,55.05101900800946,,0.11249999701976776,4096,,9.41876560318633e-05,,,,0.1328125,63.159200933005195,,0,0.0027649984986055642,0.04296875,0.23716449504718184,,0.515625,-0.0006519327289424837,0.11249999701976776,0.2119140625,0.00018000355339609087,44,1377.0471630233658,0,55006.195068359375,0.0010825024219229817,1199016.0,316,0,,77.30092700800742,0.0,0.05267586165072459,,0.00028799054143746616,0,,0.0703125,0.015625,,0,0.0006749978638254106,0,1013.6171875,37.176068872213364,21.956138554000063,0.515625,205.0,,,,50.29689407348633,,0.0006300033419393003,0,,,1780372914.5068448,0.20948523200058844,0.1328125,,0,0.1796875,1,0,105,,217.67881888800184,,245,0,,0.2119140625,,0.1328125,18413,0.0703125,,,,190.13741540908813,0,,157.296875,709,0,,,,0.0002999986463692039,73030.895020527,21689.960479736328,,,0,0,-0.1339285671710968,0,76.74092102050781,0.0,,0.1328125,1,0,,,,,0,0.015625,980,0.4499141573905945,-0.1339285671710968,0.00600433349609375,0
778.9915117937198,0.0010324984032195061,0,317,,1.0,0.06083752309749211,,0.4296875,,,,0,,,,3e-06,0.00034994358429685235,0.04949504494525997,,0,,0.09375,,90.02207565307617,,-0.000536563282366842,3.2578125,,39,0.1328125,199.93158279500494,,53.74439253399032,,0.11249999701976776,4096,,1.393238433422539e-05,,,,0.1328125,47.487425815997995,,0,0.0037124991649761796,0.0419921875,0.29018649365752935,,0.5703125,-0.000536563282366842,0.11249999701976776,0.1669921875,0.00021000232663936913,43,1568.564083852364,0,55383.64791870117,0.0011624942999333143,1254422.0,317,0,,76.31592739900225,0.0,0.037856021192228764,,0.00021010346836192184,0,,0.09375,0.0234375,,0,0.00045750130084343255,0,1060.404296875,37.30376064777374,22.156945001988788,0.5703125,205.0,,,,51.30340576171875,,0.0006172485882416368,0,,,1780373114.461682,0.22444070300844032,0.0859375,,0,0.1796875,1,0,7,,199.93158279500494,,267,0,,0.1669921875,,0.0859375,18468,0.09375,,,,190.13741540908813,0,,164.6171875,763,0,,,,0.00041249586502090096,73229.806760996,20115.686416625977,,,0,0,-0.15625,0,67.32200622558594,0.0,,0.09375,1,0,,,,,0,0.0234375,981,0.49920833110809326,-0.15625,0.00359344482421875,0
541.7081625746505,0.0011849988368339837,0,318,,1.0,0.062133973268916266,,0.4140625,,,,0,,,,3e-06,0.002112567162839696,0.0503337939759747,,0,,0.1015625,,90.0200309753418,,-0.0009461689624004066,3.8984375,,43,0.0703125,198.895233807998,,54.05512236600043,,0.125,4096,,3.755666736271479e-05,,,,0.0703125,45.43635480800003,,0,0.0031974996090866625,0.037109375,0.2683392376638949,,0.5859375,-0.0009461689624004066,0.125,0.1845703125,0.00027249916456639767,38,1559.1487239928517,0,55339.67971801758,0.0011997508408967406,1240429.0,318,0,,77.07278232798853,0.0,0.036629548977007174,,0.00012685846149906865,0,,0.09375,0.0078125,,0,0.00044499756768345833,0,1048.7626953125,37.69541159272194,22.10659386299085,0.5859375,205.0,,,,51.17636489868164,,0.0006274967745412141,0,,,1780373313.373358,0.2220747129904339,0.140625,,0,0.1328125,1,0,30,,198.895233807998,,212,0,,0.1845703125,,0.140625,18521,0.09375,,,,190.13741540908813,0,,162.59375,1024,0,,,,0.00045999695430509746,73450.142006856,21153.423309326172,,,0,0,-0.1428571492433548,0,59.83367156982422,0.0078125,,0.1015625,1,0,,,,,0,0.0078125,986,0.5224394798278809,-0.1428571492433548,0.00374603271484375,0
532.0951971771137,0.0009350042091682553,0,319,,1.0,0.06084829618822784,,0.46875,,,,0,,,,3e-06,0.0005044064637331758,0.05149787380131169,,0,,0.1171875,,90.01712036132812,,-0.00046244545956142247,3.875,,41,0.1640625,220.31959276700218,,57.944686631002696,,0.125,4096,,-1.3294948337128076e-05,,,,0.1640625,60.843294053003774,,0,0.0032174975785892457,0.052734375,0.28535898309201,,0.53125,-0.00046244545956142247,0.125,0.1728515625,0.0002475026121828705,54,1469.6219066745402,0,56767.79556274414,0.0012024975148960948,1295146.0,319,0,,78.80742741499853,0.0,0.04697794229608382,,0.00020816561482206453,0,,0.078125,0.015625,,0,0.0004825014912057668,0,1098.814453125,35.909503698349,22.506937055004528,0.53125,205.0,,,,51.854557037353516,,0.000807500327937305,0,,,1780373533.708592,0.21504721100791357,0.09375,,0,0.15625,1,0,3,,220.31959276700218,,212,0,,0.1728515625,,0.09375,18581,0.078125,,,,190.13741540908813,0,,165.9765625,766,0,,,,0.00044249463826417923,73663.887569267,21471.33445739746,,,0,0,-0.07232142984867096,0,63.17354965209961,0.0,,0.1171875,1,0,,,,,0,0.015625,970,0.4500570297241211,-0.07232142984867096,0.00408935546875,0
517.2359337375383,0.0009797513484954834,0,320,,1.0,0.061232281596195884,,0.5390625,,,,0,,,,3e-06,0.0005233071788097732,0.04943669950866551,,0,,0.1171875,,89.98189544677734,,-0.0010132075985893607,3.3984375,,40,0.1640625,213.73154122800042,,54.11311466198822,,0.125,4096,,3.871655023601761e-05,,8.243676402998972,,0.1640625,52.38600956999289,,0,0.0030100018193479627,0.044921875,0.23620473803021014,,0.4609375,-0.0010132075985893607,0.125,0.203125,0.00018250284483656287,46,1466.1593614099056,0,55230.78155517578,0.0010824951459653676,1253458.0,320,0,,76.7520932250045,0.0,0.04179319097248802,,0.00023652766321902163,0,,0.1328125,0.03125,,0,0.0005274996510706842,0,1068.939453125,37.14645281434059,22.01724711099814,0.4609375,205.0,,,,50.478843688964844,,0.0006800037226639688,0,,,1780373747.4543183,0.21733896200021263,0.09375,,0,0.1796875,1,0,2,,213.73154122800042,,220,0,,0.203125,,0.09375,18650,0.1328125,,,,190.13741540908813,0,,155.140625,788,0,,,,0.00036750498111359775,73871.915813508,20966.686248779297,,,0,0,-0.07410714030265808,0,60.444580078125,0.0,,0.1171875,1,0,,,,,0,0.03125,978,0.4624047875404358,-0.07410714030265808,0.0036163330078125,0
574.8278233950259,0.0009975010470952839,0,321,,1.0,0.06603099355768599,,0.5078125,,,,0,,,,3e-06,0.0003499951781122945,0.05233806927406848,,0,,0.140625,,90.03305435180664,,-0.0008141288417391479,3.5625,,51,0.203125,207.9807290690078,,52.7822624679975,,0.125,4096,,3.891899132213439e-05,,,,0.203125,55.82765329199901,,0,0.003562498022802174,0.0322265625,0.2754940069280565,,0.4921875,-0.0008141288417391479,0.125,0.173828125,0.00030749288271181285,33,1402.9268543586415,0,55308.97521972656,0.001119999069487676,1167127.0,321,0,,77.06655541800137,0.0,0.047833400557093626,,0.00027000170371138665,0,,0.0625,0.0078125,,0,0.0005150031938683242,0,984.8505859375,38.33860158920288,22.092541202990105,0.4921875,205.0,,,,49.58384323120117,,0.0006300033419393003,0,,,1780373955.4823287,0.20963332400424406,0.09375,,0,0.15625,1,0,2,,207.9807290690078,,204,0,,0.173828125,,0.09375,18715,0.0625,,,,190.13741540908813,0,,154.921875,1024,0,,,,0.0004399989848025143,74071.280724175,21144.13070678711,,,0,0,-0.125,0,62.66367721557617,0.0078125,,0.140625,1,0,,,,,0,0.0078125,991,0.5192765593528748,-0.125,0.003692626953125,0
535.6761567345529,0.0010700023267418146,0,322,,1.0,0.0637283485830745,,0.546875,,,,0,,,,3e-06,-0.0005664612344844501,0.05037782821455513,,0,,0.1796875,,90.0298957824707,,-0.00029780782642774284,3.2265625,,47,0.1328125,199.35165490300278,,52.61410000899923,,0.125,4096,,1.97979425600181e-05,,,,0.1328125,47.899736189996474,,0,0.003464752808213234,0.033203125,0.27096649864688516,,0.453125,-0.00029780782642774284,0.125,0.2158203125,0.00021999949240125716,34,1506.1098948292577,0,55489.11666870117,0.0012524942576419562,1200982.0,322,0,,76.53659953799797,0.0,0.03988380857497987,,0.0003063893232138071,0,,0.125,0.0234375,,0,0.0006625014066230506,0,1019.912109375,37.17614337801933,22.100745299991104,0.453125,205.0,,,,49.685150146484375,,0.0006849986675661057,0,,,1780374154.8474407,0.19836541201220825,0.0859375,,0,0.1640625,1,0,11,,199.35165490300278,,223,0,,0.2158203125,,0.0859375,18785,0.125,,,,190.13741540908813,0,,152.921875,1024,0,,,,0.00036500205169431865,74274.935733612,20474.35188293457,,,0,0,-0.10892856866121292,0,63.563438415527344,0.0078125,,0.1796875,1,0,,,,,0,0.0234375,990,0.40786856412887573,-0.10892856866121292,0.00347900390625,0
542.0122937393899,0.000912499672267586,0,323,,0.9921875,0.06238572225060856,,0.4296875,,,,0,,,,3e-06,0.0007556697382824495,0.048960544199977495,,0,,0.109375,,89.9995231628418,,-0.0005395908956415951,3.328125,,43,0.1328125,203.6241882940085,,52.75611246799235,,0.125,4096,,4.048515607735226e-05,,,,0.1328125,50.6110656689998,,0,0.003037497663171962,0.0478515625,0.281879270914942,,0.5703125,-0.0005395908956415951,0.125,0.1630859375,0.00021999949240125716,49,1530.509477341745,0,55980.18264770508,0.0010874973668251187,1246595.0,323,0,,77.76972942899738,0.0,0.04059944542453628,,0.00025710725185490446,0,,0.078125,0.0078125,,0,0.0005150068318471313,0,1052.2685546875,36.01841628551483,22.279119131999323,0.5703125,205.0,,,,49.70235824584961,,0.0006525042408611625,0,,,1780374358.5023687,0.20582155699958093,0.1015625,,0,0.15625,1,0,126,,203.6241882940085,,253,0,,0.1630859375,,0.1015625,18840,0.078125,,,,190.13741540908813,0,,165.109375,757,0,,,,0.00034999902709387243,74486.805051576,21211.227416992188,,,0,0,-0.05892857164144516,0,65.60404968261719,0.0,,0.109375,1,0,,,,,0,0.0078125,975,0.43256819248199463,-0.05892857164144516,0.0032501220703125,0
525.1579740761372,0.003965000360039994,0,324,,1.0,0.06164063933864987,,0.4765625,,,,0,,,,3e-06,0.0005053151216998231,0.049702856805650446,,0,,0.1484375,,90.0330581665039,,-0.00041963133844546974,2.859375,,40,0.125,211.83679861100973,,54.09425331300008,,0.1160714253783226,4096,,-1.4834362389137823e-05,,,,0.125,57.88429757399717,,0,0.003722503606695682,0.041015625,0.26679449365474284,,0.5234375,-0.00041963133844546974,0.1160714253783226,0.1904296875,0.0002575034159235656,42,1480.3011188618968,0,56059.56268310547,0.001014999725157395,1254329.0,324,0,,77.31764150100935,0.0,0.04614761962291964,,0.00016580571832491842,0,,0.09375,0.0234375,,0,0.0005300025804899633,0,1062.8447265625,37.32343018054962,22.3330141230108,0.5234375,205.0,,,,50.333229064941406,,0.0007022499630693346,0,,,1780374570.3716505,0.20531379799649585,0.0859375,,0,0.2109375,1,0,14,,211.83679861100973,,227,0,,0.1904296875,,0.0859375,18901,0.09375,,,,190.13741540908813,0,,162.0859375,767,0,,,,0.0002974993549287319,74698.721615201,20695.32012939453,,,0,0,-0.09017857164144516,0,61.41889190673828,0.0,,0.1484375,1,0,,,,,0,0.0234375,982,0.5120760202407837,-0.09017857164144516,0.00296783447265625,0
531.9993675948353,0.0009350042091682553,0,325,,1.0,0.062008173281448684,,0.4453125,,,,0,,,,3e-06,-6.1012735386611894e-05,0.05144948885815012,,0,,0.09375,,89.74034881591797,,-0.00019188506121281534,3.4921875,,37,0.1875,211.8898481990036,,54.874224083992885,,0.125,4096,,3.090430337238104e-05,,,,0.1875,57.907989257000736,,0,0.0026999987312592566,0.041015625,0.21115224808454514,,0.5546875,-0.00019188506121281534,0.125,0.1572265625,0.0001874977897386998,42,1460.3212595130599,0,55589.97344970703,0.0011825031833723187,1237709.0,325,0,,76.74807414400857,0.0,0.04678643304443996,,0.0001704648775557871,0,,0.0625,0.0078125,,0,0.0005649962986353785,0,1041.5673828125,36.598652601242065,22.16000140098913,0.5546875,205.0,,,,50.635345458984375,,0.0006925038178451359,0,,,1780374782.2882924,0.19744508899748325,0.09375,,0,0.15625,1,0,6,,211.8898481990036,,213,0,,0.1572265625,,0.09375,18958,0.0625,,,,190.13741540908813,0,,167.1328125,752,0,,,,0.00036250276025384665,74911.842170365,20589.284896850586,,,0,0,-0.21875,0,61.34425354003906,0.0,,0.09375,1,0,,,,,0,0.0078125,982,0.5329153537750244,-0.21875,0.003692626953125,0
551.6251394838037,0.0010600015230011195,0,326,,1.0,0.06336793487256419,,0.453125,,,,0,,,,3e-06,0.0014399960682567325,0.05231073758854671,,0,,0.1015625,,89.97261428833008,,-0.0010748384520411491,3.4140625,,38,0.1953125,213.10540384499473,,54.40138852701057,,0.125,4096,,-3.0322532893478638e-06,,,,0.1953125,59.75320924499829,,0,0.0025700028345454484,0.037109375,0.28906873194500804,,0.546875,-0.0010748384520411491,0.125,0.1650390625,0.0002672495611477643,38,1417.446458653445,0,55556.47659301758,0.0009549949027132243,1208262.0,326,0,,76.56506772499415,2.9570401238743216e-06,0.049453851271494334,,0.00048313672368749394,0,,0.046875,0.015625,,0,0.000397503754356876,0,1015.591796875,36.62294149398804,22.14222524499928,0.546875,205.0,,,,49.563560485839844,,0.0005725087248720229,0,,,1780374995.4087763,0.2412339209986385,0.09375,,0,0.1640625,1,0,33,,213.10540384499473,,228,0,,0.1650390625,,0.09375,19016,0.046875,,,,190.13741540908813,0,,164.3515625,1024,0,,,,0.00039999576983973384,75117.01001918,20420.047760009766,,,0,0,-0.1026785746216774,0,59.96732711791992,0.0078125,,0.1015625,1,0,,,,,0,0.015625,986,0.6897318363189697,-0.1026785746216774,0.003631591796875,0
562.682985299034,0.0009975010470952839,0,327,,1.0,0.0651143977004031,,0.375,,,,0,,,,3e-06,0.00011359625659679295,0.050769775989493136,,0,,0.109375,,89.98091888427734,,-0.0005097793182358146,3.5625,,45,0.140625,205.14240601300844,,52.231488610006636,,0.125,4096,,4.697730278735435e-05,,,,0.140625,54.69782194800791,,0,0.0025749977794475853,0.029296875,0.24898225092329085,,0.625,-0.0005097793182358146,0.125,0.1484375,0.00020249717636033893,30,1425.2428626651665,0,54662.38784790039,0.0012200034689158201,1169511.0,327,0,,76.15200436899613,0.0,0.04676982255661376,,0.00021446820619530627,0,,0.0390625,0.03125,,0,0.0005425026756711304,0,1004.6787109375,35.530515015125275,21.866777010000078,0.625,205.0,,,,49.503013610839844,,0.0005799993232358247,0,,,1780375200.576665,0.19190924499707762,0.0546875,,0,0.1328125,1,0,20,,205.14240601300844,,282,0,,0.1484375,,0.0546875,19064,0.0390625,,,,190.13741540908813,0,,137.421875,651,0,,,,0.00030750379664823413,75328.031592017,20891.14761352539,,,0,0,-0.0892857164144516,0,53.692138671875,0.0,,0.109375,1,0,,,,,0,0.03125,994,0.40984469652175903,-0.0892857164144516,0.0034332275390625,0
545.9832301858114,0.000927495420910418,0,328,,1.0,0.06150364413122155,,0.4140625,,,,0,,,,3e-06,0.0007858477893023519,0.04954363922136336,,0,,0.0859375,,89.79995346069336,,-0.00042314265738241374,3.6171875,,40,0.1484375,211.00880734699604,,53.67453831600142,,0.1205357164144516,4096,,2.5754266857802577e-05,,,,0.1484375,57.65636142999574,,0,0.0030347509891726077,0.0400390625,0.25409425143152475,,0.5859375,-0.00042314265738241374,0.1205357164144516,0.1533203125,0.00023000393412075937,41,1488.6049257814154,0,55551.89514160156,0.0012499986041802913,1256435.0,328,0,,77.27533111401135,0.0,0.045888853327068845,,0.000248282189204474,0,,0.0859375,0.015625,,0,0.00045499473344534636,0,1057.9873046875,37.406131625175476,22.203688366003917,0.5859375,205.0,,,,50.79597473144531,,0.0006150039553176612,0,,,1780375411.5982013,0.19712280300154816,0.078125,,0,0.125,1,0,2,,211.00880734699604,,202,0,,0.1533203125,,0.078125,19117,0.0859375,,,,190.13741540908813,0,,169.0,768,0,,,,0.0002374981704633683,75532.506148619,21139.785766601562,,,0,0,-0.09107142686843872,0,58.443687438964844,0.0,,0.0859375,1,0,,,,,0,0.015625,983,0.4155845642089844,-0.09107142686843872,0.0030975341796875,0
548.1079782730376,0.001024996890919283,0,329,,1.0,0.06534044259747575,,0.4765625,,,,0,,,,3e-06,0.0007563356030004798,0.055300183031769104,,0,,0.140625,,89.78376770019531,,-0.0006797976675443351,3.6015625,,44,0.1484375,204.43066758901114,,55.899084014003165,,0.125,4096,,-1.0355021622387994e-05,,,,0.1484375,48.53447159100324,,0,0.0031000017770566046,0.0419921875,0.2565767499618232,,0.5234375,-0.0006797976675443351,0.125,0.1884765625,0.00026249836082570255,43,1451.511671412017,0,55821.7658996582,0.0012800010154023767,1186934.0,329,0,,77.55479289399227,0.0,0.040890623733925595,,0.0003056712757825153,0,,0.0859375,0.015625,,0,0.0006099944585002959,0,987.138671875,33.915549516677856,22.246729375998257,0.5234375,205.0,,,,47.760902404785156,,0.0005900001269765198,0,,,1780375616.072795,0.1934955100005027,0.0859375,,0,0.171875,1,0,6,,204.43066758901114,,227,0,,0.1884765625,,0.0859375,19178,0.0859375,,,,190.13741540908813,0,,171.9765625,761,0,,,,0.0003525019565131515,75851.076519787,21150.739669799805,,,0,0,-0.09642857313156128,0,61.17778396606445,0.0,,0.140625,1,0,,,,,0,0.015625,981,0.46883276104927063,-0.09642857313156128,0.0037384033203125,0
543.1803175051755,0.0010225012374576181,0,330,,1.0,0.060500978318623756,,0.4765625,,,,0,,,,3e-06,0.001230235633556731,0.05113685088164298,,0,,0.109375,,89.78668212890625,,-0.00022711367637384683,3.28125,,37,0.15625,318.5454803479952,,56.56390259200998,,0.125,4096,,-4.4503072842871916e-05,,8.711055919993669,,0.15625,151.93370308799786,,0,0.0029750044632237405,0.0537109375,0.2678014861885458,,0.5234375,-0.00022711367637384683,0.125,0.1728515625,0.00020500010577961802,55,1018.4605339419057,0,56961.22741699219,0.0012699929357040673,1297704.0,330,0,,78.51236156799132,0.0,0.11707885857483513,,0.00020404156884978875,0,,0.109375,0.0234375,,0,0.0005475012585520744,0,1080.203125,36.24360263347626,22.60026049199223,0.5234375,205.0,,,,49.54121398925781,,0.0005750007403548807,0,,,1780375934.643154,0.22225023400096688,0.078125,,0,0.1953125,1,0,116,,318.5454803479952,,196,0,,0.1728515625,,0.078125,19239,0.109375,,,,190.13741540908813,0,,187.0859375,983,0,,,,0.0002874985511880368,76079.108275166,20971.435546875,,,0,0,-0.0892857164144516,0,64.48267364501953,0.0,,0.109375,1,0,,,,,0,0.0234375,969,0.6171661019325256,-0.0892857164144516,0.00385284423828125,0
572.4661475142057,0.0021975029085297137,0,331,,1.0,0.06269354576686134,,0.5546875,,,,0,,,,3e-06,0.0007851113623473793,0.051021215107401985,,0,,0.1171875,,89.76603698730469,,-0.0010192979825660586,3.5390625,,38,0.1484375,228.00845737900818,,55.16031118298997,,0.125,4096,,4.6222090086089906e-05,,,,0.1484375,72.88609706400894,,0,0.0028724971343763173,0.04296875,0.31807099003344774,,0.4453125,-0.0010192979825660586,0.125,0.2392578125,0.00016499689081683755,44,1356.1393886631674,0,55898.11706542969,0.0010750009096227586,1236845.0,331,0,,77.54219861401361,0.0,0.05892904694121651,,0.00018945503211398318,0,,0.1015625,0.0390625,,0,0.0005900037649553269,0,1055.7861328125,34.16479378938675,22.220418312004767,0.4453125,205.0,,,,51.019554138183594,,0.0006525006028823555,0,,,1780376162.6748755,0.19734386200434528,0.1484375,,0,0.140625,1,0,24,,228.00845737900818,,207,0,,0.2392578125,,0.1484375,19310,0.1015625,,,,190.13741540908813,0,,152.0703125,718,0,,,,0.00034999902709387243,76451.274349841,21037.124633789062,,,0,0,-0.1339285671710968,0,61.91706466674805,0.0,,0.1171875,1,0,,,,,0,0.0390625,980,0.4985455870628357,-0.1339285671710968,0.0050811767578125,0
560.9125126647996,0.0008400020305998623,0,332,,0.9921875,0.061177501409720454,,0.4609375,,,,0,,,,3e-06,0.0016593114341958426,0.04915497758428967,,0,,0.1484375,,89.7822265625,,-0.0008263155468739569,3.546875,,46,0.125,372.13162850499793,,54.57421555300243,,0.125,4096,,3.0661976268220315e-05,,,,0.125,218.0822849719989,,0,0.004050005372846499,0.04296875,0.2985962200909853,,0.5390625,-0.0008263155468739569,0.125,0.1943359375,0.00036249548429623246,44,845.8781137862146,0,55832.115173339844,0.0011024967534467578,1259112.0,332,0,,77.02932615499594,0.0,0.1732032455984844,,0.0001641151031890331,0,,0.0625,0.03125,,0,0.0005200017767492682,0,1084.2265625,37.412628531455994,22.23888092499692,0.5390625,205.0,,,,50.10016632080078,,0.0006200025381986052,0,,,1780376534.840964,0.2051961019897135,0.09375,,0,0.15625,1,0,4,,372.13162850499793,,262,0,,0.1943359375,,0.09375,19369,0.0625,,,,190.13741540908813,0,,145.375,630,0,,,,0.0003424975147936493,76661.458469273,20598.57940673828,,,0,0,-0.125,0,58.333133697509766,0.0,,0.1484375,1,0,,,,,0,0.03125,980,0.4625767469406128,-0.125,0.00359344482421875,0
558.2339150023472,0.0010450057743582875,0,333,,1.0,0.06456644991200745,,0.4921875,,,,0,,,,3e-06,0.0021636310120811686,0.05088866951060905,,0,,0.1015625,,89.77349472045898,,-0.0008029505843296647,3.734375,,40,0.2109375,210.15984566599946,,52.63150466400839,,0.125,4096,,-3.4695963167408195e-05,,,,0.2109375,57.87908298599359,,0,0.0033124997571576387,0.025390625,0.28310902416706085,,0.5078125,-0.0008029505843296647,0.125,0.181640625,0.00018249920685775578,26,1424.8107151538718,0,55668.65158081055,0.0010700023267418146,1197752.0,333,0,,77.33459451500676,0.0,0.04832309441853872,,0.0003324040476400114,0,,0.0625,0.0234375,,0,0.0005000001692678779,0,1010.0078125,36.92704439163208,22.091807859993423,0.5078125,205.0,,,,49.25258255004883,,0.000602500222157687,0,,,1780376745.0251656,0.22107291300198995,0.09375,,0,0.15625,1,0,7,,210.15984566599946,,234,0,,0.181640625,,0.09375,19432,0.0625,,,,190.13741540908813,0,,159.671875,757,0,,,,0.00036249912227503955,76866.669990993,21070.491790771484,,,0,0,-0.1071428582072258,0,57.88978958129883,0.0,,0.1015625,1,0,,,,,0,0.0234375,998,0.47047293186187744,-0.1071428582072258,0.0038909912109375,0
534.0553020832886,0.0011049960448872298,0,334,,1.0,0.06432431836565132,,0.46875,,,,0,,,,3e-06,0.0017400890610588249,0.049540342589961504,,0,,0.1640625,,89.7744026184082,,-0.0007984289550222456,3.7890625,,49,0.125,205.19124734301295,,51.52071778499521,,0.125,4096,,-3.2192336419711864e-05,,,,0.125,54.56359849599539,,0,0.0036024975997861475,0.0380859375,0.2749839914031327,,0.53125,-0.0007984289550222456,0.125,0.185546875,0.0002349988790228963,39,1453.5403135466927,0,55655.95245361328,0.0012750024325214326,1193015.0,334,0,,76.7398766749975,0.0,0.04573588638533077,,0.000352868292338826,0,,0.0703125,0.03125,,0,0.000617495970800519,0,1015.6005859375,36.24603897333145,22.153541405001306,0.53125,205.0,,,,49.26432800292969,,0.0006625014066230506,0,,,1780376950.2366254,0.21109924200573005,0.078125,,0,0.1875,1,0,10,,205.19124734301295,,169,0,,0.185546875,,0.078125,19492,0.0703125,,,,190.13741540908813,0,,149.453125,757,0,,,,0.0004025059752166271,77079.55536957,20513.33999633789,,,0,0,-0.09375,0,58.76331329345703,0.0,,0.1640625,1,0,,,,,0,0.03125,985,0.3970021903514862,-0.09375,0.0038909912109375,0
541.3038680599129,0.0011775009625125676,0,335,,1.0,0.0627153849509858,,0.4375,,,,0,,,,3e-06,0.0006447270789067263,0.048096743945172604,,0,,0.09375,,89.77193069458008,,-0.001090844045393169,3.625,,46,0.1875,212.86874772500596,,52.23070718400413,,0.125,4096,,-7.3585140967225016e-06,,,,0.1875,60.026998985005775,,0,0.002720003976719454,0.05078125,0.23293450067285448,,0.5625,-0.001090844045393169,0.125,0.1591796875,0.0001975058694370091,52,1464.1028959432765,0,55777.320861816406,0.0010574985935818404,1246647.0,335,0,,78.1839465029916,0.0,0.04815075878336512,,0.00020008010096717044,0,,0.0625,0.03125,,0,0.00041250314097851515,0,1060.4990234375,36.799006164073944,22.218465670011938,0.5625,205.0,,,,49.99528503417969,,0.0005975016392767429,0,,,1780377163.1220157,0.20660743799817283,0.0625,,0,0.1484375,1,0,18,,212.86874772500596,,239,0,,0.1591796875,,0.0625,19548,0.0625,,,,190.13741540908813,0,,156.9296875,767,0,,,,0.00035999983083456755,77317.567017267,21828.283309936523,,,0,0,-0.125,0,65.11100769042969,0.0,,0.09375,1,0,,,,,0,0.03125,972,0.48836666345596313,-0.125,0.003448486328125,0
600.142188341124,0.0009524956112727523,0,336,,1.0,0.060608323774236174,,0.4453125,,,,0,,,,3e-06,0.00011102225835202262,0.05147309857490543,,0,,0.1171875,,89.7685661315918,,-0.0005320344353094697,3.515625,,44,0.171875,237.99496503800037,,56.349196676004794,,0.125,4096,,5.433947717392584e-05,,,,0.171875,82.25772540000617,,0,0.00332999843521975,0.0302734375,0.2622370084282011,,0.5546875,-0.0005320344353094697,0.125,0.1376953125,0.0002374981704633683,31,1334.972569479655,0,55332.374572753906,0.00112499765236862,1270867.0,336,0,,77.0251186099922,0.0,0.06472567577882356,,0.00020565876047839993,0,,0.1015625,0.0078125,,0,0.0005274996510706842,0,1069.0732421875,37.06502541899681,22.150003394999658,0.5546875,205.0,,,,52.214271545410156,,0.0006324989954009652,0,,,1780377401.1336834,0.21084148201043718,0.046875,,0,0.1328125,1,0,42,,237.99496503800037,,259,0,,0.1376953125,,0.046875,19605,0.1015625,,,,190.13741540908813,0,,172.0078125,1024,0,,,,0.00044749685912393034,77530.927749214,21055.267333984375,,,0,0,-0.1339285671710968,0,59.93920135498047,0.0078125,,0.1171875,1,0,,,,,0,0.0078125,993,1.5686620473861694,-0.1339285671710968,0.0041961669921875,0
506.33543280127924,0.0009900031727738678,0,337,,1.0,0.0600677299039295,,0.4375,,,,0,,,,3e-06,0.000968045656918548,0.04802343331557651,,0,,0.1171875,,89.72056579589844,,-0.0006536610308103263,3.7890625,,38,0.109375,213.30191083799582,,53.35230557000614,,0.125,4096,,-3.307917958750295e-05,,,,0.109375,60.6995517549949,,0,0.002852499164873734,0.0439453125,0.27279648929834366,,0.5625,-0.0006536610308103263,0.125,0.166015625,0.00021500090952031314,45,1498.706686424374,0,55708.587646484375,0.001144748239312321,1278708.0,337,0,,76.80908676999388,0.0,0.047469439273856814,,0.00037679704610127374,0,,0.109375,0.0078125,,0,0.0004750036168843508,0,1084.92578125,37.34663128852844,22.21621346200118,0.5625,205.0,,,,50.90390396118164,,0.000602500222157687,0,,,1780377614.4907792,0.2221162330097286,0.09375,,0,0.15625,1,0,2,,213.30191083799582,,215,0,,0.166015625,,0.09375,19661,0.109375,,,,190.13741540908813,0,,163.8125,755,0,,,,0.00035500124795362353,77746.620888459,20556.537628173828,,,0,0,-0.1339285671710968,0,64.60354614257812,0.0,,0.1171875,1,0,,,,,0,0.0078125,979,0.4684828519821167,-0.1339285671710968,0.00383758544921875,0
546.3125313035562,0.0008999995770864189,0,338,,1.0,0.0613304098024067,,0.484375,,,,0,,,,3e-06,0.0017398747040715534,0.0487437256752442,,0,,0.1328125,,89.7463493347168,,-0.001187052228488028,3.515625,,37,0.171875,215.66637197200907,,52.82060214699595,,0.125,4096,,-9.155925411619137e-06,,,,0.171875,63.9552167810034,,0,0.0036199999158270657,0.0380859375,0.2720165066421032,,0.515625,-0.001187052228488028,0.125,0.185546875,0.00023000393412075937,39,1447.5773257803912,0,55447.6203918457,0.001119999069487676,1248775.0,338,0,,76.58788250100042,1.5074771226863959e-06,0.051214363501033734,,0.00037276179318723734,0,,0.0625,0.015625,,0,0.00042000101529993117,0,1058.2412109375,35.66779941320419,22.098683529999107,0.515625,205.0,,,,50.10421371459961,,0.000607502443017438,0,,,1780377830.1875966,0.20195960700220894,0.1015625,,0,0.171875,1,0,101,,215.66637197200907,,201,0,,0.185546875,,0.1015625,19723,0.0625,,,,190.13741540908813,0,,161.265625,719,0,,,,0.0003925015334971249,77959.754967639,20558.002471923828,,,0,0,-0.125,0,59.581172943115234,0.0,,0.1328125,1,0,,,,,0,0.015625,985,0.45570576190948486,-0.125,0.00417327880859375,0
576.5496812709898,0.0008975002856459469,0,339,,1.0,0.06565881178602789,,0.5078125,,,,0,,,,3e-06,0.0008820717230264563,0.05374683035073636,,0,,0.1328125,,89.80889129638672,,-0.0010045025264844298,3.2578125,,47,0.1640625,213.11347669899988,,53.613054489993374,,0.125,4096,,-3.694430188261322e-05,,,,0.1640625,61.52702982300252,,0,0.0026849993446376175,0.0361328125,0.25174449547193944,,0.4921875,-0.0010045025264844298,0.125,0.2138671875,0.00022500535123981535,37,1355.0046410619848,0,55523.93341064453,0.0011874981282744557,1155079.0,339,0,,75.84111465899332,0.0,0.053266512353702666,,0.000244688927750758,0,,0.0546875,0.03125,,0,0.0005547481123358011,0,974.1318359375,36.7906391620636,21.91604171200015,0.4921875,205.0,,,,48.02626419067383,,0.0005724978109356016,0,,,1780378043.3216138,0.21368349700060207,0.125,,0,0.21875,1,0,15,,213.11347669899988,,184,0,,0.2138671875,,0.125,19788,0.0546875,,,,190.13741540908813,0,,153.875,811,0,,,,0.0002974993549287319,78170.446509882,19703.582763671875,,,0,0,-0.1875,0,56.0213508605957,0.0,,0.1328125,1,0,,,,,0,0.03125,987,0.7191323637962341,-0.1875,0.004486083984375,0
550.9727301032399,0.0009424984455108643,0,340,,1.0,0.0662754731631115,,0.5078125,,,,0,,,,3e-06,0.000983926704066107,0.05091358907322565,,0,,0.1171875,,89.74670791625977,,-0.0010616560466587543,3.765625,,48,0.15625,210.65321153499826,,51.13552140799584,,0.125,4096,,-9.074014540999542e-05,,7.947784005009453,,0.15625,53.317464956999174,,0,0.0034824952308554202,0.03125,0.25981402723118663,,0.4921875,-0.0010616560466587543,0.125,0.205078125,0.00023000029614195228,32,1365.7790826141766,0,54353.397369384766,0.0011525007721502334,1150823.0,340,0,,76.27133885199146,0.0,0.046329856943247726,,0.00021846380423085066,0,,0.078125,0.0234375,,0,0.0005375040927901864,0,980.8193359375,37.52175718545914,21.78242507300456,0.4921875,205.0,,,,48.6956672668457,,0.0006800000846851617,0,,,1780378254.013146,0.19637530800537206,0.1328125,,0,0.171875,1,0,96,,210.65321153499826,,212,0,,0.205078125,,0.1328125,19853,0.078125,,,,190.13741540908813,0,,143.03125,567,0,,,,0.0003924978955183178,78390.603897255,21329.179763793945,,,0,0,-0.1116071417927742,0,58.683895111083984,0.0,,0.1171875,1,0,,,,,0,0.0234375,992,0.4271545708179474,-0.1116071417927742,0.0040130615234375,0
605.0846785728936,0.0010449984984006733,0,341,,0.984375,0.06302114616801886,,0.484375,,,,0,,,,3e-06,-0.00023234018590301286,0.05009049923721949,,0,,0.15625,,89.81576156616211,,-0.0007710398640483618,3.3515625,,45,0.1640625,220.1415624229994,,53.38795680200565,,0.125,4096,,-6.049561909549084e-05,,,,0.1640625,66.91671401300118,,0,0.0026975067157763988,0.041015625,0.2853062760550529,,0.515625,-0.0007710398640483618,0.125,0.166015625,0.00017500497051514685,42,1396.162980843317,0,55703.895568847656,0.001124994014389813,1229414.0,341,0,,77.47907939500874,0.0,0.05442976410956861,,0.00022444552996603306,0,,0.09375,0.0078125,,0,0.0005775036697741598,0,1040.849609375,38.50521892309189,22.14414382899122,0.515625,205.0,,,,50.64448547363281,,0.0006974951247684658,0,,,1780378474.170564,0.211051865000627,0.0625,,0,0.21875,1,0,12,,220.1415624229994,,234,0,,0.166015625,,0.0625,19915,0.09375,,,,190.13741540908813,0,,159.75,784,0,,,,0.0004250032361596823,78598.418413945,21131.301879882812,,,0,0,-0.125,0,61.92169952392578,0.0,,0.15625,1,0,,,,,0,0.0078125,982,0.5446438789367676,-0.125,0.003509521484375,0
555.7846863302984,0.0009874966053757817,0,342,,1.0,0.06311444411734304,,0.3828125,,,,0,,,,3e-06,0.0016423061570094433,0.05095642555219108,,0,,0.0859375,,89.76058197021484,,-0.0002965056919492781,3.125,,50,0.125,207.78808100499737,,52.859699002990965,,0.1071428582072258,4096,,-6.951911740671335e-05,,,,0.125,56.433152952988166,,0,0.002937500539701432,0.041015625,0.3224809770472348,,0.6171875,-0.0002965056919492781,0.1071428582072258,0.1474609375,0.00017499769455753267,42,1452.526769294054,0,55162.23907470703,0.001134994818130508,1207271.0,342,0,,76.19623806398886,0.0,0.04674439537849262,,0.0002517622028790356,0,,0.078125,0.0234375,,0,0.0005225010681897402,0,1013.0380859375,37.5639833509922,22.099732727001538,0.6171875,205.0,,,,48.846004486083984,,0.000695006747264415,0,,,1780378681.9850645,0.19711290499253664,0.0703125,,0,0.1875,1,0,4,,207.78808100499737,,212,0,,0.1474609375,,0.0703125,19964,0.078125,,,,190.13741540908813,0,,165.9375,1024,0,,,,0.00041749808588065207,78806.36012783,20440.32096862793,,,0,0,-0.1607142835855484,0,66.09524536132812,0.0078125,,0.0859375,1,0,,,,,0,0.0234375,982,0.5114884376525879,-0.1607142835855484,0.00328826904296875,0
557.6268760414678,0.0009850009519141167,0,343,,1.0,0.06468186133141236,,0.4765625,,,,0,,,,3e-06,0.0004594209967763163,0.05073954927910915,,0,,0.1015625,,89.7934684753418,,-0.000320462480885908,3.2578125,,37,0.1015625,207.91636494599516,,51.750027403002605,,0.1160714253783226,4096,,-7.051917702938226e-05,,,,0.1015625,57.900612550991355,,0,0.003147502866340801,0.0244140625,0.2398347423877567,,0.5234375,-0.000320462480885908,0.1160714253783226,0.2119140625,0.0002375018084421754,25,1415.293837387128,0,54681.83135986328,0.0010475014278199524,1177051.0,343,0,,76.13384956200025,0.0,0.0491912521640875,,0.000157886716806388,0,,0.125,0.046875,,0,0.0004825051291845739,0,996.0107421875,37.70303353667259,21.906647866999265,0.5234375,205.0,,,,48.6982307434082,,0.000700001692166552,0,,,1780378889.9268126,0.22317213799396995,0.1015625,,0,0.25,1,0,2,,207.91636494599516,,207,0,,0.2119140625,,0.1015625,20025,0.125,,,,190.13741540908813,0,,153.453125,1024,0,,,,0.00035999983083456755,79018.446494795,20856.441497802734,,,0,0,-0.1875,0,61.933624267578125,0.0078125,,0.1015625,1,0,,,,,0,0.046875,999,0.5050849318504333,-0.1875,0.003021240234375,0
575.3388534467376,0.0009549985406920314,0,344,,1.0,0.06405992760880694,,0.453125,,,,0,,,,3e-06,0.0006473009291596554,0.049567826470969224,,0,,0.15625,,89.61319351196289,,-0.0008497569942846894,3.421875,,50,0.109375,212.06461493999814,,50.84722164001141,,0.1116071417927742,4096,,-1.733737420295256e-05,,,,0.109375,62.54438797698822,,0,0.002822500391630456,0.0322265625,0.27982372557744384,,0.546875,-0.0008497569942846894,0.1116071417927742,0.1953125,0.00020250081433914602,33,1405.6505847726726,0,55269.23751831055,0.0009450050129089504,1192355.0,344,0,,76.382174983999,0.0,0.052454502205289716,,5.142430154592148e-05,0,,0.0625,0.015625,,0,0.000502503098687157,0,1001.7685546875,37.119731307029724,22.082455434006988,0.546875,205.0,,,,48.71324920654297,,0.0005999936547596008,0,,,1780379102.013237,0.20623404199432116,0.109375,,0,0.1796875,1,0,2,,212.06461493999814,,184,0,,0.1953125,,0.109375,20083,0.0625,,,,190.13741540908813,0,,162.640625,805,0,,,,0.0003874956746585667,79246.860454767,20500.192642211914,,,0,0,-0.12321428209543228,0,59.74726486206055,0.0,,0.15625,1,0,,,,,0,0.015625,991,0.5422080755233765,-0.12321428209543228,0.00366973876953125,0
540.7181065420446,0.0009625000529922545,0,345,,1.0,0.06262389187557697,,0.4921875,,,,0,,,,3e-06,0.0005580035867751576,0.04884526337828429,,0,,0.1171875,,89.71609115600586,,-0.00030200480250641704,3.703125,,35,0.1484375,228.3661164970108,,51.58347999800753,,0.125,4096,,5.1597208241105363e-05,,,,0.1484375,78.818993658002,,0,0.0028197537176311016,0.0380859375,0.2882090047933161,,0.5078125,-0.00030200480250641704,0.125,0.21875,0.00017249476513825357,39,1324.6218600208124,0,54988.98696899414,0.0011674965207930654,1209995.0,345,0,,75.77459604998876,0.0,0.06513993335344526,,0.00021937728797638556,0,,0.0625,0.0234375,,0,0.0005324982339516282,0,1031.3076171875,37.427619099617004,21.982828420994338,0.5078125,205.0,,,,48.86346435546875,,0.0006150003173388541,0,,,1780379330.4271734,0.20314661900920328,0.140625,,0,0.1953125,1,0,6,,228.3661164970108,,197,0,,0.21875,,0.140625,20146,0.0625,,,,190.13741540908813,0,,150.328125,1024,0,,,,0.000297502992907539,79461.653107705,20207.168579101562,,,0,0,-0.13035714626312256,0,63.74440002441406,0.0078125,,0.1171875,1,0,,,,,0,0.0234375,985,0.5367218255996704,-0.13035714626312256,0.0039520263671875,0
560.0969195620564,0.0009599971235729754,0,346,,1.0,0.06170281761668142,,0.421875,,,,0,,,,3e-06,0.0006549306781380435,0.049397678688051186,,0,,0.09375,,89.74444580078125,,-0.000433844281360507,3.421875,,37,0.0546875,214.7667188260093,,53.461428123002406,,0.1071428582072258,4096,,3.40806543519534e-06,,,,0.0546875,62.700003101010225,,0,0.002439752279315144,0.0458984375,0.2561839937698096,,0.578125,-0.000433844281360507,0.1071428582072258,0.1865234375,0.00016250123735517263,47,1439.6015438987883,0,55308.067321777344,0.0010525000107008964,1236714.0,346,0,,76.30873838599655,0.0,0.0506988706370351,,0.00020988380902053905,0,,0.140625,0.0234375,,0,0.0004899993655271828,0,1056.900390625,35.38752347230911,22.068297463003546,0.578125,205.0,,,,48.95077133178711,,0.0006347472663037479,0,,,1780379545.2198443,0.22603135099052452,0.109375,,0,0.1875,1,0,54,,214.7667188260093,,230,0,,0.1865234375,,0.109375,20200,0.140625,,,,190.13741540908813,0,,150.828125,750,0,,,,0.00030499359127134085,79675.831968467,20404.924392700195,,,0,0,-0.15625,0,59.00010299682617,0.0,,0.09375,1,0,,,,,0,0.0234375,977,0.5091637969017029,-0.15625,0.0035858154296875,0
578.2130451552803,0.000907501089386642,0,347,,1.0,0.06283357909470313,,0.4609375,,,,0,,,,3e-06,0.0004161989127169363,0.05145255334657724,,0,,0.0625,,89.71801376342773,,-0.00048464949941262603,3.75,,43,0.1484375,214.15902239299612,,54.23021943899221,,0.125,4096,,-9.716251213376381e-05,,,,0.1484375,61.132469383010175,,0,0.0034799995773937553,0.03125,0.24886173196136951,,0.5390625,-0.00048464949941262603,0.125,0.2001953125,0.0002900014806073159,32,1421.1787418485796,0,55418.121337890625,0.0010800031304825097,1217433.0,347,0,,76.49567269800173,0.0,0.050214237155564355,,8.009642033357522e-05,0,,0.0859375,0.0390625,,0,0.0004522553354036063,0,1029.2822265625,36.45486757159233,22.076518764995853,0.5390625,205.0,,,,48.78544998168945,,0.000607498805038631,0,,,1780379759.3986876,0.2217471580079291,0.125,,0,0.1796875,1,0,136,,214.15902239299612,,215,0,,0.2001953125,,0.125,20259,0.0859375,,,,190.13741540908813,0,,159.6171875,863,0,,,,0.00035750417737290263,79884.597885164,20462.627410888672,,,0,0,-0.15625,0,60.88788604736328,0.0,,0.0625,1,0,,,,,0,0.0390625,992,0.46466487646102905,-0.15625,0.00457763671875,0
534.2833550203068,0.0009824943845160306,0,348,,1.0,0.06485109729101711,,0.5390625,,,,0,,,,3e-06,0.0012260605362826027,0.04898467529075277,,0,,0.109375,,89.76583480834961,,-0.0008511458872817457,3.0390625,,50,0.1875,208.73706264099746,,49.84180913899036,,0.125,4096,,-1.9873195171271618e-05,,,,0.1875,61.34975749300793,,0,0.002789747668430209,0.029296875,0.2401842357357964,,0.4609375,-0.0008511458872817457,0.125,0.2158203125,0.0001900007191579789,30,1393.3630008975495,0,54668.24722290039,0.001122498360928148,1163386.0,348,0,,75.44685867300723,0.0,0.05273379385088692,,0.00016051424427132588,0,,0.09375,0.0546875,,0,0.0004699977580457926,0,993.650390625,34.84532609581947,21.88027264199627,0.4609375,205.0,,,,47.94166564941406,,0.000612497387919575,0,,,1780379968.164477,0.2160103439964587,0.09375,,0,0.2109375,1,0,5,,208.73706264099746,,246,0,,0.2158203125,,0.09375,20328,0.09375,,,,190.13741540908813,0,,142.46875,662,0,,,,0.00027249916456639767,80099.551023843,20209.23614501953,,,0,0,-0.09375,0,58.272865295410156,0.0,,0.109375,1,0,,,,,0,0.0546875,994,0.5330202579498291,-0.09375,0.00403594970703125,0
549.3268669160898,0.0009550021786708385,0,349,,1.0,0.06362307255160264,,0.5234375,,,,0,,,,3e-06,0.00040090817492455244,0.05340695919858396,,0,,0.1484375,,89.79511642456055,,-0.0004646810994017869,3.359375,,40,0.1640625,214.9372875889967,,55.03213296699687,,0.125,4096,,9.204274277863078e-05,,,,0.1640625,61.79432937999081,,0,0.0032099997042678297,0.0341796875,0.2658737648744136,,0.4765625,-0.0004646810994017869,0.125,0.1923828125,0.00023000393412075937,35,1387.8536541803414,0,55024.879455566406,0.0011400006769690663,1193206.0,349,0,,75.91543190700759,0.0,0.05178848361472438,,0.00034133745793951675,0,,0.1015625,0.0234375,,0,0.0005649999366141856,0,1006.279296875,36.364175379276276,21.988825784996152,0.4765625,205.0,,,,48.567604064941406,,0.0006875015969853848,0,,,1780380183.1176941,0.204151632002322,0.0859375,,0,0.265625,1,0,4,,214.9372875889967,,183,0,,0.1923828125,,0.0859375,20395,0.1015625,,,,190.13741540908813,0,,158.9609375,816,0,,,,0.0004300018190406263,80379.29739251,20304.588317871094,,,0,0,-0.0982142835855484,0,62.54161071777344,0.0,,0.1484375,1,0,,,,,0,0.0234375,989,0.5101966857910156,-0.0982142835855484,0.0040740966796875,0
540.6002001363959,0.0008925017027650028,0,350,0.0,1.0,0.0646712698338793,0.7919921875,0.4609375,0.03333333333333333,0.0,0.0,0,0.0,0.1943231441048035,"{'size': 92897, '_type': 'table-file', 'log_mode': 'IMMUTABLE', '_latest_artifact_path': 'wandb-client-artifact://pubnnhe4p6bya9y6rq37axtwlg7cvg25ped3x0ycsgjnhij8u39x4o13uu83at70w2bk3wkpknks1u5ydrovq86e1jipguoe1o10q9dxcwn70hdeg1tauhhi79zemady:latest/val/generations.table.json', 'ncols': 13, 'artifact_path': 'wandb-client-artifact://ot5wcw5enlzdscnz5sq66xxchvgc5iplvpofd5h4f2dhgmmr9lcbeasq5kd5ajss9584zu5lce92gityrg3cqq7xduisd9l7161t1vlaljqhk2am1om7yfz6hdbwu85x/val/generations.table.json', 'nrows': 7, 'path': 'media/table/val/generations_349_c70c8be2aa5a99db59a8.table.json', 'sha256': 'c70c8be2aa5a99db59a8763a566b796972af274c503d652dc61607971c023ff8'}",3e-06,0.001054068205121439,0.0498731958713277,75.17015059100231,0,0.0,0.140625,0.2030360531309298,89.70536804199219,0.0,-0.0008287714445032179,3.1171875,0.0,47,0.125,288.10257947500213,0.0,50.66957106300106,30.0,0.1160714253783226,4096,0.0,-6.360173080111053e-05,0.0,8.319261825992726,0.2080078125,0.125,56.071187884997926,1054.0,0,0.003335004294058308,0.0302734375,0.2439167583361268,0.0,0.5390625,-0.0008287714445032179,0.1160714253783226,0.1875,0.00021750020096078515,31,1014.6663751942023,0,54890.39611816406,0.0010550029401201755,1169312.0,350,0,0.0,75.62089187199308,0.0,0.04795228979519403,0.2080078125,0.0002358724104851717,0,0.0,0.078125,0.0234375,0.19910011248593926,0,0.00047000139602459967,0,992.15625,35.67396104335785,22.02885129999777,0.5390625,205.0,0.0,0.0,0.0,48.275909423828125,0.0,0.000607498805038631,0,1024.0,0.0,1780380471.2496104,0.218515959000797,0.09375,0.0,0,0.2109375,1,0,3,0.0,288.10257947500213,0.0,252,0,0.03703703703703704,0.1875,0.0,0.09375,20454,0.078125,0.0,0.7969639468690702,0.0,190.13741540908813,0,0.0,149.75,733,0,0.0,0.0,0.0,0.0003799978003371507,80612.556954927,20153.97071838379,0.0,0.0,0,0,-0.1116071417927742,0,59.77912139892578,0.0,0.03333333333333333,0.140625,1,0,0.0,0.9666666666666667,0.0,0.0,0,0.0234375,993,0.5264891386032104,-0.1116071417927742,0.003692626953125,0
557.8099847043632,0.0010374969861004502,0,351,,1.0,0.061880016173987716,,0.515625,,,,0,,,,3e-06,0.0011588975658014533,0.05026417586015502,,0,,0.1015625,,89.8356819152832,,-0.0007578830700367689,3.5859375,,39,0.1484375,224.84706873301184,,54.63087613800599,,0.125,4096,,-0.0001297859763553788,,,,0.1484375,69.90661553799873,,0,0.002754997694864869,0.0517578125,0.23656700795982033,,0.484375,-0.0007578830700367689,0.125,0.205078125,0.00016500052879564464,53,1392.0695153543054,0,55810.089111328125,0.001012500433716923,1252011.0,351,0,,77.47446093001054,0.0,0.055835464335376235,,0.0002937951153398899,0,,0.125,0.015625,,0,0.0005047477316111326,0,1061.4013671875,37.82601282000542,22.615130417994806,0.484375,205.0,,,,50.83151626586914,,0.0005900001269765198,0,,,1780380696.123617,0.21770743999513797,0.125,,0,0.1484375,1,0,33,,224.84706873301184,,272,0,,0.205078125,,0.125,20520,0.125,,,,190.13741540908813,0,,161.265625,796,0,,,,0.000300002284348011,80973.725832946,21068.492889404297,,,0,0,-0.10892856866121292,0,61.61055374145508,0.0,,0.1015625,1,0,,,,,0,0.015625,971,0.43705591559410095,-0.10892856866121292,0.00399017333984375,0
545.0790880786371,0.0009899995347950608,0,352,,0.9921875,0.06374522847010056,,0.4765625,,,,0,,,,3e-06,0.00019120462093269452,0.050073218225961974,,0,,0.1015625,,89.81180953979492,,-0.000661594036500901,3.6015625,,48,0.1328125,361.1417637919949,,51.512372590994346,,0.125,4096,,-3.0778928703512065e-06,,,,0.1328125,212.3170156210108,,0,0.0031050039979163557,0.0283203125,0.2333942538825795,,0.5234375,-0.000661594036500901,0.125,0.1953125,0.00025999906938523054,29,817.2060935327963,0,54517.10510253906,0.00112499765236862,1180509.0,352,0,,75.25181591600995,0.0,0.1798520939874332,,0.0002184397708333563,0,,0.09375,0.0234375,,0,0.0004799985617864877,0,1004.6298828125,35.81561893224716,21.842578148003668,0.5234375,205.0,,,,49.06142044067383,,0.0005474939825944602,0,,,1780381057.292432,0.21552868701110128,0.125,,0,0.109375,1,0,7,,361.1417637919949,,274,0,,0.1953125,,0.125,20581,0.09375,,,,190.13741540908813,0,,148.2109375,497,0,,,,0.00030749652069061995,81500.966890104,20153.575897216797,,,0,0,-0.1116071417927742,0,68.4666748046875,0.0,,0.1015625,1,0,,,,,0,0.0234375,995,0.5237442851066589,-0.1116071417927742,0.0041656494140625,0
554.6517232323822,0.00101749537861906,0,353,,0.9921875,0.06020990611607637,,0.46875,,,,0,,,,3e-06,0.000866224354467704,0.04667649393563642,,0,,0.09375,,89.82643508911133,,-0.0008792230510152876,3.515625,,42,0.1328125,527.2005053329922,,52.77729839899985,,0.1205357164144516,4096,,3.191543325442581e-05,,,,0.1328125,372.95229998099967,,0,0.0031925010262057185,0.048828125,0.27199124451726675,,0.53125,-0.0008792230510152876,0.1205357164144516,0.1904296875,0.0002475026121828705,50,619.6503923941826,0,56608.848571777344,0.0012699965736828744,1306720.0,353,0,,78.67748851999932,0.0,0.28541102912712724,,0.00024163342391148035,0,,0.1015625,0.0078125,,0,0.0005125075404066592,0,1104.203125,37.30671852827072,22.553887057001702,0.53125,205.0,,,,49.92003631591797,,0.0006475020200014114,0,,,1780381584.533567,0.23731577400758397,0.1328125,,0,0.1953125,1,0,3,,527.2005053329922,,209,0,,0.1904296875,,0.1328125,20641,0.1015625,,,,190.13741540908813,0,,171.890625,675,0,,,,0.0003449968062341213,81705.985052991,21476.402282714844,,,0,0,-0.0803571417927742,0,68.02908325195312,0.0,,0.09375,1,0,,,,,0,0.0078125,974,0.45951181650161743,-0.0803571417927742,0.00379180908203125,0
574.7204698236601,0.0009575014701113105,0,354,,1.0,0.0639149604092991,,0.453125,,,,0,,,,3e-06,0.00027077416598331183,0.05040915810209344,,0,,0.09375,,89.73526000976562,,-0.0003201416111551225,3.6328125,,41,0.1171875,204.9981661389902,,51.548657120991265,,0.125,4096,,1.2511285959249108e-05,,,,0.1171875,55.905751636004425,,0,0.00356999589712359,0.03515625,0.22016225557308644,,0.546875,-0.0003201416111551225,0.125,0.1943359375,0.00018250648281536996,36,1436.6335833478724,0,54889.17541503906,0.0010722505976445973,1178029.0,354,0,,75.29367689600622,0.0,0.04745702494251366,,0.00016008606962714111,0,,0.1015625,0.015625,,0,0.0005149995558895171,0,998.6376953125,34.49058532714844,21.997873770000297,0.546875,205.0,,,,48.85728454589844,,0.0006250047590583563,0,,,1780381789.5517128,0.2502646009961609,0.125,,0,0.1484375,1,0,3,,204.9981661389902,,202,0,,0.1943359375,,0.125,20699,0.1015625,,,,190.13741540908813,0,,151.78125,761,0,,,,0.00032250318326987326,81930.515398229,19795.063018798828,,,0,0,-0.125,0,53.234458923339844,0.0,,0.09375,1,0,,,,,0,0.015625,988,0.45333191752433777,-0.125,0.0055694580078125,0
575.6939758139197,0.001014999725157395,0,355,,1.0,0.06132890883621351,,0.4609375,,,,0,,,,3e-06,0.00042020071850856766,0.047653356120821236,,0,,0.09375,,89.80709457397461,,-0.0009865297470241785,3.5390625,,43,0.1953125,224.51488413399784,,52.92705773600028,,0.125,4096,,9.004990808136881e-06,,,,0.1953125,72.23068401699129,,0,0.002912503987317905,0.033203125,0.2355370088480413,,0.5390625,-0.0009865297470241785,0.125,0.166015625,0.00017249476513825357,34,1398.6110596239541,0,55992.25997924805,0.0010775002010632306,1256036.0,355,0,,77.03131733900227,0.0,0.05750685809721321,,0.00038555774381165975,0,,0.0703125,0.03125,,0,0.0005749934643972665,0,1084.63671875,36.721955984830856,22.105484822008293,0.5390625,205.0,,,,49.875587463378906,,0.0006574955477844924,0,,,1780382014.082048,0.2174948059982853,0.0703125,,0,0.1796875,1,0,3,,224.51488413399784,,220,0,,0.166015625,,0.0703125,20758,0.0703125,,,,190.13741540908813,0,,141.9609375,599,0,,,,0.0002500019036233425,82142.508635602,20426.39923095703,,,0,0,-0.15625,0,56.50462341308594,0.0,,0.09375,1,0,,,,,0,0.03125,990,0.41038691997528076,-0.15625,0.003936767578125,0
561.8103853012144,0.0009725008567329496,0,356,,1.0,0.06151781028667343,,0.4609375,,,,0,,,,3e-06,0.000257778461673297,0.049496927366436815,,0,,0.078125,,89.76165390014648,,-0.0009038328425958753,3.515625,,49,0.1484375,211.95336120799766,,53.28819401499641,,0.125,4096,,-3.4157108700583194e-05,,,,0.1484375,58.09111163500347,,0,0.00449499930255115,0.041015625,0.28084375662729144,,0.5390625,-0.0009038328425958753,0.125,0.171875,0.00022499807528220117,42,1486.6808348973238,0,56172.30224609375,0.001119995431508869,1260428.0,356,0,,77.53877058401122,0.0,0.04608840142793041,,0.00022746330159861827,0,,0.1171875,0.0234375,,0,0.0006674963515251875,0,1051.36328125,37.55343332886696,22.818818048006506,0.5390625,205.0,,,,49.60114669799805,,0.0006399968697223812,0,,,1780382226.0753353,0.21408145601162687,0.09375,,0,0.1796875,1,0,232,,211.95336120799766,,221,0,,0.171875,,0.09375,20817,0.1171875,,,,190.13741540908813,0,,179.5234375,812,0,,,,0.0003699969965964556,82372.207504269,20766.815185546875,,,0,0,-0.1116071417927742,0,62.85034942626953,0.0,,0.078125,1,0,,,,,0,0.0234375,982,0.47216561436653137,-0.1116071417927742,0.00385284423828125,0
574.2673353888677,0.0008999995770864189,0,357,,1.0,0.05934386574874299,,0.4453125,,,,0,,,,3e-06,-3.675619518617168e-05,0.05026176978394637,,0,,0.1015625,,89.75711441040039,,-0.0007568085566163063,3.7265625,,46,0.1640625,229.67772752400197,,56.627875283011235,,0.125,4096,,4.4270625494391425e-05,,,,0.1640625,71.83344221200969,,0,0.0030675037123728544,0.0439453125,0.26164675364270806,,0.5546875,-0.0007568085566163063,0.125,0.1572265625,0.00027750138542614877,45,1439.4985250167508,0,56498.13461303711,0.0010650001058820635,1322483.0,357,0,,78.48125360699487,0.0,0.05431710064477932,,0.0002364462379773613,0,,0.09375,0.0234375,,0,0.0004725006874650717,0,1100.2529296875,37.46670112013817,22.486469441006193,0.5546875,205.0,,,,51.117897033691406,,0.0005875044735148549,0,,,1780382455.7740777,0.24632414100051392,0.0625,,0,0.203125,1,0,5,,229.67772752400197,,202,0,,0.1572265625,,0.0625,20874,0.09375,,,,190.13741540908813,0,,191.234375,805,0,,,,0.000302501575788483,82639.169738125,21371.116638183594,,,0,0,-0.1071428582072258,0,67.25657653808594,0.0,,0.1015625,1,0,,,,,0,0.0234375,979,0.5471920371055603,-0.1071428582072258,0.0035858154296875,0
555.4848927095009,0.0009200011845678091,0,358,,1.0,0.05893652339166195,,0.546875,,,,0,,,,3e-06,0.000907655710761901,0.05200708371707211,,0,,0.0859375,,89.77482604980469,,-0.0009014772949740291,3.2265625,,50,0.2109375,266.9422861409985,,59.609583229001146,,0.125,4096,,-8.153374125186019e-05,,,,0.2109375,106.97007681000105,,0,0.003062250470975414,0.0537109375,0.2591997617855668,,0.453125,-0.0009014772949740291,0.125,0.205078125,0.0002474989742040634,55,1235.1415160423362,0,56337.06283569336,0.001109998265746981,1318846.0,358,0,,77.7281981289998,0.0,0.08110884577122807,,0.0003712484474363009,0,,0.09375,0.0234375,,0,0.0004774956323672086,0,1119.318359375,36.46664321422577,22.3920839610073,0.453125,205.0,,,,51.401065826416016,,0.0006699992809444666,0,,,1780382722.7364473,0.24015948799205944,0.1328125,,0,0.203125,1,0,4,,266.9422861409985,,221,0,,0.205078125,,0.1328125,20944,0.09375,,,,190.13741540908813,0,,168.6171875,733,0,,,,0.00029999137041158974,82856.757106189,20798.917770385742,,,0,0,-0.1607142835855484,0,63.71419143676758,0.0,,0.0859375,1,0,,,,,0,0.0234375,969,0.39518484473228455,-0.1607142835855484,0.0038604736328125,0
557.2019217179331,0.0008325041562784463,0,359,,1.0,0.061028009581818456,,0.53125,,,,0,,,,3e-06,0.0004545647097984329,0.049559790374632644,,0,,0.125,,89.78364944458008,,-0.0006454867543652654,3.3359375,,46,0.1484375,217.5662059130118,,54.449359292993904,,0.125,4096,,-1.878498739671386e-05,,,,0.1484375,62.76132812698779,,0,0.0029147522582206875,0.04296875,0.3209710121154785,,0.46875,-0.0006454867543652654,0.125,0.2080078125,0.0002850028977263719,44,1465.811285634628,0,56048.7060546875,0.0011875017662532628,1275644.0,359,0,,77.85001425498922,0.0,0.049199720397687594,,0.00030588140589316026,0,,0.1328125,0.0234375,,0,0.0004749999789055437,0,1072.91015625,37.24322095513344,22.279066328002955,0.46875,205.0,,,,50.37668228149414,,0.0006775007932446897,0,,,1780382940.323733,0.2241614709928399,0.1015625,,0,0.21875,1,0,2,,217.5662059130118,,218,0,,0.2080078125,,0.1015625,21012,0.1328125,,,,190.13741540908813,0,,172.8359375,756,0,,,,0.0003749992174562067,83075.54213744,21206.53533935547,,,0,0,-0.1339285671710968,0,70.25699615478516,0.0,,0.125,1,0,,,,,0,0.0234375,980,0.5182709097862244,-0.1339285671710968,0.00351715087890625,0
621.5219199875719,0.0010250005288980901,0,360,,1.0,0.06464251453774984,,0.421875,,,,0,,,,3e-06,0.0011861758694067248,0.049269627731283856,,0,,0.109375,,89.62550735473633,,-0.0011880643432959914,3.515625,,40,0.109375,218.7586978770123,,51.785630541009596,,0.125,4096,,-6.737396574862942e-06,,9.35031787600019,,0.109375,59.429723066990846,,0,0.003137498424621299,0.0341796875,0.33129824441857636,,0.578125,-0.0011880643432959914,0.125,0.158203125,0.00023249958758242428,35,1343.6014332341952,0,55003.875732421875,0.0012275013432372361,1175698.0,360,0,,76.00007505700341,0.0,0.05054845978048006,,0.0003035685369923158,0,,0.1015625,0.0,,0,0.0005374968168325722,0,1026.431640625,37.705209106206894,21.968556453997735,0.578125,205.0,,,,48.84563446044922,,0.0006499940354842693,0,,,1780383159.1087096,0.2216181669937214,0.1015625,,0,0.1171875,1,0,122,,218.7586978770123,,208,0,,0.158203125,,0.1015625,21066,0.1015625,,,,190.13741540908813,0,,121.7109375,533,0,,,,0.00040500162867829204,83306.511757869,20336.633682250977,,,0,0,-0.15625,0,57.75152587890625,0.0,,0.109375,1,0,,,,,0,0.0,989,0.5193976163864136,-0.15625,0.004638671875,0
583.7726593163097,0.001015003363136202,0,361,,1.0,0.06032217346660679,,0.4453125,,,,0,,,,3e-06,0.00025628442017478,0.060049935191742794,,0,,0.09375,,89.74309158325195,,-0.0007981484523043036,3.7734375,,44,0.1484375,230.91242803700152,,67.82832339699962,,0.125,4096,,6.251319337025052e-05,,,,0.1484375,62.38860287700663,,0,0.003264998667873442,0.052734375,0.2454642381053418,,0.5546875,-0.0007981484523043036,0.125,0.1708984375,0.00021999585442245007,54,1400.4659807577816,0,56547.706604003906,0.0013074968592263758,1293540.0,361,0,,78.02914426599455,0.0,0.048230903471873025,,0.00044604608137888135,0,,0.09375,0.0078125,,0,0.0005000001692678779,0,1103.05859375,35.53301468491554,22.452493523000157,0.5546875,205.0,,,,59.87384796142578,,0.0005524998414330184,0,,,1780383390.0783644,0.211877440000535,0.1015625,,0,0.15625,1,0,102,,230.91242803700152,,201,0,,0.1708984375,,0.1015625,21123,0.09375,,,,190.13741540908813,0,,160.1640625,703,0,,,,0.00031500167096965015,83542.585119839,20861.879348754883,,,0,0,-0.10892856866121292,0,61.873191833496094,0.0,,0.09375,1,0,,,,,0,0.0078125,970,4.758289337158203,-0.10892856866121292,0.00360870361328125,0
556.4309922119719,0.0009899995347950608,0,362,,1.0,0.06294452075703867,,0.5,,,,0,,,,3e-06,-0.0001264818783965893,0.05126109221114436,,0,,0.1171875,,89.76189422607422,,-0.00014374063175637275,3.3984375,,43,0.1953125,236.05525022299844,,53.82876032000058,,0.125,4096,,4.449603056855267e-05,,,,0.1953125,83.73252370500995,,0,0.0035925004340242594,0.037109375,0.2615587436594069,,0.5,-0.00014374063175637275,0.125,0.181640625,0.0002400010998826474,37,1282.3459749954252,0,55132.381439208984,0.0012974996934644878,1210818.0,362,0,,76.21435873399605,0.0,0.06915368263852202,,0.00028527739641504013,0,,0.078125,0.0234375,,0,0.0005500005499925464,0,1025.478515625,37.537600845098495,22.055953931994736,0.5,205.0,,,,49.84397506713867,,0.0005949987098574638,0,,,1780383626.1517444,0.22122274100547656,0.0859375,,0,0.171875,1,0,24,,236.05525022299844,,245,0,,0.181640625,,0.0859375,21187,0.078125,,,,190.13741540908813,0,,156.9609375,815,0,,,,0.00031499803299084306,83759.345086611,20487.73956298828,,,0,0,-0.1071428582072258,0,63.533973693847656,0.0,,0.1171875,1,0,,,,,0,0.0234375,987,0.49433374404907227,-0.1071428582072258,0.00360870361328125,0
586.5941423799086,0.0008675015124026686,0,363,,1.0,0.06736802795421125,,0.515625,,,,0,,,,3e-06,0.0004103129467694089,0.05281857651263924,,0,,0.0859375,,89.75569915771484,,-0.0005105005111545324,3.6953125,,42,0.21875,216.73540343700734,,52.5848014929943,,0.125,4096,,-2.2863117607130334e-05,,,,0.21875,65.79325607999635,,0,0.00352500137523748,0.0322265625,0.30832597985863686,,0.484375,-0.0005105005111545324,0.125,0.1748046875,0.00022999665816314518,33,1304.2054759740965,0,54675.01449584961,0.001222495484398678,1130670.0,363,0,,76.17100816698803,0.0,0.058189618615507935,,0.0005173507920517295,0,,0.1015625,0.03125,,0,0.0005549991328734905,0,972.240234375,36.784715950489044,21.974884757000837,0.484375,205.0,,,,48.655757904052734,,0.0005799956852570176,0,,,1780383842.9118001,0.2088909820013214,0.078125,,0,0.171875,1,0,238,,216.73540343700734,,216,0,,0.1748046875,,0.078125,21253,0.1015625,,,,190.13741540908813,0,,131.9296875,635,0,,,,0.00031250237952917814,83966.531967769,20872.299194335938,,,0,0,-0.0892857164144516,0,55.27830505371094,0.0,,0.0859375,1,0,,,,,0,0.03125,991,0.430608332157135,-0.0892857164144516,0.00579833984375,0
563.0507423338713,0.001107502612285316,0,364,,1.0,0.06432601328287367,,0.5078125,,,,0,,,,3e-06,0.0006258804314711597,0.0508267187481749,,0,,0.1484375,,89.73411178588867,,-0.0007263179286383092,3.671875,,41,0.171875,207.14987675199518,,52.367174939994584,,0.125,4096,,2.626426947216487e-05,,,,0.171875,56.13278129999526,,0,0.0029249968065414578,0.0361328125,0.2206622448284179,,0.4921875,-0.0007263179286383092,0.125,0.185546875,0.00017749698599800467,37,1432.1949143865108,0,55320.343017578125,0.0010200019460171461,1186716.0,364,0,,76.33670917899872,0.0,0.0473009391463461,,0.0003130051391053712,0,,0.1015625,0.046875,,0,0.0006147492968011647,0,1006.16015625,36.42381355166435,22.11872173800657,0.4921875,205.0,,,,50.2508544921875,,0.0005325055099092424,0,,,1780384050.0984704,0.19207457700395025,0.0390625,,0,0.1796875,1,0,14,,207.14987675199518,,224,0,,0.185546875,,0.0390625,21318,0.1015625,,,,190.13741540908813,0,,152.7421875,759,0,,,,0.0004425019142217934,84165.765264044,20416.664123535156,,,0,0,-0.125,0,57.89385986328125,0.0,,0.1484375,1,0,,,,,0,0.046875,987,0.5474483370780945,-0.125,0.0042572021484375,0
579.4769131607609,0.0009150026016868651,0,365,,1.0,0.06350871670658828,,0.453125,,,,0,,,,3e-06,0.0008974179181677755,0.049335221357314746,,0,,0.078125,,89.80079650878906,,-0.0006906168418936431,3.7734375,,49,0.1875,199.2177484240092,,51.25455880899972,,0.125,4096,,-9.163805276557468e-05,,,,0.1875,49.86190362999332,,0,0.003037501301150769,0.02734375,0.27308150311000645,,0.546875,-0.0006906168418936431,0.125,0.1689453125,0.00030750015866942704,28,1500.458680838977,0,54986.63330078125,0.0012275013432372361,1195672.0,365,0,,75.93559432199982,0.0,0.04170199154115286,,0.00030034718565730145,0,,0.0625,0.0078125,,0,0.00045500200940296054,0,1014.5546875,35.74804961681366,21.961800328004756,0.546875,205.0,,,,48.72547912597656,,0.0005950023478362709,0,,,1780384249.331889,0.20145121699897572,0.1171875,,0,0.1484375,1,0,27,,199.2177484240092,,231,0,,0.1689453125,,0.1171875,21376,0.0625,,,,190.13741540908813,0,,153.09375,806,0,,,,0.00039999940781854093,84372.794071881,20333.45603942871,,,0,0,-0.11428571492433548,0,58.69906997680664,0.0,,0.078125,1,0,,,,,0,0.0078125,996,0.47487595677375793,-0.11428571492433548,0.00354766845703125,0
553.3663332425931,0.0011950032785534859,0,366,,1.0,0.06322956509096787,,0.4375,,,,0,,,,3e-06,0.00046867966739227995,0.049557351645586695,,0,,0.1171875,,89.7670669555664,,-0.00012030543439323083,3.7734375,,45,0.171875,207.01301759999478,,52.041017438008566,,0.125,4096,,4.010086166772453e-05,,,,0.171875,55.48058698499517,,0,0.0029297516448423266,0.0361328125,0.27987651992589235,,0.5625,-0.00012030543439323083,0.125,0.1513671875,0.00017000274965539575,37,1465.739949679414,0,55601.44805908203,0.0012275013432372361,1213709.0,366,0,,76.74229221699352,0.0,0.045711605487802405,,0.0002732586062847986,0,,0.0703125,0.03125,,0,0.0005174988473299891,0,1025.5048828125,37.08662465214729,22.523042426008033,0.5625,205.0,,,,49.40678405761719,,0.0007800044841133058,0,,,1780384456.3606832,0.22400209000625182,0.046875,,0,0.1171875,1,0,21,,207.01301759999478,,242,0,,0.1513671875,,0.046875,21432,0.0703125,,,,190.13741540908813,0,,159.7578125,795,0,,,,0.00036249912227503955,84585.513810151,20550.10414123535,,,0,0,-0.0714285746216774,0,55.69689178466797,0.0,,0.1171875,1,0,,,,,0,0.03125,987,0.4764139652252197,-0.0714285746216774,0.0037689208984375,0
565.173818715266,0.0009772484190762043,0,367,,1.0,0.060850459796891354,,0.5,,,,0,,,,3e-06,0.0016858692542882636,0.048867576088730796,,0,,0.1015625,,89.76210403442383,,-0.00029491240275092423,3.015625,,44,0.171875,212.70389187100227,,54.11649130399746,,0.125,4096,,5.5093067373945814e-05,,,,0.171875,58.834530231993995,,0,0.0036925011954735965,0.0400390625,0.2738112525548786,,0.5,-0.00029491240275092423,0.125,0.1787109375,0.0002324959496036172,41,1494.4848785032348,0,55554.55017089844,0.0011550000635907054,1271531.0,367,0,,77.37324599600106,0.0,0.04627062197617989,,0.0002921436389442533,0,,0.1171875,0.015625,,0,0.0006674999895039946,0,1081.4560546875,37.59745880961418,22.170334602997173,0.5,205.0,,,,50.96487808227539,,0.0006650006980635226,0,,,1780384669.0805135,0.20626616501249373,0.09375,,0,0.21875,1,0,157,,212.70389187100227,,226,0,,0.1787109375,,0.09375,21496,0.1171875,,,,190.13741540908813,0,,160.2734375,746,0,,,,0.00041750172385945916,84793.838473642,21215.64292907715,,,0,0,-0.14821428060531616,0,61.28998947143555,0.0,,0.1015625,1,0,,,,,0,0.015625,983,0.4292588531970978,-0.14821428060531616,0.00370025634765625,0
573.1312365423946,0.0009325012797489762,0,368,,1.0,0.0653012355785577,,0.5234375,,,,0,,,,3e-06,0.0010160347283090232,0.05174626333618754,,0,,0.078125,,89.75763320922852,,-0.0009337807423435152,3.671875,,38,0.1640625,208.302386484007,,52.28778798200074,,0.125,4096,,6.146606307311231e-05,,,,0.1640625,57.543988827004796,,0,0.0037224999687168747,0.02734375,0.2861937682610005,,0.4765625,-0.0009337807423435152,0.125,0.2373046875,0.00017750426195561886,28,1403.307254103126,0,54729.71725463867,0.0012000018614344299,1169249.0,368,0,,76.353404398993,0.0,0.049214486244593576,,0.00015582250080115045,0,,0.0703125,0.0390625,,0,0.0005500005499925464,0,986.7822265625,37.89858520030975,21.903838647995144,0.4765625,205.0,,,,49.624549865722656,,0.0007150010787881911,0,,,1780384877.4050922,0.21121606501401402,0.171875,,0,0.1484375,1,0,3,,208.302386484007,,224,0,,0.2373046875,,0.171875,21563,0.0703125,,,,190.13741540908813,0,,155.0625,1007,0,,,,0.00039749647839926183,85172.750139579,21012.36343383789,,,0,0,-0.08749999850988388,0,57.4354133605957,0.0,,0.078125,1,0,,,,,0,0.0390625,996,0.4097251296043396,-0.08749999850988388,0.0037841796875,0
562.6490195681981,0.0011699958122335374,0,369,,0.9921875,0.06251369992616496,,0.5390625,,,,0,,,,3e-06,-0.0003706073039211333,0.05309633377981884,,0,,0.1796875,,89.8209457397461,,-0.0007348252693191171,3.4921875,,45,0.1171875,378.8634319499979,,56.44761507899966,,0.1071428582072258,4096,,-0.0001352295896879241,,,,0.1171875,221.23836145900714,,0,0.002927499735960737,0.0517578125,0.23010725271888077,,0.4609375,-0.0007348252693191171,0.1071428582072258,0.21875,0.00020749939722009003,53,830.270813894531,0,56094.1276550293,0.0011650045053102076,1258237.0,369,0,,78.65705025399802,0.0,0.17583202644573886,,0.0003742290764421341,0,,0.1171875,0.03125,,0,0.00045250271796248853,0,1038.2001953125,36.642447113990784,22.314417098998092,0.4609375,205.0,,,,51.30108642578125,,0.0005474976205732673,0,,,1780385256.3166833,0.2038434989954112,0.09375,,0,0.1953125,1,0,2,,378.8634319499979,,185,0,,0.21875,,0.09375,21632,0.1171875,,,,190.13741540908813,0,,190.546875,811,0,,,,0.0003899949660990387,85394.138948472,21963.394165039062,,,0,0,-0.125,0,60.18448257446289,0.0,,0.1796875,1,0,,,,,0,0.03125,971,0.5000379085540771,-0.125,0.004730224609375,0
545.8098924063961,0.0008850038284435868,0,370,,1.0,0.06466554458293398,,0.5234375,,,,0,,,,3e-06,0.0013157320609025192,0.049936704496225726,,0,,0.109375,,89.7759780883789,,-0.0012483494356274605,3.421875,,37,0.1796875,221.35793815499346,,51.66346580100071,,0.125,4096,,-5.5565384158740017e-05,,10.901053320994833,,0.1796875,60.13175267299812,,0,0.0034125005186069757,0.0400390625,0.31751825008541346,,0.4765625,-0.0012483494356274605,0.125,0.1982421875,0.00017249840311706066,41,1332.6233179559708,0,55245.765686035156,0.0011949996405746788,1179947.0,370,0,,76.3019153339992,0.0,0.0509614013790434,,0.0002596186300252157,0,,0.1015625,0.0078125,,0,0.0005325018719304353,0,1010.3310546875,37.20613941550255,22.098328792999382,0.4765625,205.0,,,,49.275760650634766,,0.0006850023055449128,0,,,1780385477.705519,0.2590837639872916,0.125,,0,0.1953125,1,0,2,,221.35793815499346,,219,0,,0.1982421875,,0.125,21699,0.1015625,,,,190.13741540908813,0,,141.9609375,769,0,,,,0.0003774948709178716,85607.037597409,20472.808837890625,,,0,0,-0.07232142984867096,0,53.43614959716797,0.0,,0.109375,1,0,,,,,0,0.0078125,983,0.4290141761302948,-0.07232142984867096,0.00359344482421875,0
560.3382894478273,0.0010474977898411453,0,371,,1.0,0.06474277396601547,,0.40625,,,,0,,,,3e-06,0.0013866526333004003,0.053144762768452786,,0,,0.09375,,89.78690719604492,,-0.0010061025386676192,3.34375,,40,0.140625,212.87607197399484,,54.13033239399374,,0.125,4096,,-7.619552178539379e-06,,,,0.140625,60.0167956600053,,0,0.003939996531698853,0.0322265625,0.2780967624858022,,0.59375,-0.0010061025386676192,0.125,0.14453125,0.0003325039870105684,33,1386.0940182889394,0,55338.46664428711,0.0012800046533811837,1180265.0,371,0,,76.41363011499925,0.0,0.050850271472936415,,0.00039749449661030667,0,,0.1015625,0.03125,,0,0.00047000139602459967,0,994.6728515625,37.36044839024544,22.09579321599449,0.59375,205.0,,,,50.502197265625,,0.0006200025381986052,0,,,1780385690.6042116,0.21732928699930198,0.0390625,,0,0.21875,1,0,11,,212.87607197399484,,238,0,,0.14453125,,0.0390625,21751,0.1015625,,,,190.13741540908813,0,,157.9296875,747,0,,,,0.0003724962880369276,85819.125514655,20477.1785736084,,,0,0,-0.0892857164144516,0,57.65497589111328,0.0,,0.09375,1,0,,,,,0,0.03125,991,0.5398925542831421,-0.0892857164144516,0.00356292724609375,0
608.8661161840573,0.0017500000240033842,0,372,,0.9921875,0.061739863746724036,,0.5,,,,0,,,,3e-06,0.00034344780397077546,0.04963098977911366,,0,,0.1171875,,89.10418701171875,,-0.0007586637511849403,3.3203125,,42,0.1484375,218.314036514,,53.76386156000001,,0.125,4096,,-9.786191867533489e-06,,,,0.1484375,64.55253184399999,,0,0.0061625005400856026,0.0458984375,0.26598674594424665,,0.5,-0.0007586637511849403,0.125,0.208984375,0.0006650000159424962,47,1436.6552192803545,0,55827.369689941406,0.0017249999473278876,1254568.0,372,0,,77.45685738100008,0.0,0.0514539920068103,,0.00017235672498827626,0,,0.0859375,0.0,,0,0.0009249999948224286,0,1057.8828125,35.88370978832245,22.34196599699999,0.5,203.705078125,,,,48.59596252441406,,0.0009125000133280992,0,,,1780386924.8550727,0.19647167099992657,0.1484375,,0,0.21875,1,0,229,,218.314036514,,208,0,,0.208984375,,0.1484375,121,0.0859375,,,,190.13781070709229,0,,167.28125,732,0,,,,0.0008149999644047057,641.5071905,20984.458923339844,,,0,0,-0.1339285671710968,0,62.60795974731445,0.0,,0.1171875,1,0,,,,,0,0.0,977,0.6269280910491943,-0.1339285671710968,0.0033111572265625,0
521.9094200768159,0.001255000142919016,0,373,,1.0,0.06241979477310973,,0.4296875,,,,0,,,,3e-06,0.0009691907980595715,0.051917297987946955,,0,,0.09375,,89.15958404541016,,-0.0006915985723026097,3.2890625,,39,0.140625,216.90561068599993,,56.11668055300004,,0.125,4096,,5.837865086277816e-05,,,,0.140625,61.01659264399996,,0,0.0037722497836512048,0.037109375,0.22800950682722032,,0.5703125,-0.0006915985723026097,0.125,0.189453125,0.0002025000469529914,38,1426.074221970161,0,55740.814208984375,0.001112499944611045,1237294.0,373,0,,77.23163755400003,0.0,0.04931454661866942,,0.00020250739271432394,0,,0.0546875,0.046875,,0,0.0005774999749519338,0,1055.552734375,35.97298264503479,22.344437291000077,0.5703125,204.240234375,,,,48.11023712158203,,0.0006749999670319085,0,,,1780387141.7830656,0.19376856600001702,0.09375,,0,0.1953125,1,0,40,,216.90561068599993,,224,0,,0.189453125,,0.09375,176,0.0546875,,,,190.13781070709229,0,,152.7421875,814,0,,,,0.0004125000145904778,851.951534076,20932.70492553711,,,0,0,-0.15625,0,57.874481201171875,0.0,,0.09375,1,0,,,,,0,0.046875,986,0.5973677635192871,-0.15625,0.003936767578125,0
515.7777612432692,0.0014024999472894706,0,374,,1.0,0.06152183589507267,,0.4921875,,,,0,,,,3e-06,0.0009536671077512437,0.04893287356680636,,0,,0.15625,,89.19780349731445,,-0.000451263360446319,3.6640625,,41,0.1328125,210.42074187100013,,52.66914312799986,,0.125,4096,,-3.6155007308025233e-06,,,,0.1328125,59.15397322400008,,0,0.005287500243866816,0.041015625,0.2314947487320751,,0.5078125,-0.000451263360446319,0.125,0.1728515625,0.00023999996301427018,42,1472.1303006806459,0,55176.12838745117,0.00130249986796116,1239067.0,374,0,,76.22967663700001,0.0,0.04774073817154365,,0.0002605169368052884,0,,0.125,0.015625,,0,0.0006875000053696567,0,1051.1279296875,37.42990642786026,22.16853054000012,0.5078125,204.240234375,,,,48.65970993041992,,0.0006325000185825047,0,,,1780387352.2273362,0.19718861000001198,0.0625,,0,0.140625,1,0,139,,210.42074187100013,,242,0,,0.1728515625,,0.0625,239,0.125,,,,190.13781070709229,0,,158.8984375,741,0,,,,0.00035250002383691026,1104.382423121,20500.099182128906,,,0,0,-0.0803571417927742,0,59.89820861816406,0.0,,0.15625,1,0,,,,,0,0.015625,982,0.6249172687530518,-0.0803571417927742,0.00394439697265625,0
591.6444278982381,0.0009699999736767495,0,375,,1.0,0.06149306503414201,,0.3984375,,,,0,,,,3e-06,-0.00013609989582619164,0.04748973772452575,,0,,0.1171875,,89.17354583740234,,-0.0006981735350564122,3.703125,,45,0.125,252.408286977,,51.894315919000064,,0.125,4096,,7.535957414006589e-05,,,,0.125,100.96803228199997,,0,0.003950000063923653,0.0419921875,0.25407649809494615,,0.6015625,-0.0006981735350564122,0.125,0.1513671875,0.00018999992335011484,43,1242.2056492486347,0,55422.935485839844,0.0013549999948736513,1254172.0,375,0,,77.12288035999995,0.0,0.08050572990148079,,0.00019072528084507212,0,,0.0625,0.0078125,,0,0.0005750000013904355,0,1067.13671875,35.01549735665321,22.224180925000155,0.6015625,204.240234375,,,,49.606197357177734,,0.0005874999828847649,0,,,1780387604.6582072,0.1969018249999408,0.0859375,,0,0.1796875,1,0,4,,252.408286977,,213,0,,0.1513671875,,0.0859375,290,0.0625,,,,190.13781070709229,0,,157.640625,722,0,,,,0.0004024999498142279,1308.466705228,21073.022842407227,,,0,0,-0.1160714253783226,0,62.25117492675781,0.0,,0.1171875,1,0,,,,,0,0.0078125,981,0.5564191341400146,-0.1160714253783226,0.0042266845703125,0
594.2768504853593,0.0010899999551838846,0,376,,1.0,0.06574092482106983,,0.515625,,,,0,,,,3e-06,0.0012507547908171546,0.052328198645487066,,0,,0.1015625,,89.17752456665039,,-0.0006569076795130968,3.2421875,,41,0.1953125,204.05531437700006,,52.09204148499998,,0.1071428582072258,4096,,-5.0667834713635784e-05,,,,0.1953125,54.13265411400016,,0,0.004552250175038353,0.0283203125,0.26320875622332096,,0.484375,-0.0006569076795130968,0.1071428582072258,0.1904296875,0.00020749990881085978,29,1412.3903162234176,0,54530.01403808594,0.0013824999314238084,1152823.0,376,0,,75.78765017500018,0.0,0.046956604885572344,,0.0002773301694105612,0,,0.09375,0.0234375,,0,0.0005899999564462632,0,972.1552734375,35.716358572244644,21.85530064300019,0.484375,204.240234375,,,,48.44417953491211,,0.0006349999353005842,0,,,1780387808.74244,0.18541845799995826,0.1015625,,0,0.203125,1,0,3,,204.05531437700006,,243,0,,0.1904296875,,0.1015625,356,0.09375,,,,190.13781070709229,0,,153.6484375,709,0,,,,0.00042749996964630554,1519.796372563,20627.370834350586,,,0,0,-0.125,0,55.16083526611328,0.0,,0.1015625,1,0,,,,,0,0.0234375,995,0.6725106239318848,-0.125,0.00319671630859375,0
562.2814428985148,0.00110500002392655,0,377,,1.0,0.06376527463731294,,0.5,,,,0,,,,3e-06,0.0019803776558546815,0.05001501739435429,,0,,0.0859375,,89.15614700317383,,-0.0013309356290847063,3.515625,,35,0.125,211.30011489999993,,52.47530611499997,,0.125,4096,,-8.023448998528693e-06,,,,0.125,58.974129178999874,,0,0.0036624999211198883,0.0361328125,0.2596517442725599,,0.5,-0.0013309356290847063,0.125,0.224609375,0.00017499991145086824,37,1436.4201843602505,0,55683.16650390625,0.0013924999393566395,1214063.0,377,0,,77.41506062200006,0.0,0.04857583929252425,,0.00032297197913067066,0,,0.1015625,0.03125,,0,0.0006374999657055014,0,1024.6005859375,37.573978304862976,22.239341765999825,0.5,204.240234375,,,,48.45851516723633,,0.0006199999802447564,0,,,1780388020.0722432,0.1938063710001643,0.15625,,0,0.140625,1,0,59,,211.30011489999993,,230,0,,0.224609375,,0.15625,420,0.1015625,,,,190.13781070709229,0,,161.0078125,735,0,,,,0.0003649999484878208,1727.596650824,21131.771087646484,,,0,0,-0.1071428582072258,0,67.01837921142578,0.0,,0.0859375,1,0,,,,,0,0.03125,987,0.7254940271377563,-0.1071428582072258,0.0040283203125,0
548.9831840175175,0.00099249996310391,0,378,,1.0,0.06352457945265108,,0.46875,,,,0,,,,3e-06,0.0007295366376638412,0.04970331645186472,,0,,0.109375,,89.1870002746582,,-0.0004502802330534905,3.5390625,,51,0.15625,207.76974440900017,,52.38317016499991,,0.125,4096,,-3.731130404105443e-05,,,,0.15625,56.83664920599995,,0,0.0033250000797124812,0.0341796875,0.27970923110842705,,0.53125,-0.0004502802330534905,0.125,0.2001953125,0.0001874999497886165,35,1446.106847051523,0,54997.11990356445,0.0014174999023452983,1201829.0,378,0,,76.3456817990002,0.0,0.04729179376267335,,0.0003041761860913539,0,,0.0546875,0.03125,,0,0.0005024999154557008,0,1029.2158203125,36.403585225343704,22.013719088000016,0.53125,204.240234375,,,,48.49833679199219,,0.0006372500251927704,0,,,1780388227.872521,0.18867773400006627,0.1171875,,0,0.1484375,1,0,6,,207.76974440900017,,231,0,,0.2001953125,,0.1171875,480,0.0546875,,,,190.13781070709229,0,,144.4453125,734,0,,,,0.0004000000330961484,1935.051300421,20762.887954711914,,,0,0,-0.09375,0,56.14268493652344,0.0,,0.109375,1,0,,,,,0,0.03125,989,0.5232000350952148,-0.09375,0.0037841796875,0
574.927224077328,0.0011450000556578743,0,379,,1.0,0.0635544777981503,,0.453125,,,,0,,,,3e-06,0.00026654990688257385,0.04939793302404397,,0,,0.1015625,,89.19021606445312,,-0.0003111627884209156,3.125,,45,0.1328125,207.41155908100018,,50.98074159400039,,0.1205357164144516,4096,,6.526884030222391e-05,,,,0.1328125,58.836580833000426,,0,0.003152499857606017,0.02734375,0.2798240166157484,,0.546875,-0.0003111627884209156,0.1205357164144516,0.1806640625,0.0002325001560166129,28,1431.7837507022705,0,54622.344970703125,0.0013349999790079892,1187874.0,379,0,,75.49471175999997,0.0,0.04953099472923932,,0.00025465099406574154,0,,0.1015625,0.015625,,0,0.0005724999709855183,0,1007.853515625,36.656081676483154,21.910246858999926,0.546875,204.240234375,,,,48.8365592956543,,0.0007400000185953104,0,,,1780388435.3272076,0.18719899999996414,0.1015625,,0,0.1796875,1,0,5,,207.41155908100018,,233,0,,0.1806640625,,0.1015625,538,0.1015625,,,,190.13781070709229,0,,152.1796875,742,0,,,,0.0003425000159040792,2157.150808528,20260.496139526367,,,0,0,-0.0892857164144516,0,63.146827697753906,0.0,,0.1015625,1,0,,,,,0,0.015625,996,0.5457192063331604,-0.0892857164144516,0.0030517578125,0
532.8068057932687,0.0013949999129181379,0,380,,1.0,0.0619144790841125,,0.484375,,,,0,,,,3e-06,0.000985175673122285,0.04932552027403887,,0,,0.1328125,,89.18672561645508,,-0.0013791578821837902,3.5390625,,30,0.1171875,222.076371354,,53.062421690000065,,0.125,4096,,4.374052019784358e-05,,7.776301050999791,,0.1171875,61.60476445700033,,0,0.0037924999105598545,0.0439453125,0.2498019894119352,,0.515625,-0.0013791578821837902,0.125,0.19140625,0.0002575001190052717,45,1404.5438427251293,0,55741.416931152344,0.0011024998229913763,1247664.0,380,0,,77.24846663200015,0.0,0.04937608559435901,,0.00020244228835508693,0,,0.1171875,0.015625,,0,0.0005899998996028444,0,1050.546875,37.081945687532425,22.184230048000245,0.515625,204.240234375,,,,49.4259033203125,,0.0006999999868639861,0,,,1780388657.4266531,0.19817669399981241,0.1015625,,0,0.1875,1,0,51,,222.076371354,,215,0,,0.19140625,,0.1015625,600,0.1171875,,,,190.13781070709229,0,,167.875,812,0,,,,0.00031000001854408765,2371.488200831,20936.90299987793,,,0,0,-0.09642857313156128,0,57.83857727050781,0.0,,0.1328125,1,0,,,,,0,0.015625,979,0.6311107277870178,-0.09642857313156128,0.00439453125,0
581.7868392788514,0.0010274999340253999,0,381,,1.0,0.06216995164279731,,0.4296875,,,,0,,,,3e-06,0.0008259417227236554,0.05172126204548624,,0,,0.1171875,,89.15990829467773,,-0.0007444607326760888,3.390625,,55,0.109375,214.31152239599987,,54.736663344000135,,0.125,4096,,-1.815131355442645e-05,,,,0.109375,60.386095622000084,,0,0.003794999884121353,0.0419921875,0.23391674039885402,,0.5703125,-0.0007444607326760888,0.125,0.1689453125,0.00026249995244143065,43,1440.6563237859898,0,55665.22979736328,0.0013124999895808287,1234997.0,381,0,,76.77970376899975,0.0,0.048895742760508794,,0.00023319644174080167,0,,0.09375,0.0078125,,0,0.000617500063526677,0,1033.4970703125,36.65287420153618,22.21536458599985,0.5703125,204.240234375,,,,51.02825927734375,,0.0005824998652315116,0,,,1780388871.7640483,0.19179702800011,0.1015625,,0,0.1953125,1,0,2,,214.31152239599987,,195,0,,0.1689453125,,0.1015625,655,0.09375,,,,190.13781070709229,0,,172.5546875,760,0,,,,0.0003549999973984086,2585.807180124,20495.792388916016,,,0,0,-0.13124999403953552,0,65.1569595336914,0.0,,0.1171875,1,0,,,,,0,0.0078125,981,0.7322540283203125,-0.13124999403953552,0.0036773681640625,0
532.3217948430392,0.0010650001058820635,0,382,,1.0,0.0658242061022859,,0.484375,,,,0,,,,3e-06,0.0008112135092233075,0.051683407949912046,,0,,0.1015625,,89.17829132080078,,-0.0007224599830806255,3.4375,,39,0.1953125,214.29617728799985,,51.69178066199993,,0.125,4096,,-4.1567699895495025e-06,,,,0.1953125,64.70092910700032,,0,0.0036800001907977276,0.0263671875,0.27335149934515357,,0.515625,-0.0007224599830806255,0.125,0.185546875,0.00015750003967696102,27,1342.322124642529,0,54868.25180053711,0.0012250000054336851,1150618.0,382,0,,75.738516377,0.0,0.05623145918715014,,0.00027092070422440884,0,,0.0703125,0.03125,,0,0.0004974999683327042,0,976.720703125,37.52525895833969,21.98032084999977,0.515625,204.240234375,,,,48.82017517089844,,0.0006074998282201705,0,,,1780389086.0830958,0.18276801699994394,0.0859375,,0,0.1796875,1,0,3,,214.29617728799985,,227,0,,0.185546875,,0.0859375,717,0.0703125,,,,190.13781070709229,0,,146.9296875,732,0,,,,0.00037249992601573467,2811.939258473,20300.13656616211,,,0,0,-0.09464285522699356,0,57.12864303588867,0.0,,0.1015625,1,0,,,,,0,0.03125,997,0.5680826902389526,-0.09464285522699356,0.00348663330078125,0
552.9305152185698,0.0010399999155197293,0,383,,1.0,0.059360606593748304,,0.4453125,,,,0,,,,3e-06,0.0007282244769157842,0.04975175274790158,,0,,0.0859375,,89.2249641418457,,-5.418527507572435e-05,3.5703125,,43,0.1796875,226.10882291000007,,57.27630733699971,,0.125,4096,,-2.9296059382843964e-06,,,,0.1796875,67.88221707399998,,0,0.003800000058618025,0.048828125,0.2892439952120185,,0.5546875,-5.418527507572435e-05,0.125,0.15625,0.00017000013485812815,50,1457.6719995185256,0,56403.99169921875,0.001304999955209496,1318370.0,383,0,,78.25924291499996,0.0,0.05148950376146301,,0.00017473476509621833,0,,0.078125,0.0234375,,0,0.0004975000820195419,0,1124.259765625,36.988042294979095,22.487193831999775,0.5546875,204.240234375,,,,51.537132263183594,,0.0006599999551326619,0,,,1780389312.2151928,0.20169585899975573,0.078125,,0,0.1875,1,0,17,,226.10882291000007,,238,0,,0.15625,,0.078125,774,0.078125,,,,190.13781070709229,0,,163.2109375,768,0,,,,0.00031249987841874827,3026.627727166,21265.03562927246,,,0,0,-0.0892857164144516,0,67.9626235961914,0.0,,0.0859375,1,0,,,,,0,0.0234375,974,0.5298877954483032,-0.0892857164144516,0.0038604736328125,0
564.7491558129404,0.0011150001455462188,0,384,,1.0,0.06349604535751212,,0.40625,,,,0,,,,3e-06,0.00015067250933498144,0.048806773178228534,,0,,0.09375,,89.19585037231445,,-0.00040916065336205065,3.7578125,,41,0.09375,214.6565122840002,,52.00434892300018,,0.125,4096,,-1.8316558993092258e-05,,,,0.09375,63.998837748999904,,0,0.004365000222605886,0.0341796875,0.2732139837462455,,0.59375,-0.00040916065336205065,0.125,0.173828125,0.00025500003175693564,35,1400.4827843390217,0,55261.573791503906,0.001324999971075158,1202491.0,384,0,,76.3534230780001,0.0,0.05322188502782965,,9.420103469892638e-05,0,,0.078125,0.0078125,,0,0.0004825000132768764,0,1040.5419921875,37.112824618816376,22.105564974000117,0.59375,204.240234375,,,,49.077125549316406,,0.0006000001349093509,0,,,1780389526.9036212,0.19211929900029645,0.1328125,,0,0.1640625,1,0,139,,214.6565122840002,,233,0,,0.173828125,,0.1328125,826,0.078125,,,,190.13781070709229,0,,133.765625,720,0,,,,0.0018175001059717033,3236.668982984,20489.704132080078,,,0,0,-0.1875,0,55.88744354248047,0.0,,0.09375,1,0,,,,,0,0.0078125,989,0.6004145741462708,-0.1875,0.00457763671875,0
580.9230178675789,0.0011375000212865416,0,385,,1.0,0.062086246082721314,,0.4453125,,,,0,,,,3e-06,2.1664971427526325e-05,0.048592333379105214,,0,,0.1171875,,89.19967651367188,,-0.00025204429402947426,3.5546875,,52,0.1484375,210.01109906600004,,52.37340002400015,,0.125,4096,,-5.8627977921332786e-05,,,,0.1484375,58.654701366000154,,0,0.003557499894668581,0.0322265625,0.30628626700490713,,0.5546875,-0.00025204429402947426,0.125,0.177734375,0.00017249999473278876,33,1468.9937882904292,0,55377.296447753906,0.0010724999128797208,1234020.0,385,0,,76.61566939099976,0.0,0.04753140254290867,,0.00013628448868985288,0,,0.0546875,0.015625,,0,0.0004974999683327042,0,1052.55078125,34.23432260751724,22.174847169999794,0.5546875,204.240234375,,,,49.20830535888672,,0.0006199999234013376,0,,,1780389736.94491,0.19061969699987458,0.109375,,0,0.1875,1,0,151,,210.01109906600004,,210,0,,0.177734375,,0.109375,883,0.0546875,,,,190.13781070709229,0,,152.546875,768,0,,,,0.0003425001295909169,3460.935212916,20622.901916503906,,,0,0,-0.21875,0,51.863983154296875,0.0,,0.1171875,1,0,,,,,0,0.015625,991,0.6195997595787048,-0.21875,0.0035552978515625,0
565.1155419313873,0.0011074999974880484,0,386,,1.0,0.06123636723220109,,0.4375,,,,0,,,,3e-06,0.00018014897068496794,0.052132254181001945,,0,,0.078125,,89.20861053466797,,7.654034561710432e-05,3.3984375,,47,0.1484375,224.2339560979999,,57.48759212399955,,0.125,4096,,-4.2155732501214516e-05,,,,0.1484375,66.0725490650002,,0,0.004002500190836145,0.05859375,0.24655950255692005,,0.5625,7.654034561710432e-05,0.125,0.1787109375,0.00019000015072379028,60,1421.2633338222706,0,56243.99948120117,0.001204999989568023,1274782.0,386,0,,78.06301869299978,0.0,0.05183046910373711,,0.00015239052481774706,0,,0.09375,0.0546875,,0,0.0005074999762655352,0,1076.880859375,36.953359842300415,22.413147054000092,0.5625,204.240234375,,,,51.07240676879883,,0.0006424997991416603,0,,,1780389961.2110898,0.19524575300010838,0.0625,,0,0.2265625,1,0,2,,224.2339560979999,,183,0,,0.1787109375,,0.0625,939,0.09375,,,,190.13781070709229,0,,168.0234375,862,0,,,,0.0003099997911704122,3672.784939714,21216.69578552246,,,0,0,-0.08749999850988388,0,58.58851623535156,0.0,,0.078125,1,0,,,,,0,0.0546875,964,0.5990413427352905,-0.08749999850988388,0.0044097900390625,0
537.5108596101636,0.0011900000345121953,0,387,,1.0,0.060828976871291886,,0.4609375,,,,0,,,,3e-06,0.000373069005945581,0.047927263881430184,,0,,0.109375,,89.22031784057617,,-0.0005637843860313296,3.2734375,,41,0.140625,211.80509373799987,,53.724449866000214,,0.1071428582072258,4096,,2.4753193841320353e-05,,,,0.140625,58.087747527000374,,0,0.0039450001168006565,0.0390625,0.2795335021801293,,0.5390625,-0.0005637843860313296,0.1071428582072258,0.177734375,0.0001749999682942871,40,1506.0898412320325,0,55481.70471191406,0.0011724998785211938,1275990.0,387,0,,77.61716619799972,0.0,0.045523669877507174,,0.00010191343153564958,0,,0.0859375,0.015625,,0,0.000610000142842182,0,1094.685546875,35.9983816742897,22.174881664000168,0.5390625,204.240234375,,,,50.27882385253906,,0.0006924999524926534,0,,,1780390173.0608454,0.1987156679997497,0.109375,,0,0.2265625,1,0,47,,211.80509373799987,,226,0,,0.177734375,,0.109375,998,0.0859375,,,,190.13781070709229,0,,151.3984375,633,0,,,,0.00034500010315241525,3884.424554557,21561.664581298828,,,0,0,-0.0714285746216774,0,58.24125289916992,0.0,,0.109375,1,0,,,,,0,0.015625,984,0.5906903743743896,-0.0714285746216774,0.00322723388671875,0
523.5485356672289,0.0010599999313853914,0,388,,1.0,0.06695655614208464,,0.4921875,,,,0,,,,3e-06,0.0011128678197565023,0.05144226194414025,,0,,0.140625,,89.24983215332031,,-0.0003734119236469269,3.3359375,,39,0.1015625,211.6154290770005,,51.35228942799995,,0.125,4096,,-1.269028075512324e-06,,,,0.1015625,61.15360639000028,,0,0.004302500201447401,0.02734375,0.28067376115359366,,0.5078125,-0.0003734119236469269,0.125,0.2265625,0.00017999991541728377,28,1357.1257599345493,0,55393.310546875,0.0011950000953220297,1148755.0,388,0,,76.91667865100044,0.0,0.053234681363737504,,0.0003184582383255474,0,,0.09375,0.046875,,0,0.0006575000952580012,0,974.8544921875,37.59365901350975,22.00425023300022,0.5078125,204.240234375,,,,48.038551330566406,,0.0005375000000640284,0,,,1780390384.7004428,0.18662312900005418,0.109375,,0,0.171875,1,0,3,,211.6154290770005,,240,0,,0.2265625,,0.109375,1061,0.09375,,,,190.13781070709229,0,,146.9765625,739,0,,,,0.0003524996827763971,4099.519980142,20961.936950683594,,,0,0,-0.1071428582072258,0,57.82052993774414,0.0,,0.140625,1,0,,,,,0,0.046875,996,0.6480611562728882,-0.1071428582072258,0.0034637451171875,0
550.2128403854877,0.0010174996987188933,0,389,,1.0,0.0628736058885482,,0.5,,,,0,,,,3e-06,-0.00036940899190085474,0.05048224839463744,,0,,0.0859375,,89.20170211791992,,-0.001007363316603005,3.5390625,,52,0.21875,215.07224868499998,,53.77268134499991,,0.125,4096,,1.4125272969067737e-06,,,,0.21875,61.24696572799985,,0,0.004747499588120263,0.04296875,0.22859699674881995,,0.5,-0.001007363316603005,0.125,0.19140625,0.00017249999473278876,44,1434.7039280364422,0,55768.50509643555,0.0011049999102397123,1234260.0,389,0,,77.6023768039995,0.0,0.04962241807074672,,0.00022408011682273354,0,,0.0625,0.0390625,,0,0.000639999825580162,0,1040.21484375,36.94457560777664,22.250944535999224,0.5,204.240234375,,,,49.795204162597656,,0.000580000005356851,0,,,1780390599.795884,0.19736842700058332,0.09375,,0,0.171875,1,0,55,,215.07224868499998,,223,0,,0.19140625,,0.09375,1125,0.0625,,,,190.13781070709229,0,,165.1171875,738,0,,,,0.0003049997303605778,4324.705540131,21246.477127075195,,,0,0,-0.13035714626312256,0,63.544898986816406,0.0,,0.0859375,1,0,,,,,0,0.0390625,980,0.6098291277885437,-0.13035714626312256,0.00376129150390625,0
654.0034098215983,0.0009824998414842412,0,390,,1.0,0.06418297048365693,,0.46875,,,,0,,,,3e-06,0.0005108693148940802,0.05244763345144858,,0,,0.109375,,89.25030899047852,,-0.0002010944444919005,3.6328125,,45,0.140625,225.16729302900058,,54.67581871099992,,0.125,4096,,6.584055415714829e-05,,7.788925486000153,,0.140625,62.73174994799956,,0,0.003929750164388679,0.03515625,0.2722592616919428,,0.53125,-0.0002010944444919005,0.125,0.1904296875,0.00025500003175693564,36,1341.4603690292483,0,55701.72119140625,0.0014049996934772935,1208212.0,390,0,,77.5466351340001,0.0,0.05192114459051852,,0.0003128520279460645,0,,0.0859375,0.015625,,0,0.0006425002538890112,0,1018.05078125,35.200171172618866,22.229270073999942,0.53125,204.240234375,,,,49.30117416381836,,0.0006249997568374965,0,,,1780390824.9813888,0.19258697399982339,0.1171875,,0,0.1875,1,0,13,,225.16729302900058,,204,0,,0.1904296875,,0.1171875,1185,0.0859375,,,,190.13781070709229,0,,161.84375,663,0,,,,0.0004225003067404032,4544.063559991,21155.42984008789,,,0,0,-0.15625,0,63.01812744140625,0.0,,0.109375,1,0,,,,,0,0.015625,988,0.5487675070762634,-0.15625,0.00405120849609375,0
561.1713757511898,0.0011550000635907054,0,391,,0.9921875,0.06596423235085067,,0.4765625,,,,0,,,,3e-06,0.0039135291808634065,0.05331612643435754,,0,,0.1015625,,89.27682113647461,,-0.0012227037223055959,3.546875,,36,0.109375,219.33719630199994,,54.357550331999846,,0.125,4096,,-3.0395005381933515e-05,,,,0.109375,66.02258422900013,,0,0.0034199997571704444,0.037109375,0.22094949963502586,,0.5234375,-0.0012227037223055959,0.125,0.228515625,0.00018750006347545423,38,1326.055292507393,0,55176.71585083008,0.0012650002645386849,1163413.0,391,0,,76.74364545200024,2.4198543542297557e-06,0.056749051479569275,,0.0002895485426961386,0,,0.078125,0.0234375,,0,0.0005300003067532089,0,995.6376953125,35.45612096786499,22.03224793500067,0.5234375,204.240234375,,,,49.654579162597656,,0.0005649999366141856,0,,,1780391044.3394897,0.1794322160003503,0.1640625,,0,0.1328125,1,0,12,,219.33719630199994,,199,0,,0.228515625,,0.1640625,1246,0.078125,,,,190.13781070709229,0,,140.5078125,767,0,,,,0.0003324998942844104,4747.000106692,20970.073699951172,,,0,0,-0.1116071417927742,0,52.96906661987305,0.0,,0.1015625,1,0,,,,,0,0.0234375,986,0.5813795924186707,-0.1116071417927742,0.0045166015625,0
524.3761228014191,0.0010125002063432476,0,392,,1.0,0.0641472270035483,,0.4140625,,,,0,,,,3e-06,0.0011000048834830523,0.05100086159032027,,0,,0.125,,89.22156143188477,,-0.0005167251802049577,3.375,,37,0.1484375,202.907438706,,52.743510029999925,,0.125,4096,,6.190487022195157e-05,,,,0.1484375,52.086052255999675,,0,0.0032597495192021597,0.0380859375,0.30364602571353316,,0.5859375,-0.0005167251802049577,0.125,0.17578125,0.00023749998945277184,39,1457.4243895931425,0,54857.84149169922,0.0010624999049468897,1182889.0,392,0,,75.87904920300025,0.0,0.0440329162381252,,0.00015507808620895958,0,,0.015625,0.03125,,0,0.0005924998731643427,0,1009.9306640625,34.5609113574028,22.003166145999785,0.5859375,204.240234375,,,,48.63085174560547,,0.00068250005824666,0,,,1780391247.2760181,0.19327217200043378,0.09375,,0,0.1875,1,0,3,,202.907438706,,213,0,,0.17578125,,0.09375,1299,0.015625,,,,190.13781070709229,0,,145.234375,674,0,,,,0.0003449997620919021,4988.231608547,20461.959838867188,,,0,0,-0.0803571417927742,0,57.445648193359375,0.0,,0.125,1,0,,,,,0,0.03125,985,0.5922123193740845,-0.0803571417927742,0.003265380859375,0
622.8421281198389,0.001064999878508388,0,393,,1.0,0.06494310496424062,,0.515625,,,,0,,,,3e-06,0.00018561330944066867,0.05032076513272185,,0,,0.1171875,,89.24601745605469,,-0.0006616454920731485,3.15625,,44,0.1171875,241.19900012499966,,51.76819162099946,,0.125,4096,,-5.9437490847358276e-05,,,,0.1171875,88.78105415000027,,0,0.0035874998047802364,0.046875,0.2566117618698627,,0.484375,-0.0006616454920731485,0.125,0.216796875,0.00018250011635245755,48,1248.1104807399145,0,55637.59231567383,0.0010250000741507392,1204172.0,393,0,,78.20266859099956,0.0,0.07372788451317608,,6.650546129094437e-05,0,,0.1328125,0.0546875,,0,0.0005425001745607005,0,1004.65234375,36.528561264276505,22.259747001000505,0.484375,204.240234375,,,,48.803714752197266,,0.000852499852044275,0,,,1780391488.5074894,0.18504157999996096,0.09375,,0,0.28125,1,0,58,,241.19900012499966,,164,0,,0.216796875,,0.09375,1365,0.1328125,,,,190.13781070709229,0,,171.296875,750,0,,,,0.00043500017454789486,5356.460961828,21905.441284179688,,,0,0,-0.125,0,55.39655685424805,0.0,,0.1171875,1,0,,,,,0,0.0546875,976,0.6404041051864624,-0.125,0.00379180908203125,0
548.2858276982442,0.0011475001429062104,0,394,,0.9921875,0.06393802539088682,,0.546875,,,,0,,,,3e-06,0.00028955295420018956,0.04929151362107127,,0,,0.15625,,89.39352416992188,,-0.0003602750657591969,3.4453125,,48,0.1328125,368.1972625260005,,52.62776042899986,,0.125,4096,,-3.0411661114726485e-05,,,,0.1328125,214.24141595499987,,0,0.004377499863039702,0.04296875,0.25738950353115797,,0.453125,-0.0003602750657591969,0.125,0.216796875,0.00017750016922946088,44,830.8236674584135,0,55729.52651977539,0.0010600001587590668,1223628.0,394,0,,78.23635813300007,0.0,0.17508704929521052,,0.00023854397750255885,0,,0.140625,0.0390625,,0,0.0004375001481093932,0,1042.66015625,35.96074879169464,22.890501836000112,0.453125,204.240234375,,,,49.03292465209961,,0.0007124997409846401,0,,,1780391856.736794,0.19923930899949482,0.078125,,0,0.2578125,1,0,127,,368.1972625260005,,195,0,,0.216796875,,0.078125,1435,0.140625,,,,190.13781070709229,0,,152.2890625,631,0,,,,0.00032249954529106617,5588.855842225,21922.319412231445,,,0,0,-0.1875,0,64.12295532226562,0.0,,0.15625,1,0,,,,,0,0.0390625,980,0.6366379261016846,-0.1875,0.00469970703125,0
542.729040994338,0.0010375001693319064,0,395,,1.0,0.0612547457439246,,0.484375,,,,0,,,,3e-06,0.0007579470566270174,0.050623411606843784,,0,,0.15625,,89.32307052612305,,-0.0005171881639398634,3.1328125,,38,0.1328125,232.31406768899978,,55.04405040199981,,0.125,4096,,-1.7370035934050065e-05,,,,0.1328125,77.89112143000057,,0,0.004030000127386302,0.037109375,0.2536942483857274,,0.515625,-0.0005171881639398634,0.125,0.2041015625,0.00016249987311311997,38,1351.4592685807736,0,55589.447021484375,0.0012324996987445047,1255852.0,395,0,,76.9268949519992,0.0,0.06202253245605419,,0.00014195595576893538,0,,0.0625,0.0234375,,0,0.0005775002591690281,0,1061.83984375,37.04534098505974,22.25013000799936,0.515625,204.240234375,,,,51.10315704345703,,0.0005525000688066939,0,,,1780392089.1317055,0.1995272379999733,0.109375,,0,0.25,1,0,139,,232.31406768899978,,205,0,,0.2041015625,,0.109375,1497,0.0625,,,,190.13781070709229,0,,164.578125,736,0,,,,0.0003049997303605778,5841.477386633,20757.41195678711,,,0,0,-0.1607142835855484,0,62.93756103515625,0.0,,0.15625,1,0,,,,,0,0.0234375,986,0.8187985420227051,-0.1607142835855484,0.00347900390625,0
586.1895238956495,0.0010799999472510535,0,396,,1.0,0.059023897097337436,,0.4296875,,,,0,,,,3e-06,8.226031422964286e-05,0.047404795702698954,,0,,0.0859375,,89.31879806518555,,-0.0004647241730708629,3.34375,,49,0.1328125,252.604801339,,52.802400550999664,,0.125,4096,,-1.4296314816419908e-06,,,,0.1328125,100.35370457499994,,0,0.003847500011033844,0.0439453125,0.27373648481443524,,0.5703125,-0.0004647241730708629,0.125,0.16796875,0.00023250004232977517,45,1288.6196076817953,0,56132.91931152344,0.0011124998309242073,1302046.0,396,0,,76.85182911999982,0.0,0.0770738549751698,,0.00019066625463892706,0,,0.1015625,0.0234375,,0,0.0005524998414330184,0,1087.755859375,37.090349942445755,22.394724818999748,0.5703125,204.240234375,,,,50.642845153808594,,0.0006949996986804763,0,,,1780392341.753266,0.19986929399965447,0.0859375,,0,0.21875,1,0,2,,252.604801339,,200,0,,0.16796875,,0.0859375,1552,0.1015625,,,,190.13781070709229,0,,183.7734375,1024,0,,,,0.0003199997991032433,6053.615293463,20095.348358154297,,,0,0,-0.1964285671710968,0,59.60580825805664,0.0078125,,0.0859375,1,0,,,,,0,0.0234375,979,0.5651499032974243,-0.1964285671710968,0.00330352783203125,0
554.9953620657179,0.0009625000529922545,0,397,,1.0,0.06655278716759672,,0.484375,,,,0,,,,3e-06,1.3820943877362879e-05,0.05109467670568159,,0,,0.140625,,89.31402587890625,,-2.4433031285298057e-05,3.4296875,,38,0.125,212.1131124530002,,50.2242788880003,,0.1160714253783226,4096,,-2.500911864444788e-05,,,,0.125,63.49044732499988,,0,0.004449750122148544,0.0322265625,0.2405694976914674,,0.515625,-2.4433031285298057e-05,0.1160714253783226,0.20703125,0.00018000014279095922,33,1350.3514548798403,0,54870.60546875,0.0012299999525566818,1145709.0,397,0,,76.25012723300006,0.0,0.05541585806256203,,0.00020400197672643117,0,,0.0859375,0.03125,,0,0.0005849997251061723,0,959.9267578125,34.73223373293877,21.9592620680005,0.515625,204.240234375,,,,47.468605041503906,,0.0006849998044344829,0,,,1780392553.8911867,0.18640773100014485,0.1015625,,0,0.1484375,1,0,20,,212.1131124530002,,217,0,,0.20703125,,0.1015625,1614,0.0859375,,,,190.13781070709229,0,,158.9296875,1024,0,,,,0.0004474998149817111,6267.570651418,20789.5450592041,,,0,0,-0.1071428582072258,0,54.30100631713867,0.0078125,,0.140625,1,0,,,,,0,0.03125,991,0.6105538010597229,-0.1071428582072258,0.0044097900390625,0
529.5873215379979,0.0011150002592330566,0,398,,1.0,0.05933193013066665,,0.421875,,,,0,,,,3e-06,-0.0005131158941367175,0.04866310104774662,,0,,0.1015625,,89.31198120117188,,-0.0007097675115801394,3.625,,47,0.140625,213.93125075900025,,55.36303680000037,,0.125,4096,,-1.818857600710544e-05,,,,0.140625,58.6302350320002,,0,0.0039750002542859875,0.044921875,0.3341185220051557,,0.578125,-0.0007097675115801394,0.125,0.1708984375,0.00022249992071010638,46,1524.3121275785875,0,56109.405517578125,0.0010975002169288928,1304392.0,398,0,,77.39209500700053,0.0,0.0449483246079401,,0.0001344575680377602,0,,0.0625,0.015625,,0,0.0005275001058180351,0,1111.015625,36.64956986904144,22.333077868000146,0.578125,204.240234375,,,,50.223175048828125,,0.000857500481288298,0,,,1780392767.8465414,0.21056101999965904,0.1015625,,0,0.1953125,1,0,227,,213.93125075900025,,237,0,,0.1708984375,,0.1015625,1668,0.0625,,,,190.13781070709229,0,,162.8046875,813,0,,,,0.00045499996303988155,6477.379199403,20716.110229492188,,,0,0,-0.08571428805589676,0,63.779197692871094,0.0,,0.1015625,1,0,,,,,0,0.015625,978,1.8085269927978516,-0.08571428805589676,0.00341796875,0
526.1209347486438,0.0009925004178512609,0,399,,1.0,0.06422889642919487,,0.3984375,,,,0,,,,3e-06,0.0007050558488117531,0.049771828255670544,,0,,0.0703125,,89.29142379760742,,-0.0008479245007038116,3.4296875,,47,0.1171875,209.78593081999952,,52.12927090100038,,0.125,4096,,1.7310518245494677e-06,,,,0.1171875,58.34414234899941,,0,0.003339999693707796,0.037109375,0.280433741863817,,0.6015625,-0.0008479245007038116,0.125,0.1650390625,0.0002174999735871097,38,1427.3371375744036,0,55398.91052246094,0.0011175000054208795,1197741.0,399,0,,76.92958263800028,0.0,0.04871181862272345,,0.0003965551750297891,0,,0.0859375,0.0234375,,0,0.00041249995774705894,0,1022.8173828125,37.724241614341736,22.189107924000382,0.6015625,204.240234375,,,,48.02583312988281,,0.0006899997515574796,0,,,1780392977.6550663,0.19178279400057363,0.1015625,,0,0.1875,1,0,3,,209.78593081999952,,288,0,,0.1650390625,,0.1015625,1719,0.0859375,,,,190.13781070709229,0,,146.8515625,720,0,,,,0.000352500137523748,6771.645202047,20966.53938293457,,,0,0,-0.1071428582072258,0,67.05731964111328,0.0,,0.0703125,1,0,,,,,0,0.0234375,986,0.5886057615280151,-0.1071428582072258,0.00368499755859375,0
578.6484465090762,0.0009799998679227429,0,400,0.0,1.0,0.06358942032147562,0.7939453125,0.4140625,0.1,0.0,0.0,0,0.0,0.19851380042462846,"{'artifact_path': 'wandb-client-artifact://8s396vjx5werobwezdmzvswa3ujfbd0scd91e432r3z5jcu5i0w1yne6rxrt2ixnlkki7wyvrlu85123cjmt9dbrxi6a1l1vbzzxyx749qddiny8hdtdz0g8caem9vrt/val/generations.table.json', 'log_mode': 'IMMUTABLE', '_latest_artifact_path': 'wandb-client-artifact://s7pujgg7e687021o556hqryjfyju7048atp5gqwtnvjyowhhxv0kyids44n9pt9ou7bawaffe95i9o0w4bz66md4ep6e5j37tq0tre9bpnfz2xs2gts42vftepurfwtb:latest/val/generations.table.json', '_type': 'table-file', 'size': 8964, 'nrows': 1, 'sha256': '7b70b4283fcd18e148a3353d4e1dddb7c25b26fd0a947c7697a1bd26b6e1bf42', 'ncols': 13, 'path': 'media/table/val/generations_399_7b70b4283fcd18e148a3.table.json'}",3e-06,0.0016656865118420683,0.05078489487604703,74.55401385599998,0,0.0,0.09375,0.2030360531309298,90.73958206176758,0.0,-0.00043709250167012215,3.53125,0.0,45,0.078125,301.46280793499955,0.0,53.89750108299995,30.0,0.125,4096,0.0,4.431280206063093e-05,0.0,8.112444458000027,0.2060546875,0.078125,65.0396607850007,1054.0,0,0.0032475002171850065,0.0390625,0.303638749755919,0.0,0.5859375,-0.00043709250167012215,0.125,0.177734375,0.00021249957171676215,40,1008.0198684592687,1,55621.559143066406,0.0011550002909643808,1215522.0,400,0,0.0,77.29433936800069,0.0,0.05350759655933887,0.2060546875,0.0002542817692301469,0,0.0,0.109375,0.015625,0.20175438596491227,0,0.0006350001058308408,0,1036.416015625,37.393905222415924,22.34677679000015,0.5859375,204.240234375,0.0,0.0,0.0,49.151512145996094,0.0,0.0006450000000768341,0,1024.0,0.0,1780393280.0694377,0.21384535699962726,0.1171875,0.0,0,0.1640625,1,0,165,0.0,301.46280793499955,0.0,226,0,0.1,0.177734375,0.0,0.1171875,1772,0.109375,0.0,0.7969639468690702,0.0,190.13781070709229,0,0.0,150.6171875,1024,0,0.0,0.0,0.0,0.0003574998572730692,6779.821668198,21056.427001953125,0.0,0.0,0,0,-0.125,0,58.266719818115234,0.0078125,0.1,0.09375,1,0,0.0,0.9,0.0,0.0,0,0.015625,984,0.6627192497253418,-0.125,0.00391387939453125,0
