id	problem	tail
1	In each cell, a strip of length $100$ is worth a chip. You can change any $2$ neighboring chips and pay $1$ rouble, and you can also swap any $2$ chips for free, between which there are exactly $4$ chips. What is the smallest amount of rubles you can spend to rearrange the chips in reverse order?	"
```output
50
```
The smallest amount of rubles you can spend to rearrange the chips in reverse order is \(\boxed{50}\)."
2	In each cell, a strip of length $100$ is worth a chip. You can change any $2$ neighboring chips and pay $1$ rouble, and you can also swap any $2$ chips for free, between which there are exactly $4$ chips. What is the smallest amount of rubles you can spend to rearrange the chips in reverse order?	" amount of rubles needed to rearrange the chips in reverse order is \(n^2\).

So, the final answer is:
\[
\boxed{n^2}
\]"
3	In each cell, a strip of length $100$ is worth a chip. You can change any $2$ neighboring chips and pay $1$ rouble, and you can also swap any $2$ chips for free, between which there are exactly $4$ chips. What is the smallest amount of rubles you can spend to rearrange the chips in reverse order?	"e total cost is just the number of changes.
   - Therefore, the total cost is 49 rubles.

The answer is: \(\boxed{49}\)."
4	In each cell, a strip of length $100$ is worth a chip. You can change any $2$ neighboring chips and pay $1$ rouble, and you can also swap any $2$ chips for free, between which there are exactly $4$ chips. What is the smallest amount of rubles you can spend to rearrange the chips in reverse order?	"### Final Answer
The smallest amount of rubles you can spend to rearrange the chips in reverse order is \(\boxed{100}\)."
5	In each cell, a strip of length $100$ is worth a chip. You can change any $2$ neighboring chips and pay $1$ rouble, and you can also swap any $2$ chips for free, between which there are exactly $4$ chips. What is the smallest amount of rubles you can spend to rearrange the chips in reverse order?	"f chips is even, and it's impossible to get the chips exactly in reverse order if the number of chips is odd.

Answer: 1"
6	In each cell, a strip of length $100$ is worth a chip. You can change any $2$ neighboring chips and pay $1$ rouble, and you can also swap any $2$ chips for free, between which there are exactly $4$ chips. What is the smallest amount of rubles you can spend to rearrange the chips in reverse order?	"rubles.

Therefore, the smallest amount of rubles you can spend to rearrange the chips in reverse order is $\boxed{20}$."
7	In each cell, a strip of length $100$ is worth a chip. You can change any $2$ neighboring chips and pay $1$ rouble, and you can also swap any $2$ chips for free, between which there are exactly $4$ chips. What is the smallest amount of rubles you can spend to rearrange the chips in reverse order?	, 0, 0, 2, 7, 6, 1, 8, 3, 6, 1, 3, 4, 8, 6, 7, 2, 2, 6, 5, 6, 7, 6, 4, 6, 7, 6, 7, 0, 5, 0, 4, 2, 9, 7, 6, 1, 5, 1, 7, 3
8	In each cell, a strip of length $100$ is worth a chip. You can change any $2$ neighboring chips and pay $1$ rouble, and you can also swap any $2$ chips for free, between which there are exactly $4$ chips. What is the smallest amount of rubles you can spend to rearrange the chips in reverse order?	"y spent.

**Answer**: The smallest amount of rubles you can spend to rearrange the chips in reverse order is 450 rubles."
9	Let $A$ be a subset of $\{1,2,\ldots,2020\}$ such that the difference of any two distinct elements in $A$ is not prime. Determine the maximum number of elements in set $A$.	elements in set $A$ such that the difference of any two distinct elements in $A$ is not a prime number is $\boxed{674}$.
10	Let $A$ be a subset of $\{1,2,\ldots,2020\}$ such that the difference of any two distinct elements in $A$ is not prime. Determine the maximum number of elements in set $A$.	 505 \), and 505/4 = 126 with a remainder of 1, which means we can include 510 elements without violating the condition.
11	Let $A$ be a subset of $\{1,2,\ldots,2020\}$ such that the difference of any two distinct elements in $A$ is not prime. Determine the maximum number of elements in set $A$.	 estimation would require a detailed analysis of the overlaps and the specific values of the prime numbers in the range.
12	Let $A$ be a subset of $\{1,2,\ldots,2020\}$ such that the difference of any two distinct elements in $A$ is not prime. Determine the maximum number of elements in set $A$.	"ments in set $A$ is equal to the number of unique binary strings of length $10$, which is $2^{10} = 1024$.

Answer: 1024"
13	Let $A$ be a subset of $\{1,2,\ldots,2020\}$ such that the difference of any two distinct elements in $A$ is not prime. Determine the maximum number of elements in set $A$.	ts in set \(A\) such that the difference of any two distinct elements in \(A\) is not a prime number is \(\boxed{673}\).
14	Let $A$ be a subset of $\{1,2,\ldots,2020\}$ such that the difference of any two distinct elements in $A$ is not prime. Determine the maximum number of elements in set $A$.	n the set \(A\) such that the difference of any two distinct elements in \(A\) is not a prime number is \(\boxed{673}\).
15	Let $A$ be a subset of $\{1,2,\ldots,2020\}$ such that the difference of any two distinct elements in $A$ is not prime. Determine the maximum number of elements in set $A$.	ts in set \(A\) such that the difference of any two distinct elements in \(A\) is not a prime number is \(\boxed{539}\).
16	Let $A$ be a subset of $\{1,2,\ldots,2020\}$ such that the difference of any two distinct elements in $A$ is not prime. Determine the maximum number of elements in set $A$.	" of elements in set $A$ is achieved when $k = 24$. Hence, the maximum number of elements in set $A$ is:
\[
\boxed{24}
\]"
17	"In triangle $ABC$,
\[2a^2 + 4b^2 + c^2 = 4ab + 2ac.\]Compute the numerical value of $\cos B.$The answer is in the form rac{m}{n}, where gcd(m, n) = 1. Please provide the value of m + n."	"(\frac{m}{n}\) where \(m = 1\) and \(n = 2\) gives us \(m + n = 1 + 2 = 3\).

Thus, the final answer is:
\[
\boxed{3}
\]"
18	"In triangle $ABC$,
\[2a^2 + 4b^2 + c^2 = 4ab + 2ac.\]Compute the numerical value of $\cos B.$The answer is in the form rac{m}{n}, where gcd(m, n) = 1. Please provide the value of m + n."	"mplest form. To find the value of $m + n$, we can sum the numerator and denominator of the fraction.


Answer: m + n = 5"
19	"In triangle $ABC$,
\[2a^2 + 4b^2 + c^2 = 4ab + 2ac.\]Compute the numerical value of $\cos B.$The answer is in the form rac{m}{n}, where gcd(m, n) = 1. Please provide the value of m + n."	"2 + 3b^2} = b\sqrt{7}\). Then:
\[2(2b)^2 + 4b^2 + (b\sqrt{7})^2 = 4(2b)b + 2(2b)(b\sqrt{7}).\]
Simplifying:
\[8b^2 + 4b^"
20	"In triangle $ABC$,
\[2a^2 + 4b^2 + c^2 = 4ab + 2ac.\]Compute the numerical value of $\cos B.$The answer is in the form rac{m}{n}, where gcd(m, n) = 1. Please provide the value of m + n."	"en C = 60 degrees
cos_B = cos_C

# Find m and n
m = 1
n = 2

# Calculate m + n
result = m + n
print(result)
```"
21	"In triangle $ABC$,
\[2a^2 + 4b^2 + c^2 = 4ab + 2ac.\]Compute the numerical value of $\cos B.$The answer is in the form rac{m}{n}, where gcd(m, n) = 1. Please provide the value of m + n."	"
cos_B = simplify(cos_B)

# Find m and n
m, n = cos_B.as_numer_denom()

# Compute m + n
result = m + n
print(result)
```"
22	"In triangle $ABC$,
\[2a^2 + 4b^2 + c^2 = 4ab + 2ac.\]Compute the numerical value of $\cos B.$The answer is in the form rac{m}{n}, where gcd(m, n) = 1. Please provide the value of m + n."	"n be expressed as $\frac{1}{2}$ in the form $\frac{m}{n}$, where $\gcd(m, n) = 1$. Thus, $m + n = 1 + 2 = 3$.

Answer: 3"
23	"In triangle $ABC$,
\[2a^2 + 4b^2 + c^2 = 4ab + 2ac.\]Compute the numerical value of $\cos B.$The answer is in the form rac{m}{n}, where gcd(m, n) = 1. Please provide the value of m + n."	" \frac{1}{2}$ and $\gcd(m, n) = 1$. Therefore, $m = 1$ and $n = 2$, so $m + n = 1 + 2 = 3$. 

The answer is $\boxed{3}$."
24	"In triangle $ABC$,
\[2a^2 + 4b^2 + c^2 = 4ab + 2ac.\]Compute the numerical value of $\cos B.$The answer is in the form rac{m}{n}, where gcd(m, n) = 1. Please provide the value of m + n."	r is in the form $\frac{m}{n},$ where $gcd(m, n) = 1.$ Thus, $m = 1$ and $n = 2,$ making the answer $1 + 2 = \boxed{3}.$
25	Three numbers $a, b, c$, none zero, form an arithmetic progression. Increasing $a$ by $1$ or increasing $c$ by $2$ results in a geometric progression. Find the value of $b$.	"sed on the given information and our calculations, we can conclude that the value of $b$ is a specific number.
Answer: 3"
26	Three numbers $a, b, c$, none zero, form an arithmetic progression. Increasing $a$ by $1$ or increasing $c$ by $2$ results in a geometric progression. Find the value of $b$.	"o \(b = \frac{a+c}{2}\), we get:
   \[
   b = \frac{4 + 2}{2} = 3
   \]

Finally, the value of \(b\) is:
\[ \boxed{3} \]"
27	Three numbers $a, b, c$, none zero, form an arithmetic progression. Increasing $a$ by $1$ or increasing $c$ by $2$ results in a geometric progression. Find the value of $b$.	"nt. Let's simplify our approach to finding integer solutions manually for \(b\).

We have the equation:
\[ 4b^2 - 4ab - "
28	Three numbers $a, b, c$, none zero, form an arithmetic progression. Increasing $a$ by $1$ or increasing $c$ by $2$ results in a geometric progression. Find the value of $b$.	"3} + d\right)\left(d - \frac{1}{3} + 2d\right)
\]
Simplifying, we get:
\[
\left(d + 1\right)^2 = \left(2d - \frac{1}{3}\"
29	Three numbers $a, b, c$, none zero, form an arithmetic progression. Increasing $a$ by $1$ or increasing $c$ by $2$ results in a geometric progression. Find the value of $b$.	"0])
```
```output
-7/2
```
The value of \( b \) is \(-\frac{7}{2}\).

So the final answer is:
\[
\boxed{-\frac{7}{2}}
\]"
30	Three numbers $a, b, c$, none zero, form an arithmetic progression. Increasing $a$ by $1$ or increasing $c$ by $2$ results in a geometric progression. Find the value of $b$.	"firm this with Python code.
```python
# Given the conditions, we can solve for a and c first and then find b
from sympy"
31	Three numbers $a, b, c$, none zero, form an arithmetic progression. Increasing $a$ by $1$ or increasing $c$ by $2$ results in a geometric progression. Find the value of $b$.	"]
   Multiplying both sides by 4:
   \[
   (a + 2)^2 = 8a + 16
   \]
   Expanding both sides:
   \[
   a^2 + 4a + 4 = 8a"
32	Three numbers $a, b, c$, none zero, form an arithmetic progression. Increasing $a$ by $1$ or increasing $c$ by $2$ results in a geometric progression. Find the value of $b$.	"]
\[ ba + 4bd + 2b = b^2 - 2bd + d^2 + 2b - 2d + 1 \]
\[ 4bd + 2b = b^2 - 2bd + d^2 + 2b - 2d + 1 \]
\[ 6bd + 2b = b^2 +"
33	"Isosceles triangle $ABE$ of area 100 square inches is cut by $\overline{CD}$ into an isosceles trapezoid and a smaller isosceles triangle. The area of the trapezoid is 75 square inches. If the altitude of triangle $ABE$ from $A$ is 20 inches, what is the number of inches in the length of $\overline{CD}$?

[asy]
draw((-9,0)--(0,24)--(9,0)--cycle);
draw((-6,8)--(6,8));
label(""$A$"",(0,24),N);
label(""$B$"",(-9,0),W);
label(""$C$"",(-6,8),NW);
label(""$D$"",(6,8),NE);
label(""$E$"",(9,0),E);
[/asy]"	"mes BE = \frac{1}{2} \times 10 = 5 \text{ inches}.
   \]

Thus, the length of \(\overline{CD}\) is \(\boxed{5}\) inches."
34	"Isosceles triangle $ABE$ of area 100 square inches is cut by $\overline{CD}$ into an isosceles trapezoid and a smaller isosceles triangle. The area of the trapezoid is 75 square inches. If the altitude of triangle $ABE$ from $A$ is 20 inches, what is the number of inches in the length of $\overline{CD}$?

[asy]
draw((-9,0)--(0,24)--(9,0)--cycle);
draw((-6,8)--(6,8));
label(""$A$"",(0,24),N);
label(""$B$"",(-9,0),W);
label(""$C$"",(-6,8),NW);
label(""$D$"",(6,8),NE);
label(""$E$"",(9,0),E);
[/asy]"	"
print(base_CD)
```

Step 9:  The answer is the length of $\overline{CD}$, which is $\frac{BE}{2}$.

Answer: 12.5 inches"
35	"Isosceles triangle $ABE$ of area 100 square inches is cut by $\overline{CD}$ into an isosceles trapezoid and a smaller isosceles triangle. The area of the trapezoid is 75 square inches. If the altitude of triangle $ABE$ from $A$ is 20 inches, what is the number of inches in the length of $\overline{CD}$?

[asy]
draw((-9,0)--(0,24)--(9,0)--cycle);
draw((-6,8)--(6,8));
label(""$A$"",(0,24),N);
label(""$B$"",(-9,0),W);
label(""$C$"",(-6,8),NW);
label(""$D$"",(6,8),NE);
label(""$E$"",(9,0),E);
[/asy]"	"ength_of_CD = 2 * x

print(length_of_CD)
```
```output
34.199999999999994
```
The length of \( \overline{CD} \) is \( "
36	"Isosceles triangle $ABE$ of area 100 square inches is cut by $\overline{CD}$ into an isosceles trapezoid and a smaller isosceles triangle. The area of the trapezoid is 75 square inches. If the altitude of triangle $ABE$ from $A$ is 20 inches, what is the number of inches in the length of $\overline{CD}$?

[asy]
draw((-9,0)--(0,24)--(9,0)--cycle);
draw((-6,8)--(6,8));
label(""$A$"",(0,24),N);
label(""$B$"",(-9,0),W);
label(""$C$"",(-6,8),NW);
label(""$D$"",(6,8),NE);
label(""$E$"",(9,0),E);
[/asy]"	"th of line segment CD is 5√15/2 inches.
Step 7:  Answer: The length of line segment CD is 5√15/2 inches.

Answer: 5√15/2"
37	"Isosceles triangle $ABE$ of area 100 square inches is cut by $\overline{CD}$ into an isosceles trapezoid and a smaller isosceles triangle. The area of the trapezoid is 75 square inches. If the altitude of triangle $ABE$ from $A$ is 20 inches, what is the number of inches in the length of $\overline{CD}$?

[asy]
draw((-9,0)--(0,24)--(9,0)--cycle);
draw((-6,8)--(6,8));
label(""$A$"",(0,24),N);
label(""$B$"",(-9,0),W);
label(""$C$"",(-6,8),NW);
label(""$D$"",(6,8),NE);
label(""$E$"",(9,0),E);
[/asy]"	"s (10 - (x + y)) \times 10 = 75 \implies (10 - x - y) \times 5 = 75 \implies 10 - x - y = 15 \implies x + y = -5
\]
This"
38	"Isosceles triangle $ABE$ of area 100 square inches is cut by $\overline{CD}$ into an isosceles trapezoid and a smaller isosceles triangle. The area of the trapezoid is 75 square inches. If the altitude of triangle $ABE$ from $A$ is 20 inches, what is the number of inches in the length of $\overline{CD}$?

[asy]
draw((-9,0)--(0,24)--(9,0)--cycle);
draw((-6,8)--(6,8));
label(""$A$"",(0,24),N);
label(""$B$"",(-9,0),W);
label(""$C$"",(-6,8),NW);
label(""$D$"",(6,8),NE);
label(""$E$"",(9,0),E);
[/asy]"	"gth of $\overline{CD}$, the base of the isosceles trapezoid within the isosceles triangle ABC, is 30 inches.

Answer: 30"
39	"Isosceles triangle $ABE$ of area 100 square inches is cut by $\overline{CD}$ into an isosceles trapezoid and a smaller isosceles triangle. The area of the trapezoid is 75 square inches. If the altitude of triangle $ABE$ from $A$ is 20 inches, what is the number of inches in the length of $\overline{CD}$?

[asy]
draw((-9,0)--(0,24)--(9,0)--cycle);
draw((-6,8)--(6,8));
label(""$A$"",(0,24),N);
label(""$B$"",(-9,0),W);
label(""$C$"",(-6,8),NW);
label(""$D$"",(6,8),NE);
label(""$E$"",(9,0),E);
[/asy]"	"height_AEC

# Equation to solve
equation = Eq(area_AEC_formula, area_AEC)

# Solve the equation
solution = solve(e"
40	"Isosceles triangle $ABE$ of area 100 square inches is cut by $\overline{CD}$ into an isosceles trapezoid and a smaller isosceles triangle. The area of the trapezoid is 75 square inches. If the altitude of triangle $ABE$ from $A$ is 20 inches, what is the number of inches in the length of $\overline{CD}$?

[asy]
draw((-9,0)--(0,24)--(9,0)--cycle);
draw((-6,8)--(6,8));
label(""$A$"",(0,24),N);
label(""$B$"",(-9,0),W);
label(""$C$"",(-6,8),NW);
label(""$D$"",(6,8),NE);
label(""$E$"",(9,0),E);
[/asy]"	" the positive solution
h = max(h1, h2)

# Length of CD is the height of the trapezoid
CD_length = h
print(CD_length)
```"
41	Prair has a box with some combination of red and green balls. If she randomly draws two balls out of the box (without replacement), the probability of drawing two balls of the same color is equal to the probability of drawing two balls of different colors. How many possible values between $200$ and $1000$ are there for the total number of balls in the box?	"1 = 16 \) possible values for \( k \) and hence 16 possible values for the total number of balls in the box.

Answer: 16"
42	Prair has a box with some combination of red and green balls. If she randomly draws two balls out of the box (without replacement), the probability of drawing two balls of the same color is equal to the probability of drawing two balls of different colors. How many possible values between $200$ and $1000$ are there for the total number of balls in the box?	"4n^2 + 4n + 1 - 4nR + R^2) - (2n+1-R) = 2*(4n^2 + 3R - 4nR)

Simplify further and solve for R:
2*R^2 - 4*R*n + 4*n^2 + 4"
43	Prair has a box with some combination of red and green balls. If she randomly draws two balls out of the box (without replacement), the probability of drawing two balls of the same color is equal to the probability of drawing two balls of different colors. How many possible values between $200$ and $1000$ are there for the total number of balls in the box?	"
401
```
The number of possible values between 200 and 1000 for the total number of balls in the box is \(\boxed{401}\)."
44	Prair has a box with some combination of red and green balls. If she randomly draws two balls out of the box (without replacement), the probability of drawing two balls of the same color is equal to the probability of drawing two balls of different colors. How many possible values between $200$ and $1000$ are there for the total number of balls in the box?	alues for the total number of balls in the box between 200 and 1000 that satisfy the given condition is \(\boxed{208}\).
45	Prair has a box with some combination of red and green balls. If she randomly draws two balls out of the box (without replacement), the probability of drawing two balls of the same color is equal to the probability of drawing two balls of different colors. How many possible values between $200$ and $1000$ are there for the total number of balls in the box?	" congruent to $0$ or $2 \pmod{3}$.

Now let's consider the equation $n = r + g$. We have $n = 2r + 2g - 2$. Therefore, $"
46	Prair has a box with some combination of red and green balls. If she randomly draws two balls out of the box (without replacement), the probability of drawing two balls of the same color is equal to the probability of drawing two balls of different colors. How many possible values between $200$ and $1000$ are there for the total number of balls in the box?	" - 102 + 1 = \boxed{394}$ possible values between $200$ and $1000$ for the total number of balls in the box.
Answer: 394"
47	Prair has a box with some combination of red and green balls. If she randomly draws two balls out of the box (without replacement), the probability of drawing two balls of the same color is equal to the probability of drawing two balls of different colors. How many possible values between $200$ and $1000$ are there for the total number of balls in the box?	"
Thus, the number of possible values between 200 and 1000 for the total number of balls in the box is:
\[
\boxed{401}
\]"
48	Prair has a box with some combination of red and green balls. If she randomly draws two balls out of the box (without replacement), the probability of drawing two balls of the same color is equal to the probability of drawing two balls of different colors. How many possible values between $200$ and $1000$ are there for the total number of balls in the box?	"t((num_possible_n_values, possible_n_values))
```
```output
(166, [217, 257, 313, 355, 421, 467, 517, 569, 631, 685, 743"
49	Circle $C$ with radius $2$ has diameter $\overline{AB}$. Circle D is internally tangent to circle $C$ at $A$. Circle $E$ is internally tangent to circle $C$, externally tangent to circle $D$, and tangent to $\overline{AB}$. The radius of circle $D$ is three times the radius of circle $E$, and can be written in the form $\sqrt{m}-n$, where $m$ and $n$ are positive integers. Find $m+n$.	", we can express it as $\sqrt{5} - 1.5$ or $\sqrt{5} - \frac{3}{2}$.

However, to match the problem's requirement for $m"
50	Circle $C$ with radius $2$ has diameter $\overline{AB}$. Circle D is internally tangent to circle $C$ at $A$. Circle $E$ is internally tangent to circle $C$, externally tangent to circle $D$, and tangent to $\overline{AB}$. The radius of circle $D$ is three times the radius of circle $E$, and can be written in the form $\sqrt{m}-n$, where $m$ and $n$ are positive integers. Find $m+n$.	e solution for the radius \( r_E \) is \( \frac{3 - \sqrt{5}}{2} \). The radius of circle \( D \) is \( \frac{9 - 3\sqrt
51	Circle $C$ with radius $2$ has diameter $\overline{AB}$. Circle D is internally tangent to circle $C$ at $A$. Circle $E$ is internally tangent to circle $C$, externally tangent to circle $D$, and tangent to $\overline{AB}$. The radius of circle $D$ is three times the radius of circle $E$, and can be written in the form $\sqrt{m}-n$, where $m$ and $n$ are positive integers. Find $m+n$.	e calculations confirm that the radius of circle \(D\) is \(2\sqrt{3} - 5\), and the value of \(m + n\) is \(\boxed{17}\
52	Circle $C$ with radius $2$ has diameter $\overline{AB}$. Circle D is internally tangent to circle $C$ at $A$. Circle $E$ is internally tangent to circle $C$, externally tangent to circle $D$, and tangent to $\overline{AB}$. The radius of circle $D$ is three times the radius of circle $E$, and can be written in the form $\sqrt{m}-n$, where $m$ and $n$ are positive integers. Find $m+n$.	le \( D \) is indeed in the form \( \sqrt{m} - n \). Let's re-evaluate the problem considering the geometric constraints
53	Circle $C$ with radius $2$ has diameter $\overline{AB}$. Circle D is internally tangent to circle $C$ at $A$. Circle $E$ is internally tangent to circle $C$, externally tangent to circle $D$, and tangent to $\overline{AB}$. The radius of circle $D$ is three times the radius of circle $E$, and can be written in the form $\sqrt{m}-n$, where $m$ and $n$ are positive integers. Find $m+n$.	"qrt{10} + 1) r_E = 2
     \]
     \[
     r_E = \frac{2}{\sqrt{10} + 1}
     \]
     \[
     r_E = \frac{2(\sqrt{10} - 1"
54	Circle $C$ with radius $2$ has diameter $\overline{AB}$. Circle D is internally tangent to circle $C$ at $A$. Circle $E$ is internally tangent to circle $C$, externally tangent to circle $D$, and tangent to $\overline{AB}$. The radius of circle $D$ is three times the radius of circle $E$, and can be written in the form $\sqrt{m}-n$, where $m$ and $n$ are positive integers. Find $m+n$.	"p should be:
\[ 4 - x = \sqrt{(2 - x)^2 + (2)^2} \]
Simplifying:
\[ 4 - x = \sqrt{4 + 4 - 4x} \]
\[ 4 - x = \sqrt{8 - 4x"
55	Circle $C$ with radius $2$ has diameter $\overline{AB}$. Circle D is internally tangent to circle $C$ at $A$. Circle $E$ is internally tangent to circle $C$, externally tangent to circle $D$, and tangent to $\overline{AB}$. The radius of circle $D$ is three times the radius of circle $E$, and can be written in the form $\sqrt{m}-n$, where $m$ and $n$ are positive integers. Find $m+n$.	"f circles \( C \) and \( D \): \( 2 - r_D \).
   - Distance between centers of circles \( C \) and \( E \): \( 2 - r_E -"
56	Circle $C$ with radius $2$ has diameter $\overline{AB}$. Circle D is internally tangent to circle $C$ at $A$. Circle $E$ is internally tangent to circle $C$, externally tangent to circle $D$, and tangent to $\overline{AB}$. The radius of circle $D$ is three times the radius of circle $E$, and can be written in the form $\sqrt{m}-n$, where $m$ and $n$ are positive integers. Find $m+n$.	"orm $\sqrt{m} - n$. Let's try another approach by rewriting the expression directly:
   \[
   \frac{6 + 12\sqrt{2}}{7} ="
57	What is the value of the following expression: $1 - 3 + 5 - 7 + 9 - \cdots - 43 + 45 - 47 + 49$ ?	"s) + 49 (last positive number) - 47 (last negative number) = 1156

Therefore, the value of the given expression is 1156."
58	What is the value of the following expression: $1 - 3 + 5 - 7 + 9 - \cdots - 43 + 45 - 47 + 49$ ?	"    \]
   - Add the last positive term:
     \[
     -48 + 49 = 1
     \]

9. **Final answer**:
   \[
   \boxed{1}
   \]"
59	What is the value of the following expression: $1 - 3 + 5 - 7 + 9 - \cdots - 43 + 45 - 47 + 49$ ?	"\]

This simplifies to:

\[
-2 \cdot 13 + 49 = -26 + 49 = 23
\]

Thus, the value of the expression is:

\[
\boxed{23}
\]"
60	What is the value of the following expression: $1 - 3 + 5 - 7 + 9 - \cdots - 43 + 45 - 47 + 49$ ?	"all the numbers in the expression is the same as the sum of the last group, which is 48.
Step 9:  Answer: 48

Answer: 48"
61	What is the value of the following expression: $1 - 3 + 5 - 7 + 9 - \cdots - 43 + 45 - 47 + 49$ ?	"m Sum1:

Final Answer = Sum1 - Sum2
Final Answer = 300 - (-250)
Final Answer = 300 + 250
Final Answer = 550

Answer: 550"
62	What is the value of the following expression: $1 - 3 + 5 - 7 + 9 - \cdots - 43 + 45 - 47 + 49$ ?	"needs to be added to the sum:
   \[
   -24 + 49 = 25
   \]

Therefore, the value of the expression is:

\[
\boxed{25}
\]"
63	What is the value of the following expression: $1 - 3 + 5 - 7 + 9 - \cdots - 43 + 45 - 47 + 49$ ?	"

There are $25$ pairs, so the total sum is:

$25 \cdot (-2) = -50$

Hence, the value of the expression is:

Answer: -50"
64	What is the value of the following expression: $1 - 3 + 5 - 7 + 9 - \cdots - 43 + 45 - 47 + 49$ ?	"last term, which is \(49\), to the result:

\[
-50 + 49 = -1
\]

Thus, the value of the expression is:

\[
\boxed{-1}
\]"
65	If $x$ is a positive number such that $x^{x^{x^{x}}} = ((x^{x})^{x})^{x}$, find $(x^{x})^{(x^{x})}$.	"ed to find \((x^x)^{(x^x)}\):
\[ (x^x)^{(x^x)} = (1^1)^{(1^1)} = 1^1 = 1. \]

Thus, the final answer is:
\[ \boxed{1} \]"
66	If $x$ is a positive number such that $x^{x^{x^{x}}} = ((x^{x})^{x})^{x}$, find $(x^{x})^{(x^{x})}$.	" \):
\[
(x^x)^{(x^x)} = x^3
\]

Therefore, the value of \( (x^x)^{(x^x)} \) is:
\[
(x^x)^{(x^x)} = 3
\]

Answer: \( 3 \)"
67	If $x$ is a positive number such that $x^{x^{x^{x}}} = ((x^{x})^{x})^{x}$, find $(x^{x})^{(x^{x})}$.	"x**x)**(x**x)

# Let's test the function with a positive number
x = 2
result = calculate_expression(x)
print(result)
```"
68	If $x$ is a positive number such that $x^{x^{x^{x}}} = ((x^{x})^{x})^{x}$, find $(x^{x})^{(x^{x})}$.	"the explicit formula
The explicit formula for the nth term of a geometric sequence is given by:
\[
a_n = a_1 \cdot r^{n-"
69	If $x$ is a positive number such that $x^{x^{x^{x}}} = ((x^{x})^{x})^{x}$, find $(x^{x})^{(x^{x})}$.	"write this expression as $(x^{x})^{(x^{x})} = (x^{x})^{x}$.

7. Therefore, $(x^{x})^{(x^{x})} = x^{x}$.

Answer: $x^{x}$"
70	If $x$ is a positive number such that $x^{x^{x^{x}}} = ((x^{x})^{x})^{x}$, find $(x^{x})^{(x^{x})}$.	").

Now, we need to find \((x^{x})^{(x^{x})}\):
\[ (1^1)^{(1^1)} = 1^1 = 1 \]

Therefore, the answer is:
\[ \boxed{1} \]"
71	If $x$ is a positive number such that $x^{x^{x^{x}}} = ((x^{x})^{x})^{x}$, find $(x^{x})^{(x^{x})}$.	"\sqrt{2}}{2}\right)^{\frac{\sqrt{2}}{2}}\) simplifies to \(\frac{1}{2}\), the final answer is:
\[
\boxed{\frac{1}{2}}
\]"
72	If $x$ is a positive number such that $x^{x^{x^{x}}} = ((x^{x})^{x})^{x}$, find $(x^{x})^{(x^{x})}$.	"aside for now and focus on solving for \((x^x)^{(x^x)}\), which we will do in the next step.
Answer: Answer: (x^x)^(x^x)"
73	A right rectangular prism has integer side lengths $a$, $b$, and $c$. If $\text{lcm}(a,b)=72$, $\text{lcm}(a,c)=24$, and $\text{lcm}(b,c)=18$, what is the sum of the minimum and maximum possible volumes of the prism?	" Therefore, the sum of the minimum and maximum possible volumes of the prism is $62208 + 62208 = 124416$.
Answer: 124416"
74	A right rectangular prism has integer side lengths $a$, $b$, and $c$. If $\text{lcm}(a,b)=72$, $\text{lcm}(a,c)=24$, and $\text{lcm}(b,c)=18$, what is the sum of the minimum and maximum possible volumes of the prism?	" \[
  b = 2^{3} \times 3^{0} = 8 \quad \text{or} \quad 2^{2} \times 3^{1} = 12
  \]

- For \( a \) and \( c \):
  \[
  a"
75	A right rectangular prism has integer side lengths $a$, $b$, and $c$. If $\text{lcm}(a,b)=72$, $\text{lcm}(a,c)=24$, and $\text{lcm}(b,c)=18$, what is the sum of the minimum and maximum possible volumes of the prism?	"7: Calculate the sum of the minimum and maximum volumes
\[
3456 + 10368 = 13824
\]

### Final Answer
\[
\boxed{13824}
\]"
76	A right rectangular prism has integer side lengths $a$, $b$, and $c$. If $\text{lcm}(a,b)=72$, $\text{lcm}(a,c)=24$, and $\text{lcm}(b,c)=18$, what is the sum of the minimum and maximum possible volumes of the prism?	"ding possible values for a, b, c
# We know that:
# lcm(a, b) = 72
# lcm(a, c) = 24
# lcm(b, c) = 18

# Since lcm(a"
77	A right rectangular prism has integer side lengths $a$, $b$, and $c$. If $\text{lcm}(a,b)=72$, $\text{lcm}(a,c)=24$, and $\text{lcm}(b,c)=18$, what is the sum of the minimum and maximum possible volumes of the prism?	"mum volumes
Finally, we need to find the sum of the minimum and maximum possible volumes. 
72 + 1296 = 1368
Answer: 1368"
78	A right rectangular prism has integer side lengths $a$, $b$, and $c$. If $\text{lcm}(a,b)=72$, $\text{lcm}(a,c)=24$, and $\text{lcm}(b,c)=18$, what is the sum of the minimum and maximum possible volumes of the prism?	":
                        b_values.append(b)
            for c in range(1, lcm_ac + 1):
                if lcm_ac % c"
79	A right rectangular prism has integer side lengths $a$, $b$, and $c$. If $\text{lcm}(a,b)=72$, $\text{lcm}(a,c)=24$, and $\text{lcm}(b,c)=18$, what is the sum of the minimum and maximum possible volumes of the prism?	"
After performing the calculations, the sum of the minimum and maximum possible volumes of the prism is \(\boxed{648}\)."
80	A right rectangular prism has integer side lengths $a$, $b$, and $c$. If $\text{lcm}(a,b)=72$, $\text{lcm}(a,c)=24$, and $\text{lcm}(b,c)=18$, what is the sum of the minimum and maximum possible volumes of the prism?	"
        valid_combinations.append((a, b, c))

# Calculate the volumes and find the minimum and maximum possible volumes"
81	"It is well-known that the $n^{\text{th}}$ triangular number can be given by the formula $\frac{n(n+1)}{2}$. A Pythagorean triple of \textit{square numbers} is an ordered triple $(a,b,c)$ such that $a^2+b^2=c^2$. Let a Pythagorean triple of \textit{triangular numbers} (a PTTN) be an ordered triple of positive integers $(a,b,c)$ such that $a\leq b<c$ and
\[\frac{a(a+1)}{2}+\frac{b(b+1)}{2}=\frac{c(c+1)}{2}.\]
For instance, $(3,5,6)$ is a PTTN ($6+15=21$). Here we call both $a$ and $b$ \textit{legs} of the PTTN. Find the smallest natural number $n$ such that $n$ is a leg of \textit{at least} six distinct PTTNs."	"put
timeout_decorator.timeout_decorator.TimeoutError: 'Timed Out'
```
After generating PTTNs for \( n = 1 \) to \( n = 1"
82	"It is well-known that the $n^{\text{th}}$ triangular number can be given by the formula $\frac{n(n+1)}{2}$. A Pythagorean triple of \textit{square numbers} is an ordered triple $(a,b,c)$ such that $a^2+b^2=c^2$. Let a Pythagorean triple of \textit{triangular numbers} (a PTTN) be an ordered triple of positive integers $(a,b,c)$ such that $a\leq b<c$ and
\[\frac{a(a+1)}{2}+\frac{b(b+1)}{2}=\frac{c(c+1)}{2}.\]
For instance, $(3,5,6)$ is a PTTN ($6+15=21$). Here we call both $a$ and $b$ \textit{legs} of the PTTN. Find the smallest natural number $n$ such that $n$ is a leg of \textit{at least} six distinct PTTNs."	\( n \) such that \( n \) is a leg of at least six distinct Pythagorean triples of triangular numbers is \(\boxed{10}\).
83	"It is well-known that the $n^{\text{th}}$ triangular number can be given by the formula $\frac{n(n+1)}{2}$. A Pythagorean triple of \textit{square numbers} is an ordered triple $(a,b,c)$ such that $a^2+b^2=c^2$. Let a Pythagorean triple of \textit{triangular numbers} (a PTTN) be an ordered triple of positive integers $(a,b,c)$ such that $a\leq b<c$ and
\[\frac{a(a+1)}{2}+\frac{b(b+1)}{2}=\frac{c(c+1)}{2}.\]
For instance, $(3,5,6)$ is a PTTN ($6+15=21$). Here we call both $a$ and $b$ \textit{legs} of the PTTN. Find the smallest natural number $n$ such that $n$ is a leg of \textit{at least} six distinct PTTNs."	 such that \( n \) is a leg of at least six distinct Pythagorean triples of triangular numbers (PTTNs) is \(\boxed{9}\).
84	"It is well-known that the $n^{\text{th}}$ triangular number can be given by the formula $\frac{n(n+1)}{2}$. A Pythagorean triple of \textit{square numbers} is an ordered triple $(a,b,c)$ such that $a^2+b^2=c^2$. Let a Pythagorean triple of \textit{triangular numbers} (a PTTN) be an ordered triple of positive integers $(a,b,c)$ such that $a\leq b<c$ and
\[\frac{a(a+1)}{2}+\frac{b(b+1)}{2}=\frac{c(c+1)}{2}.\]
For instance, $(3,5,6)$ is a PTTN ($6+15=21$). Here we call both $a$ and $b$ \textit{legs} of the PTTN. Find the smallest natural number $n$ such that $n$ is a leg of \textit{at least} six distinct PTTNs."	"er n such that n is a leg of at least six distinct PTTNs is:"", n)
print(""The corresponding PTTNs are:"", legs)
Answer: 11"
85	"It is well-known that the $n^{\text{th}}$ triangular number can be given by the formula $\frac{n(n+1)}{2}$. A Pythagorean triple of \textit{square numbers} is an ordered triple $(a,b,c)$ such that $a^2+b^2=c^2$. Let a Pythagorean triple of \textit{triangular numbers} (a PTTN) be an ordered triple of positive integers $(a,b,c)$ such that $a\leq b<c$ and
\[\frac{a(a+1)}{2}+\frac{b(b+1)}{2}=\frac{c(c+1)}{2}.\]
For instance, $(3,5,6)$ is a PTTN ($6+15=21$). Here we call both $a$ and $b$ \textit{legs} of the PTTN. Find the smallest natural number $n$ such that $n$ is a leg of \textit{at least} six distinct PTTNs."	": \( 33, 57, 77, 95, 114, 128, 176, 204, 231, 265, 297, \) and \( 329 \).

Thus, the final answer is:

\[
\boxed{114}
\]"
86	"It is well-known that the $n^{\text{th}}$ triangular number can be given by the formula $\frac{n(n+1)}{2}$. A Pythagorean triple of \textit{square numbers} is an ordered triple $(a,b,c)$ such that $a^2+b^2=c^2$. Let a Pythagorean triple of \textit{triangular numbers} (a PTTN) be an ordered triple of positive integers $(a,b,c)$ such that $a\leq b<c$ and
\[\frac{a(a+1)}{2}+\frac{b(b+1)}{2}=\frac{c(c+1)}{2}.\]
For instance, $(3,5,6)$ is a PTTN ($6+15=21$). Here we call both $a$ and $b$ \textit{legs} of the PTTN. Find the smallest natural number $n$ such that $n$ is a leg of \textit{at least} six distinct PTTNs."	"t'
```
The smallest natural number \( n \) such that \( n \) is a leg of at least six distinct PTTNs is \( \boxed{6} \)."
87	"It is well-known that the $n^{\text{th}}$ triangular number can be given by the formula $\frac{n(n+1)}{2}$. A Pythagorean triple of \textit{square numbers} is an ordered triple $(a,b,c)$ such that $a^2+b^2=c^2$. Let a Pythagorean triple of \textit{triangular numbers} (a PTTN) be an ordered triple of positive integers $(a,b,c)$ such that $a\leq b<c$ and
\[\frac{a(a+1)}{2}+\frac{b(b+1)}{2}=\frac{c(c+1)}{2}.\]
For instance, $(3,5,6)$ is a PTTN ($6+15=21$). Here we call both $a$ and $b$ \textit{legs} of the PTTN. Find the smallest natural number $n$ such that $n$ is a leg of \textit{at least} six distinct PTTNs."	"c))
    return ptns

def find_leg_of_at_least_six_pttns():
    limit = 1000
    ptns = find_pttns(limit)
    visited_leg"
88	"It is well-known that the $n^{\text{th}}$ triangular number can be given by the formula $\frac{n(n+1)}{2}$. A Pythagorean triple of \textit{square numbers} is an ordered triple $(a,b,c)$ such that $a^2+b^2=c^2$. Let a Pythagorean triple of \textit{triangular numbers} (a PTTN) be an ordered triple of positive integers $(a,b,c)$ such that $a\leq b<c$ and
\[\frac{a(a+1)}{2}+\frac{b(b+1)}{2}=\frac{c(c+1)}{2}.\]
For instance, $(3,5,6)$ is a PTTN ($6+15=21$). Here we call both $a$ and $b$ \textit{legs} of the PTTN. Find the smallest natural number $n$ such that $n$ is a leg of \textit{at least} six distinct PTTNs."	 n \) such that \( n \) is a leg of at least six distinct Pythagorean triples of triangular numbers is \( \boxed{46} \).
89	What is the greatest power of $2$ that is a factor of $10^{1002} - 4^{501}$? If the answer is $2^n$, what is the value of $n$?	"reatest power of 2 that is a factor of \(10^{1002} - 4^{501}\) is \(2^{1004}\). The value of \(n\) is

\[\boxed{1004}.\]"
90	What is the greatest power of $2$ that is a factor of $10^{1002} - 4^{501}$? If the answer is $2^n$, what is the value of $n$?	"st power of 2 that is a factor of \(10^{1002} - 4^{501}\) is \(2^{1005}\), and the value of \(n\) is:
\[
\boxed{1005}
\]"
91	What is the greatest power of $2$ that is a factor of $10^{1002} - 4^{501}$? If the answer is $2^n$, what is the value of $n$?	" that divides \(2^{1002} (5^{1002} - 1)\) is \(2^{1002+3} = 2^{1005}\).

Thus, the answer is \(n = 1005\).

Answer: 1005"
92	What is the greatest power of $2$ that is a factor of $10^{1002} - 4^{501}$? If the answer is $2^n$, what is the value of $n$?	"t is a factor, we can multiply these factors together: 4 * 2^500 * 2^501 = 2^(500 + 501 + 2) = 2^1003.

Answer: n = 1003"
93	What is the greatest power of $2$ that is a factor of $10^{1002} - 4^{501}$? If the answer is $2^n$, what is the value of $n$?	" 2 that is a factor.
Step 11: Determine the value of n, resulting in \(2^{2001}\). Therefore, \(n = 2001\). Answer: 2001"
94	What is the greatest power of $2$ that is a factor of $10^{1002} - 4^{501}$? If the answer is $2^n$, what is the value of $n$?	" greatest power of 2 that divides \(10^{1002} - 4^{501}\) is \(2^{1004}\). So, the value of \(n\) is:
\[
\boxed{1004}
\]"
95	What is the greatest power of $2$ that is a factor of $10^{1002} - 4^{501}$? If the answer is $2^n$, what is the value of $n$?	"hat divides \(10^{1002} - 4^{501}\) is \(2^{1002} \cdot 2^3 = 2^{1005}\).

Thus, the value of \(n\) is

\[\boxed{1005}\]"
96	What is the greatest power of $2$ that is a factor of $10^{1002} - 4^{501}$? If the answer is $2^n$, what is the value of $n$?	"greatest power of $2$ that divides this expression is $2^{1002}$. Therefore, the value of $n$ is $1002$.

Answer: <1002>"
97	"Given a function $f$ for which  
$f(x) = f(398 - x) = f(2158 - x) = f(3214 - x)$  
holds for all real $x,$ what is the largest number of different values that can appear in the list $f(0),f(1),f(2),\cdots,f(999)?$"	rgest number of different values that can appear in the list \( f(0), f(1), f(2), \cdots, f(999) \) is \(\boxed{1850}\).
98	"Given a function $f$ for which  
$f(x) = f(398 - x) = f(2158 - x) = f(3214 - x)$  
holds for all real $x,$ what is the largest number of different values that can appear in the list $f(0),f(1),f(2),\cdots,f(999)?$"	"he largest number of different values that can appear in the list $f(0), f(1), \ldots, f(999)$ is $\boxed{1}$.
Answer: 1"
99	"Given a function $f$ for which  
$f(x) = f(398 - x) = f(2158 - x) = f(3214 - x)$  
holds for all real $x,$ what is the largest number of different values that can appear in the list $f(0),f(1),f(2),\cdots,f(999)?$"	"..., f(999).
Step 9:  Therefore, the largest number of different values that can appear in the list is 400.

Answer: 400"
100	"Given a function $f$ for which  
$f(x) = f(398 - x) = f(2158 - x) = f(3214 - x)$  
holds for all real $x,$ what is the largest number of different values that can appear in the list $f(0),f(1),f(2),\cdots,f(999)?$"	rgest number of different values that can appear in the list \( f(0), f(1), f(2), \ldots, f(999) \) is \(\boxed{1323}\).
101	"Given a function $f$ for which  
$f(x) = f(398 - x) = f(2158 - x) = f(3214 - x)$  
holds for all real $x,$ what is the largest number of different values that can appear in the list $f(0),f(1),f(2),\cdots,f(999)?$"	"est number of different values that can appear in the list \( f(0), f(1), f(2), \cdots, f(999) \) is 1000.

Answer: 1000"
102	"Given a function $f$ for which  
$f(x) = f(398 - x) = f(2158 - x) = f(3214 - x)$  
holds for all real $x,$ what is the largest number of different values that can appear in the list $f(0),f(1),f(2),\cdots,f(999)?$"	" as the number of distinct values in the range from 398 to 795, and so on.

Since \( f \) is periodic with a period of 3"
103	"Given a function $f$ for which  
$f(x) = f(398 - x) = f(2158 - x) = f(3214 - x)$  
holds for all real $x,$ what is the largest number of different values that can appear in the list $f(0),f(1),f(2),\cdots,f(999)?$"	"2
```
The number of distinct values that can appear in the list \( f(0), f(1), f(2), \cdots, f(999) \) is \(\boxed{2}\)."
104	"Given a function $f$ for which  
$f(x) = f(398 - x) = f(2158 - x) = f(3214 - x)$  
holds for all real $x,$ what is the largest number of different values that can appear in the list $f(0),f(1),f(2),\cdots,f(999)?$"	"er of distinct function values in \( f(0), f(1), f(2), \ldots, f(999) \) is:
   \[
   199
   \]

Answer: \(\boxed{200}\)"
105	Each of the numbers $x_1, x_2, \ldots, x_{101}$ is $\pm 1$. What is the smallest positive value of $\sum_{1\leq i < j \leq 101} x_i x_j$?	" v \rangle$ will be zero.

Therefore, the smallest positive value of $\sum_{1\leq i < j \leq 101} x_i x_j$ is Answer: 0."
106	Each of the numbers $x_1, x_2, \ldots, x_{101}$ is $\pm 1$. What is the smallest positive value of $\sum_{1\leq i < j \leq 101} x_i x_j$?	"S = 20 \]
\[ S = 10 \]

Thus, the smallest positive value of \(\sum_{1 \le i < j \le 101} x_i x_j\) is \( \boxed{10} \)."
107	Each of the numbers $x_1, x_2, \ldots, x_{101}$ is $\pm 1$. What is the smallest positive value of $\sum_{1\leq i < j \leq 101} x_i x_j$?	"x_i$'s, which is $51$. Hence, the smallest positive value of $\sum_{1\leq i < j \leq 101} x_i x_j$ is:

\[
\boxed{1}.
\]"
108	Each of the numbers $x_1, x_2, \ldots, x_{101}$ is $\pm 1$. What is the smallest positive value of $\sum_{1\leq i < j \leq 101} x_i x_j$?	" the next smallest positive value of $S$ occurs when $k = 3$:
\[
S = \frac{(3)^2 - 101}{2} = \frac{9 - 101}{2} = \frac{-"
109	Each of the numbers $x_1, x_2, \ldots, x_{101}$ is $\pm 1$. What is the smallest positive value of $\sum_{1\leq i < j \leq 101} x_i x_j$?	"\sum_{1\leq i < j \leq 101} x_i x_j$ is $\frac{109^2}{25225}$, which is a positive value.

Answer: $\frac{109^2}{25225}$"
110	Each of the numbers $x_1, x_2, \ldots, x_{101}$ is $\pm 1$. What is the smallest positive value of $\sum_{1\leq i < j \leq 101} x_i x_j$?	"} \cdot 20 = 10.
\]
Therefore, the smallest positive value of $\sum_{1\leq i < j \leq 101} x_i x_j$ is $10$.

Answer: 10"
111	Each of the numbers $x_1, x_2, \ldots, x_{101}$ is $\pm 1$. What is the smallest positive value of $\sum_{1\leq i < j \leq 101} x_i x_j$?	llest positive value is not possible with the given constraints, and the smallest positive value is indeed $\boxed{50}$.
112	Each of the numbers $x_1, x_2, \ldots, x_{101}$ is $\pm 1$. What is the smallest positive value of $\sum_{1\leq i < j \leq 101} x_i x_j$?	"allest positive value of S is 0 - (-1 + 101) = -100.
Step 9:  So, the smallest positive value of S is -100.
Answer: -100"
113	In triangle $ABC$, $\tan \angle CAB = 22/7$, and the altitude from $A$ divides $BC$ into segments of length 3 and 17.  What is the area of triangle $ABC$?	".subs(h, h_value)
print(area.evalf())
```
```output
20.0000000000000
```
The area of triangle \(ABC\) is \(\boxed{20}\)."
114	In triangle $ABC$, $\tan \angle CAB = 22/7$, and the altitude from $A$ divides $BC$ into segments of length 3 and 17.  What is the area of triangle $ABC$?	"imately 40.6897, which matches our derived value.

Therefore, the area of triangle $ABC$ is \(\boxed{\frac{1190}{29}}\)."
115	In triangle $ABC$, $\tan \angle CAB = 22/7$, and the altitude from $A$ divides $BC$ into segments of length 3 and 17.  What is the area of triangle $ABC$?	"ond ball can be painted in 1 way, as it must be the same color as the first ball and there is only one way to paint it.
"
116	In triangle $ABC$, $\tan \angle CAB = 22/7$, and the altitude from $A$ divides $BC$ into segments of length 3 and 17.  What is the area of triangle $ABC$?	"}{7} = \frac{660}{7} \).

Therefore, the area of triangle \( ABC \) is \( \frac{660}{7} \).

Answer: \( \frac{660}{7} \)"
117	In triangle $ABC$, $\tan \angle CAB = 22/7$, and the altitude from $A$ divides $BC$ into segments of length 3 and 17.  What is the area of triangle $ABC$?	"base = BD + CE
area = 0.5 * base * AD
print(area)
```
```output
660.0
```
The area of triangle $ABC$ is \(\boxed{660}\)."
118	In triangle $ABC$, $\tan \angle CAB = 22/7$, and the altitude from $A$ divides $BC$ into segments of length 3 and 17.  What is the area of triangle $ABC$?	"5.
Step 4:  Now we can find the area of the triangle using the base and height: (1/2) * 3 * 17 * (22/7) = 66.
Answer: 66"
119	In triangle $ABC$, $\tan \angle CAB = 22/7$, and the altitude from $A$ divides $BC$ into segments of length 3 and 17.  What is the area of triangle $ABC$?	"segment as the height.
Area = (base * height) / 2
= (10 * 17) / 2
= 170 / 2
= 85 square units.

Answer: 85 square units."
120	In triangle $ABC$, $\tan \angle CAB = 22/7$, and the altitude from $A$ divides $BC$ into segments of length 3 and 17.  What is the area of triangle $ABC$?	"onal(1, 2) * 17 * height_h

# Total area of triangle ABC
total_area_ABC = area_ABD + area_ACD

print(total_area_ABC)
```"
121	"Suppose $x, y \in \mathbb{Z}$ satisfy the equation:
\[
y^4 + 4y^3 + 28y + 8x^3 + 6y^2 + 32x + 1 = (x^2 - y^2)(x^2 + y^2 + 24).
\]
Find the sum of all possible values of $|xy|$."	"`output
([], 0)
```
Even with a wider range, there are still no integer pairs \((x, y)\) that satisfy the given equation"
122	"Suppose $x, y \in \mathbb{Z}$ satisfy the equation:
\[
y^4 + 4y^3 + 28y + 8x^3 + 6y^2 + 32x + 1 = (x^2 - y^2)(x^2 + y^2 + 24).
\]
Find the sum of all possible values of $|xy|$."	"lues of $|xy|$. Since $x = 2$ and $y = 1$, the sum of all possible values of $|xy|$ is $|2*1| = 2$.

Answer: $\boxed{2}$"
123	"Suppose $x, y \in \mathbb{Z}$ satisfy the equation:
\[
y^4 + 4y^3 + 28y + 8x^3 + 6y^2 + 32x + 1 = (x^2 - y^2)(x^2 + y^2 + 24).
\]
Find the sum of all possible values of $|xy|$."	" + 8(0)^3 - 24(0)^2 + 32(0) + 1 = 2 + 4 + 30 + 0 + 0 - 0 + 0 + 1 = 37 \neq 0.
\]
Try \(x = 1\) and \(y = 2\):
\[
-1^4 + "
124	"Suppose $x, y \in \mathbb{Z}$ satisfy the equation:
\[
y^4 + 4y^3 + 28y + 8x^3 + 6y^2 + 32x + 1 = (x^2 - y^2)(x^2 + y^2 + 24).
\]
Find the sum of all possible values of $|xy|$."	"+ 10 = 64 - 32 - 24 - 120 + 10 = -92 \neq 0.
\]

Testing \(y = -1\):

\[
(-1)^6 + 4(-1)^3 - 6(-1)^2 + 60(-1) + 10 = 1 - "
125	"Suppose $x, y \in \mathbb{Z}$ satisfy the equation:
\[
y^4 + 4y^3 + 28y + 8x^3 + 6y^2 + 32x + 1 = (x^2 - y^2)(x^2 + y^2 + 24).
\]
Find the sum of all possible values of $|xy|$."	"  2y^4 + 4y^3 + 30y^2 + 28y - 54 = 0.
   \]
   Try small integer values for \(y\):
   - For \(y = -3\): \(2(-3)^4 + 4(-3"
126	"Suppose $x, y \in \mathbb{Z}$ satisfy the equation:
\[
y^4 + 4y^3 + 28y + 8x^3 + 6y^2 + 32x + 1 = (x^2 - y^2)(x^2 + y^2 + 24).
\]
Find the sum of all possible values of $|xy|$."	he corresponding values of \( |xy| \). Once these values are found, they can be summed together to get the final answer.
127	"Suppose $x, y \in \mathbb{Z}$ satisfy the equation:
\[
y^4 + 4y^3 + 28y + 8x^3 + 6y^2 + 32x + 1 = (x^2 - y^2)(x^2 + y^2 + 24).
\]
Find the sum of all possible values of $|xy|$."	"2 = 0,
\]
which simplifies to:
\[
2y^4 + 4y^3 + 42y^2 + 8x^3 - x^4 - 24x^2 + 32x + 1 = 0.
\]
We can try to find possible"
128	"Suppose $x, y \in \mathbb{Z}$ satisfy the equation:
\[
y^4 + 4y^3 + 28y + 8x^3 + 6y^2 + 32x + 1 = (x^2 - y^2)(x^2 + y^2 + 24).
\]
Find the sum of all possible values of $|xy|$."	"hese values is:

\[
1 + 2 + 3 + 5 + 13 = 24
\]

Therefore, the sum of all possible values of \(|xy|\) is \(\boxed{32}\)."
129	"At a recent math contest, Evan was asked to find $2^{2016} \pmod{p}$ for a given prime number $p$ with $100 < p < 500$. Evan has forgotten what the prime $p$ was, but still remembers how he solved it:
[list]
[*] Evan first tried taking $2016$ modulo $p - 1$, but got a value $e$ larger than $100$.
[*] However, Evan noted that $e - \frac{1}{2}(p - 1) = 21$, and then realized the answer was $-2^{21} \pmod{p}$.
[/list]
What was the prime $p$?"	"at satisfy all the given conditions are \( p = 101 \) and \( p = 103 \).

Hence, the prime \( p \) is:
\[
\boxed{101}
\]"
130	"At a recent math contest, Evan was asked to find $2^{2016} \pmod{p}$ for a given prime number $p$ with $100 < p < 500$. Evan has forgotten what the prime $p$ was, but still remembers how he solved it:
[list]
[*] Evan first tried taking $2016$ modulo $p - 1$, but got a value $e$ larger than $100$.
[*] However, Evan noted that $e - \frac{1}{2}(p - 1) = 21$, and then realized the answer was $-2^{21} \pmod{p}$.
[/list]
What was the prime $p$?"	"remaining information. Since p - 1 = 23, we find that p = 24, which is a prime number within the given range.
Answer: 24"
131	"At a recent math contest, Evan was asked to find $2^{2016} \pmod{p}$ for a given prime number $p$ with $100 < p < 500$. Evan has forgotten what the prime $p$ was, but still remembers how he solved it:
[list]
[*] Evan first tried taking $2016$ modulo $p - 1$, but got a value $e$ larger than $100$.
[*] However, Evan noted that $e - \frac{1}{2}(p - 1) = 21$, and then realized the answer was $-2^{21} \pmod{p}$.
[/list]
What was the prime $p$?"	"6 - 245 = -29 \equiv 461 \mod 490 = 21. \]

Thus, the prime \( p \) is \( 491 \). The final answer is:
\[ \boxed{491} \]"
132	"At a recent math contest, Evan was asked to find $2^{2016} \pmod{p}$ for a given prime number $p$ with $100 < p < 500$. Evan has forgotten what the prime $p$ was, but still remembers how he solved it:
[list]
[*] Evan first tried taking $2016$ modulo $p - 1$, but got a value $e$ larger than $100$.
[*] However, Evan noted that $e - \frac{1}{2}(p - 1) = 21$, and then realized the answer was $-2^{21} \pmod{p}$.
[/list]
What was the prime $p$?"	"(-2**21) % p == (2**2016) % p:
                prime_p = p
                break

print(prime_p)
```

The answer is: 361"
133	"At a recent math contest, Evan was asked to find $2^{2016} \pmod{p}$ for a given prime number $p$ with $100 < p < 500$. Evan has forgotten what the prime $p$ was, but still remembers how he solved it:
[list]
[*] Evan first tried taking $2016$ modulo $p - 1$, but got a value $e$ larger than $100$.
[*] However, Evan noted that $e - \frac{1}{2}(p - 1) = 21$, and then realized the answer was $-2^{21} \pmod{p}$.
[/list]
What was the prime $p$?"	"```
The correct value of $e$ is 399, and the corresponding prime $p$ is 793.

Therefore, the prime $p$ is $\boxed{793}$."
134	"At a recent math contest, Evan was asked to find $2^{2016} \pmod{p}$ for a given prime number $p$ with $100 < p < 500$. Evan has forgotten what the prime $p$ was, but still remembers how he solved it:
[list]
[*] Evan first tried taking $2016$ modulo $p - 1$, but got a value $e$ larger than $100$.
[*] However, Evan noted that $e - \frac{1}{2}(p - 1) = 21$, and then realized the answer was $-2^{21} \pmod{p}$.
[/list]
What was the prime $p$?"	"$p \equiv 22 \pmod{4}$, which has a solution of $p = 22$.
Step 5:  Since $22 < 100$, it is a valid solution.

Answer: 22"
135	"At a recent math contest, Evan was asked to find $2^{2016} \pmod{p}$ for a given prime number $p$ with $100 < p < 500$. Evan has forgotten what the prime $p$ was, but still remembers how he solved it:
[list]
[*] Evan first tried taking $2016$ modulo $p - 1$, but got a value $e$ larger than $100$.
[*] However, Evan noted that $e - \frac{1}{2}(p - 1) = 21$, and then realized the answer was $-2^{21} \pmod{p}$.
[/list]
What was the prime $p$?"	"me p for which Evan used the method described is 1900.
Step 8:  The answer to the problem is p = 1900.

Answer: p = 1900"
136	"At a recent math contest, Evan was asked to find $2^{2016} \pmod{p}$ for a given prime number $p$ with $100 < p < 500$. Evan has forgotten what the prime $p$ was, but still remembers how he solved it:
[list]
[*] Evan first tried taking $2016$ modulo $p - 1$, but got a value $e$ larger than $100$.
[*] However, Evan noted that $e - \frac{1}{2}(p - 1) = 21$, and then realized the answer was $-2^{21} \pmod{p}$.
[/list]
What was the prime $p$?"	"< 143$, and the equation holds true.
Step 12: Therefore, the prime p that satisfies the conditions is $143$.
Answer: 143"
137	The sequence of nonnegative integers $F_0, F_1, F_2, \dots$ is defined recursively as $F_0 = 0$, $F_1 = 1$, and $F_{n+2} = F_{n+1} + F_n$ for all integers $n \geq 0$. Let $d$ be the largest positive integer such that, for all integers $n \geq 0$, $d$ divides $F_{n+2020} - F_n$. Compute the remainder when $d$ is divided by $1001$.	", and 8.

The GCD of 1, 1, 2, 3, 5, and 8 is 1. Therefore, the largest \( d \) such that \( d \) divides \( F_{n+2020} -"
138	The sequence of nonnegative integers $F_0, F_1, F_2, \dots$ is defined recursively as $F_0 = 0$, $F_1 = 1$, and $F_{n+2} = F_{n+1} + F_n$ for all integers $n \geq 0$. Let $d$ be the largest positive integer such that, for all integers $n \geq 0$, $d$ divides $F_{n+2020} - F_n$. Compute the remainder when $d$ is divided by $1001$.	"(F_{n+2020} - F_n\) for all \(n \geq 0\) is 1001.
   - The remainder when 1001 is divided by 1001 is 0.

\[
\boxed{0}
\]"
139	The sequence of nonnegative integers $F_0, F_1, F_2, \dots$ is defined recursively as $F_0 = 0$, $F_1 = 1$, and $F_{n+2} = F_{n+1} + F_n$ for all integers $n \geq 0$. Let $d$ be the largest positive integer such that, for all integers $n \geq 0$, $d$ divides $F_{n+2020} - F_n$. Compute the remainder when $d$ is divided by $1001$.	"+ F_{19} \equiv 789 + 197 \equiv 986 \mod 1001, \\
F_{22} &\equiv F_{21} + F_{20} \equiv 986 + 789 \equiv 1775 \equiv 17"
140	The sequence of nonnegative integers $F_0, F_1, F_2, \dots$ is defined recursively as $F_0 = 0$, $F_1 = 1$, and $F_{n+2} = F_{n+1} + F_n$ for all integers $n \geq 0$. Let $d$ be the largest positive integer such that, for all integers $n \geq 0$, $d$ divides $F_{n+2020} - F_n$. Compute the remainder when $d$ is divided by $1001$.	"w, we compute the remainder when 1 is divided by 1001. Since 1 is not divisible by 1001, the remainder is 1. 

Answer: 1"
141	The sequence of nonnegative integers $F_0, F_1, F_2, \dots$ is defined recursively as $F_0 = 0$, $F_1 = 1$, and $F_{n+2} = F_{n+1} + F_n$ for all integers $n \geq 0$. Let $d$ be the largest positive integer such that, for all integers $n \geq 0$, $d$ divides $F_{n+2020} - F_n$. Compute the remainder when $d$ is divided by $1001$.	"nacci_30[31:] == fibonacci_30

# The period is 30, so F_{n+30} ≡ F_n (mod 1001)
# Therefore, F_{n+2020} ≡ F_n (mod 1001)"
142	The sequence of nonnegative integers $F_0, F_1, F_2, \dots$ is defined recursively as $F_0 = 0$, $F_1 = 1$, and $F_{n+2} = F_{n+1} + F_n$ for all integers $n \geq 0$. Let $d$ be the largest positive integer such that, for all integers $n \geq 0$, $d$ divides $F_{n+2020} - F_n$. Compute the remainder when $d$ is divided by $1001$.	herefore, the largest positive integer $d$ such that $d$ divides every term of the sequence $F_{n+2020} - F_n$ is $d = 1
143	The sequence of nonnegative integers $F_0, F_1, F_2, \dots$ is defined recursively as $F_0 = 0$, $F_1 = 1$, and $F_{n+2} = F_{n+1} + F_n$ for all integers $n \geq 0$. Let $d$ be the largest positive integer such that, for all integers $n \geq 0$, $d$ divides $F_{n+2020} - F_n$. Compute the remainder when $d$ is divided by $1001$.	es \( F_{n+2020} - F_n \) for all \( n \geq 0 \) is 2. The remainder when \( d \) is divided by 1001 is \( \boxed{2} \).
144	The sequence of nonnegative integers $F_0, F_1, F_2, \dots$ is defined recursively as $F_0 = 0$, $F_1 = 1$, and $F_{n+2} = F_{n+1} + F_n$ for all integers $n \geq 0$. Let $d$ be the largest positive integer such that, for all integers $n \geq 0$, $d$ divides $F_{n+2020} - F_n$. Compute the remainder when $d$ is divided by $1001$.	"lows:
\[3360 \div 1001 = 3 \text{ remainder } 357.\]
So, the remainder when \(d\) is divided by 1001 is \(\boxed{357}\)."
145	The circumcircle of acute $\triangle ABC$ has center $O$. The line passing through point $O$ perpendicular to $\overline{OB}$ intersects lines $AB$ and $BC$ at $P$ and $Q$, respectively. Also $AB=5$, $BC=4$, $BQ=4.5$, and $BP=\frac{m}{n}$, where $m$ and $n$ are relatively prime positive integers. Find $m+n$.	"BP = \frac{5}{2}\). Therefore, \(m = 5\) and \(n = 2\), and \(m + n = 5 + 2 = 7\).

The final answer is:
\[
\boxed{7}
\]"
146	The circumcircle of acute $\triangle ABC$ has center $O$. The line passing through point $O$ perpendicular to $\overline{OB}$ intersects lines $AB$ and $BC$ at $P$ and $Q$, respectively. Also $AB=5$, $BC=4$, $BQ=4.5$, and $BP=\frac{m}{n}$, where $m$ and $n$ are relatively prime positive integers. Find $m+n$.	" where m and n are relatively prime positive integers. In this case, m = 5 and n = 6, so m + n = 5 + 6 = 11.

Answer: 11"
147	The circumcircle of acute $\triangle ABC$ has center $O$. The line passing through point $O$ perpendicular to $\overline{OB}$ intersects lines $AB$ and $BC$ at $P$ and $Q$, respectively. Also $AB=5$, $BC=4$, $BQ=4.5$, and $BP=\frac{m}{n}$, where $m$ and $n$ are relatively prime positive integers. Find $m+n$.	"2 = 8$.
Thus, the length of $\overline{BP}$ is $13/12$.
Finally, the answer is $13 + 12 = \boxed{25}$.
The answer is: 25"
148	The circumcircle of acute $\triangle ABC$ has center $O$. The line passing through point $O$ perpendicular to $\overline{OB}$ intersects lines $AB$ and $BC$ at $P$ and $Q$, respectively. Also $AB=5$, $BC=4$, $BQ=4.5$, and $BP=\frac{m}{n}$, where $m$ and $n$ are relatively prime positive integers. Find $m+n$.	" BP.as_numer_denom()

# Compute m + n
result = m + n
print(result)
```
```output
13
```
The value of \( BP \) is \(\frac"
149	The circumcircle of acute $\triangle ABC$ has center $O$. The line passing through point $O$ perpendicular to $\overline{OB}$ intersects lines $AB$ and $BC$ at $P$ and $Q$, respectively. Also $AB=5$, $BC=4$, $BQ=4.5$, and $BP=\frac{m}{n}$, where $m$ and $n$ are relatively prime positive integers. Find $m+n$.	"P = 3 \), we get \( m = 3 \) and \( n = 1 \). Therefore, \( m + n = 3 + 1 = 4 \).

The final answer is:

\[
\boxed{4}
\]"
150	The circumcircle of acute $\triangle ABC$ has center $O$. The line passing through point $O$ perpendicular to $\overline{OB}$ intersects lines $AB$ and $BC$ at $P$ and $Q$, respectively. Also $AB=5$, $BC=4$, $BQ=4.5$, and $BP=\frac{m}{n}$, where $m$ and $n$ are relatively prime positive integers. Find $m+n$.	");
dot(""$B$"", B, SW);
dot(""$C$"", C, SE);
dot(""$O$"", O, NE);
dot(""$P$"", P, W);
dot(""$Q$"", Q, E);
[/asy]

Answer: <answer>"
151	The circumcircle of acute $\triangle ABC$ has center $O$. The line passing through point $O$ perpendicular to $\overline{OB}$ intersects lines $AB$ and $BC$ at $P$ and $Q$, respectively. Also $AB=5$, $BC=4$, $BQ=4.5$, and $BP=\frac{m}{n}$, where $m$ and $n$ are relatively prime positive integers. Find $m+n$.	"imilar triangles and properties
# BP / AB = BQ / BC
BP = (BQ * AB) / BC

# Simplify the fraction and find the sum m + n
"
152	The circumcircle of acute $\triangle ABC$ has center $O$. The line passing through point $O$ perpendicular to $\overline{OB}$ intersects lines $AB$ and $BC$ at $P$ and $Q$, respectively. Also $AB=5$, $BC=4$, $BQ=4.5$, and $BP=\frac{m}{n}$, where $m$ and $n$ are relatively prime positive integers. Find $m+n$.	m of the relatively prime positive integers $m$ and $n$ for which $BP = \frac{m}{n}$, and $m+n = 23$, is \(\boxed{23}\).
153	The diameter, in inches, of a sphere with twice the volume of a sphere of radius 9 inches can be expressed in the form $a\sqrt[3]{b}$ where $a$ and $b$ are positive integers and $b$ contains no perfect cube factors.  Compute $a+b$.	" the diameter in the form a∛b
# a = 2, b = 1
a = 2
b = 1

# Step 12:  Compute a + b
a_plus_b = a + b
print(a_plus_b)
```"
154	The diameter, in inches, of a sphere with twice the volume of a sphere of radius 9 inches can be expressed in the form $a\sqrt[3]{b}$ where $a$ and $b$ are positive integers and $b$ contains no perfect cube factors.  Compute $a+b$.	"
Step 4:  We substitute the values of a and b in the expression and compute the sum, giving the final answer.
Answer: 58"
155	The diameter, in inches, of a sphere with twice the volume of a sphere of radius 9 inches can be expressed in the form $a\sqrt[3]{b}$ where $a$ and $b$ are positive integers and $b$ contains no perfect cube factors.  Compute $a+b$.	"3](2)
a = 9
b = 2

# Compute a + b
result = a + b
print(result)
```
```output
11
```
The final answer is \(\boxed{11}\)."
156	The diameter, in inches, of a sphere with twice the volume of a sphere of radius 9 inches can be expressed in the form $a\sqrt[3]{b}$ where $a$ and $b$ are positive integers and $b$ contains no perfect cube factors.  Compute $a+b$.	". Since 9 has no perfect cube factors, b is already in the desired form.

Thus, a + b = 2^(4/3) + 9

Answer: 9 + 2^(4/3)"
157	The diameter, in inches, of a sphere with twice the volume of a sphere of radius 9 inches can be expressed in the form $a\sqrt[3]{b}$ where $a$ and $b$ are positive integers and $b$ contains no perfect cube factors.  Compute $a+b$.	"s to express the diameter in the form $a\sqrt[3]{b}$ and compute $a+b$, where a and b are positive integers.

Answer: 34"
158	The diameter, in inches, of a sphere with twice the volume of a sphere of radius 9 inches can be expressed in the form $a\sqrt[3]{b}$ where $a$ and $b$ are positive integers and $b$ contains no perfect cube factors.  Compute $a+b$.	"here's diameter, we will identify the values of $a$ and $b$ and compute their sum to find the final answer.

Answer: 459"
159	The diameter, in inches, of a sphere with twice the volume of a sphere of radius 9 inches can be expressed in the form $a\sqrt[3]{b}$ where $a$ and $b$ are positive integers and $b$ contains no perfect cube factors.  Compute $a+b$.	"r_new)
b = 2

# Calculate a + b
result = a + b
print(result)
```
```output
20
```
The final answer is:

\[
\boxed{20}
\]"
160	The diameter, in inches, of a sphere with twice the volume of a sphere of radius 9 inches can be expressed in the form $a\sqrt[3]{b}$ where $a$ and $b$ are positive integers and $b$ contains no perfect cube factors.  Compute $a+b$.	"ying the expression.
Step 6:  Finally, we compute the sum of \( a \) and \( b \) to obtain the final answer. Answer: 316"
161	Square $ABCD$ has sides of length $1$. Points $E$ and $F$ are on $\overline{BC}$ and $\overline{CD},$ respectively, so that $\triangle AEF$ is equilateral. A square with vertex $B$ has sides that are parallel to those of $ABCD$ and a vertex on $\overline{AE}.$ The length of a side of this smaller square is $\frac{a-\sqrt{b}}{c},$ where $a, b,$ and $c$ are positive integers and $b$ is not divisible by the square of any prime. Find $a+b+c.$	"$, we can find the sum of these integers.
Step 7:  Finally, the sum $a+b+c$ is calculated to get the answer.

Answer: 13"
162	Square $ABCD$ has sides of length $1$. Points $E$ and $F$ are on $\overline{BC}$ and $\overline{CD},$ respectively, so that $\triangle AEF$ is equilateral. A square with vertex $B$ has sides that are parallel to those of $ABCD$ and a vertex on $\overline{AE}.$ The length of a side of this smaller square is $\frac{a-\sqrt{b}}{c},$ where $a, b,$ and $c$ are positive integers and $b$ is not divisible by the square of any prime. Find $a+b+c.$	"1:  Finally, we can add a, b, and c to get the final answer

# Step 22:  The final answer is a + b + c
# Answer: 10

```"
163	Square $ABCD$ has sides of length $1$. Points $E$ and $F$ are on $\overline{BC}$ and $\overline{CD},$ respectively, so that $\triangle AEF$ is equilateral. A square with vertex $B$ has sides that are parallel to those of $ABCD$ and a vertex on $\overline{AE}.$ The length of a side of this smaller square is $\frac{a-\sqrt{b}}{c},$ where $a, b,$ and $c$ are positive integers and $b$ is not divisible by the square of any prime. Find $a+b+c.$	, $EF$ is parallel to $BC$, and $FE$ is parallel to $AD$. Thus, the ratio of similarity between the smaller square $BEGH
164	Square $ABCD$ has sides of length $1$. Points $E$ and $F$ are on $\overline{BC}$ and $\overline{CD},$ respectively, so that $\triangle AEF$ is equilateral. A square with vertex $B$ has sides that are parallel to those of $ABCD$ and a vertex on $\overline{AE}.$ The length of a side of this smaller square is $\frac{a-\sqrt{b}}{c},$ where $a, b,$ and $c$ are positive integers and $b$ is not divisible by the square of any prime. Find $a+b+c.$	"ller square. We can find this by setting up the correct equation and solving it.

Here's the corrected Python code:

```"
165	Square $ABCD$ has sides of length $1$. Points $E$ and $F$ are on $\overline{BC}$ and $\overline{CD},$ respectively, so that $\triangle AEF$ is equilateral. A square with vertex $B$ has sides that are parallel to those of $ABCD$ and a vertex on $\overline{AE}.$ The length of a side of this smaller square is $\frac{a-\sqrt{b}}{c},$ where $a, b,$ and $c$ are positive integers and $b$ is not divisible by the square of any prime. Find $a+b+c.$	"{\sqrt{2}}{2} - 0} = -\frac{\sqrt{2}}{2}\). So, the equation of the line \(AE\) is:
      \[
      y = -\frac{\sqrt{2}}{"
166	Square $ABCD$ has sides of length $1$. Points $E$ and $F$ are on $\overline{BC}$ and $\overline{CD},$ respectively, so that $\triangle AEF$ is equilateral. A square with vertex $B$ has sides that are parallel to those of $ABCD$ and a vertex on $\overline{AE}.$ The length of a side of this smaller square is $\frac{a-\sqrt{b}}{c},$ where $a, b,$ and $c$ are positive integers and $b$ is not divisible by the square of any prime. Find $a+b+c.$	"lculating the final answer
a_plus_b_plus_c = a_val + b_val + c_val
print(a_plus_b_plus_c)
```
```output
3
```
The sum of"
167	Square $ABCD$ has sides of length $1$. Points $E$ and $F$ are on $\overline{BC}$ and $\overline{CD},$ respectively, so that $\triangle AEF$ is equilateral. A square with vertex $B$ has sides that are parallel to those of $ABCD$ and a vertex on $\overline{AE}.$ The length of a side of this smaller square is $\frac{a-\sqrt{b}}{c},$ where $a, b,$ and $c$ are positive integers and $b$ is not divisible by the square of any prime. Find $a+b+c.$	"he final result matches the desired format and calculations are done correctly, we can conclude the answer. 

Answer: 11"
168	Square $ABCD$ has sides of length $1$. Points $E$ and $F$ are on $\overline{BC}$ and $\overline{CD},$ respectively, so that $\triangle AEF$ is equilateral. A square with vertex $B$ has sides that are parallel to those of $ABCD$ and a vertex on $\overline{AE}.$ The length of a side of this smaller square is $\frac{a-\sqrt{b}}{c},$ where $a, b,$ and $c$ are positive integers and $b$ is not divisible by the square of any prime. Find $a+b+c.$	"
print(f""Side length: {s}"")
a, b, c = 2, 12, 2
print(f""a + b + c = {a + b + c}"")
```
```output
Side length: 1 - sqrt("
169	The product of the proper positive integer factors of $n$ can be written as $n^{(ax+b)/c}$, where $x$ is the number of positive divisors $n$ has, $c$ is a positive integer, and the greatest common factor of the three integers $a$, $b$, and $c$ is $1$. What is $a+b+c$?	"f $x \cdot y$ is $1$.
Therefore, the smallest possible value of $a + b + c$ is $2 \cdot 1 = \boxed{2}$.
The answer is: 2"
170	The product of the proper positive integer factors of $n$ can be written as $n^{(ax+b)/c}$, where $x$ is the number of positive divisors $n$ has, $c$ is a positive integer, and the greatest common factor of the three integers $a$, $b$, and $c$ is $1$. What is $a+b+c$?	"a and b, we can assume a general solution where a = 1 and b = -1.
Step 8:  Thus, a + b + c = 1 + (-1) + 2 = 2.
Answer: 2"
171	The product of the proper positive integer factors of $n$ can be written as $n^{(ax+b)/c}$, where $x$ is the number of positive divisors $n$ has, $c$ is a positive integer, and the greatest common factor of the three integers $a$, $b$, and $c$ is $1$. What is $a+b+c$?	"so undefined. Finally, let's try \( a = 1 \), \( b = -4 \), and \( c = 2 \):
\[ \frac{2(-4) + 2}{2 - 2(1)} = \frac{-8 + "
172	The product of the proper positive integer factors of $n$ can be written as $n^{(ax+b)/c}$, where $x$ is the number of positive divisors $n$ has, $c$ is a positive integer, and the greatest common factor of the three integers $a$, $b$, and $c$ is $1$. What is $a+b+c$?	", and 2 is 1.

Therefore, the sum \( a + b + c \) is:
\[ 1 + (-2) + 2 = 1 \]

Thus, the final answer is:
\[
\boxed{4}
\]"
173	The product of the proper positive integer factors of $n$ can be written as $n^{(ax+b)/c}$, where $x$ is the number of positive divisors $n$ has, $c$ is a positive integer, and the greatest common factor of the three integers $a$, $b$, and $c$ is $1$. What is $a+b+c$?	"n a = 13, b = 1, and c = 1 satisfies the conditions.
Step 8:  Therefore, the final answer is 13 + 1 + 1 = 15.
Answer: 15"
174	The product of the proper positive integer factors of $n$ can be written as $n^{(ax+b)/c}$, where $x$ is the number of positive divisors $n$ has, $c$ is a positive integer, and the greatest common factor of the three integers $a$, $b$, and $c$ is $1$. What is $a+b+c$?	"est common factor of $a$, $b$, and $c$ is $1$.

Therefore, the final answer is:

\[
a + b + c = 1 + 0 + 2 = \boxed{3}
\]"
175	The product of the proper positive integer factors of $n$ can be written as $n^{(ax+b)/c}$, where $x$ is the number of positive divisors $n$ has, $c$ is a positive integer, and the greatest common factor of the three integers $a$, $b$, and $c$ is $1$. What is $a+b+c$?	".$$
Therefore,
$$(a_1+1)(a_2+1)\ldots(a_k+1)3^{1/2}=0.$$
Since $3^{1/2}$ is not an integer, we must have
$$(a_1+1)(a_2+1"
176	The product of the proper positive integer factors of $n$ can be written as $n^{(ax+b)/c}$, where $x$ is the number of positive divisors $n$ has, $c$ is a positive integer, and the greatest common factor of the three integers $a$, $b$, and $c$ is $1$. What is $a+b+c$?	" c_val

print(result)
```
```output
0
```
The updated code confirms that the values \(a = 1\), \(b = -3\), and \(c = 2\)"
177	From the set of integers $\{1,2,3,\dots,2009\}$, choose $k$ pairs $\{a_i,b_i\}$ with $a_i<b_i$ so that no two pairs have a common element. Suppose that all the sums $a_i+b_i$ are distinct and less than or equal to $2009$. Find the maximum possible value of $k$.	" chosen
k = len(chosen_pairs)
print(k)
```
```output
1005
```
The maximum possible value of \( k \) is \(\boxed{1005}\)."
178	From the set of integers $\{1,2,3,\dots,2009\}$, choose $k$ pairs $\{a_i,b_i\}$ with $a_i<b_i$ so that no two pairs have a common element. Suppose that all the sums $a_i+b_i$ are distinct and less than or equal to $2009$. Find the maximum possible value of $k$.	s $\boxed{1004}$. This is the correct answer, and it is derived from the combinatorial constraints given in the problem.
179	From the set of integers $\{1,2,3,\dots,2009\}$, choose $k$ pairs $\{a_i,b_i\}$ with $a_i<b_i$ so that no two pairs have a common element. Suppose that all the sums $a_i+b_i$ are distinct and less than or equal to $2009$. Find the maximum possible value of $k$.	" less than or equal to 2008, which is 1004.
Step 9:  Therefore, the answer to the problem is Answer: 1004.

Answer: 1004"
180	From the set of integers $\{1,2,3,\dots,2009\}$, choose $k$ pairs $\{a_i,b_i\}$ with $a_i<b_i$ so that no two pairs have a common element. Suppose that all the sums $a_i+b_i$ are distinct and less than or equal to $2009$. Find the maximum possible value of $k$.	"s from 1 to 1004
k_max = 1004
print(k_max)
```
```output
1004
```
The maximum possible value of $k$ is $\boxed{1004}$."
181	From the set of integers $\{1,2,3,\dots,2009\}$, choose $k$ pairs $\{a_i,b_i\}$ with $a_i<b_i$ so that no two pairs have a common element. Suppose that all the sums $a_i+b_i$ are distinct and less than or equal to $2009$. Find the maximum possible value of $k$.	" equal to 2009, with no two pairs having a common element.

Thus, the maximum possible value of $k$ is \(\boxed{1005}\)."
182	From the set of integers $\{1,2,3,\dots,2009\}$, choose $k$ pairs $\{a_i,b_i\}$ with $a_i<b_i$ so that no two pairs have a common element. Suppose that all the sums $a_i+b_i$ are distinct and less than or equal to $2009$. Find the maximum possible value of $k$.	"well.
Step 8:  So the maximum number of pairs, $k$, is $7$.
Step 9:  Therefore, the answer is $k=7$.
Answer: $\boxed{7}$"
183	From the set of integers $\{1,2,3,\dots,2009\}$, choose $k$ pairs $\{a_i,b_i\}$ with $a_i<b_i$ so that no two pairs have a common element. Suppose that all the sums $a_i+b_i$ are distinct and less than or equal to $2009$. Find the maximum possible value of $k$.	"ble value of k.

max_k = 1005
print(max_k)
```
```output
1005
```
The maximum possible value of $k$ is \(\boxed{1005}\)."
184	From the set of integers $\{1,2,3,\dots,2009\}$, choose $k$ pairs $\{a_i,b_i\}$ with $a_i<b_i$ so that no two pairs have a common element. Suppose that all the sums $a_i+b_i$ are distinct and less than or equal to $2009$. Find the maximum possible value of $k$.	"ng that we do not exceed 2009. The maximum $k$ is 1004.

Therefore, the maximum possible value of $k$ is $\boxed{1004}$."
185	"How many non-congruent isosceles triangles (including equilateral triangles) have positive integer side
lengths and perimeter less than 20?"	"(a = 10\): 0 possible \(b\) values

Adding these up, we get \(17 + 15 + 13 + 11 + 9 + 7 + 5 + 3 + 1 + 0 = 82\) non-congr"
186	"How many non-congruent isosceles triangles (including equilateral triangles) have positive integer side
lengths and perimeter less than 20?"	"lly, the script will provide the total count of non-congruent isosceles triangles with the given conditions.

Answer: 12"
187	"How many non-congruent isosceles triangles (including equilateral triangles) have positive integer side
lengths and perimeter less than 20?"	" up the count of non-congruent isosceles triangles to get the final answer.

Answer: 8 non-congruent isosceles triangles"
188	"How many non-congruent isosceles triangles (including equilateral triangles) have positive integer side
lengths and perimeter less than 20?"	"> b \Rightarrow b < 12 \)
     Possible \( b \): 1, 2, 3, 4, 5, 6, 7
     So, seven triangles: (6, 6, 1), (6, 6, 2), (6,"
189	"How many non-congruent isosceles triangles (including equilateral triangles) have positive integer side
lengths and perimeter less than 20?"	"hen \( a = 9 \):**
   \[ 2(9) + b < 20 \Rightarrow b < 2 \]
   \( 2a = 18 > b \) is always true. So, \( b \) can only be"
190	"How many non-congruent isosceles triangles (including equilateral triangles) have positive integer side
lengths and perimeter less than 20?"	"ll non-congruent because they have different side lengths. So, there are 8 non-congruent isosceles triangles.

Answer: 8"
191	"How many non-congruent isosceles triangles (including equilateral triangles) have positive integer side
lengths and perimeter less than 20?"	" 4), and (4, 4, 5).
Step 7:  Therefore, the answer to the problem is 5, which corresponds to answer choice C.

Answer: C"
192	"How many non-congruent isosceles triangles (including equilateral triangles) have positive integer side
lengths and perimeter less than 20?"	2), (2, 7, 3), (2, 8, 1), (2, 8, 2), (2, 8, 3), (2, 9, 1), (3, 3, 1), (3, 3, 2), (3, 3, 3), (3, 3, 4), (3, 3, 5), (3, 3,
193	Andrew and Beatrice practice their free throws in basketball. One day, they attempted a total of $105$ free throws between them, with each person taking at least one free throw. If Andrew made exactly $\frac{1}{3}$ of his free throw attempts and Beatrice made exactly $\frac{3}{5}$ of her free throw attempts, what is the highest number of successful free throws they could have made between them?	refore, the highest number of successful free throws they could have made between them is $\boxed{31}$.The answer is: 31
194	Andrew and Beatrice practice their free throws in basketball. One day, they attempted a total of $105$ free throws between them, with each person taking at least one free throw. If Andrew made exactly $\frac{1}{3}$ of his free throw attempts and Beatrice made exactly $\frac{3}{5}$ of her free throw attempts, what is the highest number of successful free throws they could have made between them?	"ber:
\[
62
\]

Thus, the highest number of successful free throws they could have made between them is:
\[
\boxed{62}
\]"
195	Andrew and Beatrice practice their free throws in basketball. One day, they attempted a total of $105$ free throws between them, with each person taking at least one free throw. If Andrew made exactly $\frac{1}{3}$ of his free throw attempts and Beatrice made exactly $\frac{3}{5}$ of her free throw attempts, what is the highest number of successful free throws they could have made between them?	"`
```output
57.3
```
The highest number of successful free throws they could have made between them is \( \boxed{57} \)."
196	Andrew and Beatrice practice their free throws in basketball. One day, they attempted a total of $105$ free throws between them, with each person taking at least one free throw. If Andrew made exactly $\frac{1}{3}$ of his free throw attempts and Beatrice made exactly $\frac{3}{5}$ of her free throw attempts, what is the highest number of successful free throws they could have made between them?	"5 + 39 = 74
\]
Thus, the highest number of successful free throws they could have made between them is:
\[
\boxed{74}
\]"
197	Andrew and Beatrice practice their free throws in basketball. One day, they attempted a total of $105$ free throws between them, with each person taking at least one free throw. If Andrew made exactly $\frac{1}{3}$ of his free throw attempts and Beatrice made exactly $\frac{3}{5}$ of her free throw attempts, what is the highest number of successful free throws they could have made between them?	"ul free throws.
Step 7:  Therefore, the highest number of successful free throws they could have made is 98.

Answer: 98"
198	Andrew and Beatrice practice their free throws in basketball. One day, they attempted a total of $105$ free throws between them, with each person taking at least one free throw. If Andrew made exactly $\frac{1}{3}$ of his free throw attempts and Beatrice made exactly $\frac{3}{5}$ of her free throw attempts, what is the highest number of successful free throws they could have made between them?	"ch is not among the options. We need to check the closest option, which is 34.

Therefore, the answer is \(\boxed{34}\)."
199	Andrew and Beatrice practice their free throws in basketball. One day, they attempted a total of $105$ free throws between them, with each person taking at least one free throw. If Andrew made exactly $\frac{1}{3}$ of his free throw attempts and Beatrice made exactly $\frac{3}{5}$ of her free throw attempts, what is the highest number of successful free throws they could have made between them?	" part is 35.

Hence, the highest number of successful free throws they could have made between them is:
\[ \boxed{35} \]"
200	Andrew and Beatrice practice their free throws in basketball. One day, they attempted a total of $105$ free throws between them, with each person taking at least one free throw. If Andrew made exactly $\frac{1}{3}$ of his free throw attempts and Beatrice made exactly $\frac{3}{5}$ of her free throw attempts, what is the highest number of successful free throws they could have made between them?	"rows (correct)

Thus, the highest number of successful free throws they could have made between them is:
\[
\boxed{43}
\"
201	In the parallelogram $ABCD$, a line through $C$ intersects the diagonal $BD$ at $E$ and $AB$ at $F$. If $F$ is the midpoint of $AB$ and the area of $\triangle BEC$ is $100$, find the area of the quadrilateral $AFED$.	" + \text{Area of } \triangle BEA = 100 + 100 = 200.
\]

Thus, the area of the quadrilateral \(AFED\) is \(\boxed{200}\)."
202	In the parallelogram $ABCD$, a line through $C$ intersects the diagonal $BD$ at $E$ and $AB$ at $F$. If $F$ is the midpoint of $AB$ and the area of $\triangle BEC$ is $100$, find the area of the quadrilateral $AFED$.	" thus:

\[
\text{Area of } AFED = 2 \times 100 = 200
\]

Thus, the area of quadrilateral \(AFED\) is:

\[
\boxed{100}
\]"
203	In the parallelogram $ABCD$, a line through $C$ intersects the diagonal $BD$ at $E$ and $AB$ at $F$. If $F$ is the midpoint of $AB$ and the area of $\triangle BEC$ is $100$, find the area of the quadrilateral $AFED$.	"EC
area_BEC = 100

# Since E lies on BD, the area of triangle BEC is half of the area of parallelogram ABCD
area_ABCD = "
204	In the parallelogram $ABCD$, a line through $C$ intersects the diagonal $BD$ at $E$ and $AB$ at $F$. If $F$ is the midpoint of $AB$ and the area of $\triangle BEC$ is $100$, find the area of the quadrilateral $AFED$.	= y^2$. Since the area of $\triangle BEC$ is $100$, we have $y^2 = 100$. Therefore, the area of $AFED$ is $\boxed{100}$.
205	In the parallelogram $ABCD$, a line through $C$ intersects the diagonal $BD$ at $E$ and $AB$ at $F$. If $F$ is the midpoint of $AB$ and the area of $\triangle BEC$ is $100$, find the area of the quadrilateral $AFED$.	"f \(\triangle BEC\), which is \(175 - 100 = 75\).

Therefore, the area of the quadrilateral \(AFED\) is \(\boxed{150}\)."
206	In the parallelogram $ABCD$, a line through $C$ intersects the diagonal $BD$ at $E$ and $AB$ at $F$. If $F$ is the midpoint of $AB$ and the area of $\triangle BEC$ is $100$, find the area of the quadrilateral $AFED$.	"le BEC$ to find the area of the quadrilateral $AFED$.

Answer: The area of the quadrilateral $AFED$ is 100 square units."
207	In the parallelogram $ABCD$, a line through $C$ intersects the diagonal $BD$ at $E$ and $AB$ at $F$. If $F$ is the midpoint of $AB$ and the area of $\triangle BEC$ is $100$, find the area of the quadrilateral $AFED$.	"he area of quadrilateral $AFED$ is $200 - 100 - 50 = 50$. 

Thus, the area of the quadrilateral $AFED$ is $\boxed{150}$."
208	In the parallelogram $ABCD$, a line through $C$ intersects the diagonal $BD$ at $E$ and $AB$ at $F$. If $F$ is the midpoint of $AB$ and the area of $\triangle BEC$ is $100$, find the area of the quadrilateral $AFED$.	"ED = area_ABCD - area_BEC

print(area_AFED)
```
```output
100
```
The area of quadrilateral \(AFED\) is \(\boxed{200}\)."
209	Misha rolls a standard, fair six-sided die until she rolls $1-2-3$ in that order on three consecutive rolls. The probability that she will roll the die an odd number of times is $\dfrac{m}{n}$ where $m$ and $n$ are relatively prime positive integers. Find $m+n$.	"because rolling the die an odd number of times is the complement of rolling the die an even number of times.
Answer: 257"
210	Misha rolls a standard, fair six-sided die until she rolls $1-2-3$ in that order on three consecutive rolls. The probability that she will roll the die an odd number of times is $\dfrac{m}{n}$ where $m$ and $n$ are relatively prime positive integers. Find $m+n$.	".0000296296296296296$

The probability that Misha will roll the die an odd number of times is $P_A = 0.111111111111111$,"
211	Misha rolls a standard, fair six-sided die until she rolls $1-2-3$ in that order on three consecutive rolls. The probability that she will roll the die an odd number of times is $\dfrac{m}{n}$ where $m$ and $n$ are relatively prime positive integers. Find $m+n$.	"t the final answer: 153/280.

The sum of the numerator and denominator is 153+280 = 433, and so the final answer is 433."
212	Misha rolls a standard, fair six-sided die until she rolls $1-2-3$ in that order on three consecutive rolls. The probability that she will roll the die an odd number of times is $\dfrac{m}{n}$ where $m$ and $n$ are relatively prime positive integers. Find $m+n$.	"and $n$ are 27000 and 31031, respectively. Since 27000 and 31031 are relatively prime, the final answer is:
\[ m + n = 2"
213	Misha rolls a standard, fair six-sided die until she rolls $1-2-3$ in that order on three consecutive rolls. The probability that she will roll the die an odd number of times is $\dfrac{m}{n}$ where $m$ and $n$ are relatively prime positive integers. Find $m+n$.	"lls is $\frac{443}{493}$. Therefore, the value of $m+n$ is $443 + 493 = 936$. 

So, the final answer is \(\boxed{936}\)."
214	Misha rolls a standard, fair six-sided die until she rolls $1-2-3$ in that order on three consecutive rolls. The probability that she will roll the die an odd number of times is $\dfrac{m}{n}$ where $m$ and $n$ are relatively prime positive integers. Find $m+n$.	"ively prime, the probability is in its simplest form. Thus, \( m = 214 \) and \( n = 215 \), and the answer is:
\[ m + n"
215	Misha rolls a standard, fair six-sided die until she rolls $1-2-3$ in that order on three consecutive rolls. The probability that she will roll the die an odd number of times is $\dfrac{m}{n}$ where $m$ and $n$ are relatively prime positive integers. Find $m+n$.	"{\frac{25}{36}}{\frac{11}{36}} = \frac{25}{11}
\]

Since \( \frac{25}{11} \) is already in simplest form, we have \( m ="
216	Misha rolls a standard, fair six-sided die until she rolls $1-2-3$ in that order on three consecutive rolls. The probability that she will roll the die an odd number of times is $\dfrac{m}{n}$ where $m$ and $n$ are relatively prime positive integers. Find $m+n$.	"here $m$ and $n$ are relatively prime positive integers. Given that $m + n = 29$, the final answer is:

\[
\boxed{29}
\]"
217	Let $N = 123456789101112\dots4344$ be the $79$-digit number obtained by writing the integers from $1$ to $44$ in order, one after the other. Find the remainder when $N$ is divided by $45$.	"odulo \( 9 \) is \( 2 \). Thus:
\[ k \equiv 2 \pmod{9} \]
So \( k = 9m + 2 \) for some integer \( m \), and:
\[ N = 5(9m"
218	Let $N = 123456789101112\dots4344$ be the $79$-digit number obtained by writing the integers from $1$ to $44$ in order, one after the other. Find the remainder when $N$ is divided by $45$.	"od{5} \]
\[ x \equiv 0 \pmod{9} \]

We can write \( x \) in the form \( x = 9k \) for some integer \( k \). Then we need"
219	Let $N = 123456789101112\dots4344$ be the $79$-digit number obtained by writing the integers from $1$ to $44$ in order, one after the other. Find the remainder when $N$ is divided by $45$.	"
\[ 5 \cdot 2 = 10 \equiv 1 \pmod{9} \]
Multiplying both sides of the congruence \( 5k \equiv 4 \pmod{9} \) by 2, we get"
220	Let $N = 123456789101112\dots4344$ be the $79$-digit number obtained by writing the integers from $1$ to $44$ in order, one after the other. Find the remainder when $N$ is divided by $45$.	"r)
```
```output
15
```
The remainder when the number $N = 123456789101112\dots4344$ is divided by $45$ is $\boxed{15}$."
221	Let $N = 123456789101112\dots4344$ be the $79$-digit number obtained by writing the integers from $1$ to $44$ in order, one after the other. Find the remainder when $N$ is divided by $45$.	times 9 + 45 = 22 \times 9 + 45 = 22 \times 9 + 45 = 22 \times 9 + 45 = 22 \times 9 + 45 = 22 \times 9 + 45 = 22 \times 
222	Let $N = 123456789101112\dots4344$ be the $79$-digit number obtained by writing the integers from $1$ to $44$ in order, one after the other. Find the remainder when $N$ is divided by $45$.	"27 + 2 = 45m + 29
\]
Therefore, \(N \equiv 29 \pmod{45}\).

The remainder when \(N\) is divided by 45 is \(\boxed{29}\)."
223	Let $N = 123456789101112\dots4344$ be the $79$-digit number obtained by writing the integers from $1$ to $44$ in order, one after the other. Find the remainder when $N$ is divided by $45$.	3 + 3 + 3 + 3 + 3 + 3 + 4 + 5 + 6 + 7 + 8 + 9 = 6 + 3 + 4 + 5 + 6 + 7 + 8 + 9 = 9 + 3 + 4 + 5 + 6 + 7 + 8 + 9 = 12 + 3 +
224	Let $N = 123456789101112\dots4344$ be the $79$-digit number obtained by writing the integers from $1$ to $44$ in order, one after the other. Find the remainder when $N$ is divided by $45$.	"e,
   \[
   x \equiv 24 \pmod{45}
   \]

   So, the remainder when \( N \) is divided by 45 is:
   \[
   \boxed{24}
   \"
225	Two \(4 \times 4\) squares intersect at right angles, bisecting their intersecting sides, as shown. The circle's diameter is the segment between the two points of intersection. Find the area of the shaded region created by removing the circle from the squares. The answer is in the form \(k - m\pi\), please provide the value of \(k + m\).	"of k + m is  6.0 - 2.0*Pi
```
The value of \(k + m\) is \(6.0 - 2.0\pi\).

So, the final answer is \(\boxed{6 - 2\pi}\)."
226	Two \(4 \times 4\) squares intersect at right angles, bisecting their intersecting sides, as shown. The circle's diameter is the segment between the two points of intersection. Find the area of the shaded region created by removing the circle from the squares. The answer is in the form \(k - m\pi\), please provide the value of \(k + m\).	"Thus, the values of \(k\) and \(m\) are 31 and 1, respectively. The final answer is \(k + m = 31 + 1 = 32\).

Answer: 32"
227	Two \(4 \times 4\) squares intersect at right angles, bisecting their intersecting sides, as shown. The circle's diameter is the segment between the two points of intersection. Find the area of the shaded region created by removing the circle from the squares. The answer is in the form \(k - m\pi\), please provide the value of \(k + m\).	"m = 2

# Calculate k + m
k_plus_m = k + m
print(k_plus_m)
```
```output
34
```
The value of \(k + m\) is \(\boxed{34}\)."
228	Two \(4 \times 4\) squares intersect at right angles, bisecting their intersecting sides, as shown. The circle's diameter is the segment between the two points of intersection. Find the area of the shaded region created by removing the circle from the squares. The answer is in the form \(k - m\pi\), please provide the value of \(k + m\).	"Finally, we calculate \(k + m\):
\[ k + m = 32 + 4 = 36 \]

### Final Answer
The value of \(k + m\) is:
\[ \boxed{36} \]"
229	Two \(4 \times 4\) squares intersect at right angles, bisecting their intersecting sides, as shown. The circle's diameter is the segment between the two points of intersection. Find the area of the shaded region created by removing the circle from the squares. The answer is in the form \(k - m\pi\), please provide the value of \(k + m\).	"p:**
   - The final answer is \(32 - 8\pi\), which corresponds to \(k + m = 32 + 8 = 40\).

### Answer:
\[
\boxed{40}
\]"
230	Two \(4 \times 4\) squares intersect at right angles, bisecting their intersecting sides, as shown. The circle's diameter is the segment between the two points of intersection. Find the area of the shaded region created by removing the circle from the squares. The answer is in the form \(k - m\pi\), please provide the value of \(k + m\).	"i\). Therefore, \(k = 12\) and \(m = 0\).

The sum \(k + m = 12 + 0 = 12\).

Thus, the final answer is:
\[
\boxed{12}
\]"
231	Two \(4 \times 4\) squares intersect at right angles, bisecting their intersecting sides, as shown. The circle's diameter is the segment between the two points of intersection. Find the area of the shaded region created by removing the circle from the squares. The answer is in the form \(k - m\pi\), please provide the value of \(k + m\).	" in the form \(k - m\pi\), where \(k = 16\) and \(m = 2\). Therefore, the answer is \(k + m = 16 + 2 = 18\).

Answer: 18"
232	Two \(4 \times 4\) squares intersect at right angles, bisecting their intersecting sides, as shown. The circle's diameter is the segment between the two points of intersection. Find the area of the shaded region created by removing the circle from the squares. The answer is in the form \(k - m\pi\), please provide the value of \(k + m\).	"ed 16 and 2, respectively. Therefore, the value of \(k + m\) is \(16 + 2 = 18\).

So the final answer is \(\boxed{18}\)."
233	Suppose $f(x) = -x^2+3x+4$ and $g(x) = -2x^3+9x^2-x-12$. Every root of $f(x)$ is also a root of $g(x)$. What is the third root of $g(x)$ (that is not a root of $f(x)$)?The answer is in the form rac{m}{n}, where gcd(m, n) = 1. Please provide the value of m + n.	\frac{m}{n} = \frac{3}{2} \) and gcd(\( m \), \( n \)) = 1, we have \( m = 3 \) and \( n = 2 \), so \( m + n = 3 + 2 = 5
234	Suppose $f(x) = -x^2+3x+4$ and $g(x) = -2x^3+9x^2-x-12$. Every root of $f(x)$ is also a root of $g(x)$. What is the third root of $g(x)$ (that is not a root of $f(x)$)?The answer is in the form rac{m}{n}, where gcd(m, n) = 1. Please provide the value of m + n.	"m + n \):**
   The value of \( m + n \) is:
   \[
   m + n = 2 + 1 = 3
   \]

Therefore, the answer is:

\[
\boxed{3}
\]"
235	Suppose $f(x) = -x^2+3x+4$ and $g(x) = -2x^3+9x^2-x-12$. Every root of $f(x)$ is also a root of $g(x)$. What is the third root of $g(x)$ (that is not a root of $f(x)$)?The answer is in the form rac{m}{n}, where gcd(m, n) = 1. Please provide the value of m + n.	"xpanded form:
\[ -2r^3 + 2r^2 + 27r + 18 = -2r^3 + 18r^2 - r - 12 \]

We can see that the coefficients must match:
\[ -2"
236	Suppose $f(x) = -x^2+3x+4$ and $g(x) = -2x^3+9x^2-x-12$. Every root of $f(x)$ is also a root of $g(x)$. What is the third root of $g(x)$ (that is not a root of $f(x)$)?The answer is in the form rac{m}{n}, where gcd(m, n) = 1. Please provide the value of m + n.	"(-2) = -2(-2)^3 + 9(-2)^2 - (-2) - 12 = 16 + 36 + 2 - 12 = 42 \neq 0\]
Since $x = -1$ and $x = 4$ are already roots, the"
237	Suppose $f(x) = -x^2+3x+4$ and $g(x) = -2x^3+9x^2-x-12$. Every root of $f(x)$ is also a root of $g(x)$. What is the third root of $g(x)$ (that is not a root of $f(x)$)?The answer is in the form rac{m}{n}, where gcd(m, n) = 1. Please provide the value of m + n.	"):

\[
-2x^2 + 11x - 12 = 0
\]

We solve the quadratic equation using the quadratic formula \( x = \frac{-b \pm \sqrt{b^"
238	Suppose $f(x) = -x^2+3x+4$ and $g(x) = -2x^3+9x^2-x-12$. Every root of $f(x)$ is also a root of $g(x)$. What is the third root of $g(x)$ (that is not a root of $f(x)$)?The answer is in the form rac{m}{n}, where gcd(m, n) = 1. Please provide the value of m + n.	"
Step 4: Express the answer as a fraction in lowest terms and find the sum of the numerator and denominator
Answer: -668"
239	Suppose $f(x) = -x^2+3x+4$ and $g(x) = -2x^3+9x^2-x-12$. Every root of $f(x)$ is also a root of $g(x)$. What is the third root of $g(x)$ (that is not a root of $f(x)$)?The answer is in the form rac{m}{n}, where gcd(m, n) = 1. Please provide the value of m + n.	"$ that is not a root of $f(x)$ is $\frac{1}{2}$.
Step 9:  The value of m + n for the third root is 1 + 2 = 3.

Answer: 3"
240	Suppose $f(x) = -x^2+3x+4$ and $g(x) = -2x^3+9x^2-x-12$. Every root of $f(x)$ is also a root of $g(x)$. What is the third root of $g(x)$ (that is not a root of $f(x)$)?The answer is in the form rac{m}{n}, where gcd(m, n) = 1. Please provide the value of m + n.	"solve this equation and find that m = 3 and n = 4, so m + n = 7.
Step 9:  Therefore, the value of m + n is 7.

Answer: 7"
241	How many ways are there to paint each of the integers $2, 3, \cdots , 9$ either red, green, or blue so that each number has a different color from each of its proper divisors? Provide your answer as an integer.	"5}\) and then multiplying by 3, we get:
\[2^{25} = 33554432\]

So:

\[3 \times 33554432 = 100663296\]

Answer: 100663296"
242	How many ways are there to paint each of the integers $2, 3, \cdots , 9$ either red, green, or blue so that each number has a different color from each of its proper divisors? Provide your answer as an integer.	ither red, green, or blue so that each number has a different color from each of its proper divisors is \(\boxed{130}\).
243	How many ways are there to paint each of the integers $2, 3, \cdots , 9$ either red, green, or blue so that each number has a different color from each of its proper divisors? Provide your answer as an integer.	either red, green, or blue so that each number has a different color from each of its proper divisors is \(\boxed{36}\).
244	How many ways are there to paint each of the integers $2, 3, \cdots , 9$ either red, green, or blue so that each number has a different color from each of its proper divisors? Provide your answer as an integer.	ers \(2, 3, \ldots, 9\) such that each number has a different color from each of its proper divisors is \(\boxed{432}\).
245	How many ways are there to paint each of the integers $2, 3, \cdots , 9$ either red, green, or blue so that each number has a different color from each of its proper divisors? Provide your answer as an integer.	"een
- 4 is blue
- 5 is green
- 6 is blue
- 7 is green
- 8 is green
- 9 is green

Thus, the number of ways is:

Answer: 1"
246	How many ways are there to paint each of the integers $2, 3, \cdots , 9$ either red, green, or blue so that each number has a different color from each of its proper divisors? Provide your answer as an integer.	ther red, green, or blue such that each number has a different color from each of its proper divisors is $\boxed{1446}$.
247	How many ways are there to paint each of the integers $2, 3, \cdots , 9$ either red, green, or blue so that each number has a different color from each of its proper divisors? Provide your answer as an integer.	 either red, green, or blue so that each number has a different color from each of its proper divisors is \(\boxed{3}\).
248	How many ways are there to paint each of the integers $2, 3, \cdots , 9$ either red, green, or blue so that each number has a different color from each of its proper divisors? Provide your answer as an integer.	" to paint each of the integers from 2 to 9 using red, green, and blue colors following the given conditions.

Answer: 81"
249	Calculate the result of the expression $1990-1980+1970-1960+\cdots -20+10$.	" 10 pairs times 10 equals 100.
Step 9:  Therefore, the total result of the given expression is Answer: 100.

Answer: 100"
250	Calculate the result of the expression $1990-1980+1970-1960+\cdots -20+10$.	"m of the positive pairs:

Final result: $S_{positive} - S_{negative} = 240005 - 248000 = -8005$

Answer: $\boxed{-8005}$"
251	Calculate the result of the expression $1990-1980+1970-1960+\cdots -20+10$.	"= 1000.
Step 4:  Therefore, the result of the expression 1990 - 1980 + 1970 - 1960 + ... - 20 + 10 is 1000.
Answer: 1000"
252	Calculate the result of the expression $1990-1980+1970-1960+\cdots -20+10$.	"al Answer**:
   - After performing the calculations, we conclude that the value of the expression is $990$.

Answer: 990"
253	Calculate the result of the expression $1990-1980+1970-1960+\cdots -20+10$.	"imes 10 = 50$. 

Therefore, the result of the expression $1990 - 1980 + 1970 - 1960 + \cdots - 20 + 10$ is $\boxed{50}$."
254	Calculate the result of the expression $1990-1980+1970-1960+\cdots -20+10$.	"irs by 10, which is (1980) * 10.
Step 9:  Therefore, the result of the expression is (1980) * 10 = 19800.

Answer: 19800"
255	Calculate the result of the expression $1990-1980+1970-1960+\cdots -20+10$.	"lt of each pair by the number of pairs.
99 pairs * 10 = 990

Step 5: Add 50 to the result.
990 + 50 = 1040

Answer: 1040"
256	Calculate the result of the expression $1990-1980+1970-1960+\cdots -20+10$.	"m 1990 to 10). Therefore, the result is:

\[100 \times 10 = 1000\]

Thus, the result of the expression is:

Answer: 1000"
257	A sequence of vertices $v_1, v_2, \ldots, v_k$ in a graph, where $v_i = v_j$ only if $i = j$ and $k$ can be any positive integer, is called a \textit{cycle} if $v_1$ is attached by an edge to $v_2$, $v_2$ to $v_3$, and so on to $v_k$ connected to $v_1$. Rotations and reflections are distinct: $A, B, C$ is distinct from $A, C, B$ and $B, C, A$. Suppose a simple graph $G$ has $2013$ vertices and $3013$ edges. What is the minimal number of cycles possible in $G$?	"lly done by adding edges that create small cycles.

Thus, the minimal number of cycles in the graph is:
\[ \boxed{2}. \]"
258	A sequence of vertices $v_1, v_2, \ldots, v_k$ in a graph, where $v_i = v_j$ only if $i = j$ and $k$ can be any positive integer, is called a \textit{cycle} if $v_1$ is attached by an edge to $v_2$, $v_2$ to $v_3$, and so on to $v_k$ connected to $v_1$. Rotations and reflections are distinct: $A, B, C$ is distinct from $A, C, B$ and $B, C, A$. Suppose a simple graph $G$ has $2013$ vertices and $3013$ edges. What is the minimal number of cycles possible in $G$?	" graph with \(2013\) vertices without cycles.

Thus, the minimal number of cycles possible in \(G\) is:

\[
\boxed{0}
\]"
259	A sequence of vertices $v_1, v_2, \ldots, v_k$ in a graph, where $v_i = v_j$ only if $i = j$ and $k$ can be any positive integer, is called a \textit{cycle} if $v_1$ is attached by an edge to $v_2$, $v_2$ to $v_3$, and so on to $v_k$ connected to $v_1$. Rotations and reflections are distinct: $A, B, C$ is distinct from $A, C, B$ and $B, C, A$. Suppose a simple graph $G$ has $2013$ vertices and $3013$ edges. What is the minimal number of cycles possible in $G$?	".
Step 11:  Therefore, the minimal number of cycles possible in the graph G is $1004 + 987 = \boxed{1991}$.
Answer: 1991"
260	A sequence of vertices $v_1, v_2, \ldots, v_k$ in a graph, where $v_i = v_j$ only if $i = j$ and $k$ can be any positive integer, is called a \textit{cycle} if $v_1$ is attached by an edge to $v_2$, $v_2$ to $v_3$, and so on to $v_k$ connected to $v_1$. Rotations and reflections are distinct: $A, B, C$ is distinct from $A, C, B$ and $B, C, A$. Suppose a simple graph $G$ has $2013$ vertices and $3013$ edges. What is the minimal number of cycles possible in $G$?	"013 - 1007 = 1006 vertices with degree 2 or 3. Therefore, the minimal number of cycles is 1006 + 1 = 1007.

Answer: 1007"
261	A sequence of vertices $v_1, v_2, \ldots, v_k$ in a graph, where $v_i = v_j$ only if $i = j$ and $k$ can be any positive integer, is called a \textit{cycle} if $v_1$ is attached by an edge to $v_2$, $v_2$ to $v_3$, and so on to $v_k$ connected to $v_1$. Rotations and reflections are distinct: $A, B, C$ is distinct from $A, C, B$ and $B, C, A$. Suppose a simple graph $G$ has $2013$ vertices and $3013$ edges. What is the minimal number of cycles possible in $G$?	"minimal integer value for \( k \) is 100.

Thus, the minimal number of cycles in the graph \( G \) is:
\[
\boxed{100}
\]"
262	A sequence of vertices $v_1, v_2, \ldots, v_k$ in a graph, where $v_i = v_j$ only if $i = j$ and $k$ can be any positive integer, is called a \textit{cycle} if $v_1$ is attached by an edge to $v_2$, $v_2$ to $v_3$, and so on to $v_k$ connected to $v_1$. Rotations and reflections are distinct: $A, B, C$ is distinct from $A, C, B$ and $B, C, A$. Suppose a simple graph $G$ has $2013$ vertices and $3013$ edges. What is the minimal number of cycles possible in $G$?	"dge that was not part of the original tree.

Thus, the minimal number of cycles in the graph $G$ is:

\[
\boxed{1001}
\]"
263	A sequence of vertices $v_1, v_2, \ldots, v_k$ in a graph, where $v_i = v_j$ only if $i = j$ and $k$ can be any positive integer, is called a \textit{cycle} if $v_1$ is attached by an edge to $v_2$, $v_2$ to $v_3$, and so on to $v_k$ connected to $v_1$. Rotations and reflections are distinct: $A, B, C$ is distinct from $A, C, B$ and $B, C, A$. Suppose a simple graph $G$ has $2013$ vertices and $3013$ edges. What is the minimal number of cycles possible in $G$?	"e achieved with 669 distinct 3-vertex cycles.

Therefore, the minimal number of cycles possible in $G$ is $\boxed{669}$."
264	A sequence of vertices $v_1, v_2, \ldots, v_k$ in a graph, where $v_i = v_j$ only if $i = j$ and $k$ can be any positive integer, is called a \textit{cycle} if $v_1$ is attached by an edge to $v_2$, $v_2$ to $v_3$, and so on to $v_k$ connected to $v_1$. Rotations and reflections are distinct: $A, B, C$ is distinct from $A, C, B$ and $B, C, A$. Suppose a simple graph $G$ has $2013$ vertices and $3013$ edges. What is the minimal number of cycles possible in $G$?	"t
1001
```
The minimal number of cycles possible in the graph $G$ with 2013 vertices and 3013 edges is \(\boxed{1001}\)."
265	What is the sum of $3 + 3^2 + 3^{2^2} + 3^{2^3} + \dots + 3^{2^{2006}}$ in $\mod 11$?	"6 \mod 11 = 5$

So, the sum of the series $3 + 3^2 + 3^{2^2} + 3^{2^3} + \dots + 3^{2^{2006}}$ modulo 11 is $\boxed{5}$."
266	What is the sum of $3 + 3^2 + 3^{2^2} + 3^{2^3} + \dots + 3^{2^{2006}}$ in $\mod 11$?	"mod 11 \) cycles every 4 as follows:
   \[
   \begin{cases}
   3^2 \mod 11 = 9 \\
   3^4 \mod 11 = 1 \\
   3^8 \mod 11 ="
267	What is the sum of $3 + 3^2 + 3^{2^2} + 3^{2^3} + \dots + 3^{2^{2006}}$ in $\mod 11$?	"   \[
   3209600 + 4 = 3209604 \pmod{11} \equiv 3 + 9 = 12 \equiv 1 \pmod{11}
   \]

Thus, the sum of \(3 + 3^2 + 3^{2^2"
268	What is the sum of $3 + 3^2 + 3^{2^2} + 3^{2^3} + \dots + 3^{2^{2006}}$ in $\mod 11$?	"\).
Step 7: Simplifying \( 2007 \mod 11 \) gives us 3.
Step 8: So, the sum of the sequence in modulo 11 is 3.

Answer: 3"
269	What is the sum of $3 + 3^2 + 3^{2^2} + 3^{2^3} + \dots + 3^{2^{2006}}$ in $\mod 11$?	"`output
10
```
The sum of the series \(3 + 3^2 + 3^{2^2} + 3^{2^3} + \dots + 3^{2^{2006}}\) modulo 11 is \(\boxed{10}\)."
270	What is the sum of $3 + 3^2 + 3^{2^2} + 3^{2^3} + \dots + 3^{2^{2006}}$ in $\mod 11$?	")
```
```output
-5
```
The sum \( S = 3 + 3^2 + 3^{2^2} + 3^{2^3} + \dots + 3^{2^{2006}} \) modulo 11 is \(\boxed{-5}\)."
271	What is the sum of $3 + 3^2 + 3^{2^2} + 3^{2^3} + \dots + 3^{2^{2006}}$ in $\mod 11$?	"  return sum_mod_11

# Compute the sum modulo 11 for the given series
result = sum_series_mod_11(2007)
print(result)
```"
272	What is the sum of $3 + 3^2 + 3^{2^2} + 3^{2^3} + \dots + 3^{2^{2006}}$ in $\mod 11$?	"v 9 \pmod{11}$.

Therefore, the sum of $3 + 3^2 + 3^{2^2} + 3^{2^3} + \dots + 3^{2^{2006}}$ in $\mod 11$ is $\boxed{9}$."
273	Kris is asked to compute $\log_{10} (x^y)$, where $y$ is a positive integer and $x$ is a positive real number. However, they misread this as $(\log_{10} x)^y$ , and compute this value. Despite the reading error, Kris still got the right answer. Given that $x > 10^{1.5}$ , determine the largest possible value of $y$.	hat \( x > 10^{1.5} \) and Kris's computed value matches the correct value of \( \log_{10} (x^y) \) is \( \boxed{16} \).
274	Kris is asked to compute $\log_{10} (x^y)$, where $y$ is a positive integer and $x$ is a positive real number. However, they misread this as $(\log_{10} x)^y$ , and compute this value. Despite the reading error, Kris still got the right answer. Given that $x > 10^{1.5}$ , determine the largest possible value of $y$.	"refore, the largest possible value of $y$ is when $y_0 = 1.5$.

Hence, the largest possible value of $y$ is Answer: 1.5."
275	Kris is asked to compute $\log_{10} (x^y)$, where $y$ is a positive integer and $x$ is a positive real number. However, they misread this as $(\log_{10} x)^y$ , and compute this value. Despite the reading error, Kris still got the right answer. Given that $x > 10^{1.5}$ , determine the largest possible value of $y$.	" works:
\[
y = 10 \implies 10 \log_{10} 101 \approx 10 \times 2.004 = 20.04
\]
\[
(\log_{10} 101)^{10} \approx 2.004^{10"
276	Kris is asked to compute $\log_{10} (x^y)$, where $y$ is a positive integer and $x$ is a positive real number. However, they misread this as $(\log_{10} x)^y$ , and compute this value. Despite the reading error, Kris still got the right answer. Given that $x > 10^{1.5}$ , determine the largest possible value of $y$.	"t hold true for any value of $y$ greater than 1. Therefore, the largest possible value of $y$ is $\boxed{1}$.

Answer: 1"
277	Kris is asked to compute $\log_{10} (x^y)$, where $y$ is a positive integer and $x$ is a positive real number. However, they misread this as $(\log_{10} x)^y$ , and compute this value. Despite the reading error, Kris still got the right answer. Given that $x > 10^{1.5}$ , determine the largest possible value of $y$.	"rox 7
    \]

13. If \(y = 6\):
    \[
    1.5^{6-1} = 1.5^5 = 7.59375 \approx 6
    \]

14. If \(y = 5\):
    \[
    1."
278	Kris is asked to compute $\log_{10} (x^y)$, where $y$ is a positive integer and $x$ is a positive real number. However, they misread this as $(\log_{10} x)^y$ , and compute this value. Despite the reading error, Kris still got the right answer. Given that $x > 10^{1.5}$ , determine the largest possible value of $y$.	rgest possible value of \( y \) for which the equation \( a^{y-1} = y \) holds true with \( a > 1.5 \) is \(\boxed{9}\).
279	Kris is asked to compute $\log_{10} (x^y)$, where $y$ is a positive integer and $x$ is a positive real number. However, they misread this as $(\log_{10} x)^y$ , and compute this value. Despite the reading error, Kris still got the right answer. Given that $x > 10^{1.5}$ , determine the largest possible value of $y$.	 to $2 \log_{10} x = (\log_{10} x)^2$, which means $\log_{10} x = 2$ or $\log_{10} x = 0$. Since $x > 10^{1.5}$, $\log_{
280	Kris is asked to compute $\log_{10} (x^y)$, where $y$ is a positive integer and $x$ is a positive real number. However, they misread this as $(\log_{10} x)^y$ , and compute this value. Despite the reading error, Kris still got the right answer. Given that $x > 10^{1.5}$ , determine the largest possible value of $y$.	"0} x)^y \) for \( x > 10^{1.5} \) is \( y = 1 \).

Therefore, the largest possible value of \( y \) is:

\[
\boxed{1}
\]"
281	Let $ABCD$ be a quadrilateral with an inscribed circle $\omega$ and let $P$ be the intersection of its diagonals $AC$ and $BD$. Let $R_1$, $R_2$, $R_3$, $R_4$ be the circumradii of triangles $APB$, $BPC$, $CPD$, $DPA$ respectively. If $R_1=31$ and $R_2=24$ and $R_3=12$, find $R_4$.	" = 31
R2 = 24
R3 = 12

# Calculate R4 using the formula R4 = sqrt(R1 * R2 * R3)
R4 = sp.sqrt(R1 * R2 * R3)
print(R4)
```"
282	Let $ABCD$ be a quadrilateral with an inscribed circle $\omega$ and let $P$ be the intersection of its diagonals $AC$ and $BD$. Let $R_1$, $R_2$, $R_3$, $R_4$ be the circumradii of triangles $APB$, $BPC$, $CPD$, $DPA$ respectively. If $R_1=31$ and $R_2=24$ and $R_3=12$, find $R_4$.	"(1/2)**4

# Calculate the product on the left-hand side
lhs = R1 * R2 * R3

# Solve for R4
R4 = rhs / lhs

print(R4)
```"
283	Let $ABCD$ be a quadrilateral with an inscribed circle $\omega$ and let $P$ be the intersection of its diagonals $AC$ and $BD$. Let $R_1$, $R_2$, $R_3$, $R_4$ be the circumradii of triangles $APB$, $BPC$, $CPD$, $DPA$ respectively. If $R_1=31$ and $R_2=24$ and $R_3=12$, find $R_4$.	"\) by dividing both sides by 31:
\[
R_4 = \frac{288}{31}
\]

Thus, the value of \(R_4\) is:
\[
\boxed{\frac{288}{31}}
\]"
284	Let $ABCD$ be a quadrilateral with an inscribed circle $\omega$ and let $P$ be the intersection of its diagonals $AC$ and $BD$. Let $R_1$, $R_2$, $R_3$, $R_4$ be the circumradii of triangles $APB$, $BPC$, $CPD$, $DPA$ respectively. If $R_1=31$ and $R_2=24$ and $R_3=12$, find $R_4$.	"t angles.
Step 2:  The points P, Q, R, and S are the intersection points of the lines BD, CD, CE, and CF with the circle"
285	Let $ABCD$ be a quadrilateral with an inscribed circle $\omega$ and let $P$ be the intersection of its diagonals $AC$ and $BD$. Let $R_1$, $R_2$, $R_3$, $R_4$ be the circumradii of triangles $APB$, $BPC$, $CPD$, $DPA$ respectively. If $R_1=31$ and $R_2=24$ and $R_3=12$, find $R_4$.	"utput
576/31
```
The value of \(R_4\) is \(\frac{576}{31}\).

Therefore, the final answer is \(\boxed{\frac{576}{31}}\)."
286	Let $ABCD$ be a quadrilateral with an inscribed circle $\omega$ and let $P$ be the intersection of its diagonals $AC$ and $BD$. Let $R_1$, $R_2$, $R_3$, $R_4$ be the circumradii of triangles $APB$, $BPC$, $CPD$, $DPA$ respectively. If $R_1=31$ and $R_2=24$ and $R_3=12$, find $R_4$.	"), S); label(""14"", midpoint((0.25,0.5)--(0.25,1)), E); label(""12"", midpoint((0.75,0.5)--(0.75,1)), N);
[/asy] Answer: 31"
287	Let $ABCD$ be a quadrilateral with an inscribed circle $\omega$ and let $P$ be the intersection of its diagonals $AC$ and $BD$. Let $R_1$, $R_2$, $R_3$, $R_4$ be the circumradii of triangles $APB$, $BPC$, $CPD$, $DPA$ respectively. If $R_1=31$ and $R_2=24$ and $R_3=12$, find $R_4$.	"rmula R1 * R3 = R2 * R4
R4 = (R1 * R3) / R2
print(R4)
```
```output
15.5
```
The value of \( R_4 \) is \(\boxed{15.5}\)."
288	Let $ABCD$ be a quadrilateral with an inscribed circle $\omega$ and let $P$ be the intersection of its diagonals $AC$ and $BD$. Let $R_1$, $R_2$, $R_3$, $R_4$ be the circumradii of triangles $APB$, $BPC$, $CPD$, $DPA$ respectively. If $R_1=31$ and $R_2=24$ and $R_3=12$, find $R_4$.	"s, we can conclude:
\[ R_4 = 31 + 24 + 12 - 31 = 24 + 12 = 12 \]

Therefore, the value of \( R_4 \) is:
\[ \boxed{12} \]"
289	Compute the sum of all positive integers $n$ for which the expression \[ \frac{n+7}{\sqrt{n-1}} \] is an integer.	"nteger $n$ for which the expression is an integer is $n = 7$, and the sum of all such integers is $\boxed{7}$.
Answer: 7"
290	Compute the sum of all positive integers $n$ for which the expression \[ \frac{n+7}{\sqrt{n-1}} \] is an integer.	"( k = 12 \):

\[ 12^4 - 32 \cdot 12^2 = 20736 - 4608 = 16128 \text{ (not a perfect square)}. \]

If \( k = 14 \):

\[ 14"
291	Compute the sum of all positive integers $n$ for which the expression \[ \frac{n+7}{\sqrt{n-1}} \] is an integer.	"= [1**2 + 1, 2**2 + 1, 4**2 + 1, 8**2 + 1]

# Calculate the sum of these values
result = sum(n_values)
print(result)
```"
292	Compute the sum of all positive integers $n$ for which the expression \[ \frac{n+7}{\sqrt{n-1}} \] is an integer.	"gers is:

\[
8 + 18 + 28 + 38 + 48 + 58 + 68 + 78 + 88 + 98 = 550
\]

Therefore, the final answer is:

\[
\boxed{550}
\]"
293	Compute the sum of all positive integers $n$ for which the expression \[ \frac{n+7}{\sqrt{n-1}} \] is an integer.	"mported and then rerun the code.

Here's the updated code:
```python
import math

def find_valid_n_values():
    valid_n"
294	Compute the sum of all positive integers $n$ for which the expression \[ \frac{n+7}{\sqrt{n-1}} \] is an integer.	m of all positive integers \( n \) for which the expression \(\frac{n+7}{\sqrt{n-1}}\) is an integer is \(\boxed{115}\).
295	Compute the sum of all positive integers $n$ for which the expression \[ \frac{n+7}{\sqrt{n-1}} \] is an integer.	"- 388}}{2} = \frac{32 \pm \sqrt{636}}{2} = \frac{32 \pm 2\sqrt{159}}{2} = 16 \pm \sqrt{159} \) (not integers).

For \( k"
296	Compute the sum of all positive integers $n$ for which the expression \[ \frac{n+7}{\sqrt{n-1}} \] is an integer.	"one positive integer $n$ for which $\frac{n+7}{\sqrt{n-1}}$ is an integer: Answer: 26.

The final answer is:  \boxed{26}"
297	A cylindrical tank with a radius of $4$ feet and a height of $9$ feet is lying on its side. The tank is filled with water to a depth of $2$ feet. Find the volume of water in cubic feet in the form $x\pi - y\sqrt{z}$, where $x$, $y$, and $z$ are integers. Please provide the value of $x + y + z$.	" = 3$, we can calculate $x + y + z = -8 + 4 + 3 = -1$.
Step 7:  Therefore, the value of $x + y + z$ is $-1$.

Answer: -1"
298	A cylindrical tank with a radius of $4$ feet and a height of $9$ feet is lying on its side. The tank is filled with water to a depth of $2$ feet. Find the volume of water in cubic feet in the form $x\pi - y\sqrt{z}$, where $x$, $y$, and $z$ are integers. Please provide the value of $x + y + z$.	" of water.
Step 7: Finally, we need to add the integers $x$, $y$, and $z$ to find the value of $x + y + z$.


Answer: 49"
299	A cylindrical tank with a radius of $4$ feet and a height of $9$ feet is lying on its side. The tank is filled with water to a depth of $2$ feet. Find the volume of water in cubic feet in the form $x\pi - y\sqrt{z}$, where $x$, $y$, and $z$ are integers. Please provide the value of $x + y + z$.	"- \( z = 3 \)

### Step 5: Compute \( x + y + z \)
\[
x + y + z = 48 + 36 + 3 = 87
\]

### Final Answer
Answer: \( 87 \)"
300	A cylindrical tank with a radius of $4$ feet and a height of $9$ feet is lying on its side. The tank is filled with water to a depth of $2$ feet. Find the volume of water in cubic feet in the form $x\pi - y\sqrt{z}$, where $x$, $y$, and $z$ are integers. Please provide the value of $x + y + z$.	" + y + z$ is a positive integer value that represents the sum of the coefficients in the volume expression.

Answer: 100"
301	A cylindrical tank with a radius of $4$ feet and a height of $9$ feet is lying on its side. The tank is filled with water to a depth of $2$ feet. Find the volume of water in cubic feet in the form $x\pi - y\sqrt{z}$, where $x$, $y$, and $z$ are integers. Please provide the value of $x + y + z$.	"  \[
   A = 16 \cos^{-1}(2/\sqrt{65}) - 8 \sqrt{61/\sqrt{65}}
   \]
   Simplifying further, we get:
   \[
   A = 16 \cos"
302	A cylindrical tank with a radius of $4$ feet and a height of $9$ feet is lying on its side. The tank is filled with water to a depth of $2$ feet. Find the volume of water in cubic feet in the form $x\pi - y\sqrt{z}$, where $x$, $y$, and $z$ are integers. Please provide the value of $x + y + z$.	" The volume of the water is the area of the segment times the length of the cylinder:
   \[
   V = 9 \left( 36 \cos^{-1}"
303	A cylindrical tank with a radius of $4$ feet and a height of $9$ feet is lying on its side. The tank is filled with water to a depth of $2$ feet. Find the volume of water in cubic feet in the form $x\pi - y\sqrt{z}$, where $x$, $y$, and $z$ are integers. Please provide the value of $x + y + z$.	"rical tank is $24\pi + 64 - \frac{56}{3}\pi = \frac{68}{3}\pi + 64$ cubic feet.

Answer: $x + y + z = 68 + 64 + 3 = 135$"
304	A cylindrical tank with a radius of $4$ feet and a height of $9$ feet is lying on its side. The tank is filled with water to a depth of $2$ feet. Find the volume of water in cubic feet in the form $x\pi - y\sqrt{z}$, where $x$, $y$, and $z$ are integers. Please provide the value of $x + y + z$.	"i - y\sqrt{z}$, we get:
\[ x = 4 \]
\[ y = 8 \]
\[ z = 97 \]

Therefore, the value of $x + y + z$ is $4 + 8 + 97 = 109$."
305	The wheel shown is spun twice, and the randomly determined numbers opposite the pointer are recorded. The first number is divided by $4,$ and the second number is divided by $5.$ The first remainder designates a column, and the second remainder designates a row on the checkerboard shown. Find the probability that the pair of numbers designates a shaded square. The original answer is in \frac{k}{m} format, please give the value of k + m.	", 0, 1, 2, 3, 0 \]
So, the possible remainders when dividing any number from 1 to 20 by 4 are 0, 1, 2, or 3. There are 5"
306	The wheel shown is spun twice, and the randomly determined numbers opposite the pointer are recorded. The first number is divided by $4,$ and the second number is divided by $5.$ The first remainder designates a column, and the second remainder designates a row on the checkerboard shown. Find the probability that the pair of numbers designates a shaded square. The original answer is in \frac{k}{m} format, please give the value of k + m.	");
label(""yellow"",(-0.75,0.25),SW);

label(""red"",(0.75,0.75),SE);
label(""green"",(-0.25,0.75),SE);
label(""yellow"",(-0.75,"
307	The wheel shown is spun twice, and the randomly determined numbers opposite the pointer are recorded. The first number is divided by $4,$ and the second number is divided by $5.$ The first remainder designates a column, and the second remainder designates a row on the checkerboard shown. Find the probability that the pair of numbers designates a shaded square. The original answer is in \frac{k}{m} format, please give the value of k + m.	5}{129600} = \frac{k}{m}.$ By factoring, we can see that $k = 55$ and $m = 4800.$ Therefore, $k + m = 55 + 4800 = 4855.$
308	The wheel shown is spun twice, and the randomly determined numbers opposite the pointer are recorded. The first number is divided by $4,$ and the second number is divided by $5.$ The first remainder designates a column, and the second remainder designates a row on the checkerboard shown. Find the probability that the pair of numbers designates a shaded square. The original answer is in \frac{k}{m} format, please give the value of k + m.	"e simplified fraction, \(k + m = 5 + 8 = 13\).

9. **Final Answer:**
   - The final answer is:
   \[
   \boxed{13}
   \]"
309	The wheel shown is spun twice, and the randomly determined numbers opposite the pointer are recorded. The first number is divided by $4,$ and the second number is divided by $5.$ The first remainder designates a column, and the second remainder designates a row on the checkerboard shown. Find the probability that the pair of numbers designates a shaded square. The original answer is in \frac{k}{m} format, please give the value of k + m.	"rs should be of the form:
- Remainder 1 when divided by 4: \(4k + 1\)
- Remainder 2 when divided by 5: \(5m + 2\)

Where"
310	The wheel shown is spun twice, and the randomly determined numbers opposite the pointer are recorded. The first number is divided by $4,$ and the second number is divided by $5.$ The first remainder designates a column, and the second remainder designates a row on the checkerboard shown. Find the probability that the pair of numbers designates a shaded square. The original answer is in \frac{k}{m} format, please give the value of k + m.	"probability)
```
```output
1.0
```
The probability that the pair of numbers designates a shaded square is \(\boxed{1}\)."
311	The wheel shown is spun twice, and the randomly determined numbers opposite the pointer are recorded. The first number is divided by $4,$ and the second number is divided by $5.$ The first remainder designates a column, and the second remainder designates a row on the checkerboard shown. Find the probability that the pair of numbers designates a shaded square. The original answer is in \frac{k}{m} format, please give the value of k + m.	"quare is \(\frac{2}{25}\). Therefore, the value of \(k + m\) is \(2 + 25 = 27\).

So the final answer is \(\boxed{27}\)."
312	The wheel shown is spun twice, and the randomly determined numbers opposite the pointer are recorded. The first number is divided by $4,$ and the second number is divided by $5.$ The first remainder designates a column, and the second remainder designates a row on the checkerboard shown. Find the probability that the pair of numbers designates a shaded square. The original answer is in \frac{k}{m} format, please give the value of k + m.	"ity is \(\frac{24}{64} = \frac{3}{8}\).

Therefore, \(k = 3\) and \(m = 8\), and \(k + m = 3 + 8 = 11\).

\(\boxed{11}\)"
313	The polynomial $x^3-ax^2+bx-2010$ has three positive integer roots. What is the smallest possible value of $a$?	"t('inf')
    best_combination = None
    for f1 in factors:
        for f2 in factors:
            for f3 in factors"
314	The polynomial $x^3-ax^2+bx-2010$ has three positive integer roots. What is the smallest possible value of $a$?	"rresponds to the roots \( 5, 6, \) and \( 67 \).

Therefore, the smallest possible value of \( a \) is:
\[
\boxed{78}
\]"
315	The polynomial $x^3-ax^2+bx-2010$ has three positive integer roots. What is the smallest possible value of $a$?	"e roots in this triplet is:

\[ 1 + 1005 + 2 = 1008 \]

Thus, the smallest possible value of \(a\) is:

\[\boxed{1008}\]"
316	The polynomial $x^3-ax^2+bx-2010$ has three positive integer roots. What is the smallest possible value of $a$?	" possible value of $a$, the sum of the roots, is 44. Therefore, the smallest possible value of $a$ is:

\[
\boxed{44}
\]"
317	The polynomial $x^3-ax^2+bx-2010$ has three positive integer roots. What is the smallest possible value of $a$?	"2\)
13. \(a = 3 + 10 + 67 = 80\)
14. \(a = 5 + 6 + 67 = 78\)
15. \(a = 5 + 15 + 402 = 422\)

The smallest value of \(a\)"
318	The polynomial $x^3-ax^2+bx-2010$ has three positive integer roots. What is the smallest possible value of $a$?	"  r_1 + r_2 + r_3 = 5 + 67 + 6 = 78
   \]

6. **Conclusion**:
   The smallest possible value of \(a\) is \(\boxed{78}\)."
319	The polynomial $x^3-ax^2+bx-2010$ has three positive integer roots. What is the smallest possible value of $a$?	 polynomial \(x^3 - ax^2 + bx - 2010\) has three positive integer roots is \(\boxed{208}\). The roots are 1, 2, and 201.
320	The polynomial $x^3-ax^2+bx-2010$ has three positive integer roots. What is the smallest possible value of $a$?	" this is the smallest possible value of 'a'.
Step 9:  Therefore, the smallest possible value of 'a' is 205.

Answer: 205"
321	"In the following list of numbers, the integer $n$ appears $n$ times in the list for $1 \leq n \leq 200$.
$1, 2, 2, 3, 3, 3, 4, 4, 4, 4, \ldots, 200, 200, \ldots , 200$
Find the median of the numbers in this list."	of integers, determine the position of the median in the sorted sequence, and find the value that represents the median.
322	"In the following list of numbers, the integer $n$ appears $n$ times in the list for $1 \leq n \leq 200$.
$1, 2, 2, 3, 3, 3, 4, 4, 4, 4, \ldots, 200, 200, \ldots , 200$
Find the median of the numbers in this list."	" between the 101st and 102nd numbers in the ordered list.
Step 5:  Therefore, the median of the list is 101.
Answer: 101"
323	"In the following list of numbers, the integer $n$ appears $n$ times in the list for $1 \leq n \leq 200$.
$1, 2, 2, 3, 3, 3, 4, 4, 4, 4, \ldots, 200, 200, \ldots , 200$
Find the median of the numbers in this list."	"{10050 + 10051}{2} = \frac{20101}{2} = 10050.5
\]

Thus, the median of the numbers in this list is:

\[
\boxed{100.5}
\]"
324	"In the following list of numbers, the integer $n$ appears $n$ times in the list for $1 \leq n \leq 200$.
$1, 2, 2, 3, 3, 3, 4, 4, 4, 4, \ldots, 200, 200, \ldots , 200$
Find the median of the numbers in this list."	"odd number of elements, which means the median is the number that occupies the (10051^text{st}) position.

Answer: 10051"
325	"In the following list of numbers, the integer $n$ appears $n$ times in the list for $1 \leq n \leq 200$.
$1, 2, 2, 3, 3, 3, 4, 4, 4, 4, \ldots, 200, 200, \ldots , 200$
Find the median of the numbers in this list."	"erage of the 10050th and 10051st numbers:

   \[
   \text{Median} = \frac{141 + 142}{2} = 141.5
   \]

**Answer:** 141.5"
326	"In the following list of numbers, the integer $n$ appears $n$ times in the list for $1 \leq n \leq 200$.
$1, 2, 2, 3, 3, 3, 4, 4, 4, 4, \ldots, 200, 200, \ldots , 200$
Find the median of the numbers in this list."	"directly find the median.
Step 7:  The median of the list is 100.

Answer: The median of the numbers in the list is 100."
327	"In the following list of numbers, the integer $n$ appears $n$ times in the list for $1 \leq n \leq 200$.
$1, 2, 2, 3, 3, 3, 4, 4, 4, 4, \ldots, 200, 200, \ldots , 200$
Find the median of the numbers in this list."	"1, and the 101st number is also 51. Therefore, the median of the numbers in this list is $\boxed{51}$.
The answer is: 51"
328	"In the following list of numbers, the integer $n$ appears $n$ times in the list for $1 \leq n \leq 200$.
$1, 2, 2, 3, 3, 3, 4, 4, 4, 4, \ldots, 200, 200, \ldots , 200$
Find the median of the numbers in this list."	" len(numbers)
median = numbers[n // 2] if n % 2 != 0 else (numbers[n // 2 - 1] + numbers[n // 2]) / 2

print(median)
```"
329	Square \(ABCD\) has sides of length \(4\), and \(M\) is the midpoint of \(\overline{CD}\). A circle with radius \(2\) and center \(M\) intersects a circle with radius \(4\) and center \(A\) at points \(P\) and \(D\). Find the distance from \(P\) to \(\overline{AD}\). The original answer is in \(\frac{k}{m}\) format, please give the value of k + m.	"):**
    - The line \(\overline{AD}\) is the y-axis, so the distance from \(P\) to \(\overline{AD}\) is the x-coordinate"
330	Square \(ABCD\) has sides of length \(4\), and \(M\) is the midpoint of \(\overline{CD}\). A circle with radius \(2\) and center \(M\) intersects a circle with radius \(4\) and center \(A\) at points \(P\) and \(D\). Find the distance from \(P\) to \(\overline{AD}\). The original answer is in \(\frac{k}{m}\) format, please give the value of k + m.	"e y-coordinate of \(P\), which is \(2.4\). Therefore, the distance from \(P\) to \(\overline{AD}\) is:
\[
\boxed{2.4}
\]"
331	Square \(ABCD\) has sides of length \(4\), and \(M\) is the midpoint of \(\overline{CD}\). A circle with radius \(2\) and center \(M\) intersects a circle with radius \(4\) and center \(A\) at points \(P\) and \(D\). Find the distance from \(P\) to \(\overline{AD}\). The original answer is in \(\frac{k}{m}\) format, please give the value of k + m.	" \) after solving the system, giving us \( y \) as the distance from \( P \) to \( \overline{AD} \).
Answer: $\boxed{1}$"
332	Square \(ABCD\) has sides of length \(4\), and \(M\) is the midpoint of \(\overline{CD}\). A circle with radius \(2\) and center \(M\) intersects a circle with radius \(4\) and center \(A\) at points \(P\) and \(D\). Find the distance from \(P\) to \(\overline{AD}\). The original answer is in \(\frac{k}{m}\) format, please give the value of k + m.	"4 - 2\sqrt{3}\) and \(m = 1\). Thus, \(k + m = 4 + 2\sqrt{3}\).

Step 9:  The final answer is \(\boxed{4 + 2\sqrt{3}}\)."
333	Square \(ABCD\) has sides of length \(4\), and \(M\) is the midpoint of \(\overline{CD}\). A circle with radius \(2\) and center \(M\) intersects a circle with radius \(4\) and center \(A\) at points \(P\) and \(D\). Find the distance from \(P\) to \(\overline{AD}\). The original answer is in \(\frac{k}{m}\) format, please give the value of k + m.	"the correct integer form. However, the given answer form is already a fraction, so the final answer is:
\[ \boxed{28} \]"
334	Square \(ABCD\) has sides of length \(4\), and \(M\) is the midpoint of \(\overline{CD}\). A circle with radius \(2\) and center \(M\) intersects a circle with radius \(4\) and center \(A\) at points \(P\) and \(D\). Find the distance from \(P\) to \(\overline{AD}\). The original answer is in \(\frac{k}{m}\) format, please give the value of k + m.	"mat is \(\frac{4}{1}\), so \(k = 4\) and \(m = 1\). The sum \(k + m = 4 + 1 = 5\).

The final answer is:
\[
\boxed{5}
\]"
335	Square \(ABCD\) has sides of length \(4\), and \(M\) is the midpoint of \(\overline{CD}\). A circle with radius \(2\) and center \(M\) intersects a circle with radius \(4\) and center \(A\) at points \(P\) and \(D\). Find the distance from \(P\) to \(\overline{AD}\). The original answer is in \(\frac{k}{m}\) format, please give the value of k + m.	" will express the distance in the form \(\frac{k}{m}\) and find the value of k + m.

Answer: \(\frac{7}{5}\), k + m = 12"
336	Square \(ABCD\) has sides of length \(4\), and \(M\) is the midpoint of \(\overline{CD}\). A circle with radius \(2\) and center \(M\) intersects a circle with radius \(4\) and center \(A\) at points \(P\) and \(D\). Find the distance from \(P\) to \(\overline{AD}\). The original answer is in \(\frac{k}{m}\) format, please give the value of k + m.	"^2 - AP^2} = \sqrt{20 - 4^2} = \sqrt{4} = \boxed{2}$$

Therefore, the distance from \(P\) to \(\overline{AD}\) is \(2\)."
337	Determine the smallest non-negative integer $n$ such that \( \sqrt{(6n+11)(6n+14)(20n+19)} \in \mathbb{Q} \).	"11)(6 \cdot 5 + 14)(20 \cdot 5 + 19) = 41 \cdot 46 \cdot 119 = 217198
\]
We need to check if 217198 is a perfect square."
338	Determine the smallest non-negative integer $n$ such that \( \sqrt{(6n+11)(6n+14)(20n+19)} \in \mathbb{Q} \).	e smallest non-negative integer \( n \) such that \( \sqrt{(6n+11)(6n+14)(20n+19)} \in \mathbb{Q} \) is \( \boxed{1} \).
339	Determine the smallest non-negative integer $n$ such that \( \sqrt{(6n+11)(6n+14)(20n+19)} \in \mathbb{Q} \).	"erfect square.
7. For \( n = 6 \):
   \[ (6 \cdot 6 + 11)(6 \cdot 6 + 14)(20 \cdot 6 + 19) = 47 \cdot 52 \cdot 139 = 348"
340	Determine the smallest non-negative integer $n$ such that \( \sqrt{(6n+11)(6n+14)(20n+19)} \in \mathbb{Q} \).	"cdot 62 \cdot 179 \) is a perfect square.

Let's check for \( n = 9 \):

\[ P(9) = (6 \cdot 9 + 11)(6 \cdot 9 + 14)(20 \"
341	Determine the smallest non-negative integer $n$ such that \( \sqrt{(6n+11)(6n+14)(20n+19)} \in \mathbb{Q} \).	"e:
    $$ n = \frac{3-2}{10} = \frac{1}{10} $$
Step 14:  For p = 3, we have:
    $$ n = \frac{3-3}{10} = 0 $$

Answer: 0"
342	Determine the smallest non-negative integer $n$ such that \( \sqrt{(6n+11)(6n+14)(20n+19)} \in \mathbb{Q} \).	"e \( \sqrt{348104} \approx 589.92 \).

For \( n = 7 \):
\[
(6 \cdot 7 + 11)(6 \cdot 7 + 14)(20 \cdot 7 + 19) = 53 \cdot "
343	Determine the smallest non-negative integer $n$ such that \( \sqrt{(6n+11)(6n+14)(20n+19)} \in \mathbb{Q} \).	"\)), \( n = 5 \) works.

Therefore, the smallest non-negative integer \( n \) such that \( \sqrt{(6n+11)(6n+14)(20n+19)}"
344	Determine the smallest non-negative integer $n$ such that \( \sqrt{(6n+11)(6n+14)(20n+19)} \in \mathbb{Q} \).	smallest non-negative integer \( n \) such that \( \sqrt{(6n+11)(6n+14)(20n+19)} \in \mathbb{Q} \) is \( \boxed{120} \).
345	"For all positive integers $n$ less than $2002$, let
\[
a_n = \begin{cases} 
11 & \text{if } n \text{ is divisible by } 13 \text{ and } 14 \\
13 & \text{if } n \text{ is divisible by } 11 \text{ and } 14 \\
14 & \text{if } n \text{ is divisible by } 11 \text{ and } 13 \\
0 & \text{otherwise} \end{cases}
\]
Calculate $\sum_{n = 1}^{2001} a_n$."	"* 14

print(total_sum)
```
```output
13237
```
The sum of \(a_n\) for \(n\) ranging from 1 to 2001 is \(\boxed{13237}\)."
346	"For all positive integers $n$ less than $2002$, let
\[
a_n = \begin{cases} 
11 & \text{if } n \text{ is divisible by } 13 \text{ and } 14 \\
13 & \text{if } n \text{ is divisible by } 11 \text{ and } 14 \\
14 & \text{if } n \text{ is divisible by } 11 \text{ and } 13 \\
0 & \text{otherwise} \end{cases}
\]
Calculate $\sum_{n = 1}^{2001} a_n$."	"a_n = 1683 + 1859 + 2002
\]

\[
\sum_{n=1}^{2001} a_n = 5544
\]

Therefore, the answer to the problem is $\boxed{5544}$."
347	"For all positive integers $n$ less than $2002$, let
\[
a_n = \begin{cases} 
11 & \text{if } n \text{ is divisible by } 13 \text{ and } 14 \\
13 & \text{if } n \text{ is divisible by } 11 \text{ and } 14 \\
14 & \text{if } n \text{ is divisible by } 11 \text{ and } 13 \\
0 & \text{otherwise} \end{cases}
\]
Calculate $\sum_{n = 1}^{2001} a_n$."	" can find the total sum $\sum_{n = 1}^{2001} a_n$.
Step 9:  The answer is the result of our calculations.

Answer: 53645"
348	"For all positive integers $n$ less than $2002$, let
\[
a_n = \begin{cases} 
11 & \text{if } n \text{ is divisible by } 13 \text{ and } 14 \\
13 & \text{if } n \text{ is divisible by } 11 \text{ and } 14 \\
14 & \text{if } n \text{ is divisible by } 11 \text{ and } 13 \\
0 & \text{otherwise} \end{cases}
\]
Calculate $\sum_{n = 1}^{2001} a_n$."	"r n in range(1, 2002))

print(total_sum)
```
```output
4321
```
The sum \(\sum_{n = 1}^{2001} a_n\) is \(\boxed{4321}\)."
349	"For all positive integers $n$ less than $2002$, let
\[
a_n = \begin{cases} 
11 & \text{if } n \text{ is divisible by } 13 \text{ and } 14 \\
13 & \text{if } n \text{ is divisible by } 11 \text{ and } 14 \\
14 & \text{if } n \text{ is divisible by } 11 \text{ and } 13 \\
0 & \text{otherwise} \end{cases}
\]
Calculate $\sum_{n = 1}^{2001} a_n$."	"$14$. 

Therefore, the value of $\sum_{n=1}^{2001} a_n$ is $11 \times 1 + 11 \times 1 + 11 \times 1 - 14 \times 0 = 33$."
350	"For all positive integers $n$ less than $2002$, let
\[
a_n = \begin{cases} 
11 & \text{if } n \text{ is divisible by } 13 \text{ and } 14 \\
13 & \text{if } n \text{ is divisible by } 11 \text{ and } 14 \\
14 & \text{if } n \text{ is divisible by } 11 \text{ and } 13 \\
0 & \text{otherwise} \end{cases}
\]
Calculate $\sum_{n = 1}^{2001} a_n$."	"t(total_sum)
```
```output
171223
```
The sum of $a_n$ for all positive integers $n$ less than 2002 is $\boxed{171223}$."
351	"For all positive integers $n$ less than $2002$, let
\[
a_n = \begin{cases} 
11 & \text{if } n \text{ is divisible by } 13 \text{ and } 14 \\
13 & \text{if } n \text{ is divisible by } 11 \text{ and } 14 \\
14 & \text{if } n \text{ is divisible by } 11 \text{ and } 13 \\
0 & \text{otherwise} \end{cases}
\]
Calculate $\sum_{n = 1}^{2001} a_n$."	"
  \]

- **Other numbers**:
  \[
  (2001 - (10 + 13 + 14)) \times 0 = 0
  \]

### Step 5: Sum up all contributions

\[
\"
352	"For all positive integers $n$ less than $2002$, let
\[
a_n = \begin{cases} 
11 & \text{if } n \text{ is divisible by } 13 \text{ and } 14 \\
13 & \text{if } n \text{ is divisible by } 11 \text{ and } 14 \\
14 & \text{if } n \text{ is divisible by } 11 \text{ and } 13 \\
0 & \text{otherwise} \end{cases}
\]
Calculate $\sum_{n = 1}^{2001} a_n$."	" 11\): \(11 \times 10 = 110\).
   - Sum for \(a_n = 13\): \(13 \times 12 = 156\).
   - Sum for \(a_n = 14\): \(14 \times"
353	"A ""slackrope walker"" is much like a tightrope walker except that the rope on which he performs is not pulled tight. Paul, a slackrope walker, has a rope tied to two $15\text{ m}$ high poles which are $14\text{ m}$ apart. When he is standing on the rope $5\text{ m}$ away from one of the poles, he is $3\text{ m}$ above the ground. How long in meters is the rope?

[asy]
draw((0,0)--(14,0)--(14,15)--(5,3)--(0,15)--cycle,black+linewidth(1));
draw((0,3)--(5,3)--(5,0),black+linewidth(1)+dashed);
draw((0,-3)--(6,-3),black+linewidth(1));
draw((8,-3)--(14,-3),black+linewidth(1));
draw((0,-3.5)--(0,-2.5),black+linewidth(1));
draw((14,-3.5)--(14,-2.5),black+linewidth(1));
draw((0,0)--(1,0)--(1,1)--(0,1)--cycle,black+linewidth(1));
draw((14,0)--(14,1)--(13,1)--(13,0)--cycle,black+linewidth(1));
draw(rotate(90)*Label(""Paul""),(5,3),3N);
label(""5"",(0,3)--(5,3),N);
label(""3"",(5,0)--(5,3),E);
label(""14"",(7,-3));
label(""15"",(14,0)--(14,15),E);
[/asy]"	"√34.
Step 7:  Therefore, the length of the slackrope is 6.633 meters (rounded to the nearest thousandth).

Answer: 6.633"
354	"A ""slackrope walker"" is much like a tightrope walker except that the rope on which he performs is not pulled tight. Paul, a slackrope walker, has a rope tied to two $15\text{ m}$ high poles which are $14\text{ m}$ apart. When he is standing on the rope $5\text{ m}$ away from one of the poles, he is $3\text{ m}$ above the ground. How long in meters is the rope?

[asy]
draw((0,0)--(14,0)--(14,15)--(5,3)--(0,15)--cycle,black+linewidth(1));
draw((0,3)--(5,3)--(5,0),black+linewidth(1)+dashed);
draw((0,-3)--(6,-3),black+linewidth(1));
draw((8,-3)--(14,-3),black+linewidth(1));
draw((0,-3.5)--(0,-2.5),black+linewidth(1));
draw((14,-3.5)--(14,-2.5),black+linewidth(1));
draw((0,0)--(1,0)--(1,1)--(0,1)--cycle,black+linewidth(1));
draw((14,0)--(14,1)--(13,1)--(13,0)--cycle,black+linewidth(1));
draw(rotate(90)*Label(""Paul""),(5,3),3N);
label(""5"",(0,3)--(5,3),N);
label(""3"",(5,0)--(5,3),E);
label(""14"",(7,-3));
label(""15"",(14,0)--(14,15),E);
[/asy]"	"e Pythagorean theorem:

c² = 5² + 12²
c² = 25 + 144
c² = 169
c = 13

So the length of the rope is 13 meters.

Answer: 13"
355	"A ""slackrope walker"" is much like a tightrope walker except that the rope on which he performs is not pulled tight. Paul, a slackrope walker, has a rope tied to two $15\text{ m}$ high poles which are $14\text{ m}$ apart. When he is standing on the rope $5\text{ m}$ away from one of the poles, he is $3\text{ m}$ above the ground. How long in meters is the rope?

[asy]
draw((0,0)--(14,0)--(14,15)--(5,3)--(0,15)--cycle,black+linewidth(1));
draw((0,3)--(5,3)--(5,0),black+linewidth(1)+dashed);
draw((0,-3)--(6,-3),black+linewidth(1));
draw((8,-3)--(14,-3),black+linewidth(1));
draw((0,-3.5)--(0,-2.5),black+linewidth(1));
draw((14,-3.5)--(14,-2.5),black+linewidth(1));
draw((0,0)--(1,0)--(1,1)--(0,1)--cycle,black+linewidth(1));
draw((14,0)--(14,1)--(13,1)--(13,0)--cycle,black+linewidth(1));
draw(rotate(90)*Label(""Paul""),(5,3),3N);
label(""5"",(0,3)--(5,3),N);
label(""3"",(5,0)--(5,3),E);
label(""14"",(7,-3));
label(""15"",(14,0)--(14,15),E);
[/asy]"	"text{Length of rope} = 5\sqrt{10} + 3\sqrt{34}
\]
Thus, the length of the rope is:
\[
\boxed{5\sqrt{10} + 3\sqrt{34}}
\]"
356	"A ""slackrope walker"" is much like a tightrope walker except that the rope on which he performs is not pulled tight. Paul, a slackrope walker, has a rope tied to two $15\text{ m}$ high poles which are $14\text{ m}$ apart. When he is standing on the rope $5\text{ m}$ away from one of the poles, he is $3\text{ m}$ above the ground. How long in meters is the rope?

[asy]
draw((0,0)--(14,0)--(14,15)--(5,3)--(0,15)--cycle,black+linewidth(1));
draw((0,3)--(5,3)--(5,0),black+linewidth(1)+dashed);
draw((0,-3)--(6,-3),black+linewidth(1));
draw((8,-3)--(14,-3),black+linewidth(1));
draw((0,-3.5)--(0,-2.5),black+linewidth(1));
draw((14,-3.5)--(14,-2.5),black+linewidth(1));
draw((0,0)--(1,0)--(1,1)--(0,1)--cycle,black+linewidth(1));
draw((14,0)--(14,1)--(13,1)--(13,0)--cycle,black+linewidth(1));
draw(rotate(90)*Label(""Paul""),(5,3),3N);
label(""5"",(0,3)--(5,3),N);
label(""3"",(5,0)--(5,3),E);
label(""14"",(7,-3));
label(""15"",(14,0)--(14,15),E);
[/asy]"	"ately $21.93$ meters. However, since we are asked for an exact value, we can express the final answer as $\sqrt{481}$.

"
357	"A ""slackrope walker"" is much like a tightrope walker except that the rope on which he performs is not pulled tight. Paul, a slackrope walker, has a rope tied to two $15\text{ m}$ high poles which are $14\text{ m}$ apart. When he is standing on the rope $5\text{ m}$ away from one of the poles, he is $3\text{ m}$ above the ground. How long in meters is the rope?

[asy]
draw((0,0)--(14,0)--(14,15)--(5,3)--(0,15)--cycle,black+linewidth(1));
draw((0,3)--(5,3)--(5,0),black+linewidth(1)+dashed);
draw((0,-3)--(6,-3),black+linewidth(1));
draw((8,-3)--(14,-3),black+linewidth(1));
draw((0,-3.5)--(0,-2.5),black+linewidth(1));
draw((14,-3.5)--(14,-2.5),black+linewidth(1));
draw((0,0)--(1,0)--(1,1)--(0,1)--cycle,black+linewidth(1));
draw((14,0)--(14,1)--(13,1)--(13,0)--cycle,black+linewidth(1));
draw(rotate(90)*Label(""Paul""),(5,3),3N);
label(""5"",(0,3)--(5,3),N);
label(""3"",(5,0)--(5,3),E);
label(""14"",(7,-3));
label(""15"",(14,0)--(14,15),E);
[/asy]"	"= \sqrt{90} = 3\sqrt{10}
   \]

So, the length of the rope is \( 3\sqrt{10} \) meters.

Answer: \( \boxed{3\sqrt{10}} \)"
358	"A ""slackrope walker"" is much like a tightrope walker except that the rope on which he performs is not pulled tight. Paul, a slackrope walker, has a rope tied to two $15\text{ m}$ high poles which are $14\text{ m}$ apart. When he is standing on the rope $5\text{ m}$ away from one of the poles, he is $3\text{ m}$ above the ground. How long in meters is the rope?

[asy]
draw((0,0)--(14,0)--(14,15)--(5,3)--(0,15)--cycle,black+linewidth(1));
draw((0,3)--(5,3)--(5,0),black+linewidth(1)+dashed);
draw((0,-3)--(6,-3),black+linewidth(1));
draw((8,-3)--(14,-3),black+linewidth(1));
draw((0,-3.5)--(0,-2.5),black+linewidth(1));
draw((14,-3.5)--(14,-2.5),black+linewidth(1));
draw((0,0)--(1,0)--(1,1)--(0,1)--cycle,black+linewidth(1));
draw((14,0)--(14,1)--(13,1)--(13,0)--cycle,black+linewidth(1));
draw(rotate(90)*Label(""Paul""),(5,3),3N);
label(""5"",(0,3)--(5,3),N);
label(""3"",(5,0)--(5,3),E);
label(""14"",(7,-3));
label(""15"",(14,0)--(14,15),E);
[/asy]"	"c = \sqrt{9^2 + 12^2} = \sqrt{81 + 144} = \sqrt{225} = 15
    \]

Therefore, the length of the rope is \( \boxed{15} \)."
359	"A ""slackrope walker"" is much like a tightrope walker except that the rope on which he performs is not pulled tight. Paul, a slackrope walker, has a rope tied to two $15\text{ m}$ high poles which are $14\text{ m}$ apart. When he is standing on the rope $5\text{ m}$ away from one of the poles, he is $3\text{ m}$ above the ground. How long in meters is the rope?

[asy]
draw((0,0)--(14,0)--(14,15)--(5,3)--(0,15)--cycle,black+linewidth(1));
draw((0,3)--(5,3)--(5,0),black+linewidth(1)+dashed);
draw((0,-3)--(6,-3),black+linewidth(1));
draw((8,-3)--(14,-3),black+linewidth(1));
draw((0,-3.5)--(0,-2.5),black+linewidth(1));
draw((14,-3.5)--(14,-2.5),black+linewidth(1));
draw((0,0)--(1,0)--(1,1)--(0,1)--cycle,black+linewidth(1));
draw((14,0)--(14,1)--(13,1)--(13,0)--cycle,black+linewidth(1));
draw(rotate(90)*Label(""Paul""),(5,3),3N);
label(""5"",(0,3)--(5,3),N);
label(""3"",(5,0)--(5,3),E);
label(""14"",(7,-3));
label(""15"",(14,0)--(14,15),E);
[/asy]"	"s, we find the length of the rope: hypotenuse = 13.
Step 13:  Therefore, the length of the rope is 13 meters.
Answer: 13"
360	"A ""slackrope walker"" is much like a tightrope walker except that the rope on which he performs is not pulled tight. Paul, a slackrope walker, has a rope tied to two $15\text{ m}$ high poles which are $14\text{ m}$ apart. When he is standing on the rope $5\text{ m}$ away from one of the poles, he is $3\text{ m}$ above the ground. How long in meters is the rope?

[asy]
draw((0,0)--(14,0)--(14,15)--(5,3)--(0,15)--cycle,black+linewidth(1));
draw((0,3)--(5,3)--(5,0),black+linewidth(1)+dashed);
draw((0,-3)--(6,-3),black+linewidth(1));
draw((8,-3)--(14,-3),black+linewidth(1));
draw((0,-3.5)--(0,-2.5),black+linewidth(1));
draw((14,-3.5)--(14,-2.5),black+linewidth(1));
draw((0,0)--(1,0)--(1,1)--(0,1)--cycle,black+linewidth(1));
draw((14,0)--(14,1)--(13,1)--(13,0)--cycle,black+linewidth(1));
draw(rotate(90)*Label(""Paul""),(5,3),3N);
label(""5"",(0,3)--(5,3),N);
label(""3"",(5,0)--(5,3),E);
label(""14"",(7,-3));
label(""15"",(14,0)--(14,15),E);
[/asy]"	"3^2 + 5^2$$

$$c^2 = 9 + 25$$

$$c^2 = 34$$

$$c = \sqrt{34}$$

Therefore, the length of the rope is $\sqrt{34}$ meters."
361	Aida made three cubes with positive integer side lengths $a$, $b$, and $c$. She decided to dismantle these cubes into unit cubes and tried to construct a larger cube with side length $a+b+c$. Unfortunately, she was 648 blocks short. How many possible ordered triples $(a, b, c)$ exist?	"he possible triples \((a, b, c)\) and the number of such triples. Let's run the code to get the result. 

The answer is:"
362	Aida made three cubes with positive integer side lengths $a$, $b$, and $c$. She decided to dismantle these cubes into unit cubes and tried to construct a larger cube with side length $a+b+c$. Unfortunately, she was 648 blocks short. How many possible ordered triples $(a, b, c)$ exist?	"rdered triple \((a, b, c)\) that satisfies the given conditions. The number of such ordered triples is:

\[
\boxed{1}
\]"
363	Aida made three cubes with positive integer side lengths $a$, $b$, and $c$. She decided to dismantle these cubes into unit cubes and tried to construct a larger cube with side length $a+b+c$. Unfortunately, she was 648 blocks short. How many possible ordered triples $(a, b, c)$ exist?	ll find the number of ordered triples $(a, b, c)$ that satisfy the equation. Let's execute the code and find the answer.
364	Aida made three cubes with positive integer side lengths $a$, $b$, and $c$. She decided to dismantle these cubes into unit cubes and tried to construct a larger cube with side length $a+b+c$. Unfortunately, she was 648 blocks short. How many possible ordered triples $(a, b, c)$ exist?	"\), \((2, 4, 2)\), \((4, 2, 2)\), and \((3, 3, 3)\). Therefore, there are 4 such ordered triples.

Answer: \(\boxed{4}\)"
365	Aida made three cubes with positive integer side lengths $a$, $b$, and $c$. She decided to dismantle these cubes into unit cubes and tried to construct a larger cube with side length $a+b+c$. Unfortunately, she was 648 blocks short. How many possible ordered triples $(a, b, c)$ exist?	")
```
The output of this code will give us the number of possible ordered triples $(a, b, c)$ that satisfy the equation."
366	Aida made three cubes with positive integer side lengths $a$, $b$, and $c$. She decided to dismantle these cubes into unit cubes and tried to construct a larger cube with side length $a+b+c$. Unfortunately, she was 648 blocks short. How many possible ordered triples $(a, b, c)$ exist?	"ugh all possible combinations, we can output the total number of possible ordered triples $(a, b, c)$.
Answer: Answer: 4"
367	Aida made three cubes with positive integer side lengths $a$, $b$, and $c$. She decided to dismantle these cubes into unit cubes and tried to construct a larger cube with side length $a+b+c$. Unfortunately, she was 648 blocks short. How many possible ordered triples $(a, b, c)$ exist?	uation are \((3, 3, 6)\), \((3, 6, 3)\), and \((6, 3, 3)\). Therefore, there are \(\boxed{3}\) possible ordered triples.
368	Aida made three cubes with positive integer side lengths $a$, $b$, and $c$. She decided to dismantle these cubes into unit cubes and tried to construct a larger cube with side length $a+b+c$. Unfortunately, she was 648 blocks short. How many possible ordered triples $(a, b, c)$ exist?	"b^3 + c^3) = 648$ and simplify it step by step.

\[
(a + b + c)^3 = a^3 + b^3 + c^3 + 3(a^2b + a^2c + b^2a + b^2c + c^2a"
369	Determine the value of the parameter $m$ such that the equation $(m-2)x^2 + (m^2-4m+3)x - (6m^2-2) = 0$ has real solutions, and the sum of the cubes of these solutions is equal to zero.	"isfy this condition.

Therefore, the values of \(m\) that satisfy the given conditions are:
\[\boxed{1 \text{ and } 3}\]"
370	Determine the value of the parameter $m$ such that the equation $(m-2)x^2 + (m^2-4m+3)x - (6m^2-2) = 0$ has real solutions, and the sum of the cubes of these solutions is equal to zero.	"ht).
\]
For \(x_1^3 + x_2^3 = 0\), the expression inside the parentheses must be zero:
\[
\frac{(m^2-4m+3)^2}{(m-2)^2} +"
371	Determine the value of the parameter $m$ such that the equation $(m-2)x^2 + (m^2-4m+3)x - (6m^2-2) = 0$ has real solutions, and the sum of the cubes of these solutions is equal to zero.	"so have $m = 1$ as a solution in this case.
Answer: The value of $m$ that satisfies the given conditions is $\boxed{1}$."
372	Determine the value of the parameter $m$ such that the equation $(m-2)x^2 + (m^2-4m+3)x - (6m^2-2) = 0$ has real solutions, and the sum of the cubes of these solutions is equal to zero.	"q(m*x**2 + 2*(m+1)*x + m + 4, 0)

# Substitute x = 2 and solve for m
m_value1 = solve(quadratic_eq.subs(x, 2), m)

"
373	Determine the value of the parameter $m$ such that the equation $(m-2)x^2 + (m^2-4m+3)x - (6m^2-2) = 0$ has real solutions, and the sum of the cubes of these solutions is equal to zero.	"ever, we need to ensure that $m \neq 2$. Therefore, the possible values of $m$ are $1$ and $3$. 

Answer: m = 1 or m = 3"
374	Determine the value of the parameter $m$ such that the equation $(m-2)x^2 + (m^2-4m+3)x - (6m^2-2) = 0$ has real solutions, and the sum of the cubes of these solutions is equal to zero.	". The sum of the cubes of the roots is indeed zero, as we derived above.

Thus, the value of \( m \) is \( \boxed{3} \)."
375	Determine the value of the parameter $m$ such that the equation $(m-2)x^2 + (m^2-4m+3)x - (6m^2-2) = 0$ has real solutions, and the sum of the cubes of these solutions is equal to zero.	", \(m = 1\) is not valid.
2. If \(m = 3\), the equation becomes \(x^2 - 3x - 14 = 0\). The solutions are \(x = \frac{3 \"
376	Determine the value of the parameter $m$ such that the equation $(m-2)x^2 + (m^2-4m+3)x - (6m^2-2) = 0$ has real solutions, and the sum of the cubes of these solutions is equal to zero.	" equation, we find $m = 1/5$ or $m = 3/5$.

Therefore, there are three possible values of $m$: $\boxed{1, 3, 1/5, 3/5}$."
377	Let $a$ and $b$ be real numbers.  One of the roots of $x^3 + ax + b = 0$ is $1 + i \sqrt{3}.$  Find $a + b.$	"rom the polynomial, we identify \(a = 4\) and \(b = 8\). Thus, \(a + b = 4 + 8 = 12\).

The answer is:
\[
\boxed{12}.
\]"
378	Let $a$ and $b$ be real numbers.  One of the roots of $x^3 + ax + b = 0$ is $1 + i \sqrt{3}.$  Find $a + b.$	"
b = polynomial.coeff(x, 0)  # Constant term

# Calculate a + b
result = a + b
print((polynomial, a, b, result))
```"
379	Let $a$ and $b$ be real numbers.  One of the roots of $x^3 + ax + b = 0$ is $1 + i \sqrt{3}.$  Find $a + b.$	", we can calculate the sum (a + b).

Step 9:  Step 9.1: The final result is the sum of (a) and (b).

Answer: Answer: (2)"
380	Let $a$ and $b$ be real numbers.  One of the roots of $x^3 + ax + b = 0$ is $1 + i \sqrt{3}.$  Find $a + b.$	"r r.
Step 7:  Once we have the value of r, we can find the values of a and b, and subsequently compute a + b.

Answer: 5"
381	Let $a$ and $b$ be real numbers.  One of the roots of $x^3 + ax + b = 0$ is $1 + i \sqrt{3}.$  Find $a + b.$	"ing this, we get $-4 = -b/2$, which implies that $b = 8$.
Step 12:  Therefore, $a + b = 2 + 8 = \boxed{10}$.

Answer: 10"
382	Let $a$ and $b$ be real numbers.  One of the roots of $x^3 + ax + b = 0$ is $1 + i \sqrt{3}.$  Find $a + b.$	", substituting r = -2 into the third equation, we get b = -4(-2) = 8.
Step 11:  Therefore, a + b = 0 + 8 = 8.

Answer: 8"
383	Let $a$ and $b$ be real numbers.  One of the roots of $x^3 + ax + b = 0$ is $1 + i \sqrt{3}.$  Find $a + b.$	"$, while the value of $b$ is $-8$, which we calculated earlier as $8$.

Therefore, the final answer is:

\[
\boxed{8}
\]"
384	Let $a$ and $b$ be real numbers.  One of the roots of $x^3 + ax + b = 0$ is $1 + i \sqrt{3}.$  Find $a + b.$	"

Finally, we need to find the value of $a + b$:

\[ a + b = 0 + (-8) = -8 \]

Therefore, the answer is:

\[\boxed{-8}\]"
385	How many ways are there to color the vertices of a triangle using the colors red, green, blue, or yellow such that no two vertices have the same color? Note that rotations and reflections are considered distinct.	"rtex, and 2 choices for the third vertex.

Total number of ways = 4 * 3 * 2 = 24.

Therefore, the answer is:

Answer: 24"
386	How many ways are there to color the vertices of a triangle using the colors red, green, blue, or yellow such that no two vertices have the same color? Note that rotations and reflections are considered distinct.	"ces of a triangle using the colors red, green, blue, or yellow such that no two vertices have the same color.
Answer: 72"
387	How many ways are there to color the vertices of a triangle using the colors red, green, blue, or yellow such that no two vertices have the same color? Note that rotations and reflections are considered distinct.	"ow such that no two vertices have the same color, considering rotations and reflections as distinct, is:
\[
\boxed{4}
\]"
388	How many ways are there to color the vertices of a triangle using the colors red, green, blue, or yellow such that no two vertices have the same color? Note that rotations and reflections are considered distinct.	"ngle using the colors red, green, blue, or yellow, such that no two vertices have the same color, is **12**.

Answer: 12"
389	How many ways are there to color the vertices of a triangle using the colors red, green, blue, or yellow such that no two vertices have the same color? Note that rotations and reflections are considered distinct.	"the number of distinct colorings of the triangle, considering rotations and reflections as distinct, is:
\[ \boxed{8} \]"
390	How many ways are there to color the vertices of a triangle using the colors red, green, blue, or yellow such that no two vertices have the same color? Note that rotations and reflections are considered distinct.	"et a total of $9 + 9 + 9 = \boxed{27}$ ways to color the vertices of the triangle with the given conditions.

Answer: 27"
391	How many ways are there to color the vertices of a triangle using the colors red, green, blue, or yellow such that no two vertices have the same color? Note that rotations and reflections are considered distinct.	"he total number of ways to color the vertices is:
\[ 4 \times 3 \times 2 = 24. \]

Thus, the answer is:
\[
\boxed{24}
\]"
392	How many ways are there to color the vertices of a triangle using the colors red, green, blue, or yellow such that no two vertices have the same color? Note that rotations and reflections are considered distinct.	low such that no two vertices have the same color, considering rotations and reflections as distinct, is \(\boxed{36}\).
393	Let $u_0, u_1, u_2, \ldots$ be integers such that $u_0 = 100$; $u_{k+2} \geq 2 + u_k$ for all $k \geq 0$; and $u_{\ell+5} \leq 5 + u_\ell$ for all $\ell \geq 0$. Find all possible values for the integer $u_{2023}$.	" possible value that satisfies both conditions.

Therefore, the only possible value for \(u_{2023}\) is \(\boxed{135}\)."
394	Let $u_0, u_1, u_2, \ldots$ be integers such that $u_0 = 100$; $u_{k+2} \geq 2 + u_k$ for all $k \geq 0$; and $u_{\ell+5} \leq 5 + u_\ell$ for all $\ell \geq 0$. Find all possible values for the integer $u_{2023}$.	" manually to understand the pattern:
     - \(u_0 = 100\)
     - \(u_5 \leq 105\)
     - \(u_{10} \leq 105\)
     - ...
"
395	Let $u_0, u_1, u_2, \ldots$ be integers such that $u_0 = 100$; $u_{k+2} \geq 2 + u_k$ for all $k \geq 0$; and $u_{\ell+5} \leq 5 + u_\ell$ for all $\ell \geq 0$. Find all possible values for the integer $u_{2023}$.	, 163, 164, 165, 166, 167, 168, 169, 170, 171, 172, 173, 174, 175, 176, 177, 178, 179, 180, 181, 182, 183, 184, 185, 186
396	Let $u_0, u_1, u_2, \ldots$ be integers such that $u_0 = 100$; $u_{k+2} \geq 2 + u_k$ for all $k \geq 0$; and $u_{\ell+5} \leq 5 + u_\ell$ for all $\ell \geq 0$. Find all possible values for the integer $u_{2023}$.	"t is 2, the sequence will not grow more than linearly.
# Hence, the only possible value for u_2023 is:
print(u_2023)
```"
397	Let $u_0, u_1, u_2, \ldots$ be integers such that $u_0 = 100$; $u_{k+2} \geq 2 + u_k$ for all $k \geq 0$; and $u_{\ell+5} \leq 5 + u_\ell$ for all $\ell \geq 0$. Find all possible values for the integer $u_{2023}$.	"023}\) that satisfies both conditions is 100.

Therefore, the only possible value for \(u_{2023}\) is:
\[
\boxed{100}
\]"
398	Let $u_0, u_1, u_2, \ldots$ be integers such that $u_0 = 100$; $u_{k+2} \geq 2 + u_k$ for all $k \geq 0$; and $u_{\ell+5} \leq 5 + u_\ell$ for all $\ell \geq 0$. Find all possible values for the integer $u_{2023}$.	"100 + 2(2023) = 100 + 4046 = 4146$.
Step 6:  Therefore, the possible value for $u_{2023}$ is 4146.
Step 7:  Answer: 4146"
399	Let $u_0, u_1, u_2, \ldots$ be integers such that $u_0 = 100$; $u_{k+2} \geq 2 + u_k$ for all $k \geq 0$; and $u_{\ell+5} \leq 5 + u_\ell$ for all $\ell \geq 0$. Find all possible values for the integer $u_{2023}$.	"r \(u_{2023}\) are \(\{755, 756, 757, 758, 759\}\).

Therefore, the answer is:
\[
\boxed{\{755, 756, 757, 758, 759\}}
\]"
400	Let $u_0, u_1, u_2, \ldots$ be integers such that $u_0 = 100$; $u_{k+2} \geq 2 + u_k$ for all $k \geq 0$; and $u_{\ell+5} \leq 5 + u_\ell$ for all $\ell \geq 0$. Find all possible values for the integer $u_{2023}$.	"onstraints.

After performing the calculations, we find that the only possible value for \( u_{2023} \) is:

Answer: 100"
