id	problem	tail
1	What is the average of all positive integers that have three digits when written in base $5$, but two digits when written in base $8$? Write your answer in base $10$.	"tegers that have three digits when written in base \(5\) but two digits when written in base \(8\) is:
\[ \boxed{44}. \]"
2	What is the average of all positive integers that have three digits when written in base $5$, but two digits when written in base $8$? Write your answer in base $10$.	"ate the average of the integers in this range.
Step 6:  Convert the result to the desired base 10.

Answer:  Answer: 134"
3	What is the average of all positive integers that have three digits when written in base $5$, but two digits when written in base $8$? Write your answer in base $10$.	"umbers in the range 25 to 124 is (25 + 124) / 2 = 149 / 2 = 74.5.
Step 16:  Therefore, the answer is 74.5.

Answer: 74.5"
4	What is the average of all positive integers that have three digits when written in base $5$, but two digits when written in base $8$? Write your answer in base $10$.	"is 1207.
Step 10:  Finally, we divide the sum by the total count to get the average, which is 10.9.
```
Answer: 10.9
```"
5	What is the average of all positive integers that have three digits when written in base $5$, but two digits when written in base $8$? Write your answer in base $10$.	"$122$, $123$, $124$, and then divide by $24$.
Step 8: Calculate the average and write the answer in base 10.
Answer: 105"
6	What is the average of all positive integers that have three digits when written in base $5$, but two digits when written in base $8$? Write your answer in base $10$.	"range). 

Step 7:  Performing the calculation, we get: \[\frac{100_5 + 444_5}{2} = \frac{510}{2} = 255\]
\[Answer: 255\]"
7	What is the average of all positive integers that have three digits when written in base $5$, but two digits when written in base $8$? Write your answer in base $10$.	"e is:
     $$ \text{Average} = \frac{\text{Sum}}{39} = \frac{1716}{39} = 44 $$

6. **Final Answer**:
   $$ \boxed{44} $$"
8	What is the average of all positive integers that have three digits when written in base $5$, but two digits when written in base $8$? Write your answer in base $10$.	"{Average} = \frac{5856}{87} = 67.2
\]

### Step 5: Present the final answer in base 10.
The average is \(\boxed{67.2}\)."
9	"Suppose \(a\) is a real number such that the equation 
\[ a\cdot(\sin{x}+\sin{(2x)}) = \sin{(3x)} \]
has more than one solution in the interval \((0, \pi)\). The set of all such \(a\) can be written in the form \((p,q) \cup (q,r),\) where \(p, q,\) and \(r\) are real numbers with \(p < q < r\). What is the value of \(p+q+r\)?"	"= 1. \]
The function \(f(t)\) ranges from \(-3\) to \(1\) as \(t\) goes from \(-1\) to \(1\). Therefore, the function \("
10	"Suppose \(a\) is a real number such that the equation 
\[ a\cdot(\sin{x}+\sin{(2x)}) = \sin{(3x)} \]
has more than one solution in the interval \((0, \pi)\). The set of all such \(a\) can be written in the form \((p,q) \cup (q,r),\) where \(p, q,\) and \(r\) are real numbers with \(p < q < r\). What is the value of \(p+q+r\)?"	"ranges from \(-1\) to \(3\), \(\frac{3}{a}\) must also range from \(-1\) to \(3\). Therefore:
\[
-1 \leq \frac{3}{a} \le"
11	"Suppose \(a\) is a real number such that the equation 
\[ a\cdot(\sin{x}+\sin{(2x)}) = \sin{(3x)} \]
has more than one solution in the interval \((0, \pi)\). The set of all such \(a\) can be written in the form \((p,q) \cup (q,r),\) where \(p, q,\) and \(r\) are real numbers with \(p < q < r\). What is the value of \(p+q+r\)?"	"3} + \frac{4}{3} = -\frac{2}{3}
\]

Therefore, the value of \(p + q + r\) is \(-\frac{2}{3}\).

Answer: \(-\frac{2}{3}\)"
12	"Suppose \(a\) is a real number such that the equation 
\[ a\cdot(\sin{x}+\sin{(2x)}) = \sin{(3x)} \]
has more than one solution in the interval \((0, \pi)\). The set of all such \(a\) can be written in the form \((p,q) \cup (q,r),\) where \(p, q,\) and \(r\) are real numbers with \(p < q < r\). What is the value of \(p+q+r\)?"	"         a_min = a
        if a_max is None or a > a_max:
            a_max = a

print((a_min, a_max))
```
```output
(-1"
13	"Suppose \(a\) is a real number such that the equation 
\[ a\cdot(\sin{x}+\sin{(2x)}) = \sin{(3x)} \]
has more than one solution in the interval \((0, \pi)\). The set of all such \(a\) can be written in the form \((p,q) \cup (q,r),\) where \(p, q,\) and \(r\) are real numbers with \(p < q < r\). What is the value of \(p+q+r\)?"	"2a \cdot 2 \sin (x/2) \cos (x/2) = 6 \cos^2 (x/2) - 4 \sin^2 (x/2)
\]
\[
4a \sin (x/2) \cos (x/2) = 6 \cos^2 (x/2) - 4 \"
14	"Suppose \(a\) is a real number such that the equation 
\[ a\cdot(\sin{x}+\sin{(2x)}) = \sin{(3x)} \]
has more than one solution in the interval \((0, \pi)\). The set of all such \(a\) can be written in the form \((p,q) \cup (q,r),\) where \(p, q,\) and \(r\) are real numbers with \(p < q < r\). What is the value of \(p+q+r\)?"	"use these values to find the values of \(p\), \(q\), and \(r\) and calculate the sum \(p+q+r\).

Answer: \(\frac{5}{2}\)"
15	"Suppose \(a\) is a real number such that the equation 
\[ a\cdot(\sin{x}+\sin{(2x)}) = \sin{(3x)} \]
has more than one solution in the interval \((0, \pi)\). The set of all such \(a\) can be written in the form \((p,q) \cup (q,r),\) where \(p, q,\) and \(r\) are real numbers with \(p < q < r\). What is the value of \(p+q+r\)?"	"e solutions within the interval \((0, \pi)\).

We will use a more systematic approach to find the critical values of \(a"
16	"Suppose \(a\) is a real number such that the equation 
\[ a\cdot(\sin{x}+\sin{(2x)}) = \sin{(3x)} \]
has more than one solution in the interval \((0, \pi)\). The set of all such \(a\) can be written in the form \((p,q) \cup (q,r),\) where \(p, q,\) and \(r\) are real numbers with \(p < q < r\). What is the value of \(p+q+r\)?"	"e following math problem step by step. The last line of your response must be of the form Answer: <answer>.

The number "
17	There are 20 cars in my building's parking lot.  All of the cars are red or white.  Also, all the cars are either 2-door or 4-door.  12 of them are red, 15 of them are 4-door, and 4 of them are 2-door and white.  How many of the cars are 4-door and red?	"te cars, we find the number of 4-door red cars: 15 - 4 = 11.
Step 5:  Therefore, 11 cars are 4-door and red.

Answer: 11"
18	There are 20 cars in my building's parking lot.  All of the cars are red or white.  Also, all the cars are either 2-door or 4-door.  12 of them are red, 15 of them are 4-door, and 4 of them are 2-door and white.  How many of the cars are 4-door and red?	"r and red cars are included in the 15 4-door cars. Therefore, there are no cars that are both 4-door and red.

Answer: 0"
19	There are 20 cars in my building's parking lot.  All of the cars are red or white.  Also, all the cars are either 2-door or 4-door.  12 of them are red, 15 of them are 4-door, and 4 of them are 2-door and white.  How many of the cars are 4-door and red?	"and red cars (5). This gives us a total of 7 + 5 = 12 cars that are 4-door and red.

Answer: 12 cars are 4-door and red."
20	There are 20 cars in my building's parking lot.  All of the cars are red or white.  Also, all the cars are either 2-door or 4-door.  12 of them are red, 15 of them are 4-door, and 4 of them are 2-door and white.  How many of the cars are 4-door and red?	"number further, we can conclude that there are exactly 3 cars that are both 4-door and red.

**Final Answer:** Answer: 3"
21	There are 20 cars in my building's parking lot.  All of the cars are red or white.  Also, all the cars are either 2-door or 4-door.  12 of them are red, 15 of them are 4-door, and 4 of them are 2-door and white.  How many of the cars are 4-door and red?	"d 4-door cars = Total 4-door cars - Red 2-door cars = 15 - 4 = 11

So, the number of cars that are 4-door and red is 11."
22	There are 20 cars in my building's parking lot.  All of the cars are red or white.  Also, all the cars are either 2-door or 4-door.  12 of them are red, 15 of them are 4-door, and 4 of them are 2-door and white.  How many of the cars are 4-door and red?	" Subtracting 12 (red 2-door) from 15 (total 4-door cars) gives us 3, which is the number of 4-door red cars. 

Answer: 3"
23	There are 20 cars in my building's parking lot.  All of the cars are red or white.  Also, all the cars are either 2-door or 4-door.  12 of them are red, 15 of them are 4-door, and 4 of them are 2-door and white.  How many of the cars are 4-door and red?	" red cars, add the number of red 4-door cars to the number of red 2-door cars: 4 + 1 = 5 4-door and red cars.

Answer: 5"
24	There are 20 cars in my building's parking lot.  All of the cars are red or white.  Also, all the cars are either 2-door or 4-door.  12 of them are red, 15 of them are 4-door, and 4 of them are 2-door and white.  How many of the cars are 4-door and red?	 these are 2-door and white. This means that 11 of the 4-door cars are red. So, the number of 4-door and red cars is 11.
25	In a simple graph with 300 vertices, no two vertices of the same degree are adjacent. What is the maximal possible number of edges in such a graph?	"698900)/2 = 849450.

Step 14: Therefore, the maximum possible number of edges in such a graph is 849450.

Answer: 849450"
26	In a simple graph with 300 vertices, no two vertices of the same degree are adjacent. What is the maximal possible number of edges in such a graph?	"5150 = 22575
    \]

Putting it all together, the maximal possible number of edges in the graph is:

\[
\boxed{22575}
\]"
27	In a simple graph with 300 vertices, no two vertices of the same degree are adjacent. What is the maximal possible number of edges in such a graph?	"300, achieved by having 150 vertices of degree 0 and 150 vertices of degree 1, with no vertices of degree 2.
Answer: 300"
28	In a simple graph with 300 vertices, no two vertices of the same degree are adjacent. What is the maximal possible number of edges in such a graph?	"grees range from 0 to n-1.
Step 6:  Therefore, the maximal possible number of edges in such a graph is 300.

Answer: 300"
29	In a simple graph with 300 vertices, no two vertices of the same degree are adjacent. What is the maximal possible number of edges in such a graph?	"f each vertex)

Edges = (150) * (150)

Edges = 22500

So, the maximal possible number of edges in such a graph is 22500."
30	In a simple graph with 300 vertices, no two vertices of the same degree are adjacent. What is the maximal possible number of edges in such a graph?	" is:
\[
\frac{747500}{2} = 373750
\]
Thus, the maximal possible number of edges in such a graph is:
\[
\boxed{373750}
\]"
31	In a simple graph with 300 vertices, no two vertices of the same degree are adjacent. What is the maximal possible number of edges in such a graph?	dges in a simple graph with 300 vertices, where no two vertices of the same degree are adjacent, is \( \boxed{22500} \).
32	In a simple graph with 300 vertices, no two vertices of the same degree are adjacent. What is the maximal possible number of edges in such a graph?	"
   \frac{44850}{2} = 22425
   \]

Therefore, the maximal possible number of edges in such a graph is \(\boxed{22425}\)."
33	The expressions $A$ = $1 \times 2 + 3 \times 4 + 5 \times 6 + \cdots + 37 \times 38 + 39$ and $B$ = $1 + 2 \times 3 + 4 \times 5 + \cdots + 36 \times 37 + 38 \times 39$ are obtained by writing multiplication and addition operators in an alternating pattern between successive integers.  Find the positive difference between integers $A$ and $B$.	"ce by subtracting B from A.
Step 7:  The positive difference between integers A and B is the final answer.

Answer: 1149"
34	The expressions $A$ = $1 \times 2 + 3 \times 4 + 5 \times 6 + \cdots + 37 \times 38 + 39$ and $B$ = $1 + 2 \times 3 + 4 \times 5 + \cdots + 36 \times 37 + 38 \times 39$ are obtained by writing multiplication and addition operators in an alternating pattern between successive integers.  Find the positive difference between integers $A$ and $B$.	"ue of \(A\) is 9703 and the value of \(B\) is 9703. The positive difference between \(A\) and \(B\) is:

\[
\boxed{0}
\]"
35	The expressions $A$ = $1 \times 2 + 3 \times 4 + 5 \times 6 + \cdots + 37 \times 38 + 39$ and $B$ = $1 + 2 \times 3 + 4 \times 5 + \cdots + 36 \times 37 + 38 \times 39$ are obtained by writing multiplication and addition operators in an alternating pattern between successive integers.  Find the positive difference between integers $A$ and $B$.	"late the final values of A and B and then find the positive difference between them.

Answer: $4050$
The answer is: 4050"
36	The expressions $A$ = $1 \times 2 + 3 \times 4 + 5 \times 6 + \cdots + 37 \times 38 + 39$ and $B$ = $1 + 2 \times 3 + 4 \times 5 + \cdots + 36 \times 37 + 38 \times 39$ are obtained by writing multiplication and addition operators in an alternating pattern between successive integers.  Find the positive difference between integers $A$ and $B$.	" - B| = |11099 - 11061| = 38
\]

Thus, the positive difference between integers \( A \) and \( B \) is:
\[
\boxed{38}
\]"
37	The expressions $A$ = $1 \times 2 + 3 \times 4 + 5 \times 6 + \cdots + 37 \times 38 + 39$ and $B$ = $1 + 2 \times 3 + 4 \times 5 + \cdots + 36 \times 37 + 38 \times 39$ are obtained by writing multiplication and addition operators in an alternating pattern between successive integers.  Find the positive difference between integers $A$ and $B$.	") is \(1256\) and the value of \(B\) is \(1149\). The positive difference between \(A\) and \(B\) is:

\[
\boxed{107}
\]"
38	The expressions $A$ = $1 \times 2 + 3 \times 4 + 5 \times 6 + \cdots + 37 \times 38 + 39$ and $B$ = $1 + 2 \times 3 + 4 \times 5 + \cdots + 36 \times 37 + 38 \times 39$ are obtained by writing multiplication and addition operators in an alternating pattern between successive integers.  Find the positive difference between integers $A$ and $B$.	"_B

print(difference)
```
```output
1542
```
The positive difference between the integers $A$ and $B$ is $\boxed{1542}$."
39	The expressions $A$ = $1 \times 2 + 3 \times 4 + 5 \times 6 + \cdots + 37 \times 38 + 39$ and $B$ = $1 + 2 \times 3 + 4 \times 5 + \cdots + 36 \times 37 + 38 \times 39$ are obtained by writing multiplication and addition operators in an alternating pattern between successive integers.  Find the positive difference between integers $A$ and $B$.	"B\) are equal, both evaluating to \(197100\). Thus, the positive difference between \(A\) and \(B\) is:

\[
\boxed{0}
\]"
40	The expressions $A$ = $1 \times 2 + 3 \times 4 + 5 \times 6 + \cdots + 37 \times 38 + 39$ and $B$ = $1 + 2 \times 3 + 4 \times 5 + \cdots + 36 \times 37 + 38 \times 39$ are obtained by writing multiplication and addition operators in an alternating pattern between successive integers.  Find the positive difference between integers $A$ and $B$.	"inally, the positive difference \( |A - B| \):
\[ |9539 - 10261| = 722. \]

Therefore, the answer is:
\[ \boxed{722}. \]"
41	In convex quadrilateral $KLMN$ side $\overline{MN}$ is perpendicular to diagonal $\overline{KM}$, side $\overline{KL}$ is perpendicular to diagonal $\overline{LN}$, $MN = 65$, and $KL = 28$. The line through $L$ perpendicular to side $\overline{KN}$ intersects diagonal $\overline{KM}$ at $O$ with $KO = 8$. Find $MO$.	"e MO
MO = sp.sqrt((M[0] - O[0])**2 + (M[1] - O[1])**2)
print(MO)
```
```output
57
```
The distance $MO$ is $\boxed{57}$."
42	In convex quadrilateral $KLMN$ side $\overline{MN}$ is perpendicular to diagonal $\overline{KM}$, side $\overline{KL}$ is perpendicular to diagonal $\overline{LN}$, $MN = 65$, and $KL = 28$. The line through $L$ perpendicular to side $\overline{KN}$ intersects diagonal $\overline{KM}$ at $O$ with $KO = 8$. Find $MO$.	"
     \[
     MO = \sqrt{8^2 + 24^2} = \sqrt{64 + 576} = \sqrt{640} = 8\sqrt{10}
     \]

The answer is: \( \boxed{8} \)"
43	In convex quadrilateral $KLMN$ side $\overline{MN}$ is perpendicular to diagonal $\overline{KM}$, side $\overline{KL}$ is perpendicular to diagonal $\overline{LN}$, $MN = 65$, and $KL = 28$. The line through $L$ perpendicular to side $\overline{KN}$ intersects diagonal $\overline{KM}$ at $O$ with $KO = 8$. Find $MO$.	"erline{MO}$, we can arrive at the desired length and provide the final answer in the requested format.

Answer: <answer>"
44	In convex quadrilateral $KLMN$ side $\overline{MN}$ is perpendicular to diagonal $\overline{KM}$, side $\overline{KL}$ is perpendicular to diagonal $\overline{LN}$, $MN = 65$, and $KL = 28$. The line through $L$ perpendicular to side $\overline{KN}$ intersects diagonal $\overline{KM}$ at $O$ with $KO = 8$. Find $MO$.	"LK^2 = 784 \\
MO = 8 \\
MN = 65 \\
KL = 28
\end{cases}
\]

Solving this system of equations gives us $MO = 8$.
Answer: 8"
45	In convex quadrilateral $KLMN$ side $\overline{MN}$ is perpendicular to diagonal $\overline{KM}$, side $\overline{KL}$ is perpendicular to diagonal $\overline{LN}$, $MN = 65$, and $KL = 28$. The line through $L$ perpendicular to side $\overline{KN}$ intersects diagonal $\overline{KM}$ at $O$ with $KO = 8$. Find $MO$.	"t \(O(0, -8)\), and thus,
\[
MO = \sqrt{0^2 + (65 + 8)^2} = \sqrt{73^2} = 73.
\]

Thus, the answer is:
\[
\boxed{73}.
\]"
46	In convex quadrilateral $KLMN$ side $\overline{MN}$ is perpendicular to diagonal $\overline{KM}$, side $\overline{KL}$ is perpendicular to diagonal $\overline{LN}$, $MN = 65$, and $KL = 28$. The line through $L$ perpendicular to side $\overline{KN}$ intersects diagonal $\overline{KM}$ at $O$ with $KO = 8$. Find $MO$.	"(a - c) \implies a^2 - ac + b^2 = 0 \implies a^2 + b^2 = ac
   \]
2. From the distance equation, we have:
   \[
   c^2 +"
47	In convex quadrilateral $KLMN$ side $\overline{MN}$ is perpendicular to diagonal $\overline{KM}$, side $\overline{KL}$ is perpendicular to diagonal $\overline{LN}$, $MN = 65$, and $KL = 28$. The line through $L$ perpendicular to side $\overline{KN}$ intersects diagonal $\overline{KM}$ at $O$ with $KO = 8$. Find $MO$.	"^2 - 28^2} = \sqrt{4225 - 784} = \sqrt{3441} = \sqrt{5 \cdot 688.2} = 28
\]
Thus, the length \(MO\) is:
\[
\boxed{24}
\]"
48	In convex quadrilateral $KLMN$ side $\overline{MN}$ is perpendicular to diagonal $\overline{KM}$, side $\overline{KL}$ is perpendicular to diagonal $\overline{LN}$, $MN = 65$, and $KL = 28$. The line through $L$ perpendicular to side $\overline{KN}$ intersects diagonal $\overline{KM}$ at $O$ with $KO = 8$. Find $MO$.	"}$

Note: The answer is 32, but we cannot simplify it further as $\sqrt{892}$ cannot be simplified to a simpler radical."
49	Determine the least possible value of the natural number $n$ such that $n!$ ends in exactly 1987 zeros.	"on - So, the least possible value of the natural number n such that n! ends in exactly 1987 zeros is 5^20.

Answer: 5^20"
50	Determine the least possible value of the natural number $n$ such that $n!$ ends in exactly 1987 zeros.	"``output
7947
```
The smallest natural number \( n \) such that \( n! \) ends in exactly 1987 zeros is \(\boxed{7947}\)."
51	Determine the least possible value of the natural number $n$ such that $n!$ ends in exactly 1987 zeros.	he least possible value of the natural number \( n \) such that \( n! \) ends in exactly 1987 zeros is \(\boxed{1012}\).
52	Determine the least possible value of the natural number $n$ such that $n!$ ends in exactly 1987 zeros.	"5475
```
The least possible value of the natural number $n$ such that $n!$ ends in exactly 1987 zeros is $\boxed{5475}$."
53	Determine the least possible value of the natural number $n$ such that $n!$ ends in exactly 1987 zeros.	" 3 = 2384
\]

Since 2384 is still greater than 1987, we need to check \( n = 9053 \):

\[
Z(9053) = \left\lfloor \frac{9"
54	Determine the least possible value of the natural number $n$ such that $n!$ ends in exactly 1987 zeros.	he least possible value of the natural number \( n \) such that \( n! \) ends in exactly 1987 zeros is \(\boxed{5931}\).
55	Determine the least possible value of the natural number $n$ such that $n!$ ends in exactly 1987 zeros.	he least possible value of the natural number \( n \) such that \( n! \) ends in exactly 1987 zeros is \(\boxed{3593}\).
56	Determine the least possible value of the natural number $n$ such that $n!$ ends in exactly 1987 zeros.	{125} \right\rfloor + \left\lfloor \frac{7949}{625} \right\rfloor + \left\lfloor \frac{7949}{3125} \right\rfloor + \left
57	"A permutation \((a_1, a_2, a_3, \dots, a_{2012})\) of \((1, 2, 3, \dots, 2012)\) is selected at random. If \(S\) is the expected value of 
\[
\sum_{i = 1}^{2012} | a_i - i |
\],
then compute the sum of the prime factors of \(S\)."	i \cdot 2012 / 2}}{2} = 2012 \cdot \frac{\sqrt{\pi \cdot 1006}}{2} \approx 2012 \cdot \frac{\sqrt{3168.32}}{2} \approx 2
58	"A permutation \((a_1, a_2, a_3, \dots, a_{2012})\) of \((1, 2, 3, \dots, 2012)\) is selected at random. If \(S\) is the expected value of 
\[
\sum_{i = 1}^{2012} | a_i - i |
\],
then compute the sum of the prime factors of \(S\)."	"simply find its prime factors and sum them.
Answer: The sum of the prime factors of the total expected value is 4422306."
59	"A permutation \((a_1, a_2, a_3, \dots, a_{2012})\) of \((1, 2, 3, \dots, 2012)\) is selected at random. If \(S\) is the expected value of 
\[
\sum_{i = 1}^{2012} | a_i - i |
\],
then compute the sum of the prime factors of \(S\)."	" i|\) is \(1006\). The sum of the prime factors of \(1006\) is \(59\). Therefore, the final answer is:

\[
\boxed{59}
\]"
60	"A permutation \((a_1, a_2, a_3, \dots, a_{2012})\) of \((1, 2, 3, \dots, 2012)\) is selected at random. If \(S\) is the expected value of 
\[
\sum_{i = 1}^{2012} | a_i - i |
\],
then compute the sum of the prime factors of \(S\)."	"nd 112337. The sum of these prime factors is:

\[
2 + 3 + 112337 = 112342
\]

Thus, the answer is:

\[
\boxed{112342}
\]"
61	"A permutation \((a_1, a_2, a_3, \dots, a_{2012})\) of \((1, 2, 3, \dots, 2012)\) is selected at random. If \(S\) is the expected value of 
\[
\sum_{i = 1}^{2012} | a_i - i |
\],
then compute the sum of the prime factors of \(S\)."	"actors.keys())

print(sum_prime_factors)
```
```output
505
```
The sum of the prime factors of \(S\) is \(\boxed{505}\)."
62	"A permutation \((a_1, a_2, a_3, \dots, a_{2012})\) of \((1, 2, 3, \dots, 2012)\) is selected at random. If \(S\) is the expected value of 
\[
\sum_{i = 1}^{2012} | a_i - i |
\],
then compute the sum of the prime factors of \(S\)."	" of these prime factors is:
\[
2 + 503 = 505.
\]

Therefore, the sum of the prime factors of \( S \) is \(\boxed{505}\)."
63	"A permutation \((a_1, a_2, a_3, \dots, a_{2012})\) of \((1, 2, 3, \dots, 2012)\) is selected at random. If \(S\) is the expected value of 
\[
\sum_{i = 1}^{2012} | a_i - i |
\],
then compute the sum of the prime factors of \(S\)."	"\( S \) are 2, 3, and 11. The sum of these prime factors is:

\[
2 + 3 + 11 = 16
\]

**Final Answer:**

\[
\boxed{16}
\]"
64	"A permutation \((a_1, a_2, a_3, \dots, a_{2012})\) of \((1, 2, 3, \dots, 2012)\) is selected at random. If \(S\) is the expected value of 
\[
\sum_{i = 1}^{2012} | a_i - i |
\],
then compute the sum of the prime factors of \(S\)."	"= prime_factors(int(S))

# Sum the prime factors
sum_of_prime_factors = sum(factors)
print(sum_of_prime_factors)
```"
65	If \[ \frac{1}{1+2} + \frac{1}{1+2+3} + \ldots + \frac{1}{1+2+\ldots+20} = \frac{m}{n} \] where $m$ and $n$ are positive integers with no common divisor, find $m + n$.	"m = 40$ and $n = 21$. The problem asks for $m + n$, which is $40 + 21 = 61$. Therefore, the answer is:

\[
\boxed{61}
\]"
66	If \[ \frac{1}{1+2} + \frac{1}{1+2+3} + \ldots + \frac{1}{1+2+\ldots+20} = \frac{m}{n} \] where $m$ and $n$ are positive integers with no common divisor, find $m + n$.	"c{40}{21}\). Here, \(m = 40\) and \(n = 21\), and they are coprime.

Finally, the answer is \(m + n\):

\[
\boxed{61}
\]"
67	If \[ \frac{1}{1+2} + \frac{1}{1+2+3} + \ldots + \frac{1}{1+2+\ldots+20} = \frac{m}{n} \] where $m$ and $n$ are positive integers with no common divisor, find $m + n$.	"frac{11}{21} \]
Step 5:  The expression now is in the form $\frac{m}{n}$ where $m = 22$ and $n = 21$.
Answer: Answer: 43"
68	If \[ \frac{1}{1+2} + \frac{1}{1+2+3} + \ldots + \frac{1}{1+2+\ldots+20} = \frac{m}{n} \] where $m$ and $n$ are positive integers with no common divisor, find $m + n$.	"lent to $\frac{19900}{21021}$.
Step 6:  Finally, I'll compute $m + n$ to get the answer.


Answer: 19900 + 21021 = 40921"
69	If \[ \frac{1}{1+2} + \frac{1}{1+2+3} + \ldots + \frac{1}{1+2+\ldots+20} = \frac{m}{n} \] where $m$ and $n$ are positive integers with no common divisor, find $m + n$.	"r than 1, \( m \) and \( n \) are relatively prime.

Therefore, the final answer is:

\[
m + n = 40 + 21 = \boxed{61}
\]"
70	If \[ \frac{1}{1+2} + \frac{1}{1+2+3} + \ldots + \frac{1}{1+2+\ldots+20} = \frac{m}{n} \] where $m$ and $n$ are positive integers with no common divisor, find $m + n$.	"0
n = 21

# Check if m and n are coprime
common_divisor = gcd(m, n)

# Calculate m + n
result = m + n

print(result)
```"
71	If \[ \frac{1}{1+2} + \frac{1}{1+2+3} + \ldots + \frac{1}{1+2+\ldots+20} = \frac{m}{n} \] where $m$ and $n$ are positive integers with no common divisor, find $m + n$.	"lue of the series is \(\frac{19}{21}\), and the sum \(m + n\) is \(40\).

Therefore, the final answer is \(\boxed{40}\)."
72	If \[ \frac{1}{1+2} + \frac{1}{1+2+3} + \ldots + \frac{1}{1+2+\ldots+20} = \frac{m}{n} \] where $m$ and $n$ are positive integers with no common divisor, find $m + n$.	"m, n = total_sum.numerator, total_sum.denominator

# Calculate m + n
result = m + n
print((total_sum, m, n, result))
```"
73	The rodent control task force went into the woods one day and caught $200$ rabbits and $18$ squirrels. The next day they went into the woods and caught $3$ fewer rabbits and two more squirrels than the day before. Each day they went into the woods and caught $3$ fewer rabbits and two more squirrels than the day before. This continued through the day when they caught more squirrels than rabbits. Up through that day how many rabbits did they catch in all?	x^2y+y^2z+z^2x)} \), we can use the given inequality and some algebraic manipulation. Let's start by expanding and simpl
74	The rodent control task force went into the woods one day and caught $200$ rabbits and $18$ squirrels. The next day they went into the woods and caught $3$ fewer rabbits and two more squirrels than the day before. Each day they went into the woods and caught $3$ fewer rabbits and two more squirrels than the day before. This continued through the day when they caught more squirrels than rabbits. Up through that day how many rabbits did they catch in all?	")

Check condition: \( S_8 > R_8 \)  
\( 32 > 179 \) → **False**

#### **Day 9:**

- \( R_9 = R_8 - 3 = 179 - 3 = 176 \)"
75	The rodent control task force went into the woods one day and caught $200$ rabbits and $18$ squirrels. The next day they went into the woods and caught $3$ fewer rabbits and two more squirrels than the day before. Each day they went into the woods and caught $3$ fewer rabbits and two more squirrels than the day before. This continued through the day when they caught more squirrels than rabbits. Up through that day how many rabbits did they catch in all?	"]$.
Step 7:  Simplifying the expression, we find the total number of rabbits caught: $37 \cdot 34 = 1258$.

Answer: 1258"
76	The rodent control task force went into the woods one day and caught $200$ rabbits and $18$ squirrels. The next day they went into the woods and caught $3$ fewer rabbits and two more squirrels than the day before. Each day they went into the woods and caught $3$ fewer rabbits and two more squirrels than the day before. This continued through the day when they caught more squirrels than rabbits. Up through that day how many rabbits did they catch in all?	"ught on day 40: 86 - 3 = 83
The number of rabbits caught on day 41: 83 - 3 = 80
The number of rabbits caught on day 42: "
77	The rodent control task force went into the woods one day and caught $200$ rabbits and $18$ squirrels. The next day they went into the woods and caught $3$ fewer rabbits and two more squirrels than the day before. Each day they went into the woods and caught $3$ fewer rabbits and two more squirrels than the day before. This continued through the day when they caught more squirrels than rabbits. Up through that day how many rabbits did they catch in all?	"ght by the rodent control task force up to the day when they caught more squirrels than rabbits.
Answer: <total_rabbits>"
78	The rodent control task force went into the woods one day and caught $200$ rabbits and $18$ squirrels. The next day they went into the woods and caught $3$ fewer rabbits and two more squirrels than the day before. Each day they went into the woods and caught $3$ fewer rabbits and two more squirrels than the day before. This continued through the day when they caught more squirrels than rabbits. Up through that day how many rabbits did they catch in all?	"0
```
The total number of rabbits caught up to the day when more squirrels were caught than rabbits is \(\boxed{5310}\)."
79	The rodent control task force went into the woods one day and caught $200$ rabbits and $18$ squirrels. The next day they went into the woods and caught $3$ fewer rabbits and two more squirrels than the day before. Each day they went into the woods and caught $3$ fewer rabbits and two more squirrels than the day before. This continued through the day when they caught more squirrels than rabbits. Up through that day how many rabbits did they catch in all?	"that point.

- **Day 1:** 200
- **Day 2:** 197
- **Day 3:** 194

**Sum:**
200 + 197 + 194 = 591

**Answer:**
\boxed{591}"
80	The rodent control task force went into the woods one day and caught $200$ rabbits and $18$ squirrels. The next day they went into the woods and caught $3$ fewer rabbits and two more squirrels than the day before. Each day they went into the woods and caught $3$ fewer rabbits and two more squirrels than the day before. This continued through the day when they caught more squirrels than rabbits. Up through that day how many rabbits did they catch in all?	ht by the rodent control task force up through the day when they caught more squirrels than rabbits is \(\boxed{1051}\).
81	"Let $n$ be an integer. Dayang is given $n$ sticks of lengths $1, 2, 3, \ldots, n$. She may connect the sticks at their ends to form longer sticks, but cannot cut them. She wants to use all these sticks to form a square.

For example, for $n = 8$, she can make a square of side length $9$ using these connected sticks: $1 + 8$, $2 + 7$, $3 + 6$, and $4 + 5$. 

How many values of $n$, with $1 \le n \le 2018$, allow her to do this?"	" number of values of n for which the side length of the square is an integer
def count_valid_n(max_n):
    count = 0
   "
82	"Let $n$ be an integer. Dayang is given $n$ sticks of lengths $1, 2, 3, \ldots, n$. She may connect the sticks at their ends to form longer sticks, but cannot cut them. She wants to use all these sticks to form a square.

For example, for $n = 8$, she can make a square of side length $9$ using these connected sticks: $1 + 8$, $2 + 7$, $3 + 6$, and $4 + 5$. 

How many values of $n$, with $1 \le n \le 2018$, allow her to do this?"	 values of \( n \), with \( 1 \le n \le 2018 \), that allow Dayang to form a square using the sticks is \(\boxed{505}\).
83	"Let $n$ be an integer. Dayang is given $n$ sticks of lengths $1, 2, 3, \ldots, n$. She may connect the sticks at their ends to form longer sticks, but cannot cut them. She wants to use all these sticks to form a square.

For example, for $n = 8$, she can make a square of side length $9$ using these connected sticks: $1 + 8$, $2 + 7$, $3 + 6$, and $4 + 5$. 

How many values of $n$, with $1 \le n \le 2018$, allow her to do this?"	"lo 4.

Therefore, the total number of values of \( n \) is:
\[
571 + 504 = 1075
\]
So, the answer is:
\[
\boxed{1075}
\]"
84	"Let $n$ be an integer. Dayang is given $n$ sticks of lengths $1, 2, 3, \ldots, n$. She may connect the sticks at their ends to form longer sticks, but cannot cut them. She wants to use all these sticks to form a square.

For example, for $n = 8$, she can make a square of side length $9$ using these connected sticks: $1 + 8$, $2 + 7$, $3 + 6$, and $4 + 5$. 

How many values of $n$, with $1 \le n \le 2018$, allow her to do this?"	17822$, $18090$, $18360$, $18632$, $18906$, $19182$, $19460$, $19740$, $20022$, $20306$, $20592$, $20880$, $21170$, $214
85	"Let $n$ be an integer. Dayang is given $n$ sticks of lengths $1, 2, 3, \ldots, n$. She may connect the sticks at their ends to form longer sticks, but cannot cut them. She wants to use all these sticks to form a square.

For example, for $n = 8$, she can make a square of side length $9$ using these connected sticks: $1 + 8$, $2 + 7$, $3 + 6$, and $4 + 5$. 

How many values of $n$, with $1 \le n \le 2018$, allow her to do this?"	ow Dayang to form a square using all the sticks of lengths \( 1, 2, 3, \ldots, n \) without any cuts is \(\boxed{378}\).
86	"Let $n$ be an integer. Dayang is given $n$ sticks of lengths $1, 2, 3, \ldots, n$. She may connect the sticks at their ends to form longer sticks, but cannot cut them. She wants to use all these sticks to form a square.

For example, for $n = 8$, she can make a square of side length $9$ using these connected sticks: $1 + 8$, $2 + 7$, $3 + 6$, and $4 + 5$. 

How many values of $n$, with $1 \le n \le 2018$, allow her to do this?"	2018 \), that allow Dayang to form a square using all the sticks of lengths \( 1, 2, 3, \ldots, n \) is \(\boxed{504}\).
87	"Let $n$ be an integer. Dayang is given $n$ sticks of lengths $1, 2, 3, \ldots, n$. She may connect the sticks at their ends to form longer sticks, but cannot cut them. She wants to use all these sticks to form a square.

For example, for $n = 8$, she can make a square of side length $9$ using these connected sticks: $1 + 8$, $2 + 7$, $3 + 6$, and $4 + 5$. 

How many values of $n$, with $1 \le n \le 2018$, allow her to do this?"	leq 2018 \), that allow Dayang to form a square using the sticks of lengths \( 1, 2, 3, \ldots, n \) is \(\boxed{505}\).
88	"Let $n$ be an integer. Dayang is given $n$ sticks of lengths $1, 2, 3, \ldots, n$. She may connect the sticks at their ends to form longer sticks, but cannot cut them. She wants to use all these sticks to form a square.

For example, for $n = 8$, she can make a square of side length $9$ using these connected sticks: $1 + 8$, $2 + 7$, $3 + 6$, and $4 + 5$. 

How many values of $n$, with $1 \le n \le 2018$, allow her to do this?"	 2018 \) that allow Dayang to form a square using all the sticks of lengths \( 1, 2, 3, \ldots, n \) is \(\boxed{379}\).
89	Triangle $ABC$ satisfies $\angle ABC = \angle ACB = 78^\circ$. Points $D$ and $E$ lie on $AB$ and $AC$ respectively, and satisfy $\angle BCD = 24^\circ$ and $\angle CBE = 51^\circ$. If $\angle BED = x^\circ$, find $x$.	"rm a straight line. So, angle BED = 180° - 78° = 102°.
Step 7:  Therefore, the measure of angle BED is 102°.
Answer: 102"
90	Triangle $ABC$ satisfies $\angle ABC = \angle ACB = 78^\circ$. Points $D$ and $E$ lie on $AB$ and $AC$ respectively, and satisfy $\angle BCD = 24^\circ$ and $\angle CBE = 51^\circ$. If $\angle BED = x^\circ$, find $x$.	" + \angle ADE - \angle AED = 24^\circ + 3^\circ - 15^\circ = 12^\circ.
\]
Thus, the value of \(x\) is:
\[
\boxed{18}.
\]"
91	Triangle $ABC$ satisfies $\angle ABC = \angle ACB = 78^\circ$. Points $D$ and $E$ lie on $AB$ and $AC$ respectively, and satisfy $\angle BCD = 24^\circ$ and $\angle CBE = 51^\circ$. If $\angle BED = x^\circ$, find $x$.	" measure of $\angle BED$ is $27^\circ$. 

Let's confirm this with the final result.

The final answer is \(\boxed{27}\)."
92	Triangle $ABC$ satisfies $\angle ABC = \angle ACB = 78^\circ$. Points $D$ and $E$ lie on $AB$ and $AC$ respectively, and satisfy $\angle BCD = 24^\circ$ and $\angle CBE = 51^\circ$. If $\angle BED = x^\circ$, find $x$.	"tion confirms that the measure of $\angle BED$ is indeed $105^\circ$. Therefore, the final answer is:

\[
\boxed{105}
\]"
93	Triangle $ABC$ satisfies $\angle ABC = \angle ACB = 78^\circ$. Points $D$ and $E$ lie on $AB$ and $AC$ respectively, and satisfy $\angle BCD = 24^\circ$ and $\angle CBE = 51^\circ$. If $\angle BED = x^\circ$, find $x$.	"angle BED = 51^\circ$. Thus, the answer is:
```python
Answer: 51
```
The angle $\angle BED$ is \( \boxed{51} \) degrees."
94	Triangle $ABC$ satisfies $\angle ABC = \angle ACB = 78^\circ$. Points $D$ and $E$ lie on $AB$ and $AC$ respectively, and satisfy $\angle BCD = 24^\circ$ and $\angle CBE = 51^\circ$. If $\angle BED = x^\circ$, find $x$.	"e_BED = angle_CBE - angle_DBE
print(angle_BED)
```
```output
48
```
The value of \(\angle BED\) is \(\boxed{48^\circ}\)."
95	Triangle $ABC$ satisfies $\angle ABC = \angle ACB = 78^\circ$. Points $D$ and $E$ lie on $AB$ and $AC$ respectively, and satisfy $\angle BCD = 24^\circ$ and $\angle CBE = 51^\circ$. If $\angle BED = x^\circ$, find $x$.	" \]
2. **Determine $\angle ECB$:**
   \[
   \angle ECB = 78^\circ - 24^\circ = 54^\circ
   \]
3. **Calculate $\angle ABE"
96	Triangle $ABC$ satisfies $\angle ABC = \angle ACB = 78^\circ$. Points $D$ and $E$ lie on $AB$ and $AC$ respectively, and satisfy $\angle BCD = 24^\circ$ and $\angle CBE = 51^\circ$. If $\angle BED = x^\circ$, find $x$.	"rc - 51^\circ,$$
$$\angle BED = 105^\circ.$$
Therefore, the measure of angle $BED$ is $105^\circ$. 

Answer: $105^\circ$"
97	How many positive integer solutions are there to \( w + x + y + z = 20 \) where \( w + x \ge 5 \) and \( y + z \ge 5 \)?	").

Adding the solutions from all cases, we have \( 20 + 1320 + 1980 = 3320 \) positive integer solutions.

Answer: 3320"
98	How many positive integer solutions are there to \( w + x + y + z = 20 \) where \( w + x \ge 5 \) and \( y + z \ge 5 \)?	 integer solutions to the equation \(w + x + y + z = 20\) where \(w + x \ge 5\) and \(y + z \ge 5\) is \(\boxed{3040}\).
99	How many positive integer solutions are there to \( w + x + y + z = 20 \) where \( w + x \ge 5 \) and \( y + z \ge 5 \)?	" + x + y + z = 20 \) where \( w + x \ge 5 \) and \( y + z \ge 5 \) is 364.

Therefore, the answer is:

\[
\boxed{364}
\]"
100	How many positive integer solutions are there to \( w + x + y + z = 20 \) where \( w + x \ge 5 \) and \( y + z \ge 5 \)?	 the equation \( w + x + y + z = 20 \) under the constraints \( w + x \ge 5 \) and \( y + z \ge 5 \) is \(\boxed{828}\).
101	How many positive integer solutions are there to \( w + x + y + z = 20 \) where \( w + x \ge 5 \) and \( y + z \ge 5 \)?	"10_{2} \). The answer is: 11001010.

How many ordered pairs of integers \((a, b)\) exist such that \(\left| a - b \right"
102	How many positive integer solutions are there to \( w + x + y + z = 20 \) where \( w + x \ge 5 \) and \( y + z \ge 5 \)?	" of valid solutions
valid_solutions = C43_3 - 4 * C33_3 + C23_3
print(valid_solutions)
```
```output
4244
```
The number"
103	How many positive integer solutions are there to \( w + x + y + z = 20 \) where \( w + x \ge 5 \) and \( y + z \ge 5 \)?	"Therefore, the number of positive integer solutions to the original equation under the given constraints is:

Answer: 11"
104	How many positive integer solutions are there to \( w + x + y + z = 20 \) where \( w + x \ge 5 \) and \( y + z \ge 5 \)?	" 4 \). Using a similar process, we get:
\[
\binom{15+3-1}{3} = 680
\]

Now, we need to check for overlap (solutions that"
105	Let $\overline{CH}$ be an altitude of $\triangle ABC$. Let $R\,$ and $S\,$ be the points where the circles inscribed in the triangles $ACH\,$ and $BCH^{}_{}$ are tangent to $\overline{CH}$. If $AB = 1995\,$, $AC = 1994\,$, and $BC = 1993\,$, then $RS\,$ can be expressed as $m/n\,$, where $m\,$ and $n\,$ are relatively prime integers. Find $m + n\,$.	( \boxed{21392370649003} \). This is the value of \( m + n \) where \( RS \) is expressed in the form \( \frac{m}{n} \).
106	Let $\overline{CH}$ be an altitude of $\triangle ABC$. Let $R\,$ and $S\,$ be the points where the circles inscribed in the triangles $ACH\,$ and $BCH^{}_{}$ are tangent to $\overline{CH}$. If $AB = 1995\,$, $AC = 1994\,$, and $BC = 1993\,$, then $RS\,$ can be expressed as $m/n\,$, where $m\,$ and $n\,$ are relatively prime integers. Find $m + n\,$.	" solution has been provided in the answer, which includes the values of the variables and the final result.
Answer: 1530"
107	Let $\overline{CH}$ be an altitude of $\triangle ABC$. Let $R\,$ and $S\,$ be the points where the circles inscribed in the triangles $ACH\,$ and $BCH^{}_{}$ are tangent to $\overline{CH}$. If $AB = 1995\,$, $AC = 1994\,$, and $BC = 1993\,$, then $RS\,$ can be expressed as $m/n\,$, where $m\,$ and $n\,$ are relatively prime integers. Find $m + n\,$.	"94^2 + 2\]

Therefore, the final answer is:

\[m + n = 1995^2 + 2 + 1994^2 + 2 = 1995^2 + 1994^2 + 4 = \boxed{3975197}\]"
108	Let $\overline{CH}$ be an altitude of $\triangle ABC$. Let $R\,$ and $S\,$ be the points where the circles inscribed in the triangles $ACH\,$ and $BCH^{}_{}$ are tangent to $\overline{CH}$. If $AB = 1995\,$, $AC = 1994\,$, and $BC = 1993\,$, then $RS\,$ can be expressed as $m/n\,$, where $m\,$ and $n\,$ are relatively prime integers. Find $m + n\,$.	"te \( m + n \):**
   - Since \( m = 0 \) and \( n = 1 \), \( m + n = 0 + 1 = 1 \).

The final answer is:
\[
\boxed{1}
\]"
109	Let $\overline{CH}$ be an altitude of $\triangle ABC$. Let $R\,$ and $S\,$ be the points where the circles inscribed in the triangles $ACH\,$ and $BCH^{}_{}$ are tangent to $\overline{CH}$. If $AB = 1995\,$, $AC = 1994\,$, and $BC = 1993\,$, then $RS\,$ can be expressed as $m/n\,$, where $m\,$ and $n\,$ are relatively prime integers. Find $m + n\,$.	" a fraction in simplest form. The sum of the numerator and denominator is the answer.
Step 7:  Answer: 3988
Answer: 3988"
110	Let $\overline{CH}$ be an altitude of $\triangle ABC$. Let $R\,$ and $S\,$ be the points where the circles inscribed in the triangles $ACH\,$ and $BCH^{}_{}$ are tangent to $\overline{CH}$. If $AB = 1995\,$, $AC = 1994\,$, and $BC = 1993\,$, then $RS\,$ can be expressed as $m/n\,$, where $m\,$ and $n\,$ are relatively prime integers. Find $m + n\,$.	"n$, we find $m + n$.
Step 9:  Our answer will be the sum of $m$ and $n$ for the fraction representing $RS$.
Answer: 1998"
111	Let $\overline{CH}$ be an altitude of $\triangle ABC$. Let $R\,$ and $S\,$ be the points where the circles inscribed in the triangles $ACH\,$ and $BCH^{}_{}$ are tangent to $\overline{CH}$. If $AB = 1995\,$, $AC = 1994\,$, and $BC = 1993\,$, then $RS\,$ can be expressed as $m/n\,$, where $m\,$ and $n\,$ are relatively prime integers. Find $m + n\,$.	e radius \( r_1 \) of the incircle of triangle \( ACH \). Since the triangles are similar, the radii are proportional to
112	Let $\overline{CH}$ be an altitude of $\triangle ABC$. Let $R\,$ and $S\,$ be the points where the circles inscribed in the triangles $ACH\,$ and $BCH^{}_{}$ are tangent to $\overline{CH}$. If $AB = 1995\,$, $AC = 1994\,$, and $BC = 1993\,$, then $RS\,$ can be expressed as $m/n\,$, where $m\,$ and $n\,$ are relatively prime integers. Find $m + n\,$.	ce \(RS\) is a horizontal distance in the coordinate system, the length is simply \(1\). Therefore, \(m = 1\) and \(n = 
113	A harmonic progression is a sequence of numbers such that their reciprocals are in arithmetic progression. Let $S_n$ represent the sum of the first $n$ terms of the harmonic progression; for example, $S_3$ represents the sum of the first three terms. If the first three terms of a harmonic progression are $3, 4, 6$, find the value of $S_4$.	"
### Step 6: Perform the Addition
\[
S_4 = 3 + 4 + 6 + 4 = 17
\]

Therefore, the value of \( S_4 \) is:
\[
\boxed{17}
\]"
114	A harmonic progression is a sequence of numbers such that their reciprocals are in arithmetic progression. Let $S_n$ represent the sum of the first $n$ terms of the harmonic progression; for example, $S_3$ represents the sum of the first three terms. If the first three terms of a harmonic progression are $3, 4, 6$, find the value of $S_4$.	"3 + 4 + 6 + \frac{1}{4} = 13 + \frac{1}{4} = \frac{53}{4}. \]
Thus, the value of \(S_4\) is:
\[ \boxed{\frac{53}{4}}. \]"
115	A harmonic progression is a sequence of numbers such that their reciprocals are in arithmetic progression. Let $S_n$ represent the sum of the first $n$ terms of the harmonic progression; for example, $S_3$ represents the sum of the first three terms. If the first three terms of a harmonic progression are $3, 4, 6$, find the value of $S_4$.	"irst four terms of the harmonic progression: $3 + 4 + 6 + \frac{3}{2} = 13\frac{1}{2}$.

Answer: $\boxed{13\frac{1}{2}}$"
116	A harmonic progression is a sequence of numbers such that their reciprocals are in arithmetic progression. Let $S_n$ represent the sum of the first $n$ terms of the harmonic progression; for example, $S_3$ represents the sum of the first three terms. If the first three terms of a harmonic progression are $3, 4, 6$, find the value of $S_4$.	"t
12.0
```
The fourth term of the harmonic progression is indeed 12. Therefore, the value of $S_4$ is:

\[
\boxed{20}
\]"
117	A harmonic progression is a sequence of numbers such that their reciprocals are in arithmetic progression. Let $S_n$ represent the sum of the first $n$ terms of the harmonic progression; for example, $S_3$ represents the sum of the first three terms. If the first three terms of a harmonic progression are $3, 4, 6$, find the value of $S_4$.	Answer:
118	A harmonic progression is a sequence of numbers such that their reciprocals are in arithmetic progression. Let $S_n$ represent the sum of the first $n$ terms of the harmonic progression; for example, $S_3$ represents the sum of the first three terms. If the first three terms of a harmonic progression are $3, 4, 6$, find the value of $S_4$.	"}{12} = \frac{157}{12} \]
Thus, the value of \(S_4\) is \(\frac{157}{12}\).

The answer is:
\[
\boxed{\frac{157}{12}}
\]"
119	A harmonic progression is a sequence of numbers such that their reciprocals are in arithmetic progression. Let $S_n$ represent the sum of the first $n$ terms of the harmonic progression; for example, $S_3$ represents the sum of the first three terms. If the first three terms of a harmonic progression are $3, 4, 6$, find the value of $S_4$.	"d the approximate value of S4 as 1.991, we can say that S4 is approximately equal to the value calculated.
Answer: 1.991"
120	A harmonic progression is a sequence of numbers such that their reciprocals are in arithmetic progression. Let $S_n$ represent the sum of the first $n$ terms of the harmonic progression; for example, $S_3$ represents the sum of the first three terms. If the first three terms of a harmonic progression are $3, 4, 6$, find the value of $S_4$.	"progression is:

\[
S_4 = \frac{65}{120} = \frac{13}{24}
\]

Thus, the value of \(S_4\) is:

\[
\boxed{\frac{13}{24}}
\]"
121	Find $n$ so that $4^{4^{4^2}}=2^{8^n}$.	"s: $64=2^{3n}$.

Step 9: Solve for n.
To find the value of n, we need to solve the equation $64=2^{3n}$.

Answer: n = 16"
122	Find $n$ so that $4^{4^{4^2}}=2^{8^n}$.	" Given the nature of the problem and the need for exact integer solution, the closest integer value is:

\[
\boxed{1}
\]"
123	Find $n$ so that $4^{4^{4^2}}=2^{8^n}$.	"11 \]

### Conclusion:
The solution to the equation \( 4^{4^{4^2}} = 2^{8^n} \) is \( n = 11 \).

Answer: \(\boxed{11}\)"
124	Find $n$ so that $4^{4^{4^2}}=2^{8^n}$.	"both expressions have the same exponent, the equation holds true for any value of n. 

Answer: n can be any real number."
125	Find $n$ so that $4^{4^{4^2}}=2^{8^n}$.	"\[
33 = 3n
\]

Solving for \( n \), we get:
\[
n = \frac{33}{3} = 11
\]

Thus, the value of \( n \) is:
\[
\boxed{11}
\]"
126	Find $n$ so that $4^{4^{4^2}}=2^{8^n}$.	" have 2 * 3 = n * 3.
Simplifying this equation, we get 6 = 3n.
Finally, solving for n, we find that n = 2.
Answer: n = 2"
127	Find $n$ so that $4^{4^{4^2}}=2^{8^n}$.	"33
\]

Solving for \( n \), we find:

\[
n = \frac{33}{3} = 11
\]

Therefore, the value of \( n \) is:

\[
\boxed{11}
\]"
128	Find $n$ so that $4^{4^{4^2}}=2^{8^n}$.	"\[
33 = 3n
\]

Solving for \(n\), we get:

\[
n = \frac{33}{3} = 11
\]

Therefore, the value of \(n\) is \(\boxed{11}\)."
129	"$f(x), g(x)$ are two quadratic trinomials and $a, b, c, d$ are some real numbers. Given the following values:
- $f(a) = 2$
- $f(b) = 3$
- $f(c) = 7$
- $f(d) = 10$
- $g(a) = 16$
- $g(b) = 15$
- $g(c) = 11$

Find the value of $g(d)$."	" u \)
Similarly, we can set up equations for \( g(x) \) using the given values:
\[
sa^2 + ta + u = 16 \quad (8)
\]
\[
sb"
130	"$f(x), g(x)$ are two quadratic trinomials and $a, b, c, d$ are some real numbers. Given the following values:
- $f(a) = 2$
- $f(b) = 3$
- $f(c) = 7$
- $f(d) = 10$
- $g(a) = 16$
- $g(b) = 15$
- $g(c) = 11$

Find the value of $g(d)$."	 information, as it's not possible to solve a second-degree polynomial for two coefficients in a set of three equations.
131	"$f(x), g(x)$ are two quadratic trinomials and $a, b, c, d$ are some real numbers. Given the following values:
- $f(a) = 2$
- $f(b) = 3$
- $f(c) = 7$
- $f(d) = 10$
- $g(a) = 16$
- $g(b) = 15$
- $g(c) = 11$

Find the value of $g(d)$."	"s to infer that $g(d)$ should be equal to $f(d)$, the 4th given value. 

Thus, the value of $g(d)$ is $10$. 

Answer: 10"
132	"$f(x), g(x)$ are two quadratic trinomials and $a, b, c, d$ are some real numbers. Given the following values:
- $f(a) = 2$
- $f(b) = 3$
- $f(c) = 7$
- $f(d) = 10$
- $g(a) = 16$
- $g(b) = 15$
- $g(c) = 11$

Find the value of $g(d)$."	"
g_values = {16: a, 15: b, 11: c}
k = g_values[16] / f_values[2]

# Calculate g(d)
g_d = k * f_values[10]
print(g_d)
```"
133	"$f(x), g(x)$ are two quadratic trinomials and $a, b, c, d$ are some real numbers. Given the following values:
- $f(a) = 2$
- $f(b) = 3$
- $f(c) = 7$
- $f(d) = 10$
- $g(a) = 16$
- $g(b) = 15$
- $g(c) = 11$

Find the value of $g(d)$."	"-opening parabola. Therefore, $g(d)$ must be less than $g(a)$ because as $x$ increases, $g(x)$ decreases.

Given that $g"
134	"$f(x), g(x)$ are two quadratic trinomials and $a, b, c, d$ are some real numbers. Given the following values:
- $f(a) = 2$
- $f(b) = 3$
- $f(c) = 7$
- $f(d) = 10$
- $g(a) = 16$
- $g(b) = 15$
- $g(c) = 11$

Find the value of $g(d)$."	"[ \frac{5}{5 + \sqrt[3]{3}} \cdot \left(\frac{4 - 3\sqrt[3]{3}}{\sqrt[3]{3}}\right) = -1 \]
\[ \frac{5(4 - 3\sqrt[3]{3})"
135	"$f(x), g(x)$ are two quadratic trinomials and $a, b, c, d$ are some real numbers. Given the following values:
- $f(a) = 2$
- $f(b) = 3$
- $f(c) = 7$
- $f(d) = 10$
- $g(a) = 16$
- $g(b) = 15$
- $g(c) = 11$

Find the value of $g(d)$."	"al form of $g(x)$ is consistent and the given values to find $g(d)$.

Therefore, the value of $g(d)$ is:
\[ \boxed{8} \]"
136	"$f(x), g(x)$ are two quadratic trinomials and $a, b, c, d$ are some real numbers. Given the following values:
- $f(a) = 2$
- $f(b) = 3$
- $f(c) = 7$
- $f(d) = 10$
- $g(a) = 16$
- $g(b) = 15$
- $g(c) = 11$

Find the value of $g(d)$."	"lues derived from the equations.
Step 16:  By following these steps, we find \( g(d) = \text{<final answer>}.
Answer: 33"
137	You are given that \[17! = 355687ab8096000\] for some digits $a$ and $b$. Find the two-digit number $\overline{ab}$ that is missing above.	 information from the previous calculation of $17! \mod 10$. Finally, the two-digit number $10a + b$ will be the answer.
138	You are given that \[17! = 355687ab8096000\] for some digits $a$ and $b$. Find the two-digit number $\overline{ab}$ that is missing above.	". **Conclusion:**
   The two-digit number \(\overline{ab}\) is \(00\).

Therefore, the final answer is:
\[
\boxed{00}
\]"
139	You are given that \[17! = 355687ab8096000\] for some digits $a$ and $b$. Find the two-digit number $\overline{ab}$ that is missing above.	b8096000\) are found to be \(a = 4\) and \(b = 6\). Therefore, the two-digit number \(\overline{ab}\) is \(\boxed{46}\).
140	You are given that \[17! = 355687ab8096000\] for some digits $a$ and $b$. Find the two-digit number $\overline{ab}$ that is missing above.	" = 5\) and \(b = 6\).

Therefore, the two-digit number \(\overline{ab}\) is \(56\).

The final answer is \(\boxed{56}\)."
141	You are given that \[17! = 355687ab8096000\] for some digits $a$ and $b$. Find the two-digit number $\overline{ab}$ that is missing above.	" 10 * a + b
print(ab)
```
```output
80
```
The two-digit number $\overline{ab}$ that is missing above is \(\boxed{80}\)."
142	You are given that \[17! = 355687ab8096000\] for some digits $a$ and $b$. Find the two-digit number $\overline{ab}$ that is missing above.	"mine that \(a = 8\) and \(b = 9\).

Therefore, the two-digit number \(\overline{ab}\) is \(89\).

Answer: \(\boxed{89}\)"
143	You are given that \[17! = 355687ab8096000\] for some digits $a$ and $b$. Find the two-digit number $\overline{ab}$ that is missing above.	"nds to 'a'
# digits[38] corresponds to 'b'
a = int(digits[37])
b = int(digits[38])

answer = f""{a}{b}""
print(answer)
```"
144	You are given that \[17! = 355687ab8096000\] for some digits $a$ and $b$. Find the two-digit number $\overline{ab}$ that is missing above.	"00 \) for digits \( a \) and \( b \).

Therefore, the missing two-digit number \( \overline{ab} \) is:

\[
\boxed{09}
\]"
145	Find the number of ordered quadruples of positive integers $(a,b,c,d)$ such that $a,b,c,$ and $d$ are all (not necessarily distinct) factors of $30$ and $abcd>900$.	egers \((a, b, c, d)\) such that \(a, b, c,\) and \(d\) are all factors of \(30\) and \(abcd > 900\) is \(\boxed{379}\).
146	Find the number of ordered quadruples of positive integers $(a,b,c,d)$ such that $a,b,c,$ and $d$ are all (not necessarily distinct) factors of $30$ and $abcd>900$.	"1 \times 1 \times 10 = 10 \\
   &1 \times 1 \times 15 = 15 \\
   &1 \times 1 \times 30 = 30 \\
   &1 \times 2 \times 2 ="
147	Find the number of ordered quadruples of positive integers $(a,b,c,d)$ such that $a,b,c,$ and $d$ are all (not necessarily distinct) factors of $30$ and $abcd>900$.	1,3,5)$, $(3,3,5,1)$, $(3,5,1,3)$, $(1,1,3,5)$, $(3,1,5,1)$, $(1,5,1,3)$, $(15,1,5,1)$, $(1,5,1,3)$, $(1,3,1,5)$, $(1,3,
148	Find the number of ordered quadruples of positive integers $(a,b,c,d)$ such that $a,b,c,$ and $d$ are all (not necessarily distinct) factors of $30$ and $abcd>900$.	 integers \((a, b, c, d)\) such that \(a, b, c,\) and \(d\) are all factors of 30 and \(abcd > 900\) is \(\boxed{212}\).
149	Find the number of ordered quadruples of positive integers $(a,b,c,d)$ such that $a,b,c,$ and $d$ are all (not necessarily distinct) factors of $30$ and $abcd>900$.	"ered quadruples \((a,b,c,d)\) such that \(abcd > 900\) is \(195^3 = 7418175\).

Thus, the answer is \(\boxed{7418175}\)."
150	Find the number of ordered quadruples of positive integers $(a,b,c,d)$ such that $a,b,c,$ and $d$ are all (not necessarily distinct) factors of $30$ and $abcd>900$.	"uples of positive integers (a, b, c, d) such that (a, b, c, d) are all factors of 30 and (abcd) > 900 is 27.

Answer: 27"
151	Find the number of ordered quadruples of positive integers $(a,b,c,d)$ such that $a,b,c,$ and $d$ are all (not necessarily distinct) factors of $30$ and $abcd>900$.	(a, b, c,\) and \(d\) are positive integers that are factors of 30, and their product \(abcd > 900\) is \(\boxed{216}\).
152	Find the number of ordered quadruples of positive integers $(a,b,c,d)$ such that $a,b,c,$ and $d$ are all (not necessarily distinct) factors of $30$ and $abcd>900$.	s of positive integers $(a,b,c,d)$ such that $a,b,c,$ and $d$ are all factors of 30 and $abcd > 900$ is $\boxed{19072}$.
153	"The two figures shown are made of unit squares. What is the positive difference of the perimeters, in units?

[asy]
draw((0,0)--(0,1)--(5,1)--(5,0)--cycle,linewidth(1));
draw((1,0)--(1,2)--(4,2)--(4,0),linewidth(1));
draw((2,-1)--(2,3)--(3,3)--(3,-1)--cycle,linewidth(1));
draw((7,0)--(7,2)--(12,2)--(12,0)--cycle,linewidth(1));
draw((7,1)--(12,1),linewidth(1));
draw((8,0)--(8,2),linewidth(1));
draw((9,0)--(9,2),linewidth(1));
draw((10,0)--(10,2),linewidth(1));
draw((11,0)--(11,2),linewidth(1));

[/asy]"	"ers of the two figures:
\[|14 - 15| = 1\] units.

Therefore, the positive difference of the perimeters is
\[\boxed{1}.\]"
154	"The two figures shown are made of unit squares. What is the positive difference of the perimeters, in units?

[asy]
draw((0,0)--(0,1)--(5,1)--(5,0)--cycle,linewidth(1));
draw((1,0)--(1,2)--(4,2)--(4,0),linewidth(1));
draw((2,-1)--(2,3)--(3,3)--(3,-1)--cycle,linewidth(1));
draw((7,0)--(7,2)--(12,2)--(12,0)--cycle,linewidth(1));
draw((7,1)--(12,1),linewidth(1));
draw((8,0)--(8,2),linewidth(1));
draw((9,0)--(9,2),linewidth(1));
draw((10,0)--(10,2),linewidth(1));
draw((11,0)--(11,2),linewidth(1));

[/asy]"	"ositive_difference)
```
```output
14
```
The positive difference of the perimeters of the two figures is \(\boxed{14}\)."
155	"The two figures shown are made of unit squares. What is the positive difference of the perimeters, in units?

[asy]
draw((0,0)--(0,1)--(5,1)--(5,0)--cycle,linewidth(1));
draw((1,0)--(1,2)--(4,2)--(4,0),linewidth(1));
draw((2,-1)--(2,3)--(3,3)--(3,-1)--cycle,linewidth(1));
draw((7,0)--(7,2)--(12,2)--(12,0)--cycle,linewidth(1));
draw((7,1)--(12,1),linewidth(1));
draw((8,0)--(8,2),linewidth(1));
draw((9,0)--(9,2),linewidth(1));
draw((10,0)--(10,2),linewidth(1));
draw((11,0)--(11,2),linewidth(1));

[/asy]"	"rimeters of the two figures:
\[ |14 - 12| = 2 \]

Therefore, the positive difference of the perimeters is \(\boxed{2}\)."
156	"The two figures shown are made of unit squares. What is the positive difference of the perimeters, in units?

[asy]
draw((0,0)--(0,1)--(5,1)--(5,0)--cycle,linewidth(1));
draw((1,0)--(1,2)--(4,2)--(4,0),linewidth(1));
draw((2,-1)--(2,3)--(3,3)--(3,-1)--cycle,linewidth(1));
draw((7,0)--(7,2)--(12,2)--(12,0)--cycle,linewidth(1));
draw((7,1)--(12,1),linewidth(1));
draw((8,0)--(8,2),linewidth(1));
draw((9,0)--(9,2),linewidth(1));
draw((10,0)--(10,2),linewidth(1));
draw((11,0)--(11,2),linewidth(1));

[/asy]"	Answer: 10
157	"The two figures shown are made of unit squares. What is the positive difference of the perimeters, in units?

[asy]
draw((0,0)--(0,1)--(5,1)--(5,0)--cycle,linewidth(1));
draw((1,0)--(1,2)--(4,2)--(4,0),linewidth(1));
draw((2,-1)--(2,3)--(3,3)--(3,-1)--cycle,linewidth(1));
draw((7,0)--(7,2)--(12,2)--(12,0)--cycle,linewidth(1));
draw((7,1)--(12,1),linewidth(1));
draw((8,0)--(8,2),linewidth(1));
draw((9,0)--(9,2),linewidth(1));
draw((10,0)--(10,2),linewidth(1));
draw((11,0)--(11,2),linewidth(1));

[/asy]"	" 2 + 12 \div 2 = 13$ units.
The positive difference of the perimeters is $42 - 13 = \boxed{29}$ units.
The answer is: 29"
158	"The two figures shown are made of unit squares. What is the positive difference of the perimeters, in units?

[asy]
draw((0,0)--(0,1)--(5,1)--(5,0)--cycle,linewidth(1));
draw((1,0)--(1,2)--(4,2)--(4,0),linewidth(1));
draw((2,-1)--(2,3)--(3,3)--(3,-1)--cycle,linewidth(1));
draw((7,0)--(7,2)--(12,2)--(12,0)--cycle,linewidth(1));
draw((7,1)--(12,1),linewidth(1));
draw((8,0)--(8,2),linewidth(1));
draw((9,0)--(9,2),linewidth(1));
draw((10,0)--(10,2),linewidth(1));
draw((11,0)--(11,2),linewidth(1));

[/asy]"	"from the larger perimeter.
Step 9: The positive difference of the perimeters is 14 units - 14 units = 0 units.
Answer: 0"
159	"The two figures shown are made of unit squares. What is the positive difference of the perimeters, in units?

[asy]
draw((0,0)--(0,1)--(5,1)--(5,0)--cycle,linewidth(1));
draw((1,0)--(1,2)--(4,2)--(4,0),linewidth(1));
draw((2,-1)--(2,3)--(3,3)--(3,-1)--cycle,linewidth(1));
draw((7,0)--(7,2)--(12,2)--(12,0)--cycle,linewidth(1));
draw((7,1)--(12,1),linewidth(1));
draw((8,0)--(8,2),linewidth(1));
draw((9,0)--(9,2),linewidth(1));
draw((10,0)--(10,2),linewidth(1));
draw((11,0)--(11,2),linewidth(1));

[/asy]"	"eters:
\[ \text{Positive Difference} = \text{Perimeter}_1 - \text{Perimeter}_2 = 12 - 10 = 2 \text{ units} \]

Answer: 2"
160	"The two figures shown are made of unit squares. What is the positive difference of the perimeters, in units?

[asy]
draw((0,0)--(0,1)--(5,1)--(5,0)--cycle,linewidth(1));
draw((1,0)--(1,2)--(4,2)--(4,0),linewidth(1));
draw((2,-1)--(2,3)--(3,3)--(3,-1)--cycle,linewidth(1));
draw((7,0)--(7,2)--(12,2)--(12,0)--cycle,linewidth(1));
draw((7,1)--(12,1),linewidth(1));
draw((8,0)--(8,2),linewidth(1));
draw((9,0)--(9,2),linewidth(1));
draw((10,0)--(10,2),linewidth(1));
draw((11,0)--(11,2),linewidth(1));

[/asy]"	"he smaller perimeter is 22 units. 

So, the positive difference between the perimeters is 24 - 22 = 2 units. 

Answer: 2"
161	Maria has three identical apples and three identical oranges. How many ways are there for her to distribute the fruits among her four friends if she doesn't give Jacky any oranges?  (Note: Maria takes none of the fruit herself, and some of her friends might not receive any fruit at all.)	ibute the fruits among her four friends, excluding Jacky, who is not allowed to receive any oranges, is \(\boxed{400}\).
162	Maria has three identical apples and three identical oranges. How many ways are there for her to distribute the fruits among her four friends if she doesn't give Jacky any oranges?  (Note: Maria takes none of the fruit herself, and some of her friends might not receive any fruit at all.)	"= 100 \]

So, the total number of ways for Maria to distribute the fruits among her three friends is:

\[
\boxed{100}
\]"
163	Maria has three identical apples and three identical oranges. How many ways are there for her to distribute the fruits among her four friends if she doesn't give Jacky any oranges?  (Note: Maria takes none of the fruit herself, and some of her friends might not receive any fruit at all.)	ways Maria can distribute her three apples and three oranges among her four friends (excluding Jacky) is \(\boxed{84}\).
164	Maria has three identical apples and three identical oranges. How many ways are there for her to distribute the fruits among her four friends if she doesn't give Jacky any oranges?  (Note: Maria takes none of the fruit herself, and some of her friends might not receive any fruit at all.)	"stribute the fruits among her four friends, ensuring that Jacky does not receive any oranges, is \( 100 \).

Answer: 100"
165	Maria has three identical apples and three identical oranges. How many ways are there for her to distribute the fruits among her four friends if she doesn't give Jacky any oranges?  (Note: Maria takes none of the fruit herself, and some of her friends might not receive any fruit at all.)	"2 (Case 8) = 10\]

Therefore, the total number of ways Maria can distribute the fruits among her four friends is **10**."
166	Maria has three identical apples and three identical oranges. How many ways are there for her to distribute the fruits among her four friends if she doesn't give Jacky any oranges?  (Note: Maria takes none of the fruit herself, and some of her friends might not receive any fruit at all.)	"e total number of ways is the product of the two:

\[
18 \times 14 = 252
\]

### Final Answer:
Answer: \( \boxed{252} \)"
167	Maria has three identical apples and three identical oranges. How many ways are there for her to distribute the fruits among her four friends if she doesn't give Jacky any oranges?  (Note: Maria takes none of the fruit herself, and some of her friends might not receive any fruit at all.)	" number of ways to distribute apples:

\[
\text{Total number of ways} = 4 \times 20 = 80
\]

### Final Answer
Answer: 80"
168	Maria has three identical apples and three identical oranges. How many ways are there for her to distribute the fruits among her four friends if she doesn't give Jacky any oranges?  (Note: Maria takes none of the fruit herself, and some of her friends might not receive any fruit at all.)	"s 20 = 200
   \]

Thus, the number of ways for Maria to distribute the fruits among her four friends is \(\boxed{200}\)."
169	Suppose that $a_1, a_2, a_3, \ldots$ is an infinite geometric sequence such that for all $i \ge 1$, $a_i$ is a positive integer. Suppose furthermore that $a_{20} + a_{21} = 20^{21}$. If the minimum possible value of $a_1$ can be expressed as $2^a 5^b$ for positive integers $a$ and $b$, find $a + b$.	"[
a_1 = 2^{22} \cdot 5^{21}
\]

Thus, the answer is:

\[
a + b = 22 + 21 = 43
\]

The final answer is:

\[
\boxed{43}
\]"
170	Suppose that $a_1, a_2, a_3, \ldots$ is an infinite geometric sequence such that for all $i \ge 1$, $a_i$ is a positive integer. Suppose furthermore that $a_{20} + a_{21} = 20^{21}$. If the minimum possible value of $a_1$ can be expressed as $2^a 5^b$ for positive integers $a$ and $b$, find $a + b$.	" \cdot 5^{21}$, and the sum of the exponents $a$ and $b$ is $31 + 21 = 52$.

Thus, the final answer is:
\[
\boxed{52}
\]"
171	Suppose that $a_1, a_2, a_3, \ldots$ is an infinite geometric sequence such that for all $i \ge 1$, $a_i$ is a positive integer. Suppose furthermore that $a_{20} + a_{21} = 20^{21}$. If the minimum possible value of $a_1$ can be expressed as $2^a 5^b$ for positive integers $a$ and $b$, find $a + b$.	"} \]

Combining these, we get:
\[ a_1 \cdot r^{19} \left( 1 + r \right) = 2^{42} \cdot 5^{21} \]

To minimize \( a_1 \),"
172	Suppose that $a_1, a_2, a_3, \ldots$ is an infinite geometric sequence such that for all $i \ge 1$, $a_i$ is a positive integer. Suppose furthermore that $a_{20} + a_{21} = 20^{21}$. If the minimum possible value of $a_1$ can be expressed as $2^a 5^b$ for positive integers $a$ and $b$, find $a + b$.	"20} \cdot 5^{21} \):
\[ a_1 \cdot 2^{19} (1 + 2) = 2^{20} \cdot 5^{21} \cdot 2^{19} \cdot 3 = 2^{39} \cdot 3 \cdot 5^{21"
173	Suppose that $a_1, a_2, a_3, \ldots$ is an infinite geometric sequence such that for all $i \ge 1$, $a_i$ is a positive integer. Suppose furthermore that $a_{20} + a_{21} = 20^{21}$. If the minimum possible value of $a_1$ can be expressed as $2^a 5^b$ for positive integers $a$ and $b$, find $a + b$.	"
b = 0
for sol in solutions:
    a1_val = sol[0]
    r_val = sol[1]
    a1_min = a1_val.as_coeff_Mul()[0]
    b_min = a1"
174	Suppose that $a_1, a_2, a_3, \ldots$ is an infinite geometric sequence such that for all $i \ge 1$, $a_i$ is a positive integer. Suppose furthermore that $a_{20} + a_{21} = 20^{21}$. If the minimum possible value of $a_1$ can be expressed as $2^a 5^b$ for positive integers $a$ and $b$, find $a + b$.	"oduct a * (r^19 + r^20)
product = a * term_sum
# The result should be 2^42 * 5^21
print((product, 2**42 * 5**21))
```"
175	Suppose that $a_1, a_2, a_3, \ldots$ is an infinite geometric sequence such that for all $i \ge 1$, $a_i$ is a positive integer. Suppose furthermore that $a_{20} + a_{21} = 20^{21}$. If the minimum possible value of $a_1$ can be expressed as $2^a 5^b$ for positive integers $a$ and $b$, find $a + b$.	"t form:
\[
a_1 \cdot 5^{19} \cdot 6 = 2^{42} \cdot 5^{21}
\]
\[
a_1 = \frac{2^{42} \cdot 5^{21}}{5^{19} \cdot 6} = 2^{42"
176	Suppose that $a_1, a_2, a_3, \ldots$ is an infinite geometric sequence such that for all $i \ge 1$, $a_i$ is a positive integer. Suppose furthermore that $a_{20} + a_{21} = 20^{21}$. If the minimum possible value of $a_1$ can be expressed as $2^a 5^b$ for positive integers $a$ and $b$, find $a + b$.	"ue of \(a_1\) is \(2^{23} \cdot 5^{21}\), so \(a + b = 23 + 21 = 44\). Therefore, the final answer is:

\[
\boxed{44}
\]"
177	$A$ and $B$ are on a circle of radius $20$ centered at $C$, and $\angle ACB = 60^\circ$. $D$ is chosen so that $D$ is also on the circle, $\angle ACD = 160^\circ$, and $\angle DCB = 100^\circ$. Let $E$ be the intersection of lines $AC$ and $BD$. What is $DE$?	"e for intersection point E
E = sp.solve((line_AC, line_BD), (x, y))
x_E = E[x]

# Calculate the distance DE
DE = sp.sqrt"
178	$A$ and $B$ are on a circle of radius $20$ centered at $C$, and $\angle ACB = 60^\circ$. $D$ is chosen so that $D$ is also on the circle, $\angle ACD = 160^\circ$, and $\angle DCB = 100^\circ$. Let $E$ be the intersection of lines $AC$ and $BD$. What is $DE$?	"rt{7}
\]

Thus, the answer is:
\[
\boxed{10\sqrt{7}}
\]

Let's implement this in Python to verify the result.
```python
"
179	$A$ and $B$ are on a circle of radius $20$ centered at $C$, and $\angle ACB = 60^\circ$. $D$ is chosen so that $D$ is also on the circle, $\angle ACD = 160^\circ$, and $\angle DCB = 100^\circ$. Let $E$ be the intersection of lines $AC$ and $BD$. What is $DE$?	"```output
21.1814240041279
```
The length of \( DE \) is approximately \( 10\sqrt{3} \), which is \( 17.32 \). Therefore"
180	$A$ and $B$ are on a circle of radius $20$ centered at $C$, and $\angle ACB = 60^\circ$. $D$ is chosen so that $D$ is also on the circle, $\angle ACD = 160^\circ$, and $\angle DCB = 100^\circ$. Let $E$ be the intersection of lines $AC$ and $BD$. What is $DE$?	"ympy as sp

# Define the radius of the circle
r = 20

# Define the angles in radians
theta_A = sp.Rational(1, 3) * sp.pi"
181	$A$ and $B$ are on a circle of radius $20$ centered at $C$, and $\angle ACB = 60^\circ$. $D$ is chosen so that $D$ is also on the circle, $\angle ACD = 160^\circ$, and $\angle DCB = 100^\circ$. Let $E$ be the intersection of lines $AC$ and $BD$. What is $DE$?	"nd the sine law for triangle $ADE$. By substituting the values we found in previous steps, we get $DE = 20$.

Answer: 20"
182	$A$ and $B$ are on a circle of radius $20$ centered at $C$, and $\angle ACB = 60^\circ$. $D$ is chosen so that $D$ is also on the circle, $\angle ACD = 160^\circ$, and $\angle DCB = 100^\circ$. Let $E$ be the intersection of lines $AC$ and $BD$. What is $DE$?	"Sines to find \( DE \).

After performing the calculations, we find that:
\[
DE = 4
\]

### Final Answer
\[
\boxed{4}
\]"
183	$A$ and $B$ are on a circle of radius $20$ centered at $C$, and $\angle ACB = 60^\circ$. $D$ is chosen so that $D$ is also on the circle, $\angle ACD = 160^\circ$, and $\angle DCB = 100^\circ$. Let $E$ be the intersection of lines $AC$ and $BD$. What is $DE$?	"length $DE$ would be the same for both cases. Thus, the value of $DE$ is:
\[
DE = 40.
\]

So the answer is $\boxed{20}$."
184	$A$ and $B$ are on a circle of radius $20$ centered at $C$, and $\angle ACB = 60^\circ$. $D$ is chosen so that $D$ is also on the circle, $\angle ACD = 160^\circ$, and $\angle DCB = 100^\circ$. Let $E$ be the intersection of lines $AC$ and $BD$. What is $DE$?	"+ (3.472)^2} = \sqrt{880.74 + 12.04} = \sqrt{892.78} \approx 29.88\]

Therefore, the length of \(DE\) is:
\[\boxed{10}\]"
185	What is the sum of all integer solutions to $|n| < |n-3| < 9$?	" are n = 1, 2, and 3.
Step 5: Calculate the sum of all integer solutions.
The sum of 1, 2, and 3 is 1+2+3 = 6.
Answer: 6"
186	What is the sum of all integer solutions to $|n| < |n-3| < 9$?	"-5) + (-4) + (-3) + (-2) + (-1) = -21 \]

Thus, the sum of all integer solutions to the inequality is:
\[ \boxed{-21} \]"
187	What is the sum of all integer solutions to $|n| < |n-3| < 9$?	"9: Let's count the integer solutions:
n = 2, n = 1

Step 10: The sum of these integer solutions is 2 + 1 = 3.

Answer: 3"
188	What is the sum of all integer solutions to $|n| < |n-3| < 9$?	" = 52\]
\[52 + 11 = 63\]

Thus, the sum of all integer solutions to \(|n| < |n - 3| < 9\) is:
\[63\]

Answer: \boxed{63}"
189	What is the sum of all integer solutions to $|n| < |n-3| < 9$?	"ions)
print(sum_solutions)
```
```output
65
```
The sum of all integer solutions to $|n| < |n-3| < 9$ is \(\boxed{65}\)."
190	What is the sum of all integer solutions to $|n| < |n-3| < 9$?	"rint(sum_of_solutions)
```
```output
64
```
The sum of all integer solutions to \( |n| < |n-3| < 9 \) is \(\boxed{64}\)."
191	What is the sum of all integer solutions to $|n| < |n-3| < 9$?	" solutions is:
\[
-3 + (-2) + (-1) + 0 + 1 + 2 = -3
\]

Therefore, the sum of all integer solutions is:
\[
\boxed{-3}
\]"
192	What is the sum of all integer solutions to $|n| < |n-3| < 9$?	"14 \]
\[ -14 + 2 = -12 \]

Thus, the sum of all integer solutions is:
\[ -12 \]

### Conclusion

Answer: \(\boxed{-12}\)"
193	"All students at Adams High School and at Baker High School take a certain exam. The average scores for boys, for girls, and for boys and girls combined, at Adams HS and Baker HS are shown in the table, as is the average for boys at the two schools combined. What is the average score for the girls at the two schools combined?

\[
\begin{array}{c c c c} 
{} & \textbf{Adams} & \textbf{Baker} & \textbf{Adams \text{ and } Baker}  \\
\textbf{Boys:} & 71 & 81 & 79   \\
\textbf{Girls:} & 76 & 90 & ?   \\
\textbf{Boys \text{ and } Girls:} & 74 & 84 &   \\
\end{array}
\]

Find the average score for the girls at the two schools combined."	"irls at Adams and Baker combined is \(100 + 100\).

Answer: \(\frac{(76 \times 100) + (90 \times 100)}{100 + 100} = 83\)"
194	"All students at Adams High School and at Baker High School take a certain exam. The average scores for boys, for girls, and for boys and girls combined, at Adams HS and Baker HS are shown in the table, as is the average for boys at the two schools combined. What is the average score for the girls at the two schools combined?

\[
\begin{array}{c c c c} 
{} & \textbf{Adams} & \textbf{Baker} & \textbf{Adams \text{ and } Baker}  \\
\textbf{Boys:} & 71 & 81 & 79   \\
\textbf{Girls:} & 76 & 90 & ?   \\
\textbf{Boys \text{ and } Girls:} & 74 & 84 &   \\
\end{array}
\]

Find the average score for the girls at the two schools combined."	"ools combined} = \frac{166}{2} = 83
\]

Thus, the average score for the girls at the two schools combined is \boxed{83}."
195	"All students at Adams High School and at Baker High School take a certain exam. The average scores for boys, for girls, and for boys and girls combined, at Adams HS and Baker HS are shown in the table, as is the average for boys at the two schools combined. What is the average score for the girls at the two schools combined?

\[
\begin{array}{c c c c} 
{} & \textbf{Adams} & \textbf{Baker} & \textbf{Adams \text{ and } Baker}  \\
\textbf{Boys:} & 71 & 81 & 79   \\
\textbf{Girls:} & 76 & 90 & ?   \\
\textbf{Boys \text{ and } Girls:} & 74 & 84 &   \\
\end{array}
\]

Find the average score for the girls at the two schools combined."	"{1185 + 1064}{1140}} = \frac{163 \times 1140}{2249} = \frac{186420}{2249} = 83.18
\]

So the average score for the girls"
196	"All students at Adams High School and at Baker High School take a certain exam. The average scores for boys, for girls, and for boys and girls combined, at Adams HS and Baker HS are shown in the table, as is the average for boys at the two schools combined. What is the average score for the girls at the two schools combined?

\[
\begin{array}{c c c c} 
{} & \textbf{Adams} & \textbf{Baker} & \textbf{Adams \text{ and } Baker}  \\
\textbf{Boys:} & 71 & 81 & 79   \\
\textbf{Girls:} & 76 & 90 & ?   \\
\textbf{Boys \text{ and } Girls:} & 74 & 84 &   \\
\end{array}
\]

Find the average score for the girls at the two schools combined."	"\]
- Expanding both sides, we get:
\[ 11105A_b + 12555B_b + 76A_gx + 90B_gx = 5589A_b + 6399B_b + 6064A_g + 7110B_g \]
-"
197	"All students at Adams High School and at Baker High School take a certain exam. The average scores for boys, for girls, and for boys and girls combined, at Adams HS and Baker HS are shown in the table, as is the average for boys at the two schools combined. What is the average score for the girls at the two schools combined?

\[
\begin{array}{c c c c} 
{} & \textbf{Adams} & \textbf{Baker} & \textbf{Adams \text{ and } Baker}  \\
\textbf{Boys:} & 71 & 81 & 79   \\
\textbf{Girls:} & 76 & 90 & ?   \\
\textbf{Boys \text{ and } Girls:} & 74 & 84 &   \\
\end{array}
\]

Find the average score for the girls at the two schools combined."	"s combined is:
\[
\frac{15900}{200} = 79.5
\]

Thus, the average score for the girls at the two schools combined is:
\[
"
198	"All students at Adams High School and at Baker High School take a certain exam. The average scores for boys, for girls, and for boys and girls combined, at Adams HS and Baker HS are shown in the table, as is the average for boys at the two schools combined. What is the average score for the girls at the two schools combined?

\[
\begin{array}{c c c c} 
{} & \textbf{Adams} & \textbf{Baker} & \textbf{Adams \text{ and } Baker}  \\
\textbf{Boys:} & 71 & 81 & 79   \\
\textbf{Girls:} & 76 & 90 & ?   \\
\textbf{Boys \text{ and } Girls:} & 74 & 84 &   \\
\end{array}
\]

Find the average score for the girls at the two schools combined."	"[ = \frac{159}{2} \]
\[ = 79.5 \]

So the average score for the girls at the two schools combined is \( \boxed{79.5} \)."
199	"All students at Adams High School and at Baker High School take a certain exam. The average scores for boys, for girls, and for boys and girls combined, at Adams HS and Baker HS are shown in the table, as is the average for boys at the two schools combined. What is the average score for the girls at the two schools combined?

\[
\begin{array}{c c c c} 
{} & \textbf{Adams} & \textbf{Baker} & \textbf{Adams \text{ and } Baker}  \\
\textbf{Boys:} & 71 & 81 & 79   \\
\textbf{Girls:} & 76 & 90 & ?   \\
\textbf{Boys \text{ and } Girls:} & 74 & 84 &   \\
\end{array}
\]

Find the average score for the girls at the two schools combined."	"17: We get G_avg = 82.
Step 18: Therefore, the average score for the girls at the two schools combined is 82.
Answer: 82"
200	"All students at Adams High School and at Baker High School take a certain exam. The average scores for boys, for girls, and for boys and girls combined, at Adams HS and Baker HS are shown in the table, as is the average for boys at the two schools combined. What is the average score for the girls at the two schools combined?

\[
\begin{array}{c c c c} 
{} & \textbf{Adams} & \textbf{Baker} & \textbf{Adams \text{ and } Baker}  \\
\textbf{Boys:} & 71 & 81 & 79   \\
\textbf{Girls:} & 76 & 90 & ?   \\
\textbf{Boys \text{ and } Girls:} & 74 & 84 &   \\
\end{array}
\]

Find the average score for the girls at the two schools combined."	"{2} = \frac{144}{2} = 72
\]

Therefore, the average score for the girls at the two schools combined is:
\[
\boxed{72}
\]"
201	What is the smallest positive integer $n$ such that $20 \equiv n^{15} \pmod{29}$?	"ger that satisfies \( 20 \equiv n^{15} \pmod{29} \). Therefore, the smallest positive integer \( n \) is 26.

Answer: 26"
202	What is the smallest positive integer $n$ such that $20 \equiv n^{15} \pmod{29}$?	"need to find \(20^{15} \pmod{29}\). We can compute this directly:

\[20^2 \equiv 400 \equiv 20 \pmod{29}\]
\[20^4 \equiv"
203	What is the smallest positive integer $n$ such that $20 \equiv n^{15} \pmod{29}$?	" \pmod{29}$ is $\boxed{28}$.
The smallest positive integer $n$ such that $20 \equiv n^{15} \pmod{29}$ is \(\boxed{28}\)."
204	What is the smallest positive integer $n$ such that $20 \equiv n^{15} \pmod{29}$?	"`
```output
25
```
The smallest positive integer \( n \) such that \( 20 \equiv n^{15} \pmod{29} \) is \( \boxed{25} \)."
205	What is the smallest positive integer $n$ such that $20 \equiv n^{15} \pmod{29}$?	"pmod{29} \]
This is true, so the order of 20 modulo 29 is 28.

Since the order of 20 modulo 29 is 28, the order of 20^15"
206	What is the smallest positive integer $n$ such that $20 \equiv n^{15} \pmod{29}$?	"``
```output
3
```
The smallest positive integer \( n \) such that \( 20 \equiv n^{15} \pmod{29} \) is \( \boxed{16} \)."
207	What is the smallest positive integer $n$ such that $20 \equiv n^{15} \pmod{29}$?	"`
```output
17
```
The smallest positive integer \( n \) such that \( 20 \equiv n^{15} \pmod{29} \) is \( \boxed{17} \)."
208	What is the smallest positive integer $n$ such that $20 \equiv n^{15} \pmod{29}$?	": Conclusion
Thus, the smallest positive integer \( n \) such that \( 20 \equiv n^{15} \pmod{29} \) is:
\[
\boxed{14}
\]"
209	Let $S$ be the set of natural numbers whose digits are different and belong to the set $\{1, 3, 5, 7\}$. Calculate the sum of the elements of $S$.	157 + 173 + 175 + 315 + 317 + 351 + 357 + 371 + 375 + 513 + 517 + 531 + 537 + 571 + 573 + 713 + 715 + 731 + 735 + 751 + 
210	Let $S$ be the set of natural numbers whose digits are different and belong to the set $\{1, 3, 5, 7\}$. Calculate the sum of the elements of $S$.	"digits and then summing up these numbers.
Step 5:  The answer is <total_sum_of_numbers>.

Answer: <total_sum_of_numbers>"
211	Let $S$ be the set of natural numbers whose digits are different and belong to the set $\{1, 3, 5, 7\}$. Calculate the sum of the elements of $S$.	"`
The sum of all natural numbers whose digits are different and belong to the set \(\{1, 3, 5, 7\}\) is \(\boxed{999}\)."
212	Let $S$ be the set of natural numbers whose digits are different and belong to the set $\{1, 3, 5, 7\}$. Calculate the sum of the elements of $S$.	The sum of all natural numbers whose digits are different and belong to the set \(\{1, 3, 5, 7\}\) is \(\boxed{79992}\).
213	Let $S$ be the set of natural numbers whose digits are different and belong to the set $\{1, 3, 5, 7\}$. Calculate the sum of the elements of $S$.	"84000 + 38400 + 3840 + 384 = 426624
   \]

### Final Answer

The sum of the elements of \( S \) is:
\[
\boxed{426624}
\]"
214	Let $S$ be the set of natural numbers whose digits are different and belong to the set $\{1, 3, 5, 7\}$. Calculate the sum of the elements of $S$.	"m_{n=1}^\infty N_n \cdot (5-n) \cdot \frac{10^n}{2^{n-1}} = \frac{4}{3} \cdot \frac{25}{3} = \boxed{250}
\]

Answer: 250"
215	Let $S$ be the set of natural numbers whose digits are different and belong to the set $\{1, 3, 5, 7\}$. Calculate the sum of the elements of $S$.	"{3}\right) = 16 \times \left(\frac{4}{39 \times 3}\right) = \frac{64}{117}\).

So the final answer is:

\[
\boxed{64}
\]"
216	Let $S$ be the set of natural numbers whose digits are different and belong to the set $\{1, 3, 5, 7\}$. Calculate the sum of the elements of $S$.	"l sum is \( 96 + 960 + 9600 + 96000 = 116652 \).

Therefore, the sum of the elements of \( S \) is \( \boxed{116652} \)."
217	Let $ABCD$ be a square with side length $2$. Let $M$ and $N$ be the midpoints of $\overline{BC}$ and $\overline{CD}$ respectively, and let $X$ and $Y$ be the feet of the perpendiculars from $A$ to $\overline{MD}$ and $\overline{NB}$, also respectively. The square of the length of segment $\overline{XY}$ can be written in the form $\frac{p}{q}$ where $p$ and $q$ are positive relatively prime integers. What is $100p+q$?	"{16}{25}} = \sqrt{\frac{32}{25}} = \frac{4\sqrt{2}}{5}
\]
The square of the length of segment \(\overline{XY}\) is:
\[
\"
218	Let $ABCD$ be a square with side length $2$. Let $M$ and $N$ be the midpoints of $\overline{BC}$ and $\overline{CD}$ respectively, and let $X$ and $Y$ be the feet of the perpendiculars from $A$ to $\overline{MD}$ and $\overline{NB}$, also respectively. The square of the length of segment $\overline{XY}$ can be written in the form $\frac{p}{q}$ where $p$ and $q$ are positive relatively prime integers. What is $100p+q$?	"(p = 4\) and \(q = 5\), and the answer is:
\[ 100p + q = 100 \cdot 4 + 5 = 405 \]
The final answer is:
\[
\boxed{405}
\]"
219	Let $ABCD$ be a square with side length $2$. Let $M$ and $N$ be the midpoints of $\overline{BC}$ and $\overline{CD}$ respectively, and let $X$ and $Y$ be the feet of the perpendiculars from $A$ to $\overline{MD}$ and $\overline{NB}$, also respectively. The square of the length of segment $\overline{XY}$ can be written in the form $\frac{p}{q}$ where $p$ and $q$ are positive relatively prime integers. What is $100p+q$?	ate geometry. Each step was essential to finding the solution and confirming that p and q are relatively prime integers.
220	Let $ABCD$ be a square with side length $2$. Let $M$ and $N$ be the midpoints of $\overline{BC}$ and $\overline{CD}$ respectively, and let $X$ and $Y$ be the feet of the perpendiculars from $A$ to $\overline{MD}$ and $\overline{NB}$, also respectively. The square of the length of segment $\overline{XY}$ can be written in the form $\frac{p}{q}$ where $p$ and $q$ are positive relatively prime integers. What is $100p+q$?	where \(p\) and \(q\) are relatively prime positive integers, we have \(p = 2\) and \(q = 1\). Therefore, \(100p + q = 1
221	Let $ABCD$ be a square with side length $2$. Let $M$ and $N$ be the midpoints of $\overline{BC}$ and $\overline{CD}$ respectively, and let $X$ and $Y$ be the feet of the perpendiculars from $A$ to $\overline{MD}$ and $\overline{NB}$, also respectively. The square of the length of segment $\overline{XY}$ can be written in the form $\frac{p}{q}$ where $p$ and $q$ are positive relatively prime integers. What is $100p+q$?	"t(\frac{4\sqrt{2}}{5}\right)^2 = \frac{32}{25}\).

6. **Final Answer:**
   - The square of the length of segment \(\over"
222	Let $ABCD$ be a square with side length $2$. Let $M$ and $N$ be the midpoints of $\overline{BC}$ and $\overline{CD}$ respectively, and let $X$ and $Y$ be the feet of the perpendiculars from $A$ to $\overline{MD}$ and $\overline{NB}$, also respectively. The square of the length of segment $\overline{XY}$ can be written in the form $\frac{p}{q}$ where $p$ and $q$ are positive relatively prime integers. What is $100p+q$?	right)^2} = \sqrt{\frac{16}{25} + \frac{4}{25}} = \sqrt{\frac{20}{25}} = \sqrt{\frac{4}{5}} = \frac{2}{\sqrt{5}} = \frac
223	Let $ABCD$ be a square with side length $2$. Let $M$ and $N$ be the midpoints of $\overline{BC}$ and $\overline{CD}$ respectively, and let $X$ and $Y$ be the feet of the perpendiculars from $A$ to $\overline{MD}$ and $\overline{NB}$, also respectively. The square of the length of segment $\overline{XY}$ can be written in the form $\frac{p}{q}$ where $p$ and $q$ are positive relatively prime integers. What is $100p+q$?	"5}{2}x = 2 \implies x = \frac{4}{5}.
     \]
     Substitute \(x = \frac{4}{5}\) into \(y = \frac{1}{2}x\):
     \[
    "
224	Let $ABCD$ be a square with side length $2$. Let $M$ and $N$ be the midpoints of $\overline{BC}$ and $\overline{CD}$ respectively, and let $X$ and $Y$ be the feet of the perpendiculars from $A$ to $\overline{MD}$ and $\overline{NB}$, also respectively. The square of the length of segment $\overline{XY}$ can be written in the form $\frac{p}{q}$ where $p$ and $q$ are positive relatively prime integers. What is $100p+q$?	 - \frac{2}{5} \right)^2} = \sqrt{\left( \frac{4}{5} \right)^2 + \left( \frac{4}{5} \right)^2} = \sqrt{\frac{16}{25} + \
225	Compute the maximum integer value of $k$ such that $2^k$ divides $3^{2n+3} + 40n - 27$ for any positive integer $n$.	"lue of $k$ such that $2^k$ divides $3^{2n+3} + 40n - 27$ for any positive integer $n$ is $8$, which is $2^3$.

Answer: 8"
226	Compute the maximum integer value of $k$ such that $2^k$ divides $3^{2n+3} + 40n - 27$ for any positive integer $n$.	"alue of \( k \) such that \( 2^k \) divides \( P(n) \) for any positive integer \( n \) is \( k = 1 \).

\[
\boxed{1}
\]"
227	Compute the maximum integer value of $k$ such that $2^k$ divides $3^{2n+3} + 40n - 27$ for any positive integer $n$.	alue of \( k \) such that \( 2^k \) divides \( 3^{2n+3} + 40n - 27 \) for any positive integer \( n \) is \(\boxed{2}\).
228	Compute the maximum integer value of $k$ such that $2^k$ divides $3^{2n+3} + 40n - 27$ for any positive integer $n$.	 60: True, 61: True, 62: True, 63: True, 64: True, 65: True, 66: True, 67: True, 68: True, 69: True, 70: True, 71: True,
229	Compute the maximum integer value of $k$ such that $2^k$ divides $3^{2n+3} + 40n - 27$ for any positive integer $n$.	" the greatest integer value of k is 0 since any power of 2 greater than 1 cannot divide the given expression.

Answer: 0"
230	Compute the maximum integer value of $k$ such that $2^k$ divides $3^{2n+3} + 40n - 27$ for any positive integer $n$.	"at $2^k$ divides $3^{2n+3} + 40n - 27$ for any positive integer $n$ is $3$. 

Thus, the final answer is:
\[
\boxed{3}
\]"
231	Compute the maximum integer value of $k$ such that $2^k$ divides $3^{2n+3} + 40n - 27$ for any positive integer $n$.	 maximum integer value of $k$ such that $2^k$ divides $3^{2n+3} + 40n - 27$ for any positive integer $n$ is $\boxed{8}$.
232	Compute the maximum integer value of $k$ such that $2^k$ divides $3^{2n+3} + 40n - 27$ for any positive integer $n$.	"l \( n \):
\[ 3^{2n+3} + 40n - 27 \equiv 1 + 40n - 27 \pmod{16}. \]
Since \( 3^{2n+3} \equiv 1 \pmod{16} \) and \( -27 \"
233	Let $ f(x) \equal{} 1 \plus{} x \plus{} x^2 \plus{} \cdots \plus{} x^{100}$. Find $ f'(1)$.	"mit becomes:

\[
f'(1) = \lim_{h \to 0} \frac{0}{h} = 0.
\]

Therefore, the value of \( f'(1) \) is:

\[
\boxed{101}.
\]"
234	Let $ f(x) \equal{} 1 \plus{} x \plus{} x^2 \plus{} \cdots \plus{} x^{100}$. Find $ f'(1)$.	"Sum} \equal{} \frac{100}{2}(1 \plus{} 100) \equal{} 5050$
Therefore, $ f'(1) \equal{} \boxed{5050}$.
The answer is: 5050"
235	Let $ f(x) \equal{} 1 \plus{} x \plus{} x^2 \plus{} \cdots \plus{} x^{100}$. Find $ f'(1)$.	"n this case, \( n = 100 \):

\[ f'(1) = \frac{100 \cdot 101}{2} = 5050. \]

Therefore, the answer is \( \boxed{5050} \)."
236	Let $ f(x) \equal{} 1 \plus{} x \plus{} x^2 \plus{} \cdots \plus{} x^{100}$. Find $ f'(1)$.	"
   S_{100} = \frac{100 \cdot 101}{2} = 5050
   \]

Therefore, the value of \( f'(1) \) is \( 5050 \).

**Answer:** 5050"
237	Let $ f(x) \equal{} 1 \plus{} x \plus{} x^2 \plus{} \cdots \plus{} x^{100}$. Find $ f'(1)$.	"this case, $ n = 100 $, so:

$ f'(1) = \frac{100(101)}{2} = 5050 $.

Therefore, $ f'(1) = 5050 $. Answer: $\boxed{5050}$"
238	Let $ f(x) \equal{} 1 \plus{} x \plus{} x^2 \plus{} \cdots \plus{} x^{100}$. Find $ f'(1)$.	"roaches \( 1 \), this term approaches \( -101 \). Therefore, \( f'(1) = 101 \).

The final answer is:

\[
\boxed{101}
\]"
239	Let $ f(x) \equal{} 1 \plus{} x \plus{} x^2 \plus{} \cdots \plus{} x^{100}$. Find $ f'(1)$.	" $ f'(1)$.
Step 5:  By evaluating the derivative at $ x = 1$, we get the final answer for $ f'(1)$.
Answer:  Answer: 101"
240	Let $ f(x) \equal{} 1 \plus{} x \plus{} x^2 \plus{} \cdots \plus{} x^{100}$. Find $ f'(1)$.	"rivative approach from the right and left at $x = 1$ will be infinite, meaning $f'(1) = \infty$.

Answer: \boxed{\infty}"
241	Suppose $a$ is an integer such that $0 \le a \le 14$, and $235935623_{74}-a$ is a multiple of $15$. What is $a$?	tting the variables `a` and `b` to 1 and then loop until we find a number that meets the conditions. For each iteration,
242	Suppose $a$ is an integer such that $0 \le a \le 14$, and $235935623_{74}-a$ is a multiple of $15$. What is $a$?	"74 number back to base 10:

$235935608_{74} = 2 \cdot 74^6 + 3 \cdot 74^5 + 5 \cdot 74^4 + 9 \cdot 74^3 + 3 \cdot 74^2 +"
243	Suppose $a$ is an integer such that $0 \le a \le 14$, and $235935623_{74}-a$ is a multiple of $15$. What is $a$?	efore, the value of \(a\) such that \(0 \le a \le 14\) and \(235935623_{74} - a\) is a multiple of 15 is \(\boxed{12}\).
244	Suppose $a$ is an integer such that $0 \le a \le 14$, and $235935623_{74}-a$ is a multiple of $15$. What is $a$?	"od{15},\]
\[2 \cdot 4 \equiv 8 \pmod{15},\]
\[3 \pmod{15}.\]

Adding these together, we get:
\[2 + 12 + 5 + 6 + 3 + 5 + "
245	Suppose $a$ is an integer such that $0 \le a \le 14$, and $235935623_{74}-a$ is a multiple of $15$. What is $a$?	"5935623_{74}\) is divided by 15 is 9. Therefore, the value of \(a\) must be 9.

So the final answer is:

\[
\boxed{9}
\]"
246	Suppose $a$ is an integer such that $0 \le a \le 14$, and $235935623_{74}-a$ is a multiple of $15$. What is $a$?	"l be \(2n^3\) and \(n^3\), respectively. Therefore, we can approximate the fraction as:

\[
\frac{2n^3+3n^2+7}{n^3-4n+5}"
247	Suppose $a$ is an integer such that $0 \le a \le 14$, and $235935623_{74}-a$ is a multiple of $15$. What is $a$?	"ch that $a \mod 15 = 11$. The value of $a$ that satisfies this condition is $11$.

So, the value of $a$ is $\boxed{11}$."
248	Suppose $a$ is an integer such that $0 \le a \le 14$, and $235935623_{74}-a$ is a multiple of $15$. What is $a$?	" Repeat the process for all possible values of a, and find the value that makes the result a multiple of 15.

Answer: 11"
249	The student locker numbers at Olympic High are numbered consecutively beginning with locker number $1$. The plastic digits used to number the lockers cost two cents apiece. Thus, it costs two cents to label locker number $9$ and four cents to label locker number $10$. If it costs $137.94$ to label all the lockers, how many lockers are there at the school? Provide your answer as an integer.	"e need to adjust our calculation to reach the exact cost.

We can see that the total cost for lockers up to 5999 is $360"
250	The student locker numbers at Olympic High are numbered consecutively beginning with locker number $1$. The plastic digits used to number the lockers cost two cents apiece. Thus, it costs two cents to label locker number $9$ and four cents to label locker number $10$. If it costs $137.94$ to label all the lockers, how many lockers are there at the school? Provide your answer as an integer.	" round down to the nearest whole number.

Step 5: Final Answer
Therefore, there are 2254 lockers at Olympic High School."
251	The student locker numbers at Olympic High are numbered consecutively beginning with locker number $1$. The plastic digits used to number the lockers cost two cents apiece. Thus, it costs two cents to label locker number $9$ and four cents to label locker number $10$. If it costs $137.94$ to label all the lockers, how many lockers are there at the school? Provide your answer as an integer.	"ed
        break

print(number_of_lockers)
```
```output
739
```
The number of lockers at the school is \(\boxed{739}\)."
252	The student locker numbers at Olympic High are numbered consecutively beginning with locker number $1$. The plastic digits used to number the lockers cost two cents apiece. Thus, it costs two cents to label locker number $9$ and four cents to label locker number $10$. If it costs $137.94$ to label all the lockers, how many lockers are there at the school? Provide your answer as an integer.	" number of lockers.
Step 4: We need to convert this number to an integer as per the question's requirement.

Answer: 182"
253	The student locker numbers at Olympic High are numbered consecutively beginning with locker number $1$. The plastic digits used to number the lockers cost two cents apiece. Thus, it costs two cents to label locker number $9$ and four cents to label locker number $10$. If it costs $137.94$ to label all the lockers, how many lockers are there at the school? Provide your answer as an integer.	"ered from 1 to 99, we get:
\[ 99 + 2683 = 2782 \]
Thus, the total number of lockers at the school is:
\[ \boxed{2782} \]"
254	The student locker numbers at Olympic High are numbered consecutively beginning with locker number $1$. The plastic digits used to number the lockers cost two cents apiece. Thus, it costs two cents to label locker number $9$ and four cents to label locker number $10$. If it costs $137.94$ to label all the lockers, how many lockers are there at the school? Provide your answer as an integer.	"up to the nearest whole number, which gives us \( n = 1989 \).

Let's verify this result by recalculating the total cost"
255	The student locker numbers at Olympic High are numbered consecutively beginning with locker number $1$. The plastic digits used to number the lockers cost two cents apiece. Thus, it costs two cents to label locker number $9$ and four cents to label locker number $10$. If it costs $137.94$ to label all the lockers, how many lockers are there at the school? Provide your answer as an integer.	"igit lock number, which is 100 - 9 * 2 - 1 = 82.
Step 6:  So, the total number of lockers is 59 + 82 = 141.

Answer: 141"
256	The student locker numbers at Olympic High are numbered consecutively beginning with locker number $1$. The plastic digits used to number the lockers cost two cents apiece. Thus, it costs two cents to label locker number $9$ and four cents to label locker number $10$. If it costs $137.94$ to label all the lockers, how many lockers are there at the school? Provide your answer as an integer.	" lockers + Number of multi-digit lockers
     \[
     \text{Total lockers} = 9 + 34 = 43
     \]

Answer: \(\boxed{43}\)"
257	Let $\mathbf{v} = \begin{pmatrix} 2 \\ 1 \\ -1 \end{pmatrix}$ and $\mathbf{w} = \begin{pmatrix} 1 \\ 0 \\ 3 \end{pmatrix}.$  The columns of a matrix are $\mathbf{u},$ $\mathbf{v},$ and $\mathbf{w},$ where $\mathbf{u}$ is a unit vector.  Find the largest possible determinant of the matrix.The answer is in the form k\sqrt{m}+n,. Please provide the value of k + m + n.	".

Answer: The largest possible determinant is of the form ksqrt(m) + n. In the given problem, the value of k+m+n is 23."
258	Let $\mathbf{v} = \begin{pmatrix} 2 \\ 1 \\ -1 \end{pmatrix}$ and $\mathbf{w} = \begin{pmatrix} 1 \\ 0 \\ 3 \end{pmatrix}.$  The columns of a matrix are $\mathbf{u},$ $\mathbf{v},$ and $\mathbf{w},$ where $\mathbf{u}$ is a unit vector.  Find the largest possible determinant of the matrix.The answer is in the form k\sqrt{m}+n,. Please provide the value of k + m + n.	"rac{-1}{2\lambda}\right)^2 = 1
    \]
    \[
    \frac{9 + 49 + 1}{4\lambda^2} = 1
    \]
    \[
    \frac{59}{4\lambda^"
259	Let $\mathbf{v} = \begin{pmatrix} 2 \\ 1 \\ -1 \end{pmatrix}$ and $\mathbf{w} = \begin{pmatrix} 1 \\ 0 \\ 3 \end{pmatrix}.$  The columns of a matrix are $\mathbf{u},$ $\mathbf{v},$ and $\mathbf{w},$ where $\mathbf{u}$ is a unit vector.  Find the largest possible determinant of the matrix.The answer is in the form k\sqrt{m}+n,. Please provide the value of k + m + n.	rm $k\sqrt{m} + n$, we have $k = 0$, $m = 1$, and $n = 35$. Thus, the value of $k + m + n$ is $0 + 1 + 35 = \boxed{36}$.
260	Let $\mathbf{v} = \begin{pmatrix} 2 \\ 1 \\ -1 \end{pmatrix}$ and $\mathbf{w} = \begin{pmatrix} 1 \\ 0 \\ 3 \end{pmatrix}.$  The columns of a matrix are $\mathbf{u},$ $\mathbf{v},$ and $\mathbf{w},$ where $\mathbf{u}$ is a unit vector.  Find the largest possible determinant of the matrix.The answer is in the form k\sqrt{m}+n,. Please provide the value of k + m + n.	"matrix is $35$.

Answer: \boxed{35\sqrt{1}+0}, and $k = 35$, $m = 1$, $n = 0$. Therefore, $k + m + n = 35 + 1 + 0 = 36$."
261	Let $\mathbf{v} = \begin{pmatrix} 2 \\ 1 \\ -1 \end{pmatrix}$ and $\mathbf{w} = \begin{pmatrix} 1 \\ 0 \\ 3 \end{pmatrix}.$  The columns of a matrix are $\mathbf{u},$ $\mathbf{v},$ and $\mathbf{w},$ where $\mathbf{u}$ is a unit vector.  Find the largest possible determinant of the matrix.The answer is in the form k\sqrt{m}+n,. Please provide the value of k + m + n.	" 0\), \(m = 59\), and \(n = 21\). Therefore, the value of \(k + m + n\) is \(0 + 59 + 21 = 80\).

Answer: \(\boxed{80}\)"
262	Let $\mathbf{v} = \begin{pmatrix} 2 \\ 1 \\ -1 \end{pmatrix}$ and $\mathbf{w} = \begin{pmatrix} 1 \\ 0 \\ 3 \end{pmatrix}.$  The columns of a matrix are $\mathbf{u},$ $\mathbf{v},$ and $\mathbf{w},$ where $\mathbf{u}$ is a unit vector.  Find the largest possible determinant of the matrix.The answer is in the form k\sqrt{m}+n,. Please provide the value of k + m + n.	"k = 0, m = 0, n = 1 \quad \Rightarrow \quad k + m + n = 0 + 0 + 1 = 1
\]

Thus, the final answer is:
\[
k + m + n = 1
\]"
263	Let $\mathbf{v} = \begin{pmatrix} 2 \\ 1 \\ -1 \end{pmatrix}$ and $\mathbf{w} = \begin{pmatrix} 1 \\ 0 \\ 3 \end{pmatrix}.$  The columns of a matrix are $\mathbf{u},$ $\mathbf{v},$ and $\mathbf{w},$ where $\mathbf{u}$ is a unit vector.  Find the largest possible determinant of the matrix.The answer is in the form k\sqrt{m}+n,. Please provide the value of k + m + n.	"Calculate k + m + n
result = k + m + n

print(result)
```
```output
60
```
The value of \(k + m + n\) is \(\boxed{60}\)."
264	Let $\mathbf{v} = \begin{pmatrix} 2 \\ 1 \\ -1 \end{pmatrix}$ and $\mathbf{w} = \begin{pmatrix} 1 \\ 0 \\ 3 \end{pmatrix}.$  The columns of a matrix are $\mathbf{u},$ $\mathbf{v},$ and $\mathbf{w},$ where $\mathbf{u}$ is a unit vector.  Find the largest possible determinant of the matrix.The answer is in the form k\sqrt{m}+n,. Please provide the value of k + m + n.	The largest possible determinant of the matrix is 2\sqrt{97}, so the value of k + m + n is 2 + 97 + 0, which equals 100.
265	There are 300 points in space. Four planes $A$, $B$, $C$, and $D$ each have the property that they split the 300 points into two equal sets. (No plane contains one of the 300 points.) What is the maximum number of points that can be found inside the tetrahedron whose faces are on $A$, $B$, $C$, and $D$?	 points that can be found inside the tetrahedron formed by the planes \(A\), \(B\), \(C\), and \(D\) is \(\boxed{125}\).
266	There are 300 points in space. Four planes $A$, $B$, $C$, and $D$ each have the property that they split the 300 points into two equal sets. (No plane contains one of the 300 points.) What is the maximum number of points that can be found inside the tetrahedron whose faces are on $A$, $B$, $C$, and $D$?	"hedron. Therefore, we can conclude that the maximum number of points inside the tetrahedron is $\boxed{75}$.

Answer: 75"
267	There are 300 points in space. Four planes $A$, $B$, $C$, and $D$ each have the property that they split the 300 points into two equal sets. (No plane contains one of the 300 points.) What is the maximum number of points that can be found inside the tetrahedron whose faces are on $A$, $B$, $C$, and $D$?	"{300}{2} = 150 \]

Therefore, the maximum number of points that can be found inside the tetrahedron is:
\[ \boxed{75} \]"
268	There are 300 points in space. Four planes $A$, $B$, $C$, and $D$ each have the property that they split the 300 points into two equal sets. (No plane contains one of the 300 points.) What is the maximum number of points that can be found inside the tetrahedron whose faces are on $A$, $B$, $C$, and $D$?	midpoint of the 150 points in each set. So the maximum number of points that can be found inside the tetrahedron is 151.
269	There are 300 points in space. Four planes $A$, $B$, $C$, and $D$ each have the property that they split the 300 points into two equal sets. (No plane contains one of the 300 points.) What is the maximum number of points that can be found inside the tetrahedron whose faces are on $A$, $B$, $C$, and $D$?	s through 150 points, but since there are 300 points in total, each point must be on at least one plane. This means that
270	There are 300 points in space. Four planes $A$, $B$, $C$, and $D$ each have the property that they split the 300 points into two equal sets. (No plane contains one of the 300 points.) What is the maximum number of points that can be found inside the tetrahedron whose faces are on $A$, $B$, $C$, and $D$?	"e maximum number of points that can be found inside the tetrahedron is 150.

Therefore, the answer is:
\[
\boxed{150}
\]"
271	There are 300 points in space. Four planes $A$, $B$, $C$, and $D$ each have the property that they split the 300 points into two equal sets. (No plane contains one of the 300 points.) What is the maximum number of points that can be found inside the tetrahedron whose faces are on $A$, $B$, $C$, and $D$?	"ets.

### Step 4: Final Answer
The maximum number of points that can be found inside the tetrahedron is \(\boxed{150}\)."
272	There are 300 points in space. Four planes $A$, $B$, $C$, and $D$ each have the property that they split the 300 points into two equal sets. (No plane contains one of the 300 points.) What is the maximum number of points that can be found inside the tetrahedron whose faces are on $A$, $B$, $C$, and $D$?	"
    \[
    \text{Maximum number of points inside the tetrahedron} = \frac{300}{2} = 150
    \]

**Answer:** Answer: 150"
273	"Let $k$ and $n$ be positive integers and let $x_1, x_2, \cdots, x_k, y_1, y_2, \cdots, y_n$ be distinct integers. A polynomial $P$ with integer coefficients satisfies
 \[P(x_1)=P(x_2)= \cdots = P(x_k)=54\] 
\[P(y_1)=P(y_2)= \cdots = P(y_n)=2013.\]

Determine the maximal value of $kn$."	"l value of kn
max_kn = k * n
print(max_kn)
```
```output
3836081
```
The maximal value of \(kn\) is \(\boxed{3836081}\)."
274	"Let $k$ and $n$ be positive integers and let $x_1, x_2, \cdots, x_k, y_1, y_2, \cdots, y_n$ be distinct integers. A polynomial $P$ with integer coefficients satisfies
 \[P(x_1)=P(x_2)= \cdots = P(x_k)=54\] 
\[P(y_1)=P(y_2)= \cdots = P(y_n)=2013.\]

Determine the maximal value of $kn$."	"is not a specific number, but it can be expressed as \(k + n\).

Thus, the maximal value of \(kn\) is \(\boxed{k + n}\)."
275	"Let $k$ and $n$ be positive integers and let $x_1, x_2, \cdots, x_k, y_1, y_2, \cdots, y_n$ be distinct integers. A polynomial $P$ with integer coefficients satisfies
 \[P(x_1)=P(x_2)= \cdots = P(x_k)=54\] 
\[P(y_1)=P(y_2)= \cdots = P(y_n)=2013.\]

Determine the maximal value of $kn$."	"ximal value of k and n under the given conditions is 100.
Step 10:  Hence, the answer to the problem is 100.
Answer: 100"
276	"Let $k$ and $n$ be positive integers and let $x_1, x_2, \cdots, x_k, y_1, y_2, \cdots, y_n$ be distinct integers. A polynomial $P$ with integer coefficients satisfies
 \[P(x_1)=P(x_2)= \cdots = P(x_k)=54\] 
\[P(y_1)=P(y_2)= \cdots = P(y_n)=2013.\]

Determine the maximal value of $kn$."	"alue is when $k = 2$ and $n = 1$, giving $kn = 2 \cdot 1 = 2$. Therefore, the maximal value of $kn$ is:
\[
\boxed{12}
\]"
277	"Let $k$ and $n$ be positive integers and let $x_1, x_2, \cdots, x_k, y_1, y_2, \cdots, y_n$ be distinct integers. A polynomial $P$ with integer coefficients satisfies
 \[P(x_1)=P(x_2)= \cdots = P(x_k)=54\] 
\[P(y_1)=P(y_2)= \cdots = P(y_n)=2013.\]

Determine the maximal value of $kn$."	" has exactly k + n - 1 distinct integer roots, as required by the condition given in the problem statement.
Answer: 1006"
278	"Let $k$ and $n$ be positive integers and let $x_1, x_2, \cdots, x_k, y_1, y_2, \cdots, y_n$ be distinct integers. A polynomial $P$ with integer coefficients satisfies
 \[P(x_1)=P(x_2)= \cdots = P(x_k)=54\] 
\[P(y_1)=P(y_2)= \cdots = P(y_n)=2013.\]

Determine the maximal value of $kn$."	"rences are 54 and 2013

# The maximal value of kn would be 6 * 6 = 36

k = 6
n = 6
max_kn = k * n

print(max_kn)
```
```"
279	"Let $k$ and $n$ be positive integers and let $x_1, x_2, \cdots, x_k, y_1, y_2, \cdots, y_n$ be distinct integers. A polynomial $P$ with integer coefficients satisfies
 \[P(x_1)=P(x_2)= \cdots = P(x_k)=54\] 
\[P(y_1)=P(y_2)= \cdots = P(y_n)=2013.\]

Determine the maximal value of $kn$."	"l that fits these conditions.

### Constructing the Polynomial

Given that \( P(x) = a \) for each \( x_i \), and \( P(y"
280	"Let $k$ and $n$ be positive integers and let $x_1, x_2, \cdots, x_k, y_1, y_2, \cdots, y_n$ be distinct integers. A polynomial $P$ with integer coefficients satisfies
 \[P(x_1)=P(x_2)= \cdots = P(x_k)=54\] 
\[P(y_1)=P(y_2)= \cdots = P(y_n)=2013.\]

Determine the maximal value of $kn$."	"54 and 2013

# The polynomial P must be consistent with both forms
# We can check if P(x) = 54 + (x - x1)(x - x2) * Q(x)"
281	"Let $\mathbf{v}_1,$ $\mathbf{v}_2,$ $\dots,$ $\mathbf{v}_k$ be unit vectors such that
\[\mathbf{v}_1 + \mathbf{v}_2 + \dots + \mathbf{v}_k = \begin{pmatrix} 6 \\ -5 \end{pmatrix}.\]Find the smallest possible value of $k.$

Note: A unit vector is a vector of magnitude 1."	" \( k \) that satisfies the condition is
\[
k = 10.
\]
Thus, the smallest possible value of \( k \) is
\[
\boxed{10}.
\]"
282	"Let $\mathbf{v}_1,$ $\mathbf{v}_2,$ $\dots,$ $\mathbf{v}_k$ be unit vectors such that
\[\mathbf{v}_1 + \mathbf{v}_2 + \dots + \mathbf{v}_k = \begin{pmatrix} 6 \\ -5 \end{pmatrix}.\]Find the smallest possible value of $k.$

Note: A unit vector is a vector of magnitude 1."	"ust add up to the given vector magnitude).

Therefore, the smallest possible value of $k$ is $61$.

Answer: $\boxed{61}$"
283	"Let $\mathbf{v}_1,$ $\mathbf{v}_2,$ $\dots,$ $\mathbf{v}_k$ be unit vectors such that
\[\mathbf{v}_1 + \mathbf{v}_2 + \dots + \mathbf{v}_k = \begin{pmatrix} 6 \\ -5 \end{pmatrix}.\]Find the smallest possible value of $k.$

Note: A unit vector is a vector of magnitude 1."	"f sum_unit_vectors(k):
        result_k = k
        break

print(result_k)
```

### Output Interpretation

The output of"
284	"Let $\mathbf{v}_1,$ $\mathbf{v}_2,$ $\dots,$ $\mathbf{v}_k$ be unit vectors such that
\[\mathbf{v}_1 + \mathbf{v}_2 + \dots + \mathbf{v}_k = \begin{pmatrix} 6 \\ -5 \end{pmatrix}.\]Find the smallest possible value of $k.$

Note: A unit vector is a vector of magnitude 1."	"nequality
k = sp.ceiling(magnitude)

print(k)
```
```output
8
```
The smallest possible value of \(k\) is \(\boxed{8}\)."
285	"Let $\mathbf{v}_1,$ $\mathbf{v}_2,$ $\dots,$ $\mathbf{v}_k$ be unit vectors such that
\[\mathbf{v}_1 + \mathbf{v}_2 + \dots + \mathbf{v}_k = \begin{pmatrix} 6 \\ -5 \end{pmatrix}.\]Find the smallest possible value of $k.$

Note: A unit vector is a vector of magnitude 1."	1\), but for \(k = 3\), \(3^3 = 27 < 61\), and \(4^4 = 256 > 61\). Therefore, the smallest possible value of \(k\) is \(
286	"Let $\mathbf{v}_1,$ $\mathbf{v}_2,$ $\dots,$ $\mathbf{v}_k$ be unit vectors such that
\[\mathbf{v}_1 + \mathbf{v}_2 + \dots + \mathbf{v}_k = \begin{pmatrix} 6 \\ -5 \end{pmatrix}.\]Find the smallest possible value of $k.$

Note: A unit vector is a vector of magnitude 1."	",
\]
which is not an integer and therefore not possible.

Thus, the smallest possible value of \(k\) is
\[
\boxed{9}.
\]"
287	"Let $\mathbf{v}_1,$ $\mathbf{v}_2,$ $\dots,$ $\mathbf{v}_k$ be unit vectors such that
\[\mathbf{v}_1 + \mathbf{v}_2 + \dots + \mathbf{v}_k = \begin{pmatrix} 6 \\ -5 \end{pmatrix}.\]Find the smallest possible value of $k.$

Note: A unit vector is a vector of magnitude 1."	" value of $k$ that satisfies the condition is $k = 2.$
Step 11: Thus, the smallest possible value of $k$ is 2.
Answer: 2"
288	"Let $\mathbf{v}_1,$ $\mathbf{v}_2,$ $\dots,$ $\mathbf{v}_k$ be unit vectors such that
\[\mathbf{v}_1 + \mathbf{v}_2 + \dots + \mathbf{v}_k = \begin{pmatrix} 6 \\ -5 \end{pmatrix}.\]Find the smallest possible value of $k.$

Note: A unit vector is a vector of magnitude 1."	" the minimum number of unit vectors needed to make the sum equal to $\begin{pmatrix} 6 \\ -5 \end{pmatrix}$.

Answer: 61"
289	A play has two different male roles, two different female roles and two different roles that can be either gender. Only a man can be assigned to a male role, and only a woman can be assigned to a female role. If five men and six women audition, in how many ways can the six roles be assigned?	Answer: <answer>
290	A play has two different male roles, two different female roles and two different roles that can be either gender. Only a man can be assigned to a male role, and only a woman can be assigned to a female role. If five men and six women audition, in how many ways can the six roles be assigned?	 y) * (x * y) * (x * y) * (x * y) = (30) * (x * y) * (x * y) * (x * y) * (x * y) * (x * y) ways to assign the six roles.
291	A play has two different male roles, two different female roles and two different roles that can be either gender. Only a man can be assigned to a male role, and only a woman can be assigned to a female role. If five men and six women audition, in how many ways can the six roles be assigned?	eed to divide by 2! = 2. So, the final answer is 450 / 2 = 225. This makes sense and is a valid counting problem answer.
292	A play has two different male roles, two different female roles and two different roles that can be either gender. Only a man can be assigned to a male role, and only a woman can be assigned to a female role. If five men and six women audition, in how many ways can the six roles be assigned?	"ber of ways to assign the six roles:
20 (male roles) * 30 (female roles) * 24 (remaining roles) = 14,400

Answer: 14,400"
293	A play has two different male roles, two different female roles and two different roles that can be either gender. Only a man can be assigned to a male role, and only a woman can be assigned to a female role. If five men and six women audition, in how many ways can the six roles be assigned?	"either gender"" roles:
   \[
   120 \times 360 \times 99 = 4356000
   \]

Therefore, the answer is:
\[
\boxed{4356000}
\]"
294	A play has two different male roles, two different female roles and two different roles that can be either gender. Only a man can be assigned to a male role, and only a woman can be assigned to a female role. If five men and six women audition, in how many ways can the six roles be assigned?	"Gender Roles
   Total Ways = 10 * 15 * 21 = 3150

Therefore, there are 3,150 ways to assign the six roles.

Answer: 3150"
295	A play has two different male roles, two different female roles and two different roles that can be either gender. Only a man can be assigned to a male role, and only a woman can be assigned to a female role. If five men and six women audition, in how many ways can the six roles be assigned?	"e:

\[ 20 \times 30 \times 24 = 14400 \]

Therefore, the total number of ways to assign the six roles is:

Answer: 14400"
296	A play has two different male roles, two different female roles and two different roles that can be either gender. Only a man can be assigned to a male role, and only a woman can be assigned to a female role. If five men and six women audition, in how many ways can the six roles be assigned?	" * C(6, 2) * [C(3, 1) * C(3, 1) + C(3, 1) * C(3, 1)]

Total ways = 10 * 15 * [9 + 9] = 10 * 15 * 18 = 2700

Answer: 2700"
297	A circle with center $O$ has radius $8$ units and circle $P$ has radius $2$ units.  The circles are externally tangent to each other at point $Q$.  Segment $TS$ is the common external tangent to circle $O$ and circle $P$ at points $T$ and $S$, respectively.  What is the length of segment $OS$?  Express your answer in simplest radical form.The answer is in the form k\sqrt{m}+n,. Please provide the value of k + m + n.	" is found, determine the values of k, m, and n.
Step 8:  Finally, calculate the value of k + m + n.


Answer: 20 + 3 + 2"
298	A circle with center $O$ has radius $8$ units and circle $P$ has radius $2$ units.  The circles are externally tangent to each other at point $Q$.  Segment $TS$ is the common external tangent to circle $O$ and circle $P$ at points $T$ and $S$, respectively.  What is the length of segment $OS$?  Express your answer in simplest radical form.The answer is in the form k\sqrt{m}+n,. Please provide the value of k + m + n.	"er to get √28 = √(2^2 * 7) = 2√7.
Step 7:  So, the length of segment OS is 2√7 units.

Answer: k + m + n = 2 + 7 + 0 = 9"
299	A circle with center $O$ has radius $8$ units and circle $P$ has radius $2$ units.  The circles are externally tangent to each other at point $Q$.  Segment $TS$ is the common external tangent to circle $O$ and circle $P$ at points $T$ and $S$, respectively.  What is the length of segment $OS$?  Express your answer in simplest radical form.The answer is in the form k\sqrt{m}+n,. Please provide the value of k + m + n.	"\( m = 17 \), and \( n = 2 \).

So, the value of \( k + m + n \) is:
\[
0 + 17 + 2 = 19
\]

Answer: \( k + m + n = 19 \)"
300	A circle with center $O$ has radius $8$ units and circle $P$ has radius $2$ units.  The circles are externally tangent to each other at point $Q$.  Segment $TS$ is the common external tangent to circle $O$ and circle $P$ at points $T$ and $S$, respectively.  What is the length of segment $OS$?  Express your answer in simplest radical form.The answer is in the form k\sqrt{m}+n,. Please provide the value of k + m + n.	" + m + n, we need to simplify the expression for the length of segment OS and add the values of k, m, and n.
Answer: 100"
301	A circle with center $O$ has radius $8$ units and circle $P$ has radius $2$ units.  The circles are externally tangent to each other at point $Q$.  Segment $TS$ is the common external tangent to circle $O$ and circle $P$ at points $T$ and $S$, respectively.  What is the length of segment $OS$?  Express your answer in simplest radical form.The answer is in the form k\sqrt{m}+n,. Please provide the value of k + m + n.	 have followed the instructions step by step and provided the length of the segment OS in the requested form of k√m + n.
302	A circle with center $O$ has radius $8$ units and circle $P$ has radius $2$ units.  The circles are externally tangent to each other at point $Q$.  Segment $TS$ is the common external tangent to circle $O$ and circle $P$ at points $T$ and $S$, respectively.  What is the length of segment $OS$?  Express your answer in simplest radical form.The answer is in the form k\sqrt{m}+n,. Please provide the value of k + m + n.	"ot is negative, which would make $PS$ an imaginary number. Therefore, there is an error in the problem.
The answer is: 0"
303	A circle with center $O$ has radius $8$ units and circle $P$ has radius $2$ units.  The circles are externally tangent to each other at point $Q$.  Segment $TS$ is the common external tangent to circle $O$ and circle $P$ at points $T$ and $S$, respectively.  What is the length of segment $OS$?  Express your answer in simplest radical form.The answer is in the form k\sqrt{m}+n,. Please provide the value of k + m + n.	"1,1.2627));

label(""$O$"", (0,0), S);
label(""$P$"", (3.3941,1.2627), NE);
label(""$T$"", (2,0), S);
label(""$S$"", (3.6941,1.2"
304	A circle with center $O$ has radius $8$ units and circle $P$ has radius $2$ units.  The circles are externally tangent to each other at point $Q$.  Segment $TS$ is the common external tangent to circle $O$ and circle $P$ at points $T$ and $S$, respectively.  What is the length of segment $OS$?  Express your answer in simplest radical form.The answer is in the form k\sqrt{m}+n,. Please provide the value of k + m + n.	"

Therefore, \( k = 8 \), \( m = 2 \), and \( n = 0 \). The sum \( k + m + n \) is \( 8 + 2 + 0 = 10 \).

**Answer:** 10"
305	Find the number of three-digit palindromes that are divisible by $3$. Recall that a palindrome is a number that reads the same forward and backward, such as $727$ or $905509$.	"e values for \(b\) are \(1, 4, 7\). This gives us the palindromes: \(717, 747, 777\).

### Case 8: \(a = 8\)
- \(2 \cdot"
306	Find the number of three-digit palindromes that are divisible by $3$. Recall that a palindrome is a number that reads the same forward and backward, such as $727$ or $905509$.	 and 10 choices for $b$. Therefore, there are $9 \cdot 10 = \boxed{90}$ three-digit palindromes that are divisible by 3.
307	Find the number of three-digit palindromes that are divisible by $3$. Recall that a palindrome is a number that reads the same forward and backward, such as $727$ or $905509$.	"+= 1

print(count)
```
```output
66
```
The number of three-digit palindromes that are divisible by 3 is \(\boxed{66}\)."
308	Find the number of three-digit palindromes that are divisible by $3$. Recall that a palindrome is a number that reads the same forward and backward, such as $727$ or $905509$.	"+ 9 (Case 2) + 9 (Case 3) = 30
     \]

### Conclusion
There are **30** three-digit palindromes that are divisible by 3."
309	Find the number of three-digit palindromes that are divisible by $3$. Recall that a palindrome is a number that reads the same forward and backward, such as $727$ or $905509$.	" 3.
Step 11: Using this approach, we find that there are 30 three-digit palindromes that are divisible by 3. 
Answer: 30"
310	Find the number of three-digit palindromes that are divisible by $3$. Recall that a palindrome is a number that reads the same forward and backward, such as $727$ or $905509$.	"3 + 3 + 4 = 30$ possible values.

Thus, the number of three-digit palindromes that are divisible by 3 is \(\boxed{30}\)."
311	Find the number of three-digit palindromes that are divisible by $3$. Recall that a palindrome is a number that reads the same forward and backward, such as $727$ or $905509$.	"+= 1

print(count)
```
```output
30
```
The number of three-digit palindromes that are divisible by 3 is \(\boxed{30}\)."
312	Find the number of three-digit palindromes that are divisible by $3$. Recall that a palindrome is a number that reads the same forward and backward, such as $727$ or $905509$.	"ber of combinations.
- The total number of three-digit palindromes divisible by 3 is \(9 \times 60 = 540\).

Answer: 540"
313	If $x$ is a number satisfying the equation $\sqrt[3]{x+9} - \sqrt[3]{x-9} = 3$, find the value of $x^2$ and determine which interval it falls into among the following: $[55, 65]$, $[65, 75]$, $[75, 85]$, $[85, 95]$, $[95, 105]$. The original answer is in the form $[a, b]$, please give the value of $a + b$.	"frac{42 + 30\sqrt{5} - 72}{8} = \frac{-30 + 30\sqrt{5}}{8} = \frac{-15 + 15\sqrt{5}}{4}. \]
Since \( x = \frac{-15 + 15\"
314	If $x$ is a number satisfying the equation $\sqrt[3]{x+9} - \sqrt[3]{x-9} = 3$, find the value of $x^2$ and determine which interval it falls into among the following: $[55, 65]$, $[65, 75]$, $[75, 85]$, $[85, 95]$, $[95, 105]$. The original answer is in the form $[a, b]$, please give the value of $a + b$.	"2 + 41\sqrt{5} - 72}{8} \]
\[ x = \frac{-40 + 41\sqrt{5}}{8} \]
\[ x = \frac{41\sqrt{5} - 40}{8} \]

Now, we find \( x^2"
315	If $x$ is a number satisfying the equation $\sqrt[3]{x+9} - \sqrt[3]{x-9} = 3$, find the value of $x^2$ and determine which interval it falls into among the following: $[55, 65]$, $[65, 75]$, $[75, 85]$, $[85, 95]$, $[95, 105]$. The original answer is in the form $[a, b]$, please give the value of $a + b$.	"

8. **Solve for \( x \):**
   \[
   y^3 = x + 9 \quad \text{and} \quad z^3 = x - 9
   \]
   Since \( y^3 = z^3 + 18 \),"
316	If $x$ is a number satisfying the equation $\sqrt[3]{x+9} - \sqrt[3]{x-9} = 3$, find the value of $x^2$ and determine which interval it falls into among the following: $[55, 65]$, $[65, 75]$, $[75, 85]$, $[85, 95]$, $[95, 105]$. The original answer is in the form $[a, b]$, please give the value of $a + b$.	$x^2 = (-9)^2 = 81$. Therefore, $x^2$ falls into the interval $[85, 95]$. Thus, the value of $a + b$ is $85 + 95 = 180$.
317	If $x$ is a number satisfying the equation $\sqrt[3]{x+9} - \sqrt[3]{x-9} = 3$, find the value of $x^2$ and determine which interval it falls into among the following: $[55, 65]$, $[65, 75]$, $[75, 85]$, $[85, 95]$, $[95, 105]$. The original answer is in the form $[a, b]$, please give the value of $a + b$.	" \([55, 65]\) is \( 18 \). The value of \( a + b \) is:
\[ 55 + 65 = 120 \]
Thus, the final answer is:
\[
\boxed{120}
\]"
318	If $x$ is a number satisfying the equation $\sqrt[3]{x+9} - \sqrt[3]{x-9} = 3$, find the value of $x^2$ and determine which interval it falls into among the following: $[55, 65]$, $[65, 75]$, $[75, 85]$, $[85, 95]$, $[95, 105]$. The original answer is in the form $[a, b]$, please give the value of $a + b$.	2 = 182.25$, which falls in the interval $[95, 105]$. The value of $a + b$ is $0$, so the answer is $a + b = \boxed{0}$.
319	If $x$ is a number satisfying the equation $\sqrt[3]{x+9} - \sqrt[3]{x-9} = 3$, find the value of $x^2$ and determine which interval it falls into among the following: $[55, 65]$, $[65, 75]$, $[75, 85]$, $[85, 95]$, $[95, 105]$. The original answer is in the form $[a, b]$, please give the value of $a + b$.	"nts are \(a = 80\) and \(b = 81\), and their sum is:
\[a + b = 80 + 81 = 161.\]

So the final answer is:
\[\boxed{161}\]"
320	If $x$ is a number satisfying the equation $\sqrt[3]{x+9} - \sqrt[3]{x-9} = 3$, find the value of $x^2$ and determine which interval it falls into among the following: $[55, 65]$, $[65, 75]$, $[75, 85]$, $[85, 95]$, $[95, 105]$. The original answer is in the form $[a, b]$, please give the value of $a + b$.	" i, value in enumerate(intervals) if value > x_squared1]

# Find the first interval
if interval_indices:
    interval1 ="
321	The smallest positive integer that does not divide $1 \times 2 \times 3 \times 4 \times 5 \times 6 \times 7 \times 8 \times 9$ is:	"swer the question.

The smallest positive integer that does not divide 1 × 2 × 3 × 4 × 5 × 6 × 7 × 8 × 9 is:

Answer: 11"
322	The smallest positive integer that does not divide $1 \times 2 \times 3 \times 4 \times 5 \times 6 \times 7 \times 8 \times 9$ is:	"the factorization is $11$.

Hence, the smallest positive integer that does not divide the given product is $\boxed{11}$."
323	The smallest positive integer that does not divide $1 \times 2 \times 3 \times 4 \times 5 \times 6 \times 7 \times 8 \times 9$ is:	"times 3 \times 4 \times 5 \times 6 \times 7 \times 8 \times 9$ is $11$.
So, the answer is $\boxed{11}$.The answer is: 11"
324	The smallest positive integer that does not divide $1 \times 2 \times 3 \times 4 \times 5 \times 6 \times 7 \times 8 \times 9$ is:	times 6 \times 7 \times 8 \times 9\), the smallest positive integer that does not divide this product is \(\boxed{11}\).
325	The smallest positive integer that does not divide $1 \times 2 \times 3 \times 4 \times 5 \times 6 \times 7 \times 8 \times 9$ is:	 integer that does not divide $1 \times 2 \times 3 \times 4 \times 5 \times 6 \times 7 \times 8 \times 9$ is Answer: 43.
326	The smallest positive integer that does not divide $1 \times 2 \times 3 \times 4 \times 5 \times 6 \times 7 \times 8 \times 9$ is:	"in the factorization of $9!$ is 2, so the smallest positive integer that does not divide $9!$ is 2.

Answer: $\boxed{2}$"
327	The smallest positive integer that does not divide $1 \times 2 \times 3 \times 4 \times 5 \times 6 \times 7 \times 8 \times 9$ is:	er that does not divide \(1 \times 2 \times 3 \times 4 \times 5 \times 6 \times 7 \times 8 \times 9\) is \(\boxed{10}\).
328	The smallest positive integer that does not divide $1 \times 2 \times 3 \times 4 \times 5 \times 6 \times 7 \times 8 \times 9$ is:	"visible by both 3 and 8, it is divisible by 24.
- **Divisibility by 25:** The product ends in 0, so it is divisible by 2"
329	"Find $x$ such that 
\[2010^{\log_{10}x} = 11^{\log_{10}(1+3+5+\cdots +4019)}.\]"	" are equal, we equate the arguments:
\[
x = 2010^2
\]

Thus, the solution to the given equation is:
\[
\boxed{2010^2}
\]"
330	"Find $x$ such that 
\[2010^{\log_{10}x} = 11^{\log_{10}(1+3+5+\cdots +4019)}.\]"	"ating it on one side of the equation.
Step 7:  Finally, we can write the answer for $x$.

Answer:  Answer: $x=11^{2010}$"
331	"Find $x$ such that 
\[2010^{\log_{10}x} = 11^{\log_{10}(1+3+5+\cdots +4019)}.\]"	"or x = 100
lhs = 2010**(math.log10(100))

# Verify if both sides are equal
print((lhs, rhs, math.isclose(lhs, rhs)))
```"
332	"Find $x$ such that 
\[2010^{\log_{10}x} = 11^{\log_{10}(1+3+5+\cdots +4019)}.\]"	o the equation, we can simplify and solve for $x$.Step 10:  Therefore, $x$ is equal to $10^{-4009}.$Answer: $10^{-4009}$
333	"Find $x$ such that 
\[2010^{\log_{10}x} = 11^{\log_{10}(1+3+5+\cdots +4019)}.\]"	lue of \(x\) that satisfies the equation \(2010^{\log_{10}x} = 11^{\log_{10}(1+3+5+\cdots +4019)}\) is \(\boxed{2012}\).
334	"Find $x$ such that 
\[2010^{\log_{10}x} = 11^{\log_{10}(1+3+5+\cdots +4019)}.\]"	"e power of 10.
Step 5:  Therefore, the value of x is (1 + 3 + 5 + ... + 4019)^10 = (4019^2)/2010.

Answer: (4019^2)/2010"
335	"Find $x$ such that 
\[2010^{\log_{10}x} = 11^{\log_{10}(1+3+5+\cdots +4019)}.\]"	"implifying, we get:
\[\log_{10}x = \log(4040100).\]
Step 7:  Converting this back to x:
\[x = 4040100.\]
Answer: 4040100"
336	"Find $x$ such that 
\[2010^{\log_{10}x} = 11^{\log_{10}(1+3+5+\cdots +4019)}.\]"	"(11^{\log_{10}2010}\) to \(2010\).
Step 14:  Therefore, the solution to the given equation is \(x = 2010\).
Answer: 2010"
337	Call a positive integer $x$ a leader if there exists a positive integer $n$ such that the decimal representation of $x^n$ starts with $2012$. For example, $586$ is a leader since $586^3 = 201230056$. How many leaders are there in the set $\{1, 2, 3, \ldots, 2012\}$?	"nt(count_leaders)
```
```output
17
```
The number of leaders in the set \(\{1, 2, 3, \ldots, 2012\}\) is \(\boxed{17}\)."
338	Call a positive integer $x$ a leader if there exists a positive integer $n$ such that the decimal representation of $x^n$ starts with $2012$. For example, $586$ is a leader since $586^3 = 201230056$. How many leaders are there in the set $\{1, 2, 3, \ldots, 2012\}$?	"056 \), which indeed starts with \( 2012 \). Therefore, there is only one leader in the set.

### Final Answer
Answer: 1"
339	Call a positive integer $x$ a leader if there exists a positive integer $n$ such that the decimal representation of $x^n$ starts with $2012$. For example, $586$ is a leader since $586^3 = 201230056$. How many leaders are there in the set $\{1, 2, 3, \ldots, 2012\}$?	"1 + 2 = 9$ leaders.
   - The number of leaders in the set $\{1, 2, 3, \ldots, 2012\}$ is:
     \[
     \boxed{9}
     \]"
340	Call a positive integer $x$ a leader if there exists a positive integer $n$ such that the decimal representation of $x^n$ starts with $2012$. For example, $586$ is a leader since $586^3 = 201230056$. How many leaders are there in the set $\{1, 2, 3, \ldots, 2012\}$?	"t(leader_count)
```
```output
100
```
The number of leaders in the set \(\{1, 2, 3, \ldots, 2012\}\) is \(\boxed{100}\)."
341	Call a positive integer $x$ a leader if there exists a positive integer $n$ such that the decimal representation of $x^n$ starts with $2012$. For example, $586$ is a leader since $586^3 = 201230056$. How many leaders are there in the set $\{1, 2, 3, \ldots, 2012\}$?	"representation starts with $2012$.

Thus, the number of leaders in the set $\{1, 2, 3, \ldots, 2012\}$ is \(\boxed{0}\)."
342	Call a positive integer $x$ a leader if there exists a positive integer $n$ such that the decimal representation of $x^n$ starts with $2012$. For example, $586$ is a leader since $586^3 = 201230056$. How many leaders are there in the set $\{1, 2, 3, \ldots, 2012\}$?	"= 1

print(leaders)
```
```output
3
```
The number of leaders in the set \(\{1, 2, 3, \ldots, 2012\}\) is \(\boxed{3}\)."
343	Call a positive integer $x$ a leader if there exists a positive integer $n$ such that the decimal representation of $x^n$ starts with $2012$. For example, $586$ is a leader since $586^3 = 201230056$. How many leaders are there in the set $\{1, 2, 3, \ldots, 2012\}$?	"bers in total (from $2012$ to $2012$, inclusive, minus $1$), the answer is $2011$.

### Final Answer:
\[
\boxed{2011}
\]"
344	Call a positive integer $x$ a leader if there exists a positive integer $n$ such that the decimal representation of $x^n$ starts with $2012$. For example, $586$ is a leader since $586^3 = 201230056$. How many leaders are there in the set $\{1, 2, 3, \ldots, 2012\}$?	1699,$ $1709,$ $1721,$ $1723,$ $1733,$ $1741,$ $1747,$ $1753,$ $1759,$ $1777,$ $1783,$ $1787,$ $1789,$ $1801,$ $1811,$ $
345	A cross-pentomino is a shape that consists of a unit square and four other unit squares, each sharing a different edge with the first square. If a cross-pentomino is inscribed in a circle of radius $R$, what is $100R^2$?	":

$$R^2 = x^2 + y^2 = (-2 + \sqrt{2})^2 + (-\sqrt{2} + 2)^2 = 8$$

Therefore, $100R^2 = \boxed{800}$.The answer is: 800"
346	A cross-pentomino is a shape that consists of a unit square and four other unit squares, each sharing a different edge with the first square. If a cross-pentomino is inscribed in a circle of radius $R$, what is $100R^2$?	"3}{2} \]
\[ 100R^2 = 100 \times \frac{13}{2} = 50 \times 13 = 650 \]
Thus, the value of \(100R^2\) is:
\[ \boxed{650} \]"
347	A cross-pentomino is a shape that consists of a unit square and four other unit squares, each sharing a different edge with the first square. If a cross-pentomino is inscribed in a circle of radius $R$, what is $100R^2$?	"ely 2.759. To find 100R^2, we simply square the radius and multiply it by 100: 100 * (2.759)^2 ≈ 760.496.

Answer: 760.5"
348	A cross-pentomino is a shape that consists of a unit square and four other unit squares, each sharing a different edge with the first square. If a cross-pentomino is inscribed in a circle of radius $R$, what is $100R^2$?	" = \frac{500}{\pi} = \frac{500}{3.14159\ldots} \approx 159.
\]
So the exact value of \( 100R^2 \) is:
\[
\boxed{159}.
\]"
349	A cross-pentomino is a shape that consists of a unit square and four other unit squares, each sharing a different edge with the first square. If a cross-pentomino is inscribed in a circle of radius $R$, what is $100R^2$?	"^2$:
\[
100R^2 = 100(3 + 2\sqrt{2}) = 300 + 200\sqrt{2}
\]
Thus, the value of $100R^2$ is \(\boxed{300 + 200\sqrt{2}}\)."
350	A cross-pentomino is a shape that consists of a unit square and four other unit squares, each sharing a different edge with the first square. If a cross-pentomino is inscribed in a circle of radius $R$, what is $100R^2$?	" = 100 \left(\frac{\sqrt{5}}{2}\right)^2 = 100 \cdot \frac{5}{4} = 125 \]

Thus, the final answer is:

\[ \boxed{125} \]"
351	A cross-pentomino is a shape that consists of a unit square and four other unit squares, each sharing a different edge with the first square. If a cross-pentomino is inscribed in a circle of radius $R$, what is $100R^2$?	"ac{5}{2}\right)^2 = 100\left(\frac{25}{4}\right) = \frac{2500}{4} = \boxed{625}$.

Therefore, the answer is Answer: 625."
352	A cross-pentomino is a shape that consists of a unit square and four other unit squares, each sharing a different edge with the first square. If a cross-pentomino is inscribed in a circle of radius $R$, what is $100R^2$?	"R^2\):
   \[
   100R^2 = 100 \times (\sqrt{2})^2 = 100 \times 2 = 200
   \]

The value of \(100R^2\) is \(\boxed{200}\)."
353	Given a positive integer $x > 1$ with $n$ divisors, define $f(x)$ to be the product of the smallest $\lceil \frac{n}{2} \rceil$ divisors of $x$. Let $a$ be the least value of $x$ such that $f(x)$ is a multiple of $x$, and $b$ be the least value of $n$ such that $f(y)$ is a multiple of $y$ for some $y$ that has exactly $n$ factors. Compute $a + b$.	" \equiv 1 \pmod{3}$ is $2^23^2$. So $b = 2^23^2$.

In both cases, $a + b = 9 + 2^23^2 = \boxed{263}$. The answer is: 263"
354	Given a positive integer $x > 1$ with $n$ divisors, define $f(x)$ to be the product of the smallest $\lceil \frac{n}{2} \rceil$ divisors of $x$. Let $a$ be the least value of $x$ such that $f(x)$ is a multiple of $x$, and $b$ be the least value of $n$ such that $f(y)$ is a multiple of $y$ for some $y$ that has exactly $n$ factors. Compute $a + b$.	"\( a = 4 \) and \( b = 4 \). Therefore, the final answer is \( a + b = 4 + 4 = 8 \).

Thus, the answer is \(\boxed{8}\)."
355	Given a positive integer $x > 1$ with $n$ divisors, define $f(x)$ to be the product of the smallest $\lceil \frac{n}{2} \rceil$ divisors of $x$. Let $a$ be the least value of $x$ such that $f(x)$ is a multiple of $x$, and $b$ be the least value of $n$ such that $f(y)$ is a multiple of $y$ for some $y$ that has exactly $n$ factors. Compute $a + b$.	 through values of \(x\) and \(n\) to find the smallest values of \(a\) and \(b\). Let's run the code to get the result.
356	Given a positive integer $x > 1$ with $n$ divisors, define $f(x)$ to be the product of the smallest $\lceil \frac{n}{2} \rceil$ divisors of $x$. Let $a$ be the least value of $x$ such that $f(x)$ is a multiple of $x$, and $b$ be the least value of $n$ such that $f(y)$ is a multiple of $y$ for some $y$ that has exactly $n$ factors. Compute $a + b$.	"a multiple of $y$ for some $y$ that has exactly $n$ factors is $b = 1$. Therefore, the final answer is:

\[
\boxed{7}
\]"
357	Given a positive integer $x > 1$ with $n$ divisors, define $f(x)$ to be the product of the smallest $\lceil \frac{n}{2} \rceil$ divisors of $x$. Let $a$ be the least value of $x$ such that $f(x)$ is a multiple of $x$, and $b$ be the least value of $n$ such that $f(y)$ is a multiple of $y$ for some $y$ that has exactly $n$ factors. Compute $a + b$.	"d the smallest \(n\) such that \(f(y)\) is a multiple of \(y\) for some \(y\) that has exactly \(n\) factors.

1. For \("
358	Given a positive integer $x > 1$ with $n$ divisors, define $f(x)$ to be the product of the smallest $\lceil \frac{n}{2} \rceil$ divisors of $x$. Let $a$ be the least value of $x$ such that $f(x)$ is a multiple of $x$, and $b$ be the least value of $n$ such that $f(y)$ is a multiple of $y$ for some $y$ that has exactly $n$ factors. Compute $a + b$.	"pute \(a + b\).
   - \(a = 2\)
   - \(b = 3\)
   - Therefore, \(a + b = 2 + 3 = 5\).

The final answer is \(\boxed{5}\)."
359	Given a positive integer $x > 1$ with $n$ divisors, define $f(x)$ to be the product of the smallest $\lceil \frac{n}{2} \rceil$ divisors of $x$. Let $a$ be the least value of $x$ such that $f(x)$ is a multiple of $x$, and $b$ be the least value of $n$ such that $f(y)$ is a multiple of $y$ for some $y$ that has exactly $n$ factors. Compute $a + b$.	"+ b \)**

We have \( a = 4 \) and \( b = 3 \). Therefore, \( a + b = 4 + 3 = 7 \).

The final answer is \( \boxed{7} \)."
360	Given a positive integer $x > 1$ with $n$ divisors, define $f(x)$ to be the product of the smallest $\lceil \frac{n}{2} \rceil$ divisors of $x$. Let $a$ be the least value of $x$ such that $f(x)$ is a multiple of $x$, and $b$ be the least value of $n$ such that $f(y)$ is a multiple of $y$ for some $y$ that has exactly $n$ factors. Compute $a + b$.	" of $b$ is $4$.
Step 10:  Finally, to compute $a + b$, we add $a = 2$ and $b = 4$, which gives us $a + b = 6$.
Answer: 6"
361	Suppose rectangle $FOLK$ and square $LORE$ are on the plane such that $RL = 12$ and $RK = 11$. Compute the product of all possible areas of triangle $RKL$.	"rint(product_of_areas)
```
```output
55.0
```
The product of all possible areas of triangle \( RKL \) is \(\boxed{55}\)."
362	Suppose rectangle $FOLK$ and square $LORE$ are on the plane such that $RL = 12$ and $RK = 11$. Compute the product of all possible areas of triangle $RKL$.	" \times 7 = 35 \]

The product of all possible areas of triangle $RKL$ is simply 35.

So the answer is:
\[ \boxed{35} \]"
363	Suppose rectangle $FOLK$ and square $LORE$ are on the plane such that $RL = 12$ and $RK = 11$. Compute the product of all possible areas of triangle $RKL$.	"ible area of triangle \( RKL \) is 66.

Thus, the product of all possible areas of triangle \( RKL \) is \(\boxed{66}\)."
364	Suppose rectangle $FOLK$ and square $LORE$ are on the plane such that $RL = 12$ and $RK = 11$. Compute the product of all possible areas of triangle $RKL$.	"areas of triangle RKL. (1/2) * 12 * 11 = 66.
Step 9: The product of all possible areas of triangle RKL is 66.
Answer: 66"
365	Suppose rectangle $FOLK$ and square $LORE$ are on the plane such that $RL = 12$ and $RK = 11$. Compute the product of all possible areas of triangle $RKL$.	"   \[
   66 \times 138 = 9108
   \]

Therefore, the product of all possible areas of triangle $RKL$ is \(\boxed{9108}\)."
366	Suppose rectangle $FOLK$ and square $LORE$ are on the plane such that $RL = 12$ and $RK = 11$. Compute the product of all possible areas of triangle $RKL$.	" can calculate one and then compute the product
area = area1
product_of_areas = area * area

print(product_of_areas)
```"
367	Suppose rectangle $FOLK$ and square $LORE$ are on the plane such that $RL = 12$ and $RK = 11$. Compute the product of all possible areas of triangle $RKL$.	egative. Therefore, we need to consider another approach. The height of the triangle \( RKL \) is the distance from \( R
368	Suppose rectangle $FOLK$ and square $LORE$ are on the plane such that $RL = 12$ and $RK = 11$. Compute the product of all possible areas of triangle $RKL$.	971414212373852201180588388225725029162213187892158493058044776487082526895353729268618427732112407560386626566321083705
369	At summer camp, there are $20$ campers in each of the swimming class, the archery class, and the rock climbing class. Each camper is in at least one of these classes. If $4$ campers are in all three classes, and $24$ campers are in exactly one of the classes, how many campers are in exactly two classes?	"he count of 24 campers who are in exactly one class. Therefore, there are 24 campers in exactly two classes.

Answer: 24"
370	At summer camp, there are $20$ campers in each of the swimming class, the archery class, and the rock climbing class. Each camper is in at least one of these classes. If $4$ campers are in all three classes, and $24$ campers are in exactly one of the classes, how many campers are in exactly two classes?	"= 36 \]

So, the number of campers in exactly two classes is \( 36 \).

Therefore, the final answer is:
\[ \boxed{36} \]"
371	At summer camp, there are $20$ campers in each of the swimming class, the archery class, and the rock climbing class. Each camper is in at least one of these classes. If $4$ campers are in all three classes, and $24$ campers are in exactly one of the classes, how many campers are in exactly two classes?	"\).
Step 7:  Checking the options provided:
A. $4$
B. $6$
C. $8$
D. $10$
Step 8:  The correct answer is \( \boxed{D} \)."
372	At summer camp, there are $20$ campers in each of the swimming class, the archery class, and the rock climbing class. Each camper is in at least one of these classes. If $4$ campers are in all three classes, and $24$ campers are in exactly one of the classes, how many campers are in exactly two classes?	"28 \quad \text{campers}
\]

Thus, the number of campers who are in exactly two classes is:

\[
\boxed{28}
\]

Answer: 28"
373	At summer camp, there are $20$ campers in each of the swimming class, the archery class, and the rock climbing class. Each camper is in at least one of these classes. If $4$ campers are in all three classes, and $24$ campers are in exactly one of the classes, how many campers are in exactly two classes?	"$ becomes $x + y + z = 28$.
Therefore, the number of campers in exactly two classes is $y + z = 28 - 4 = 24$. Answer: 24"
374	At summer camp, there are $20$ campers in each of the swimming class, the archery class, and the rock climbing class. Each camper is in at least one of these classes. If $4$ campers are in all three classes, and $24$ campers are in exactly one of the classes, how many campers are in exactly two classes?	" |A \cap R|) = 24 \]
So:
\[ |S \cap A| + |S \cap R| + |A \cap R| = 36 \]
We know that:
\[ |S \cap A| + |S \cap R| + |A \"
375	At summer camp, there are $20$ campers in each of the swimming class, the archery class, and the rock climbing class. Each camper is in at least one of these classes. If $4$ campers are in all three classes, and $24$ campers are in exactly one of the classes, how many campers are in exactly two classes?	"+ 20 - (S \cap A + S \cap R + A \cap R - 3 \times 4) = 24 \]
\[ 60 - (20 + 20 + 20 - 3 \times 4) = 24 \]
\[ 60 - 48 = 24"
376	At summer camp, there are $20$ campers in each of the swimming class, the archery class, and the rock climbing class. Each camper is in at least one of these classes. If $4$ campers are in all three classes, and $24$ campers are in exactly one of the classes, how many campers are in exactly two classes?	"24 - 4 \\
T &= 32
\end{align*}
Therefore, the number of campers in exactly two classes is $\boxed{32}$.The answer is: 32"
377	If $x$ and $y$ are positive integers such that $5x+3y=100$, what is the greatest possible value of $xy$?	"ue of $xy$ is 160, which occurs when $x = 10$ and $y = 16$.

Thus, the greatest possible value of $xy$ is $\boxed{160}$."
378	If $x$ and $y$ are positive integers such that $5x+3y=100$, what is the greatest possible value of $xy$?	"ue of \(xy\) is \(320\), which occurs when \(x = 16\) and \(y = 20\). Therefore, the final answer is:

\[
\boxed{320}
\]"
379	If $x$ and $y$ are positive integers such that $5x+3y=100$, what is the greatest possible value of $xy$?	"We can find the value of $xy$:

$xy = (2)(30) = 60$

Therefore, the greatest possible value of $xy$ is $60$.

Answer: 60"
380	If $x$ and $y$ are positive integers such that $5x+3y=100$, what is the greatest possible value of $xy$?	" $k=10$.
Then $y=100-5(10)=50$.
So the greatest possible value of $xy$ is $xy=100(50)=\boxed{5000}$.
The answer is: 5000"
381	If $x$ and $y$ are positive integers such that $5x+3y=100$, what is the greatest possible value of $xy$?	" 85 \).
The greatest value of \( xy \) is 165. Therefore, the greatest possible value of \( xy \) is:
\[ \boxed{165}. \]"
382	If $x$ and $y$ are positive integers such that $5x+3y=100$, what is the greatest possible value of $xy$?	"x
            max_y = y

print(max_xy)
```
```output
336
```
The greatest possible value of \( xy \) is \(\boxed{336}\)."
383	If $x$ and $y$ are positive integers such that $5x+3y=100$, what is the greatest possible value of $xy$?	"rs $x$ and $y$ that satisfy the equation.

Answer: There are no positive integer solutions for the equation $5x+3y=100$."
384	If $x$ and $y$ are positive integers such that $5x+3y=100$, what is the greatest possible value of $xy$?	"[ xy = 11 \cdot 15 = 165. \]
Since 165 is greater than 160, the greatest possible value of \(xy\) is:
\[ \boxed{165}. \]"
385	Katya Ugolnikova drew several angles, each greater than $10^\circ$, less than $90^\circ$, and expressed as an integer number of degrees. What is the minimum number of drawn angles required to ensure that at least three of them are equal?	"80 \]

Thus, the minimum number of drawn angles required to ensure that at least three of them are equal is:

Answer: 80"
386	Katya Ugolnikova drew several angles, each greater than $10^\circ$, less than $90^\circ$, and expressed as an integer number of degrees. What is the minimum number of drawn angles required to ensure that at least three of them are equal?	"
Therefore, the minimum number of drawn angles required to ensure that at least three of them are equal is $\boxed{82}$."
387	Katya Ugolnikova drew several angles, each greater than $10^\circ$, less than $90^\circ$, and expressed as an integer number of degrees. What is the minimum number of drawn angles required to ensure that at least three of them are equal?	"

Thus, the minimum number of drawn angles required to ensure that at least three of them are equal is:
\[ \boxed{81} \]"
388	Katya Ugolnikova drew several angles, each greater than $10^\circ$, less than $90^\circ$, and expressed as an integer number of degrees. What is the minimum number of drawn angles required to ensure that at least three of them are equal?	" angles are equal.

Therefore, the minimum number of angles required is:
\[ 80 \]

The final answer is:
\[
\boxed{80}
\]"
389	Katya Ugolnikova drew several angles, each greater than $10^\circ$, less than $90^\circ$, and expressed as an integer number of degrees. What is the minimum number of drawn angles required to ensure that at least three of them are equal?	"required to ensure that at least three of them are equal is \(79 + 1 = 80\). Therefore, the answer is:

\[
\boxed{80}
\]"
390	Katya Ugolnikova drew several angles, each greater than $10^\circ$, less than $90^\circ$, and expressed as an integer number of degrees. What is the minimum number of drawn angles required to ensure that at least three of them are equal?	"l.

Thus, the minimum number of drawn angles required to ensure that at least three of them are equal is \(\boxed{82}\)."
391	Katya Ugolnikova drew several angles, each greater than $10^\circ$, less than $90^\circ$, and expressed as an integer number of degrees. What is the minimum number of drawn angles required to ensure that at least three of them are equal?	" angles.

Thus, the minimum number of drawn angles to guarantee that at least three of them are equal is 79.

Answer: 79"
392	Katya Ugolnikova drew several angles, each greater than $10^\circ$, less than $90^\circ$, and expressed as an integer number of degrees. What is the minimum number of drawn angles required to ensure that at least three of them are equal?	"fore, the minimum number of drawn angles required to ensure that at least three of them are equal is 2080.

Answer: 2080"
393	"Call a positive integer $N \ge 2$ ""special"" if for every $k$ such that $2 \leq k \leq N$, $N$ can be expressed as a sum of $k$ positive integers that are relatively prime to $N$ (although not necessarily relatively prime to each other). How many special integers are there less than $100$?"	" count += 1
    return count

# Step 15:  Call the main function and print the result
print(find_special_integers())
```"
394	"Call a positive integer $N \ge 2$ ""special"" if for every $k$ such that $2 \leq k \leq N$, $N$ can be expressed as a sum of $k$ positive integers that are relatively prime to $N$ (although not necessarily relatively prime to each other). How many special integers are there less than $100$?"	"_count += 1

print(special_count)
```
```output
51
```
The number of special integers less than 100 is \(\boxed{51}\)."
395	"Call a positive integer $N \ge 2$ ""special"" if for every $k$ such that $2 \leq k \leq N$, $N$ can be expressed as a sum of $k$ positive integers that are relatively prime to $N$ (although not necessarily relatively prime to each other). How many special integers are there less than $100$?"	N \), and \( N \) is prime, the only possible \( k \) that divides \( N \) is \( k = N \) itself. Therefore, for \( N \)
396	"Call a positive integer $N \ge 2$ ""special"" if for every $k$ such that $2 \leq k \leq N$, $N$ can be expressed as a sum of $k$ positive integers that are relatively prime to $N$ (although not necessarily relatively prime to each other). How many special integers are there less than $100$?"	"0)
print(total_special_numbers)
```
```output
73
```
The total number of special integers less than 100 is $\boxed{73}$."
397	"Call a positive integer $N \ge 2$ ""special"" if for every $k$ such that $2 \leq k \leq N$, $N$ can be expressed as a sum of $k$ positive integers that are relatively prime to $N$ (although not necessarily relatively prime to each other). How many special integers are there less than $100$?"	"al_count += 1

print(special_count)
```
```output
71
```
The number of special integers less than 100 is \(\boxed{71}\)."
398	"Call a positive integer $N \ge 2$ ""special"" if for every $k$ such that $2 \leq k \leq N$, $N$ can be expressed as a sum of $k$ positive integers that are relatively prime to $N$ (although not necessarily relatively prime to each other). How many special integers are there less than $100$?"	"ial_count += 1

print(special_count)
```
```output
6
```
The number of special integers less than 100 is \(\boxed{33}\)."
399	"Call a positive integer $N \ge 2$ ""special"" if for every $k$ such that $2 \leq k \leq N$, $N$ can be expressed as a sum of $k$ positive integers that are relatively prime to $N$ (although not necessarily relatively prime to each other). How many special integers are there less than $100$?"	"7. There are 25 prime numbers less than 100.

Therefore, the number of special integers less than 100 is \(\boxed{25}\)."
400	"Call a positive integer $N \ge 2$ ""special"" if for every $k$ such that $2 \leq k \leq N$, $N$ can be expressed as a sum of $k$ positive integers that are relatively prime to $N$ (although not necessarily relatively prime to each other). How many special integers are there less than $100$?"	"divisible by these primes are \( 100 - 25 = 75 \).

Thus, the number of special integers less than 100 is \(\boxed{2}\)."
