id	problem	tail
1	What is the greatest number of consecutive integers whose sum is $45$? Provide your answer as an integer.	"onsecutive_integers)
```
```output
15
```
The greatest number of consecutive integers whose sum is 45 is \(\boxed{15}\)."
2	What is the greatest number of consecutive integers whose sum is $45$? Provide your answer as an integer.	"nsecutive integers summing to 45.

Thus, the greatest number of consecutive integers whose sum is 45 is:
\[ \boxed{9} \]"
3	What is the greatest number of consecutive integers whose sum is $45$? Provide your answer as an integer.	" these integers is indeed 45.

Therefore, the greatest number of consecutive integers whose sum is 45 is \(\boxed{15}\)."
4	What is the greatest number of consecutive integers whose sum is $45$? Provide your answer as an integer.	" simplified roots using the properties of exponents.

### Step 1: Simplify each individual root

1. **Simplify \(\sqrt[3"
5	What is the greatest number of consecutive integers whose sum is $45$? Provide your answer as an integer.	"t(max_consecutive_sum)
```
```output
9
```
The greatest number of consecutive integers whose sum is 45 is \(\boxed{9}\)."
6	What is the greatest number of consecutive integers whose sum is $45$? Provide your answer as an integer.	"8:  Therefore, we can assume that the greatest number of consecutive integers is 1.
Step 9:  The answer is 1.

Answer: 1"
7	What is the greatest number of consecutive integers whose sum is $45$? Provide your answer as an integer.	"es n = 5
\]

This gives \( n = 5 \), which is an integer, so \( k = 6 \) is a valid solution.

9. **\( k = 5 \):**

\[
5"
8	What is the greatest number of consecutive integers whose sum is $45$? Provide your answer as an integer.	"y valid solution is n=9.
Step 5: Therefore, the greatest number of consecutive integers whose sum is 45 is 9.

Answer: 9"
9	Let $A = (0,0)$ and $B = (b,2)$ be points on the coordinate plane. Let $ABCDEF$ be a convex equilateral hexagon such that $\angle FAB = 120^\circ,$ $\overline{AB}\parallel \overline{DE},$ $\overline{BC}\parallel \overline{EF},$ $\overline{CD}\parallel \overline{FA},$ and the y-coordinates of its vertices are distinct elements of the set $\{0,2,4,6,8,10\}.$ The area of the hexagon can be written in the form $m\sqrt {n},$ where $m$ and $n$ are positive integers and $n$ is not divisible by the square of any prime. Find $m + n.$	"2} = 6\sqrt{3}
     \]
   - Thus, $m = 6$ and $n = 3$. The sum $m + n$ is $6 + 3 = 9$.

The final answer is $\boxed{9}$."
10	Let $A = (0,0)$ and $B = (b,2)$ be points on the coordinate plane. Let $ABCDEF$ be a convex equilateral hexagon such that $\angle FAB = 120^\circ,$ $\overline{AB}\parallel \overline{DE},$ $\overline{BC}\parallel \overline{EF},$ $\overline{CD}\parallel \overline{FA},$ and the y-coordinates of its vertices are distinct elements of the set $\{0,2,4,6,8,10\}.$ The area of the hexagon can be written in the form $m\sqrt {n},$ where $m$ and $n$ are positive integers and $n$ is not divisible by the square of any prime. Find $m + n.$	"ress it in the given form. This allows us to find the values of $m$ and $n$ and subsequently compute $m + n$.
Answer: 11"
11	Let $A = (0,0)$ and $B = (b,2)$ be points on the coordinate plane. Let $ABCDEF$ be a convex equilateral hexagon such that $\angle FAB = 120^\circ,$ $\overline{AB}\parallel \overline{DE},$ $\overline{BC}\parallel \overline{EF},$ $\overline{CD}\parallel \overline{FA},$ and the y-coordinates of its vertices are distinct elements of the set $\{0,2,4,6,8,10\}.$ The area of the hexagon can be written in the form $m\sqrt {n},$ where $m$ and $n$ are positive integers and $n$ is not divisible by the square of any prime. Find $m + n.$	e written in the form \(m\sqrt{n}\) where \(m = 18\) and \(n = 3\). Therefore, the value of \(m + n\) is \(\boxed{21}\).
12	Let $A = (0,0)$ and $B = (b,2)$ be points on the coordinate plane. Let $ABCDEF$ be a convex equilateral hexagon such that $\angle FAB = 120^\circ,$ $\overline{AB}\parallel \overline{DE},$ $\overline{BC}\parallel \overline{EF},$ $\overline{CD}\parallel \overline{FA},$ and the y-coordinates of its vertices are distinct elements of the set $\{0,2,4,6,8,10\}.$ The area of the hexagon can be written in the form $m\sqrt {n},$ where $m$ and $n$ are positive integers and $n$ is not divisible by the square of any prime. Find $m + n.$	"area of one equilateral triangle with side length 4 is:
\[
\frac{\sqrt{3}}{4} \cdot 4^2 = 4\sqrt{3}
\]
Since there are 6"
13	Let $A = (0,0)$ and $B = (b,2)$ be points on the coordinate plane. Let $ABCDEF$ be a convex equilateral hexagon such that $\angle FAB = 120^\circ,$ $\overline{AB}\parallel \overline{DE},$ $\overline{BC}\parallel \overline{EF},$ $\overline{CD}\parallel \overline{FA},$ and the y-coordinates of its vertices are distinct elements of the set $\{0,2,4,6,8,10\}.$ The area of the hexagon can be written in the form $m\sqrt {n},$ where $m$ and $n$ are positive integers and $n$ is not divisible by the square of any prime. Find $m + n.$	"n = m * sqrt(n)

# Calculate m + n
m_plus_n = m + n
print(m_plus_n)
```
Step 6:  The value of $m + n$ is 11.

Answer: 11"
14	Let $A = (0,0)$ and $B = (b,2)$ be points on the coordinate plane. Let $ABCDEF$ be a convex equilateral hexagon such that $\angle FAB = 120^\circ,$ $\overline{AB}\parallel \overline{DE},$ $\overline{BC}\parallel \overline{EF},$ $\overline{CD}\parallel \overline{FA},$ and the y-coordinates of its vertices are distinct elements of the set $\{0,2,4,6,8,10\}.$ The area of the hexagon can be written in the form $m\sqrt {n},$ where $m$ and $n$ are positive integers and $n$ is not divisible by the square of any prime. Find $m + n.$	"_coeff_Mul()[0]
m = m.as_coeff_Mul()[0]
n = n.as_coeff_Mul()[0]

# Calculate m + n
m_plus_n = m + n

print(m_plus_n)
```"
15	Let $A = (0,0)$ and $B = (b,2)$ be points on the coordinate plane. Let $ABCDEF$ be a convex equilateral hexagon such that $\angle FAB = 120^\circ,$ $\overline{AB}\parallel \overline{DE},$ $\overline{BC}\parallel \overline{EF},$ $\overline{CD}\parallel \overline{FA},$ and the y-coordinates of its vertices are distinct elements of the set $\{0,2,4,6,8,10\}.$ The area of the hexagon can be written in the form $m\sqrt {n},$ where $m$ and $n$ are positive integers and $n$ is not divisible by the square of any prime. Find $m + n.$	" = \frac{2 - 2}{b' - 0} = 0
   \]
This is a contradiction, so let's try another arrangement. We can assume:
   - \(D = ("
16	Let $A = (0,0)$ and $B = (b,2)$ be points on the coordinate plane. Let $ABCDEF$ be a convex equilateral hexagon such that $\angle FAB = 120^\circ,$ $\overline{AB}\parallel \overline{DE},$ $\overline{BC}\parallel \overline{EF},$ $\overline{CD}\parallel \overline{FA},$ and the y-coordinates of its vertices are distinct elements of the set $\{0,2,4,6,8,10\}.$ The area of the hexagon can be written in the form $m\sqrt {n},$ where $m$ and $n$ are positive integers and $n$ is not divisible by the square of any prime. Find $m + n.$	" 6, 8, 10}
# The hexagon is convex, so we need to find the value of s such that the y-coordinates of C and D are 6 and 8"
17	"Quadrilateral $ABCD$ is a square, and segment $AE$ is perpendicular to segment $ED$. If $AE = 8$ units and $DE = 6$ units, what is the area of pentagon $AEDCB$, in square units? [asy]
size(150);
pair A, B, C, D, E;
A=(0,10);
B=(0,0);
C=(10,0);
D=(10,10);
E=(6.4,5.2);
draw(A--B--C--D--A);
draw(A--E--D);
label(""A"", A, NW);
label(""B"", B, SW);
label(""C"", C, SE);
label(""D"", D, NE);
label(""E"", E, S);
[/asy]"	"  Calculate the area of the pentagon
area_pentagon = area_square - area_triangle_AED

Answer: Answer(area_pentagon)

```"
18	"Quadrilateral $ABCD$ is a square, and segment $AE$ is perpendicular to segment $ED$. If $AE = 8$ units and $DE = 6$ units, what is the area of pentagon $AEDCB$, in square units? [asy]
size(150);
pair A, B, C, D, E;
A=(0,10);
B=(0,0);
C=(10,0);
D=(10,10);
E=(6.4,5.2);
draw(A--B--C--D--A);
draw(A--E--D);
label(""A"", A, NW);
label(""B"", B, SW);
label(""C"", C, SE);
label(""D"", D, NE);
label(""E"", E, S);
[/asy]"	"are units.
You are a helpful assistant, who always provide explanation. Think like you are answering to a five year old."
19	"Quadrilateral $ABCD$ is a square, and segment $AE$ is perpendicular to segment $ED$. If $AE = 8$ units and $DE = 6$ units, what is the area of pentagon $AEDCB$, in square units? [asy]
size(150);
pair A, B, C, D, E;
A=(0,10);
B=(0,0);
C=(10,0);
D=(10,10);
E=(6.4,5.2);
draw(A--B--C--D--A);
draw(A--E--D);
label(""A"", A, NW);
label(""B"", B, SW);
label(""C"", C, SE);
label(""D"", D, NE);
label(""E"", E, S);
[/asy]"	entagon AEDCB is the area of square ABCD minus the area of triangle AED, which is 100 - 24 = 76 square units. Answer: 76
20	"Quadrilateral $ABCD$ is a square, and segment $AE$ is perpendicular to segment $ED$. If $AE = 8$ units and $DE = 6$ units, what is the area of pentagon $AEDCB$, in square units? [asy]
size(150);
pair A, B, C, D, E;
A=(0,10);
B=(0,0);
C=(10,0);
D=(10,10);
E=(6.4,5.2);
draw(A--B--C--D--A);
draw(A--E--D);
label(""A"", A, NW);
label(""B"", B, SW);
label(""C"", C, SE);
label(""D"", D, NE);
label(""E"", E, S);
[/asy]"	"xt{Area}_{ABCD} - \text{Area}_{AED} = 98 - 24 = 74
     \]

Therefore, the area of pentagon \(AEDCB\) is \(\boxed{74}\)."
21	"Quadrilateral $ABCD$ is a square, and segment $AE$ is perpendicular to segment $ED$. If $AE = 8$ units and $DE = 6$ units, what is the area of pentagon $AEDCB$, in square units? [asy]
size(150);
pair A, B, C, D, E;
A=(0,10);
B=(0,0);
C=(10,0);
D=(10,10);
E=(6.4,5.2);
draw(A--B--C--D--A);
draw(A--E--D);
label(""A"", A, NW);
label(""B"", B, SW);
label(""C"", C, SE);
label(""D"", D, NE);
label(""E"", E, S);
[/asy]"	"BC, resulting in $100 - 24 = 76$ square units.
Step 8:  Thus, the area of pentagon AEDCB is 76 square units.

Answer: 76"
22	"Quadrilateral $ABCD$ is a square, and segment $AE$ is perpendicular to segment $ED$. If $AE = 8$ units and $DE = 6$ units, what is the area of pentagon $AEDCB$, in square units? [asy]
size(150);
pair A, B, C, D, E;
A=(0,10);
B=(0,0);
C=(10,0);
D=(10,10);
E=(6.4,5.2);
draw(A--B--C--D--A);
draw(A--E--D);
label(""A"", A, NW);
label(""B"", B, SW);
label(""C"", C, SE);
label(""D"", D, NE);
label(""E"", E, S);
[/asy]"	"refore, the area of pentagon \( AEDCB \) is \( 100 - 24 = 76 \) square units.

So, the final answer is:
\[
\boxed{76}
\]"
23	"Quadrilateral $ABCD$ is a square, and segment $AE$ is perpendicular to segment $ED$. If $AE = 8$ units and $DE = 6$ units, what is the area of pentagon $AEDCB$, in square units? [asy]
size(150);
pair A, B, C, D, E;
A=(0,10);
B=(0,0);
C=(10,0);
D=(10,10);
E=(6.4,5.2);
draw(A--B--C--D--A);
draw(A--E--D);
label(""A"", A, NW);
label(""B"", B, SW);
label(""C"", C, SE);
label(""D"", D, NE);
label(""E"", E, S);
[/asy]"	" DE

# Calculate the area of the pentagon AEDCB
area_pentagon = area_square + area_triangle
print(area_pentagon)
```"
24	"Quadrilateral $ABCD$ is a square, and segment $AE$ is perpendicular to segment $ED$. If $AE = 8$ units and $DE = 6$ units, what is the area of pentagon $AEDCB$, in square units? [asy]
size(150);
pair A, B, C, D, E;
A=(0,10);
B=(0,0);
C=(10,0);
D=(10,10);
E=(6.4,5.2);
draw(A--B--C--D--A);
draw(A--E--D);
label(""A"", A, NW);
label(""B"", B, SW);
label(""C"", C, SE);
label(""D"", D, NE);
label(""E"", E, S);
[/asy]"	"its.
Step 7:  Therefore, the area of pentagon AEDCB is 100 square units - 24 square units = 76 square units.

Answer: 76"
25	Let $k$ be a positive integer with the following property: For every subset $A$ of $\{1,2,\ldots, 25\}$ with $|A|=k$, we can find distinct elements $x$ and $y$ of $A$ such that $\tfrac23\leq\tfrac xy\leq\tfrac 32$.  Find the smallest possible value of $k$.	" elements. Hence, the smallest possible value of \( k \) is indeed \( 25 \).

Therefore, the answer is:
\[
\boxed{26}
\]"
26	Let $k$ be a positive integer with the following property: For every subset $A$ of $\{1,2,\ldots, 25\}$ with $|A|=k$, we can find distinct elements $x$ and $y$ of $A$ such that $\tfrac23\leq\tfrac xy\leq\tfrac 32$.  Find the smallest possible value of $k$.	"ees the existence of such a pair is \( k = 8 \).

Therefore, the smallest possible value of \( k \) is:

\[
\boxed{8}
\]"
27	Let $k$ be a positive integer with the following property: For every subset $A$ of $\{1,2,\ldots, 25\}$ with $|A|=k$, we can find distinct elements $x$ and $y$ of $A$ such that $\tfrac23\leq\tfrac xy\leq\tfrac 32$.  Find the smallest possible value of $k$.	elements \( x \) and \( y \) in \( A \) satisfying \( \frac{2}{3} \leq \frac{x}{y} \leq \frac{3}{2} \) is \(\boxed{6}\).
28	Let $k$ be a positive integer with the following property: For every subset $A$ of $\{1,2,\ldots, 25\}$ with $|A|=k$, we can find distinct elements $x$ and $y$ of $A$ such that $\tfrac23\leq\tfrac xy\leq\tfrac 32$.  Find the smallest possible value of $k$.	"0}{1} = 10\), which is still less than \(\frac{3}{2}\). Thus, \( m = 10 \) does not work.

If we take \( m = 11 \), then"
29	Let $k$ be a positive integer with the following property: For every subset $A$ of $\{1,2,\ldots, 25\}$ with $|A|=k$, we can find distinct elements $x$ and $y$ of $A$ such that $\tfrac23\leq\tfrac xy\leq\tfrac 32$.  Find the smallest possible value of $k$.	istinct elements \(x\) and \(y\) of \(A\) such that \(\frac{2}{3} \leq \frac{x}{y} \leq \frac{3}{2}\) is \(\boxed{16}\).
30	Let $k$ be a positive integer with the following property: For every subset $A$ of $\{1,2,\ldots, 25\}$ with $|A|=k$, we can find distinct elements $x$ and $y$ of $A$ such that $\tfrac23\leq\tfrac xy\leq\tfrac 32$.  Find the smallest possible value of $k$.	:** The largest subset without having any pair \( x \) and \( y \) such that \( \frac{2}{3} \leq \frac{x}{y} \leq \frac{
31	Let $k$ be a positive integer with the following property: For every subset $A$ of $\{1,2,\ldots, 25\}$ with $|A|=k$, we can find distinct elements $x$ and $y$ of $A$ such that $\tfrac23\leq\tfrac xy\leq\tfrac 32$.  Find the smallest possible value of $k$.	elements \( x \) and \( y \) in \( A \) such that \( \frac{2}{3} \leq \frac{x}{y} \leq \frac{3}{2} \), is \(\boxed{7}\).
32	Let $k$ be a positive integer with the following property: For every subset $A$ of $\{1,2,\ldots, 25\}$ with $|A|=k$, we can find distinct elements $x$ and $y$ of $A$ such that $\tfrac23\leq\tfrac xy\leq\tfrac 32$.  Find the smallest possible value of $k$.	an find distinct elements $x$ and $y$ of $A$ satisfying $\frac{2}{3} \leq \frac{x}{y} \leq \frac{3}{2}$ is $\boxed{13}$.
33	Let $a$ and $b$ be relatively prime positive integers such that $\dfrac ab=\dfrac1{2^1}+\dfrac2{3^2}+\dfrac3{2^3}+\dfrac4{3^4}+\dfrac5{2^5}+\dfrac6{3^6}+\cdots$, where the numerators always increase by $1$, and the denominators alternate between powers of $2$ and $3$, with exponents also increasing by $1$ for each subsequent term. Compute $a+b$.	\frac{1}{36}}$. Hence, $\frac{1}{3} + \frac{1}{36} = \frac{13}{36}$, so $a + b = 13 + 36 = \boxed{49}$. The answer is 49
34	Let $a$ and $b$ be relatively prime positive integers such that $\dfrac ab=\dfrac1{2^1}+\dfrac2{3^2}+\dfrac3{2^3}+\dfrac4{3^4}+\dfrac5{2^5}+\dfrac6{3^6}+\cdots$, where the numerators always increase by $1$, and the denominators alternate between powers of $2$ and $3$, with exponents also increasing by $1$ for each subsequent term. Compute $a+b$.	" \[
   = \frac{19}{27}
   \]

6. **Compute \(S_3\):**
   \[
   S_3 = \sum_{n=1}^{\infty} \frac{2n}{3^{2n}} = 2 \sum_{n=1"
35	Let $a$ and $b$ be relatively prime positive integers such that $\dfrac ab=\dfrac1{2^1}+\dfrac2{3^2}+\dfrac3{2^3}+\dfrac4{3^4}+\dfrac5{2^5}+\dfrac6{3^6}+\cdots$, where the numerators always increase by $1$, and the denominators alternate between powers of $2$ and $3$, with exponents also increasing by $1$ for each subsequent term. Compute $a+b$.	"ac{\frac{1}{9}}{\frac{64}{81}} = 2 \cdot \frac{81}{576} = \frac{162}{576} = \frac{9}{32}
\]

So,

\[
S_3 = \frac{9}{32}
"
36	Let $a$ and $b$ be relatively prime positive integers such that $\dfrac ab=\dfrac1{2^1}+\dfrac2{3^2}+\dfrac3{2^3}+\dfrac4{3^4}+\dfrac5{2^5}+\dfrac6{3^6}+\cdots$, where the numerators always increase by $1$, and the denominators alternate between powers of $2$ and $3$, with exponents also increasing by $1$ for each subsequent term. Compute $a+b$.	"0}^{\infty} \frac{n+1}{9^n} \]

We can split this sum into two separate sums:
\[ \sum_{n=0}^{\infty} \frac{n+1}{9^n} = \"
37	Let $a$ and $b$ be relatively prime positive integers such that $\dfrac ab=\dfrac1{2^1}+\dfrac2{3^2}+\dfrac3{2^3}+\dfrac4{3^4}+\dfrac5{2^5}+\dfrac6{3^6}+\cdots$, where the numerators always increase by $1$, and the denominators alternate between powers of $2$ and $3$, with exponents also increasing by $1$ for each subsequent term. Compute $a+b$.	"atively prime, we have \(a = 11\) and \(b = 12\). Therefore, \(a + b = 11 + 12 = 23\).

The answer is:

\[
\boxed{23}
\]"
38	Let $a$ and $b$ be relatively prime positive integers such that $\dfrac ab=\dfrac1{2^1}+\dfrac2{3^2}+\dfrac3{2^3}+\dfrac4{3^4}+\dfrac5{2^5}+\dfrac6{3^6}+\cdots$, where the numerators always increase by $1$, and the denominators alternate between powers of $2$ and $3$, with exponents also increasing by $1$ for each subsequent term. Compute $a+b$.	"series. Let \( S_3 \) be the sum of this series. We can write:
\[ S_3 = \sum_{k=1}^{\infty} \frac{2k}{3^{2k}} \]

We can"
39	Let $a$ and $b$ be relatively prime positive integers such that $\dfrac ab=\dfrac1{2^1}+\dfrac2{3^2}+\dfrac3{2^3}+\dfrac4{3^4}+\dfrac5{2^5}+\dfrac6{3^6}+\cdots$, where the numerators always increase by $1$, and the denominators alternate between powers of $2$ and $3$, with exponents also increasing by $1$ for each subsequent term. Compute $a+b$.	"nd \(b\) are indeed \(11\) and \(4\), respectively, making \(a + b = 15\).

Thus, the final answer is:

\[
\boxed{15}
\]"
40	Let $a$ and $b$ be relatively prime positive integers such that $\dfrac ab=\dfrac1{2^1}+\dfrac2{3^2}+\dfrac3{2^3}+\dfrac4{3^4}+\dfrac5{2^5}+\dfrac6{3^6}+\cdots$, where the numerators always increase by $1$, and the denominators alternate between powers of $2$ and $3$, with exponents also increasing by $1$ for each subsequent term. Compute $a+b$.	" and these are relatively prime, we have:
\[ a + b = 11 + 24 = 35. \]

Therefore, the final answer is:
\[ \boxed{35}. \]"
41	Let A, M, and C be nonnegative integers such that A + M + C = 12. What is the maximum value of \( A \cdot M \cdot C + A \cdot M + M \cdot C + A \cdot C \)?	" M, C)\) is 112, which occurs when \(A = 4\), \(M = 4\), and \(C = 4\).

Hence, the maximum value is:
\[ \boxed{112}. \]"
42	Let A, M, and C be nonnegative integers such that A + M + C = 12. What is the maximum value of \( A \cdot M \cdot C + A \cdot M + M \cdot C + A \cdot C \)?	"4 \).

Therefore, the maximum value of \( A \cdot M \cdot C + A \cdot M + M \cdot C + A \cdot C \) is:
\[
\boxed{113}
\]"
43	Let A, M, and C be nonnegative integers such that A + M + C = 12. What is the maximum value of \( A \cdot M \cdot C + A \cdot M + M \cdot C + A \cdot C \)?	"ions, we can see that the maximum value occurs when A = 4, M = 4, and C = 4, which gives us a value of 112.

Answer: 112"
44	Let A, M, and C be nonnegative integers such that A + M + C = 12. What is the maximum value of \( A \cdot M \cdot C + A \cdot M + M \cdot C + A \cdot C \)?	"4 \).

Therefore, the maximum value of \( A \cdot M \cdot C + A \cdot M + M \cdot C + A \cdot C \) is:
\[ \boxed{112} \]"
45	Let A, M, and C be nonnegative integers such that A + M + C = 12. What is the maximum value of \( A \cdot M \cdot C + A \cdot M + M \cdot C + A \cdot C \)?	"lution of \( A = M = C = 4 \) gives the maximum value. Hence, the maximum value of the expression is:

\[
\boxed{112}
\]"
46	Let A, M, and C be nonnegative integers such that A + M + C = 12. What is the maximum value of \( A \cdot M \cdot C + A \cdot M + M \cdot C + A \cdot C \)?	"( A = 4 \), \( M = 5 \), and \( C = 3 \) or any permutation thereof. Therefore, the maximum value is:

\[
\boxed{107}
\]"
47	Let A, M, and C be nonnegative integers such that A + M + C = 12. What is the maximum value of \( A \cdot M \cdot C + A \cdot M + M \cdot C + A \cdot C \)?	" 112
\]

Therefore, the maximum value of \( A \cdot M \cdot C + A \cdot M + M \cdot C + A \cdot C \) is \(\boxed{112}\)."
48	Let A, M, and C be nonnegative integers such that A + M + C = 12. What is the maximum value of \( A \cdot M \cdot C + A \cdot M + M \cdot C + A \cdot C \)?	\( A \cdot M \cdot C + A \cdot M + M \cdot C + A \cdot C \) given the constraint \( A + M + C = 12 \) is \(\boxed{40}\).
49	Let $ABC$ be a triangle with $AB = 13$, $BC = 14$, $CA = 15$. Company $XYZ$ wants to locate their base at the point $P$ in the plane minimizing the total distance to their workers, who are located at vertices $A$, $B$, and $C$. There are $1$, $5$, and $4$ workers at $A$, $B$, and $C$, respectively. Find the minimum possible total distance Company $XYZ$'s workers have to travel to get to $P$.	"3188
```
The minimum possible total distance Company \(XYZ\)’s workers have to travel to get to \(P\) is \(\boxed{24}\)."
50	Let $ABC$ be a triangle with $AB = 13$, $BC = 14$, $CA = 15$. Company $XYZ$ wants to locate their base at the point $P$ in the plane minimizing the total distance to their workers, who are located at vertices $A$, $B$, and $C$. There are $1$, $5$, and $4$ workers at $A$, $B$, and $C$, respectively. Find the minimum possible total distance Company $XYZ$'s workers have to travel to get to $P$.	"roperties of the Fermat point, we can estimate the minimum possible total distance to be approximately:
\[
\boxed{24}
\]"
51	Let $ABC$ be a triangle with $AB = 13$, $BC = 14$, $CA = 15$. Company $XYZ$ wants to locate their base at the point $P$ in the plane minimizing the total distance to their workers, who are located at vertices $A$, $B$, and $C$. There are $1$, $5$, and $4$ workers at $A$, $B$, and $C$, respectively. Find the minimum possible total distance Company $XYZ$'s workers have to travel to get to $P$.	the coordinates of $P$, we can iteratively update the coordinates of $P$ until the change in the total distance is below
52	Let $ABC$ be a triangle with $AB = 13$, $BC = 14$, $CA = 15$. Company $XYZ$ wants to locate their base at the point $P$ in the plane minimizing the total distance to their workers, who are located at vertices $A$, $B$, and $C$. There are $1$, $5$, and $4$ workers at $A$, $B$, and $C$, respectively. Find the minimum possible total distance Company $XYZ$'s workers have to travel to get to $P$.	"o travel to get to the optimal point \( P \) is approximately \( 18.81 \).

So, the final answer is:
\[
\boxed{18.81}
\]"
53	Let $ABC$ be a triangle with $AB = 13$, $BC = 14$, $CA = 15$. Company $XYZ$ wants to locate their base at the point $P$ in the plane minimizing the total distance to their workers, who are located at vertices $A$, $B$, and $C$. There are $1$, $5$, and $4$ workers at $A$, $B$, and $C$, respectively. Find the minimum possible total distance Company $XYZ$'s workers have to travel to get to $P$.	"[
P = \left( \frac{70 + 24}{10}, \frac{0}{10} \right) = \left( 9.4, 0 \right)
\]
The distances from $P = (9.4, 0)$ to $A"
54	Let $ABC$ be a triangle with $AB = 13$, $BC = 14$, $CA = 15$. Company $XYZ$ wants to locate their base at the point $P$ in the plane minimizing the total distance to their workers, who are located at vertices $A$, $B$, and $C$. There are $1$, $5$, and $4$ workers at $A$, $B$, and $C$, respectively. Find the minimum possible total distance Company $XYZ$'s workers have to travel to get to $P$.	"otal distance Company XYZ's workers have to travel to get to P is $\boxed{\frac{31}{2}}$.
Answer: $\boxed{\frac{31}{2}}$"
55	Let $ABC$ be a triangle with $AB = 13$, $BC = 14$, $CA = 15$. Company $XYZ$ wants to locate their base at the point $P$ in the plane minimizing the total distance to their workers, who are located at vertices $A$, $B$, and $C$. There are $1$, $5$, and $4$ workers at $A$, $B$, and $C$, respectively. Find the minimum possible total distance Company $XYZ$'s workers have to travel to get to $P$.	"aveled by Company $XYZ$'s workers is simply the distance from $C$ to $C$, which is $0$.

So the answer is $0$.
Answer: 0"
56	Let $ABC$ be a triangle with $AB = 13$, $BC = 14$, $CA = 15$. Company $XYZ$ wants to locate their base at the point $P$ in the plane minimizing the total distance to their workers, who are located at vertices $A$, $B$, and $C$. There are $1$, $5$, and $4$ workers at $A$, $B$, and $C$, respectively. Find the minimum possible total distance Company $XYZ$'s workers have to travel to get to $P$.	"um possible total distance Company $XYZ$'s workers have to travel to get to point $P$ is $\boxed{12}$.

\[
\boxed{12}
\]"
57	"Let $\alpha$ and $\beta$ be real numbers.  Find the minimum value of
\[(2 \cos \alpha + 5 \sin \beta - 8)^2 + (2 \sin \alpha + 5 \cos \beta - 15)^2.\]"	"alpha)^2 \\
& \qquad + (5 \sin \beta - 5)^2 + (5 \cos \beta - 15)^2 \\
& = (2 \cos \alpha - 8)^2 + (2 \sin \alpha)^2 \\
"
58	"Let $\alpha$ and $\beta$ be real numbers.  Find the minimum value of
\[(2 \cos \alpha + 5 \sin \beta - 8)^2 + (2 \sin \alpha + 5 \cos \beta - 15)^2.\]"	"een points A and B, which we have already shown to be at least 121.

Therefore, the minimum value of D^2 is:
Answer: 121"
59	"Let $\alpha$ and $\beta$ be real numbers.  Find the minimum value of
\[(2 \cos \alpha + 5 \sin \beta - 8)^2 + (2 \sin \alpha + 5 \cos \beta - 15)^2.\]"	"9. Therefore, the minimum value of \( P^2 + Q^2 \) is:
\[
19^2 = 361.
\]

Thus, the minimum value is:
\[
\boxed{361}.
\]"
60	"Let $\alpha$ and $\beta$ be real numbers.  Find the minimum value of
\[(2 \cos \alpha + 5 \sin \beta - 8)^2 + (2 \sin \alpha + 5 \cos \beta - 15)^2.\]"	"), which happens when \((2 \cos \alpha + 5 \sin \beta, 2 \sin \alpha + 5 \cos \beta) = (8, 15)\).

Answer: \(\boxed{0}\)"
61	"Let $\alpha$ and $\beta$ be real numbers.  Find the minimum value of
\[(2 \cos \alpha + 5 \sin \beta - 8)^2 + (2 \sin \alpha + 5 \cos \beta - 15)^2.\]"	"\beta) \) at the critical points is approximately \( 497.0015625 \). Therefore, the minimum value is:

\[
\boxed{497}
\]"
62	"Let $\alpha$ and $\beta$ be real numbers.  Find the minimum value of
\[(2 \cos \alpha + 5 \sin \beta - 8)^2 + (2 \sin \alpha + 5 \cos \beta - 15)^2.\]"	"beta - 15)^2\) is approximately 260, which confirms our analytical solution.

Thus, the final answer is \(\boxed{260}\)."
63	"Let $\alpha$ and $\beta$ be real numbers.  Find the minimum value of
\[(2 \cos \alpha + 5 \sin \beta - 8)^2 + (2 \sin \alpha + 5 \cos \beta - 15)^2.\]"	"the Cauchy-Schwarz inequality directly to find the minimum value.

The expression \(X^2 + Y^2\) represents the square of"
64	"Let $\alpha$ and $\beta$ be real numbers.  Find the minimum value of
\[(2 \cos \alpha + 5 \sin \beta - 8)^2 + (2 \sin \alpha + 5 \cos \beta - 15)^2.\]"	ue of the expression \((2 \cos \alpha + 5 \sin \beta - 8)^2 + (2 \sin \alpha + 5 \cos \beta - 15)^2\) is \(\boxed{33}\).
65	What percent of the positive integers less than or equal to $100$ have no remainders when divided by $5?$	"s than or equal to $100$ that are divisible by $5$ is $\frac{19}{100} \times 100 = 19\%$.
Step 9:  Answer: 19
Answer: 19"
66	What percent of the positive integers less than or equal to $100$ have no remainders when divided by $5?$	e percentage of positive integers less than or equal to 100 that have no remainders when divided by 5 is \(\boxed{20}\).
67	What percent of the positive integers less than or equal to $100$ have no remainders when divided by $5?$	" 100

Plugging in the values we found:

Percent = ($20 / 100$) * 100

Percent = $0.2$ * 100

Percent = $20$

Answer: 20%"
68	What percent of the positive integers less than or equal to $100$ have no remainders when divided by $5?$	"ositive integers less than or equal to 100, and then multiply by 100.
Step 6: (20 / 100) * 100 = 20%
Answer: Answer: 20%"
69	What percent of the positive integers less than or equal to $100$ have no remainders when divided by $5?$	" simplifies to 20.

Answer: 20% of the positive integers less than or equal to 100 have no remainders when divided by 5."
70	What percent of the positive integers less than or equal to $100$ have no remainders when divided by $5?$	"he percentage is then calculated as follows: 

    $\left({20 \over 100}\right) \times 100 = 20\%$

Answer: $\boxed{20}$"
71	What percent of the positive integers less than or equal to $100$ have no remainders when divided by $5?$	 percentage of positive integers less than or equal to 100 that have no remainders when divided by 5 is \(\boxed{20}\)%.
72	What percent of the positive integers less than or equal to $100$ have no remainders when divided by $5?$	"$ positive integers less than or equal to $100$, the percentage is:

$\frac{20}{100} \cdot 100\% = 20\%$

Answer: $20\%$"
73	Let $A$ be the set of positive integers that are the product of two consecutive integers. Let $B$ be the set of positive integers that are the product of three consecutive integers. Find the sum of the two smallest elements of $A \cap B$.	" element in \(B\) is \(6\). 

Hence, the sum of the two smallest elements of \(A \cap B\) is:
\[
2 + 6 = 8
\]

Answer: 8"
74	Let $A$ be the set of positive integers that are the product of two consecutive integers. Let $B$ be the set of positive integers that are the product of three consecutive integers. Find the sum of the two smallest elements of $A \cap B$.	"f $A \cap B$ is 12.
Step 13: Therefore, the sum of the two smallest elements of $A \cap B$ is $2 + 12 = 14$.

Answer: 14"
75	Let $A$ be the set of positive integers that are the product of two consecutive integers. Let $B$ be the set of positive integers that are the product of three consecutive integers. Find the sum of the two smallest elements of $A \cap B$.	"** are in both sets.

- **42**:  
  - \( 42 \notin A \) (since 42 is not the product of two consecutive integers).

- **"
76	Let $A$ be the set of positive integers that are the product of two consecutive integers. Let $B$ be the set of positive integers that are the product of three consecutive integers. Find the sum of the two smallest elements of $A \cap B$.	"f $A \cap B$ are $2$ and $6$. 

The sum of the two smallest elements of $A \cap B$ is $2 + 6 = 8$.

Therefore, Answer: 8"
77	Let $A$ be the set of positive integers that are the product of two consecutive integers. Let $B$ be the set of positive integers that are the product of three consecutive integers. Find the sum of the two smallest elements of $A \cap B$.	" are both \(6\). The sum of these two smallest elements is:
\[ 6 + 6 = 12 \]

Therefore, the answer is:
\[
\boxed{12}
\]"
78	Let $A$ be the set of positive integers that are the product of two consecutive integers. Let $B$ be the set of positive integers that are the product of three consecutive integers. Find the sum of the two smallest elements of $A \cap B$.	20 \times 21 = 420 \), but it is not in set \( B \). The next element in set \( A \) is \( 21 \times 22 = 462 \), but it
79	Let $A$ be the set of positive integers that are the product of two consecutive integers. Let $B$ be the set of positive integers that are the product of three consecutive integers. Find the sum of the two smallest elements of $A \cap B$.	"p B \)

The two smallest elements of \( A \cap B \) are 6 and 6.  
Sum: \( 6 + 6 = 12 \).

### Final Answer:

Answer: 12"
80	Let $A$ be the set of positive integers that are the product of two consecutive integers. Let $B$ be the set of positive integers that are the product of three consecutive integers. Find the sum of the two smallest elements of $A \cap B$.	"_elements)
```
```output
21
```
The sum of the two smallest elements in the intersection \(A \cap B\) is \(\boxed{21}\)."
81	"Find the number of 12-digit ""words"" that can be formed from the alphabet \( \{0,1,2,3,4,5,6\} \) if neighboring digits must differ by exactly 2."	" words
total_words = v_12.sum()
print(total_words)
```
```output
ValueError: shapes (7,) and (7,6) not aligned: 7 (dim"
82	"Find the number of 12-digit ""words"" that can be formed from the alphabet \( \{0,1,2,3,4,5,6\} \) if neighboring digits must differ by exactly 2."	formed from the alphabet \(\{0,1,2,3,4,5,6\}\) where neighboring digits must differ by exactly 2 is \(\boxed{1299360}\).
83	"Find the number of 12-digit ""words"" that can be formed from the alphabet \( \{0,1,2,3,4,5,6\} \) if neighboring digits must differ by exactly 2."	 total number of 12-digit words as 2187. Therefore, the number of 12-digit words that can be formed is \(\boxed{2187}\).
84	"Find the number of 12-digit ""words"" that can be formed from the alphabet \( \{0,1,2,3,4,5,6\} \) if neighboring digits must differ by exactly 2."	", the number of 12-digit numbers where neighboring digits differ by exactly 2 is **462**.

**Answer:**  
\(\boxed{462}\)"
85	"Find the number of 12-digit ""words"" that can be formed from the alphabet \( \{0,1,2,3,4,5,6\} \) if neighboring digits must differ by exactly 2."	med from the alphabet \(\{0, 1, 2, 3, 4, 5, 6\}\) if neighboring digits must differ by exactly 2 is \( \boxed{14336} \).
86	"Find the number of 12-digit ""words"" that can be formed from the alphabet \( \{0,1,2,3,4,5,6\} \) if neighboring digits must differ by exactly 2."	"2288 + 9216 = 21504
     \]

Therefore, the total number of 12-digit ""words"" that can be formed is 21504.

Answer: 21504"
87	"Find the number of 12-digit ""words"" that can be formed from the alphabet \( \{0,1,2,3,4,5,6\} \) if neighboring digits must differ by exactly 2."	"][d-8] + dp[n-9][d-10]
        if n >= 11:
            dp[n][d] += dp[n-10][d-2] + dp[n-10][d-4] + dp[n-10][d-6] + dp[n-"
88	"Find the number of 12-digit ""words"" that can be formed from the alphabet \( \{0,1,2,3,4,5,6\} \) if neighboring digits must differ by exactly 2."	 formed from the alphabet \(\{0, 1, 2, 3, 4, 5, 6\}\) if neighboring digits must differ by exactly 2 is \(\boxed{257}\).
89	How many positive integers $n < 10^6$ are there such that $n$ is equal to twice the square of an integer and is equal to three times the cube of an integer?	We can see that this pattern continues indefinitely, with $u$, $t$, and all intermediate variables being divisible by 3.
90	How many positive integers $n < 10^6$ are there such that $n$ is equal to twice the square of an integer and is equal to three times the cube of an integer?	"e \) gives a unique value of \( n = 648e^2 \) within the range \( n < 10^6 \).
10. The final answer is \( \boxed{39} \)."
91	How many positive integers $n < 10^6$ are there such that $n$ is equal to twice the square of an integer and is equal to three times the cube of an integer?	"\) is equal to twice the square of an integer and is equal to three times the cube of an integer is:

\[
\boxed{1011}
\]"
92	How many positive integers $n < 10^6$ are there such that $n$ is equal to twice the square of an integer and is equal to three times the cube of an integer?	"h integers.

Thus, the number of positive integers \( n < 10^6 \) that satisfy the given conditions is:
\[ \boxed{14} \]"
93	How many positive integers $n < 10^6$ are there such that $n$ is equal to twice the square of an integer and is equal to three times the cube of an integer?	factorization of 24 is $2^3 \cdot 3$, so $24p^{24}$ can be expressed as $2^3 \cdot 3 \cdot p^{24} = 2^3 \cdot 3 \cdot (p
94	How many positive integers $n < 10^6$ are there such that $n$ is equal to twice the square of an integer and is equal to three times the cube of an integer?	" \) that satisfy the conditions. The output will be the number of such integers.

Answer: <answer of the code execution>"
95	How many positive integers $n < 10^6$ are there such that $n$ is equal to twice the square of an integer and is equal to three times the cube of an integer?	ng the code, we find that there are \( \boxed{27} \) positive integers \( n < 10^6 \) that satisfy the given conditions.
96	How many positive integers $n < 10^6$ are there such that $n$ is equal to twice the square of an integer and is equal to three times the cube of an integer?	" twice the square of an integer and is equal to three times the cube of an integer.

Therefore, the answer is:
Answer: 0"
97	$\text{HOW}$, $\text{BOW}$, and $\text{DAH}$ are equilateral triangles in a plane such that $WO = 7$ and $AH = 2$. Given that $D$, $A$, $B$ are collinear in that order, find the length of $BA$.	" the length of \( WA \) is \( 7 \).

Thus, the length of \( BA \) is \( 7 + 2 = 9 \).

### Final Answer:
\[
\boxed{9}
\]"
98	$\text{HOW}$, $\text{BOW}$, and $\text{DAH}$ are equilateral triangles in a plane such that $WO = 7$ and $AH = 2$. Given that $D$, $A$, $B$ are collinear in that order, find the length of $BA$.	The only solution to $y + 1 = 0$ is $y = -1$. The only solution to $y - 3 = 0$ is $y = 3$. The only solution to $y - 1 =
99	$\text{HOW}$, $\text{BOW}$, and $\text{DAH}$ are equilateral triangles in a plane such that $WO = 7$ and $AH = 2$. Given that $D$, $A$, $B$ are collinear in that order, find the length of $BA$.	", we can find $AB$:

11. $AB = 2x = 2 \times \frac{7}{3} = \frac{14}{3}$.

Thus, the length of $BA$ is \(\frac{14}{3}\)."
100	$\text{HOW}$, $\text{BOW}$, and $\text{DAH}$ are equilateral triangles in a plane such that $WO = 7$ and $AH = 2$. Given that $D$, $A$, $B$ are collinear in that order, find the length of $BA$.	"(5 - 0)^2 + (5\sqrt{3} - 0)^2} = \sqrt{25 + 75} = \sqrt{100} = 10
     \]

Thus, the length of \(BA\) is \(\boxed{10}\)."
101	$\text{HOW}$, $\text{BOW}$, and $\text{DAH}$ are equilateral triangles in a plane such that $WO = 7$ and $AH = 2$. Given that $D$, $A$, $B$ are collinear in that order, find the length of $BA$.	"h of BA is the same as the side length of the equilateral triangle DAH
length_ba = side_length_dah

print(length_ba)
```"
102	$\text{HOW}$, $\text{BOW}$, and $\text{DAH}$ are equilateral triangles in a plane such that $WO = 7$ and $AH = 2$. Given that $D$, $A$, $B$ are collinear in that order, find the length of $BA$.	"s, which is the consistent interpretation of the given distances. Therefore, the length of \( BA \) is:

\[
\boxed{5}
\]"
103	$\text{HOW}$, $\text{BOW}$, and $\text{DAH}$ are equilateral triangles in a plane such that $WO = 7$ and $AH = 2$. Given that $D$, $A$, $B$ are collinear in that order, find the length of $BA$.	"-x1
y2 = -y1

# Equations for the circles
eq1 = x1**2 + y1**2 - 49
eq2 = (x1 - 7/2)**2 + (y1 - 7*sp.sqrt(3)/2)**2 - 4

#"
104	$\text{HOW}$, $\text{BOW}$, and $\text{DAH}$ are equilateral triangles in a plane such that $WO = 7$ and $AH = 2$. Given that $D$, $A$, $B$ are collinear in that order, find the length of $BA$.	"0158746308942 \), which is equivalent to \( \sqrt{86.5} \).

Thus, the length of \( BA \) is:

\[
\boxed{\sqrt{86.5}}
\]"
105	"Given a real number $x,$ let $\lfloor x \rfloor$ denote the greatest integer less than or equal to $x.$ For a certain integer $k,$ there are exactly $70$ positive integers $n_{1}, n_{2}, \cdots, n_{70}$ such that $k=\lfloor\sqrt[3]{n_{1}}\rfloor = \lfloor\sqrt[3]{n_{2}}\rfloor = \cdots = \lfloor\sqrt[3]{n_{70}}\rfloor$ and $k$ divides $n_{i}$ for all $i$ such that $1 \leq i \leq 70.$    
Find the maximum value of $\frac{n_{i}}{k}$ for $1\leq i \leq 70.$"	"64, 124]\), which is \( \frac{124}{4} = 31 \).

Therefore, the maximum value of \( \frac{n_i}{k} \) is \( \boxed{31} \)."
106	"Given a real number $x,$ let $\lfloor x \rfloor$ denote the greatest integer less than or equal to $x.$ For a certain integer $k,$ there are exactly $70$ positive integers $n_{1}, n_{2}, \cdots, n_{70}$ such that $k=\lfloor\sqrt[3]{n_{1}}\rfloor = \lfloor\sqrt[3]{n_{2}}\rfloor = \cdots = \lfloor\sqrt[3]{n_{70}}\rfloor$ and $k$ divides $n_{i}$ for all $i$ such that $1 \leq i \leq 70.$    
Find the maximum value of $\frac{n_{i}}{k}$ for $1\leq i \leq 70.$"	"is \( 1155 - 1089 + 1 = 67 \), which is not 70.

Let's check \( k = 36 \):
\[ 36^2 \leq m_i < 37^2 \]
\[ 1296 \leq m_i <"
107	"Given a real number $x,$ let $\lfloor x \rfloor$ denote the greatest integer less than or equal to $x.$ For a certain integer $k,$ there are exactly $70$ positive integers $n_{1}, n_{2}, \cdots, n_{70}$ such that $k=\lfloor\sqrt[3]{n_{1}}\rfloor = \lfloor\sqrt[3]{n_{2}}\rfloor = \cdots = \lfloor\sqrt[3]{n_{70}}\rfloor$ and $k$ divides $n_{i}$ for all $i$ such that $1 \leq i \leq 70.$    
Find the maximum value of $\frac{n_{i}}{k}$ for $1\leq i \leq 70.$"	 8460, 8480, 8500, 8520, 8540, 8560, 8580, 8600, 8620, 8640, 8660, 8680, 8700, 8720, 8740, 8760, 8780, 8800, 8820, 8840,
108	"Given a real number $x,$ let $\lfloor x \rfloor$ denote the greatest integer less than or equal to $x.$ For a certain integer $k,$ there are exactly $70$ positive integers $n_{1}, n_{2}, \cdots, n_{70}$ such that $k=\lfloor\sqrt[3]{n_{1}}\rfloor = \lfloor\sqrt[3]{n_{2}}\rfloor = \cdots = \lfloor\sqrt[3]{n_{70}}\rfloor$ and $k$ divides $n_{i}$ for all $i$ such that $1 \leq i \leq 70.$    
Find the maximum value of $\frac{n_{i}}{k}$ for $1\leq i \leq 70.$"	"maximum value of (n_i / k) for 1 ≤ i ≤ 70.
Answer: The maximum value of (n_i / k) for 1 ≤ i ≤ 70 is ((k^2 + k - 1) / k)."
109	"Given a real number $x,$ let $\lfloor x \rfloor$ denote the greatest integer less than or equal to $x.$ For a certain integer $k,$ there are exactly $70$ positive integers $n_{1}, n_{2}, \cdots, n_{70}$ such that $k=\lfloor\sqrt[3]{n_{1}}\rfloor = \lfloor\sqrt[3]{n_{2}}\rfloor = \cdots = \lfloor\sqrt[3]{n_{70}}\rfloor$ and $k$ divides $n_{i}$ for all $i$ such that $1 \leq i \leq 70.$    
Find the maximum value of $\frac{n_{i}}{k}$ for $1\leq i \leq 70.$"	"$\frac{n_i}{k}$ is $\frac{8^3 + 64}{8} = \frac{640}{8} = 80$.

So, the maximum value of $\frac{n_i}{k}$ is $\boxed{80}$."
110	"Given a real number $x,$ let $\lfloor x \rfloor$ denote the greatest integer less than or equal to $x.$ For a certain integer $k,$ there are exactly $70$ positive integers $n_{1}, n_{2}, \cdots, n_{70}$ such that $k=\lfloor\sqrt[3]{n_{1}}\rfloor = \lfloor\sqrt[3]{n_{2}}\rfloor = \cdots = \lfloor\sqrt[3]{n_{70}}\rfloor$ and $k$ divides $n_{i}$ for all $i$ such that $1 \leq i \leq 70.$    
Find the maximum value of $\frac{n_{i}}{k}$ for $1\leq i \leq 70.$"	"is \( mk = 70k \). Therefore, the maximum value of \( \frac{n_i}{k} \) is \( 70 \).

Thus, the answer is \(\boxed{70}\)."
111	"Given a real number $x,$ let $\lfloor x \rfloor$ denote the greatest integer less than or equal to $x.$ For a certain integer $k,$ there are exactly $70$ positive integers $n_{1}, n_{2}, \cdots, n_{70}$ such that $k=\lfloor\sqrt[3]{n_{1}}\rfloor = \lfloor\sqrt[3]{n_{2}}\rfloor = \cdots = \lfloor\sqrt[3]{n_{70}}\rfloor$ and $k$ divides $n_{i}$ for all $i$ such that $1 \leq i \leq 70.$    
Find the maximum value of $\frac{n_{i}}{k}$ for $1\leq i \leq 70.$"	"  Therefore, by using these relationships and values, we can find the maximum value of n/k for 1 ≤ i ≤ 70.

Answer: 1763"
112	"Given a real number $x,$ let $\lfloor x \rfloor$ denote the greatest integer less than or equal to $x.$ For a certain integer $k,$ there are exactly $70$ positive integers $n_{1}, n_{2}, \cdots, n_{70}$ such that $k=\lfloor\sqrt[3]{n_{1}}\rfloor = \lfloor\sqrt[3]{n_{2}}\rfloor = \cdots = \lfloor\sqrt[3]{n_{70}}\rfloor$ and $k$ divides $n_{i}$ for all $i$ such that $1 \leq i \leq 70.$    
Find the maximum value of $\frac{n_{i}}{k}$ for $1\leq i \leq 70.$"	"nd \(m_i = 31\), giving us \(\frac{n_i}{k} = 31\).

Therefore, the maximum value of \(\frac{n_i}{k}\) is \(\boxed{31}\)."
113	Let $S=2^3+3^4+5^4+7^4+\cdots+17497^4$ be the sum of the fourth powers of the first $2014$ prime numbers. Find the remainder when $S$ is divided by $240$.	"rem. Let \( S = 8k \). Then:
\[ 8k \equiv 1 \pmod{3} \implies k \equiv 1 \pmod{3} \implies k = 3m + 1, \]
so:
\[ S = 8(3"
114	Let $S=2^3+3^4+5^4+7^4+\cdots+17497^4$ be the sum of the fourth powers of the first $2014$ prime numbers. Find the remainder when $S$ is divided by $240$.	"plied by the appropriate power of 4.
Step 7: The result can be divided by 240 and the remainder can be found.

Answer: 8"
115	Let $S=2^3+3^4+5^4+7^4+\cdots+17497^4$ be the sum of the fourth powers of the first $2014$ prime numbers. Find the remainder when $S$ is divided by $240$.	"``
The remainder when the sum of the fourth powers of the first 2014 prime numbers is divided by 240 is \(\boxed{112}\)."
116	Let $S=2^3+3^4+5^4+7^4+\cdots+17497^4$ be the sum of the fourth powers of the first $2014$ prime numbers. Find the remainder when $S$ is divided by $240$.	 of congruence, we can simplify this expression to 168*2014 (mod 240) + 150*2014 (mod 240). Since 2014 is congruent to -
117	Let $S=2^3+3^4+5^4+7^4+\cdots+17497^4$ be the sum of the fourth powers of the first $2014$ prime numbers. Find the remainder when $S$ is divided by $240$.	"cdot 0 + 15\). Therefore, \(S \equiv 15 \mod 240\).

Thus, the remainder when \(S\) is divided by 240 is \(\boxed{15}\)."
118	Let $S=2^3+3^4+5^4+7^4+\cdots+17497^4$ be the sum of the fourth powers of the first $2014$ prime numbers. Find the remainder when $S$ is divided by $240$.	"6, 7, 8, 9\}\). We have:
     \[
     n^4 \equiv (10k + r)^4 \equiv r^4 \pmod{10}
     \]
     and \(r^4 \equiv 0, 1, 0,"
119	Let $S=2^3+3^4+5^4+7^4+\cdots+17497^4$ be the sum of the fourth powers of the first $2014$ prime numbers. Find the remainder when $S$ is divided by $240$.	e least common multiple of 8 and 30, which is 240. Since \( x = 240k + 1 \) must be a multiple of 8, the smallest \( k \
120	Let $S=2^3+3^4+5^4+7^4+\cdots+17497^4$ be the sum of the fourth powers of the first $2014$ prime numbers. Find the remainder when $S$ is divided by $240$.	" modulo 5. The first few primes are:

\[ 5, 7, 11, 13, 17, 19, 23, 29, 31, 37, 41, 43, 47, 53, 59, 61, 67, 71, 73, 79, 8"
121	Square $ABCD$ has side length $s$, a circle centered at $E$ has radius $r$, and $r$ and $s$ are both rational. The circle passes through $D$, and $D$ lies on $\overline{BE}$. Point $F$ lies on the circle, on the same side of $\overline{BE}$ as $A$. Segment $AF$ is tangent to the circle, and $AF=\sqrt{9+5\sqrt{2}}$. The original answer is in \frac{k}{m} format, where $k$ and $m$ are integers. Please give the value of $k + m$.	 = m \), and \( 9 + 5\sqrt{2} \) must be a perfect square times \( m \). Let \( 9 + 5\sqrt{2} = a^2 \), where \( a \) is
122	Square $ABCD$ has side length $s$, a circle centered at $E$ has radius $r$, and $r$ and $s$ are both rational. The circle passes through $D$, and $D$ lies on $\overline{BE}$. Point $F$ lies on the circle, on the same side of $\overline{BE}$ as $A$. Segment $AF$ is tangent to the circle, and $AF=\sqrt{9+5\sqrt{2}}$. The original answer is in \frac{k}{m} format, where $k$ and $m$ are integers. Please give the value of $k + m$.	"
3^2 - 2 \cdot 3 \cdot \sqrt{2} - 9 = 9 - 6\sqrt{2} - 9 = -6\sqrt{2} = -5\sqrt{2}
\]
This simplifies to:
\[
-6\sqrt{2} ="
123	Square $ABCD$ has side length $s$, a circle centered at $E$ has radius $r$, and $r$ and $s$ are both rational. The circle passes through $D$, and $D$ lies on $\overline{BE}$. Point $F$ lies on the circle, on the same side of $\overline{BE}$ as $A$. Segment $AF$ is tangent to the circle, and $AF=\sqrt{9+5\sqrt{2}}$. The original answer is in \frac{k}{m} format, where $k$ and $m$ are integers. Please give the value of $k + m$.	ing the equation, we find that $s = \frac{5}{2}$ and $r = \frac{3}{2}$. Therefore, $k = 5$ and $m = 2$, and $k + m = 7$.
124	Square $ABCD$ has side length $s$, a circle centered at $E$ has radius $r$, and $r$ and $s$ are both rational. The circle passes through $D$, and $D$ lies on $\overline{BE}$. Point $F$ lies on the circle, on the same side of $\overline{BE}$ as $A$. Segment $AF$ is tangent to the circle, and $AF=\sqrt{9+5\sqrt{2}}$. The original answer is in \frac{k}{m} format, where $k$ and $m$ are integers. Please give the value of $k + m$.	"Step 6:  Therefore, the values of a, b, and c are 3, √6, and 1, respectively, and the final answer is k+m=12.
Answer: 12"
125	Square $ABCD$ has side length $s$, a circle centered at $E$ has radius $r$, and $r$ and $s$ are both rational. The circle passes through $D$, and $D$ lies on $\overline{BE}$. Point $F$ lies on the circle, on the same side of $\overline{BE}$ as $A$. Segment $AF$ is tangent to the circle, and $AF=\sqrt{9+5\sqrt{2}}$. The original answer is in \frac{k}{m} format, where $k$ and $m$ are integers. Please give the value of $k + m$.	"[ 9 + 5\sqrt{2} + \left(s - \frac{s}{2}\right)^2 = s^2 \]
\[ 9 + 5\sqrt{2} + \left(\frac{s}{2}\right)^2 = s^2 \]
\[ 9 + "
126	Square $ABCD$ has side length $s$, a circle centered at $E$ has radius $r$, and $r$ and $s$ are both rational. The circle passes through $D$, and $D$ lies on $\overline{BE}$. Point $F$ lies on the circle, on the same side of $\overline{BE}$ as $A$. Segment $AF$ is tangent to the circle, and $AF=\sqrt{9+5\sqrt{2}}$. The original answer is in \frac{k}{m} format, where $k$ and $m$ are integers. Please give the value of $k + m$.	"the values and confirm the answer in the form \(\frac{k}{m}\). Then, the final step will be \(k + m\).

\[
\boxed{42}
\]"
127	Square $ABCD$ has side length $s$, a circle centered at $E$ has radius $r$, and $r$ and $s$ are both rational. The circle passes through $D$, and $D$ lies on $\overline{BE}$. Point $F$ lies on the circle, on the same side of $\overline{BE}$ as $A$. Segment $AF$ is tangent to the circle, and $AF=\sqrt{9+5\sqrt{2}}$. The original answer is in \frac{k}{m} format, where $k$ and $m$ are integers. Please give the value of $k + m$.	" - \sqrt{2(\sqrt{145} + 16)} \)

The value of \( k + m \) is \( 45 \). Therefore, the final answer is:

\[
\boxed{45}
\]"
128	Square $ABCD$ has side length $s$, a circle centered at $E$ has radius $r$, and $r$ and $s$ are both rational. The circle passes through $D$, and $D$ lies on $\overline{BE}$. Point $F$ lies on the circle, on the same side of $\overline{BE}$ as $A$. Segment $AF$ is tangent to the circle, and $AF=\sqrt{9+5\sqrt{2}}$. The original answer is in \frac{k}{m} format, where $k$ and $m$ are integers. Please give the value of $k + m$.	", we can rationalize the numerator:

$k = \frac{18 + 10\sqrt{2}}{4}$

$k = \frac{(9 + 5\sqrt{2})^2}{2}$

$k = \frac{81 +"
129	In triangle \(ABC\), \(\measuredangle CBA=72^\circ\), \(E\) is the midpoint of side \(AC\), and \(D\) is a point on side \(BC\) such that \(2BD=DC\); \(AD\) and \(BE\) intersect at \(F\). Find the ratio of the area of triangle \(BDF\) to the area of quadrilateral \(FDCE\). The original answer is in \(\frac{k}{m}\) format, please give the value of k + m.	 triangle BDF to the area of quadrilateral FDCE is \(\frac{1}{3}\), so \( k = 1 \) and \( m = 3 \), and \( k + m = 4 \).
130	In triangle \(ABC\), \(\measuredangle CBA=72^\circ\), \(E\) is the midpoint of side \(AC\), and \(D\) is a point on side \(BC\) such that \(2BD=DC\); \(AD\) and \(BE\) intersect at \(F\). Find the ratio of the area of triangle \(BDF\) to the area of quadrilateral \(FDCE\). The original answer is in \(\frac{k}{m}\) format, please give the value of k + m.	"Ratio} = \frac{4(7 + 4\sqrt{3})}{c^3 + 3a_x^3c}
\]

To simplify further, let's assume \(c = a_x\) (since it's a triangle"
131	In triangle \(ABC\), \(\measuredangle CBA=72^\circ\), \(E\) is the midpoint of side \(AC\), and \(D\) is a point on side \(BC\) such that \(2BD=DC\); \(AD\) and \(BE\) intersect at \(F\). Find the ratio of the area of triangle \(BDF\) to the area of quadrilateral \(FDCE\). The original answer is in \(\frac{k}{m}\) format, please give the value of k + m.	"ac{1}{2} \cdot \frac{c^2 h}{3(6 + h)}
  \]

- **Area of Quadrilateral \(FDCE\)**:
  First, find the area of triangle \(F"
132	In triangle \(ABC\), \(\measuredangle CBA=72^\circ\), \(E\) is the midpoint of side \(AC\), and \(D\) is a point on side \(BC\) such that \(2BD=DC\); \(AD\) and \(BE\) intersect at \(F\). Find the ratio of the area of triangle \(BDF\) to the area of quadrilateral \(FDCE\). The original answer is in \(\frac{k}{m}\) format, please give the value of k + m.	"rea of triangle \(BDF\) to the area of quadrilateral \(FDCE\) is \(1\). Therefore, the final answer is:

\[
\boxed{1}
\]"
133	In triangle \(ABC\), \(\measuredangle CBA=72^\circ\), \(E\) is the midpoint of side \(AC\), and \(D\) is a point on side \(BC\) such that \(2BD=DC\); \(AD\) and \(BE\) intersect at \(F\). Find the ratio of the area of triangle \(BDF\) to the area of quadrilateral \(FDCE\). The original answer is in \(\frac{k}{m}\) format, please give the value of k + m.	"c{1}{2}\), where \( k = 1 \) and \( m = 2 \).

Thus, the value of \( k + m \) is \( 1 + 2 = 3 \).

Answer: \(\boxed{3}\)"
134	In triangle \(ABC\), \(\measuredangle CBA=72^\circ\), \(E\) is the midpoint of side \(AC\), and \(D\) is a point on side \(BC\) such that \(2BD=DC\); \(AD\) and \(BE\) intersect at \(F\). Find the ratio of the area of triangle \(BDF\) to the area of quadrilateral \(FDCE\). The original answer is in \(\frac{k}{m}\) format, please give the value of k + m.	"which will give us the answer to the problem.

Answer: The values of k and m are 12 and 23, respectively, so k + m = 35."
135	In triangle \(ABC\), \(\measuredangle CBA=72^\circ\), \(E\) is the midpoint of side \(AC\), and \(D\) is a point on side \(BC\) such that \(2BD=DC\); \(AD\) and \(BE\) intersect at \(F\). Find the ratio of the area of triangle \(BDF\) to the area of quadrilateral \(FDCE\). The original answer is in \(\frac{k}{m}\) format, please give the value of k + m.	"\).
Step 9:  By following these steps, we can solve the problem and find the required ratio.
Step 10:  Answer: Answer: 2"
136	In triangle \(ABC\), \(\measuredangle CBA=72^\circ\), \(E\) is the midpoint of side \(AC\), and \(D\) is a point on side \(BC\) such that \(2BD=DC\); \(AD\) and \(BE\) intersect at \(F\). Find the ratio of the area of triangle \(BDF\) to the area of quadrilateral \(FDCE\). The original answer is in \(\frac{k}{m}\) format, please give the value of k + m.	"easurements, let's find the ratio of the areas of triangle \(BDF\) to the area of quadrilateral \(FDCE\).

Answer: 23/36"
137	Matt's four cousins are coming to visit. There are four identical rooms that they can stay in. If any number of the cousins can stay in one room, how many different ways are there to put the cousins in the rooms?	"}) + 6 (2 \text{ cousins}) + 256 (1 \text{ cousin per room} - 3 \text{ rooms}) = 266 \).

### Final Answer:

Answer: 266"
138	Matt's four cousins are coming to visit. There are four identical rooms that they can stay in. If any number of the cousins can stay in one room, how many different ways are there to put the cousins in the rooms?	re 16 different ways to put the cousins in the rooms, since there are 16 possible combinations of 0s and 1s of length 4.
139	Matt's four cousins are coming to visit. There are four identical rooms that they can stay in. If any number of the cousins can stay in one room, how many different ways are there to put the cousins in the rooms?	" each of the four cousins has 4 choices, and we need to multiply the choices together (4 * 4 * 4 * 4 = 4^4).
Answer: 256"
140	Matt's four cousins are coming to visit. There are four identical rooms that they can stay in. If any number of the cousins can stay in one room, how many different ways are there to put the cousins in the rooms?	"**Conclusion**: There are 35 different ways to put the cousins in the rooms.

Therefore, the final answer is:
\boxed{35}"
141	Matt's four cousins are coming to visit. There are four identical rooms that they can stay in. If any number of the cousins can stay in one room, how many different ways are there to put the cousins in the rooms?	" / (3 * 2 * 1 * 4 * 3 * 2 * 1) = 35

Answer: 35

Therefore, there are 35 different ways to put the cousins in the rooms."
142	Matt's four cousins are coming to visit. There are four identical rooms that they can stay in. If any number of the cousins can stay in one room, how many different ways are there to put the cousins in the rooms?	um_{i=0}^{4} (-1)^{4-i} \binom{4}{i} i^4 = \frac{1}{24} \left[ (-1)^{4-0} \binom{4}{0} 0^4 + (-1)^{4-1} \binom{4}{1} 1^4
143	Matt's four cousins are coming to visit. There are four identical rooms that they can stay in. If any number of the cousins can stay in one room, how many different ways are there to put the cousins in the rooms?	"```
```output
15
```
The number of different ways to put the four cousins in the four identical rooms is \(\boxed{15}\)."
144	Matt's four cousins are coming to visit. There are four identical rooms that they can stay in. If any number of the cousins can stay in one room, how many different ways are there to put the cousins in the rooms?	"21
\]

### Step 5: Final Answer
The total number of ways to distribute the cousins into the rooms is **21**.

Answer: 21"
145	What is the largest even positive integer that cannot be expressed as the sum of two composite odd numbers?	"ger that cannot be expressed as the sum of two composite odd numbers is:"", largest_unrepresentable)
```

Answer: **172**"
146	What is the largest even positive integer that cannot be expressed as the sum of two composite odd numbers?	"positive integer that cannot be expressed as the sum of two composite odd numbers. Therefore, the answer is:

Answer: 36"
147	What is the largest even positive integer that cannot be expressed as the sum of two composite odd numbers?	"ore, 2 is the largest even positive integer that cannot be expressed as the sum of two composite odd numbers.

Answer: 2"
148	What is the largest even positive integer that cannot be expressed as the sum of two composite odd numbers?	"he largest even positive integer that cannot be expressed as the sum of two composite odd numbers is **18**.

Answer: 18"
149	What is the largest even positive integer that cannot be expressed as the sum of two composite odd numbers?	" the largest even positive integer that cannot be expressed as the sum of two composite odd numbers is:

\[
\boxed{7}
\]"
150	What is the largest even positive integer that cannot be expressed as the sum of two composite odd numbers?	"the sum of two composite odd numbers. Therefore, **20** is indeed the largest such number.

### Final Answer:
Answer: 20"
151	What is the largest even positive integer that cannot be expressed as the sum of two composite odd numbers?	" and all larger even numbers can be expressed in this way, 20 is indeed the answer.

### **Final Answer**
Answer: **20**"
152	What is the largest even positive integer that cannot be expressed as the sum of two composite odd numbers?	"ncluding 9 and 15.
20. **40**: Possible (15 + 25 = 40, but 25 is not composite).
    - Another combination: 9 + 31 = 40,"
153	Find the sum of all two-digit prime numbers whose digits are also both prime numbers.	"re also prime are 23 and 37. The sum of these numbers is:
\[ 23 + 37 = 60 \]

Therefore, the answer is:
\[
\boxed{60}
\]"
154	Find the sum of all two-digit prime numbers whose digits are also both prime numbers.	"ly, we calculate the sum of these numbers:
13 + 17 + 23 + 31 + 37 + 53 + 71 + 73 = 285.

So, the answer is:

\boxed{285}"
155	Find the sum of all two-digit prime numbers whose digits are also both prime numbers.	"3
   \]
   
5. **Final Answer:**
   Therefore, the sum of all such two-digit prime numbers is:
   \[
   \boxed{23}
   \]"
156	Find the sum of all two-digit prime numbers whose digits are also both prime numbers.	"53 + 59 + 71 + 73 + 79 = 428

Answer: The sum of all two-digit prime numbers whose digits are also prime numbers is 428."
157	Find the sum of all two-digit prime numbers whose digits are also both prime numbers.	" = 186
   \]

Therefore, the sum of all two-digit prime numbers whose digits are also both prime numbers is \boxed{186}."
158	Find the sum of all two-digit prime numbers whose digits are also both prime numbers.	"bers are 37 and 73. The sum of these two numbers is \(37 + 73 = 110\).

Therefore, the final answer is:

\(\boxed{110}\)"
159	Find the sum of all two-digit prime numbers whose digits are also both prime numbers.	"``
```output
186
```
The sum of all two-digit prime numbers whose digits are also both prime numbers is \(\boxed{186}\)."
160	Find the sum of all two-digit prime numbers whose digits are also both prime numbers.	"= sum(prime_digit_primes)

# The final answer is the sum of the prime numbers from Step 3.
Answer: <prime_digit_sum>
```"
161	Let $ABCD$ be a rectangle. Circles with diameters $AB$ and $CD$ meet at points $P$ and $Q$ inside the rectangle such that $P$ is closer to segment $BC$ than $Q$. Let $M$ and $N$ be the midpoints of segments $AB$ and $CD$. If $\angle MPN = 40^\circ$, find the degree measure of $\angle BPC$.	" Therefore, \(\angle BPC = 180^\circ - 40^\circ = 140^\circ\).

The degree measure of \(\angle BPC\) is \(\boxed{140}\)."
162	Let $ABCD$ be a rectangle. Circles with diameters $AB$ and $CD$ meet at points $P$ and $Q$ inside the rectangle such that $P$ is closer to segment $BC$ than $Q$. Let $M$ and $N$ be the midpoints of segments $AB$ and $CD$. If $\angle MPN = 40^\circ$, find the degree measure of $\angle BPC$.	"c\).

5. **Conclusion:**
   - The degree measure of \(\angle BPC\) is \(50^\circ\).

Thus, the answer is \(\boxed{50}\)."
163	Let $ABCD$ be a rectangle. Circles with diameters $AB$ and $CD$ meet at points $P$ and $Q$ inside the rectangle such that $P$ is closer to segment $BC$ than $Q$. Let $M$ and $N$ be the midpoints of segments $AB$ and $CD$. If $\angle MPN = 40^\circ$, find the degree measure of $\angle BPC$.	"onclusion**: Therefore, $\angle BPC = \angle MPN = 40^\circ$.

Thus, the degree measure of $\angle BPC$ is $\boxed{40}$."
164	Let $ABCD$ be a rectangle. Circles with diameters $AB$ and $CD$ meet at points $P$ and $Q$ inside the rectangle such that $P$ is closer to segment $BC$ than $Q$. Let $M$ and $N$ be the midpoints of segments $AB$ and $CD$. If $\angle MPN = 40^\circ$, find the degree measure of $\angle BPC$.	"case, it is directly related to the angle \(\angle BPC\).

Thus, the degree measure of \(\angle BPC\) is \(\boxed{20}\)."
165	Let $ABCD$ be a rectangle. Circles with diameters $AB$ and $CD$ meet at points $P$ and $Q$ inside the rectangle such that $P$ is closer to segment $BC$ than $Q$. Let $M$ and $N$ be the midpoints of segments $AB$ and $CD$. If $\angle MPN = 40^\circ$, find the degree measure of $\angle BPC$.	"get:

\[ \angle BPC = 180^\circ - 40^\circ = 140^\circ \]

Therefore, the measure of $\angle BPC$ is:

\[ \boxed{140} \]"
166	Let $ABCD$ be a rectangle. Circles with diameters $AB$ and $CD$ meet at points $P$ and $Q$ inside the rectangle such that $P$ is closer to segment $BC$ than $Q$. Let $M$ and $N$ be the midpoints of segments $AB$ and $CD$. If $\angle MPN = 40^\circ$, find the degree measure of $\angle BPC$.	", making it half the measure of ∠MPN.
Step 8:  Therefore, the angle BPC can be calculated as 40° / 2 = 20°.

Answer: 20°"
167	Let $ABCD$ be a rectangle. Circles with diameters $AB$ and $CD$ meet at points $P$ and $Q$ inside the rectangle such that $P$ is closer to segment $BC$ than $Q$. Let $M$ and $N$ be the midpoints of segments $AB$ and $CD$. If $\angle MPN = 40^\circ$, find the degree measure of $\angle BPC$.	"efore, \(\angle BPC = 180^\circ - 40^\circ = 140^\circ\).

Thus, the degree measure of \(\angle BPC\) is \(\boxed{70}\)."
168	Let $ABCD$ be a rectangle. Circles with diameters $AB$ and $CD$ meet at points $P$ and $Q$ inside the rectangle such that $P$ is closer to segment $BC$ than $Q$. Let $M$ and $N$ be the midpoints of segments $AB$ and $CD$. If $\angle MPN = 40^\circ$, find the degree measure of $\angle BPC$.	"efore, \(\angle BPC = 180^\circ - 140^\circ = 40^\circ\).

Thus, the degree measure of \(\angle BPC\) is \(\boxed{50}\)."
169	How many non-congruent isosceles triangles, including equilateral triangles, have positive integer side lengths and a perimeter less than 20?	 of non-congruent isosceles triangles with positive integer side lengths and a perimeter less than 20 is \(\boxed{27}\).
170	How many non-congruent isosceles triangles, including equilateral triangles, have positive integer side lengths and a perimeter less than 20?	re three non-congruent isosceles triangles with positive integer side lengths and a perimeter less than 20: $\boxed{3}$.
171	How many non-congruent isosceles triangles, including equilateral triangles, have positive integer side lengths and a perimeter less than 20?	"n \( x \) and less than \( 2x + y \).

Adding up all the possibilities from each case, we get:
- Case 1 (Equilateral): 1"
172	How many non-congruent isosceles triangles, including equilateral triangles, have positive integer side lengths and a perimeter less than 20?	number of non-congruent isosceles triangles with positive integer side lengths and a perimeter less than 20 is <answer>.
173	How many non-congruent isosceles triangles, including equilateral triangles, have positive integer side lengths and a perimeter less than 20?	"gths 2, 2, and 6.
6. Isosceles triangle with sides of lengths 2, 6, and 6.

These triangles are unique up to congruence."
174	How many non-congruent isosceles triangles, including equilateral triangles, have positive integer side lengths and a perimeter less than 20?	", 12, 12)

Thus, the total number of non-congruent isosceles triangles that meet the given criteria is:

\[
\boxed{3}
\]"
175	How many non-congruent isosceles triangles, including equilateral triangles, have positive integer side lengths and a perimeter less than 20?	t isosceles triangles, including equilateral triangles, with positive integer side lengths and a perimeter less than 20.
176	How many non-congruent isosceles triangles, including equilateral triangles, have positive integer side lengths and a perimeter less than 20?	"iangles: \((6, 6, 1), (6, 6, 2), (6, 6, 3), (6, 6, 4), (6, 6, 5), (6, 6, 6), (6, 6, 7)\)

- **Case 7:** \(a = 7\)
  - \("
177	Given integers $m, n \geqslant 2$. Color each cell of an $m$-row by $n$-column grid $S$ with either red or blue such that the following condition is satisfied: For any two cells in the same row, if both are colored red, then one column must have all cells colored red, and the other column must have at least one cell colored blue. Find the number of different coloring methods. Please provide the value when $m = 2$ and $n = 3$.	 number of different coloring methods is Answer: $R$ with the given value of $m=2$ and $n=3$, the answer is Answer: $5$.
178	Given integers $m, n \geqslant 2$. Color each cell of an $m$-row by $n$-column grid $S$ with either red or blue such that the following condition is satisfied: For any two cells in the same row, if both are colored red, then one column must have all cells colored red, and the other column must have at least one cell colored blue. Find the number of different coloring methods. Please provide the value when $m = 2$ and $n = 3$.	"```
The number of different valid colorings for a $2 \times 3$ grid, where the condition is satisfied, is \(\boxed{6}\)."
179	Given integers $m, n \geqslant 2$. Color each cell of an $m$-row by $n$-column grid $S$ with either red or blue such that the following condition is satisfied: For any two cells in the same row, if both are colored red, then one column must have all cells colored red, and the other column must have at least one cell colored blue. Find the number of different coloring methods. Please provide the value when $m = 2$ and $n = 3$.	"3 = 5 \times 3 = 15
   \]

Thus, the number of different coloring methods for \(m = 2\) and \(n = 3\) is \(\boxed{15}\)."
180	Given integers $m, n \geqslant 2$. Color each cell of an $m$-row by $n$-column grid $S$ with either red or blue such that the following condition is satisfied: For any two cells in the same row, if both are colored red, then one column must have all cells colored red, and the other column must have at least one cell colored blue. Find the number of different coloring methods. Please provide the value when $m = 2$ and $n = 3$.	"For \( m = 2 \) and \( n = 3 \), the number of different colorings is \( 6^2 = 36 \).

### Final Answer
\[
\boxed{36}
\]"
181	Given integers $m, n \geqslant 2$. Color each cell of an $m$-row by $n$-column grid $S$ with either red or blue such that the following condition is satisfied: For any two cells in the same row, if both are colored red, then one column must have all cells colored red, and the other column must have at least one cell colored blue. Find the number of different coloring methods. Please provide the value when $m = 2$ and $n = 3$.	"text{BRR}
\]

Therefore, the total number of different coloring methods for a 2-row by 3-column grid is:
\[
\boxed{2}
\]"
182	Given integers $m, n \geqslant 2$. Color each cell of an $m$-row by $n$-column grid $S$ with either red or blue such that the following condition is satisfied: For any two cells in the same row, if both are colored red, then one column must have all cells colored red, and the other column must have at least one cell colored blue. Find the number of different coloring methods. Please provide the value when $m = 2$ and $n = 3$.	"tal number of different coloring methods is $2^2 = 4$.
Step 5:  Thus, the value when $m = 2$ and $n = 3$ is 4.
Answer: 4"
183	Given integers $m, n \geqslant 2$. Color each cell of an $m$-row by $n$-column grid $S$ with either red or blue such that the following condition is satisfied: For any two cells in the same row, if both are colored red, then one column must have all cells colored red, and the other column must have at least one cell colored blue. Find the number of different coloring methods. Please provide the value when $m = 2$ and $n = 3$.	"ring_methods)
```
```output
4
```
The total number of different coloring methods for $m = 2$ and $n = 3$ is $\boxed{4}$."
184	Given integers $m, n \geqslant 2$. Color each cell of an $m$-row by $n$-column grid $S$ with either red or blue such that the following condition is satisfied: For any two cells in the same row, if both are colored red, then one column must have all cells colored red, and the other column must have at least one cell colored blue. Find the number of different coloring methods. Please provide the value when $m = 2$ and $n = 3$.	"R:
        - Row 2 can be R B R or B B B (2 ways)
    - If Row 1 is R R B:
        - Row 2 can be R B R or B R R (2 ways"
185	"For any positive integer $n$, define a function $f$ by \[f(n)=2n+1-2^{\lfloor\log_2n\rfloor+1}.\] Let $f^m$ denote the function $f$ applied $m$ times. Determine the number of integers $n$ between $1$ and $65535$ inclusive such that $f^n(n)=f^{2015}(2015)."""	The number of integers \( n \) between 1 and 65535 inclusive such that \( f^n(n) = f^{2015}(2015) \) is \(\boxed{302}\).
186	"For any positive integer $n$, define a function $f$ by \[f(n)=2n+1-2^{\lfloor\log_2n\rfloor+1}.\] Let $f^m$ denote the function $f$ applied $m$ times. Determine the number of integers $n$ between $1$ and $65535$ inclusive such that $f^n(n)=f^{2015}(2015)."""	e number of integers \( n \) between 1 and 65535 inclusive such that \( f^n(n) = f^{2015}(2015) \) is \(\boxed{65535}\).
187	"For any positive integer $n$, define a function $f$ by \[f(n)=2n+1-2^{\lfloor\log_2n\rfloor+1}.\] Let $f^m$ denote the function $f$ applied $m$ times. Determine the number of integers $n$ between $1$ and $65535$ inclusive such that $f^n(n)=f^{2015}(2015)."""	"12) + 1 - 2^3 = 23 \)
   - \( f(13) = 2(13) + 1 - 2^3 = 25 \)
   - \( f(14) = 2(14) + 1 - 2^3 = 27 \)
   - \( f(15) = 2("
188	"For any positive integer $n$, define a function $f$ by \[f(n)=2n+1-2^{\lfloor\log_2n\rfloor+1}.\] Let $f^m$ denote the function $f$ applied $m$ times. Determine the number of integers $n$ between $1$ and $65535$ inclusive such that $f^n(n)=f^{2015}(2015)."""	wer: The number of integers $n$ between $1$ and $65535$ inclusive such that $f^n(n)=f^{2015}(2015)$ is the final answer.
189	"For any positive integer $n$, define a function $f$ by \[f(n)=2n+1-2^{\lfloor\log_2n\rfloor+1}.\] Let $f^m$ denote the function $f$ applied $m$ times. Determine the number of integers $n$ between $1$ and $65535$ inclusive such that $f^n(n)=f^{2015}(2015)."""	" use it to determine the number of integers n between 1 and 65535 inclusive such that f^n(n) = f^{2015}(n).

Answer: 100"
190	"For any positive integer $n$, define a function $f$ by \[f(n)=2n+1-2^{\lfloor\log_2n\rfloor+1}.\] Let $f^m$ denote the function $f$ applied $m$ times. Determine the number of integers $n$ between $1$ and $65535$ inclusive such that $f^n(n)=f^{2015}(2015)."""	" \( f(n) \) for \( n = 2000 \)
Next, compute \( \lfloor \log_2 2000 \rfloor \):
\[
\log_2 2000 \approx 10.96578 \implies"
191	"For any positive integer $n$, define a function $f$ by \[f(n)=2n+1-2^{\lfloor\log_2n\rfloor+1}.\] Let $f^m$ denote the function $f$ applied $m$ times. Determine the number of integers $n$ between $1$ and $65535$ inclusive such that $f^n(n)=f^{2015}(2015)."""	"ount += 1

count = 0
find_n()
print(count)
```
```output
NameError: name 'math' is not defined
```
It looks like there's"
192	"For any positive integer $n$, define a function $f$ by \[f(n)=2n+1-2^{\lfloor\log_2n\rfloor+1}.\] Let $f^m$ denote the function $f$ applied $m$ times. Determine the number of integers $n$ between $1$ and $65535$ inclusive such that $f^n(n)=f^{2015}(2015)."""	"re, the number of integers $n$ between 1 and 65535 inclusive such that $f^n(n) = f^{2015}(2015)$ is 32767.
Answer: 32767"
193	Suppose \( xy - 5x + 2y = 30 \), where \( x \) and \( y \) are positive integers. Find the sum of all possible values of \( x \).	"d the sum of these values is \(3 + 4 = 7\).
Step 16:  Therefore, the sum of all possible values of \(x\) is 7.
Answer: 7"
194	Suppose \( xy - 5x + 2y = 30 \), where \( x \) and \( y \) are positive integers. Find the sum of all possible values of \( x \).	"sum of these values is:
   \[
   2 + 3 = 5
   \]

Therefore, the sum of all possible values of \( x \) is \(\boxed{5}\)."
195	Suppose \( xy - 5x + 2y = 30 \), where \( x \) and \( y \) are positive integers. Find the sum of all possible values of \( x \).	" possible values of \(x\):

\[ 2 + 3 + 6 + 8 + 18 = 37 \]

Therefore, the sum of all possible values of \(x\) is \(37\)."
196	Suppose \( xy - 5x + 2y = 30 \), where \( x \) and \( y \) are positive integers. Find the sum of all possible values of \( x \).	"of \( x \):
\[
2 + 3 + 6 + 8 + 18 + 38 = 75
\]
Therefore, the sum of all possible values of \( x \) is:
\[
\boxed{75}
\]"
197	Suppose \( xy - 5x + 2y = 30 \), where \( x \) and \( y \) are positive integers. Find the sum of all possible values of \( x \).	"erations:

Left side:
\[5 + 2 + 8 = 15\]

Right side:
\[5 - 8 + 3 = -3 + 3 = 0\]

So the equation now looks like:
\[15 ="
198	Suppose \( xy - 5x + 2y = 30 \), where \( x \) and \( y \) are positive integers. Find the sum of all possible values of \( x \).	" of all possible values of \( x \) is \( 2 + 3 = 5 \).

Therefore, the sum of all possible values of \( x \) is \( 5 \)."
199	Suppose \( xy - 5x + 2y = 30 \), where \( x \) and \( y \) are positive integers. Find the sum of all possible values of \( x \).	"ssible values of x
Finally, we find the sum of all possible values of x:

\begin{equation}
24
\end{equation}

Answer: 24"
200	Suppose \( xy - 5x + 2y = 30 \), where \( x \) and \( y \) are positive integers. Find the sum of all possible values of \( x \).	"e integers, so we'll find the values of x that give us positive integer solutions for y.

Answer: <possible values of x>"
201	"Let \(ABCD\) be a unit square. Let \(Q_1\) be the midpoint of \(\overline{CD}\). For \(i=1,2,\dots,\) let \(P_i\) be the intersection of \(\overline{AQ_i}\) and \(\overline{BD}\), and let \(Q_{i+1}\) be the foot of the perpendicular from \(P_i\) to \(\overline{CD}\). Find the value of 
\[\sum_{i=1}^{\infty} \text{Area of } \triangle DQ_i P_i \,.\]
The original answer is in \(\frac{k}{m}\) format, please give the value of k + m."	"} \cdot \frac{1/2}{1 - 1/2} = \frac{1}{4} \cdot 1 = \frac{1}{8}.
\]

So, the final answer is 
\[
\boxed{\frac{1}{8}}.
\]"
202	"Let \(ABCD\) be a unit square. Let \(Q_1\) be the midpoint of \(\overline{CD}\). For \(i=1,2,\dots,\) let \(P_i\) be the intersection of \(\overline{AQ_i}\) and \(\overline{BD}\), and let \(Q_{i+1}\) be the foot of the perpendicular from \(P_i\) to \(\overline{CD}\). Find the value of 
\[\sum_{i=1}^{\infty} \text{Area of } \triangle DQ_i P_i \,.\]
The original answer is in \(\frac{k}{m}\) format, please give the value of k + m."	"ormat, where \( k = 1 \) and \( m = 6 \). Therefore, \( k + m = 1 + 6 = 7 \).

So, the final answer is:

\[
\boxed{7}
\]"
203	"Let \(ABCD\) be a unit square. Let \(Q_1\) be the midpoint of \(\overline{CD}\). For \(i=1,2,\dots,\) let \(P_i\) be the intersection of \(\overline{AQ_i}\) and \(\overline{BD}\), and let \(Q_{i+1}\) be the foot of the perpendicular from \(P_i\) to \(\overline{CD}\). Find the value of 
\[\sum_{i=1}^{\infty} \text{Area of } \triangle DQ_i P_i \,.\]
The original answer is in \(\frac{k}{m}\) format, please give the value of k + m."	"text{Area of } \triangle DQ_i P_i\) is:
\[
\boxed{\frac{1}{3}}
\]

Therefore, \(k = 1\) and \(m = 3\), so \(k + m = 4\)."
204	"Let \(ABCD\) be a unit square. Let \(Q_1\) be the midpoint of \(\overline{CD}\). For \(i=1,2,\dots,\) let \(P_i\) be the intersection of \(\overline{AQ_i}\) and \(\overline{BD}\), and let \(Q_{i+1}\) be the foot of the perpendicular from \(P_i\) to \(\overline{CD}\). Find the value of 
\[\sum_{i=1}^{\infty} \text{Area of } \triangle DQ_i P_i \,.\]
The original answer is in \(\frac{k}{m}\) format, please give the value of k + m."	"thon
# Calculate the sum of the series
from sympy import summation, symbols, S

# Define the variable
i = symbols('i')

"
205	"Let \(ABCD\) be a unit square. Let \(Q_1\) be the midpoint of \(\overline{CD}\). For \(i=1,2,\dots,\) let \(P_i\) be the intersection of \(\overline{AQ_i}\) and \(\overline{BD}\), and let \(Q_{i+1}\) be the foot of the perpendicular from \(P_i\) to \(\overline{CD}\). Find the value of 
\[\sum_{i=1}^{\infty} \text{Area of } \triangle DQ_i P_i \,.\]
The original answer is in \(\frac{k}{m}\) format, please give the value of k + m."	"ght)\).
   - Using the formula for the area of a triangle with vertices \((x_1, y_1)\), \((x_2, y_2)\), \((x_3, y_3)\):
"
206	"Let \(ABCD\) be a unit square. Let \(Q_1\) be the midpoint of \(\overline{CD}\). For \(i=1,2,\dots,\) let \(P_i\) be the intersection of \(\overline{AQ_i}\) and \(\overline{BD}\), and let \(Q_{i+1}\) be the foot of the perpendicular from \(P_i\) to \(\overline{CD}\). Find the value of 
\[\sum_{i=1}^{\infty} \text{Area of } \triangle DQ_i P_i \,.\]
The original answer is in \(\frac{k}{m}\) format, please give the value of k + m."	1 \) and \( DQ_2 P_2 \) are identical and their sum is equal to half the area of \( ABCD \), the sum is \(\frac{1}{2}\).
207	"Let \(ABCD\) be a unit square. Let \(Q_1\) be the midpoint of \(\overline{CD}\). For \(i=1,2,\dots,\) let \(P_i\) be the intersection of \(\overline{AQ_i}\) and \(\overline{BD}\), and let \(Q_{i+1}\) be the foot of the perpendicular from \(P_i\) to \(\overline{CD}\). Find the value of 
\[\sum_{i=1}^{\infty} \text{Area of } \triangle DQ_i P_i \,.\]
The original answer is in \(\frac{k}{m}\) format, please give the value of k + m."	"ac{1}{9}\), so \(k = 1\) and \(m = 9\).
   - Therefore, \(k + m = 1 + 9 = 10\).

The final answer is \(\boxed{10}\).

To"
208	"Let \(ABCD\) be a unit square. Let \(Q_1\) be the midpoint of \(\overline{CD}\). For \(i=1,2,\dots,\) let \(P_i\) be the intersection of \(\overline{AQ_i}\) and \(\overline{BD}\), and let \(Q_{i+1}\) be the foot of the perpendicular from \(P_i\) to \(\overline{CD}\). Find the value of 
\[\sum_{i=1}^{\infty} \text{Area of } \triangle DQ_i P_i \,.\]
The original answer is in \(\frac{k}{m}\) format, please give the value of k + m."	"text{Area} = \frac{1}{2} \left| \frac{i}{i + 1} \cdot \frac{i}{i + 1} \right| = \frac{1}{2} \cdot \frac{i^2}{(i + 1)^2}
"
209	Given a set of positive integers with the sum of any seven of them less than 15 and the sum of all the numbers in the set equal to 100, determine the least possible number of elements in this set.	"ber greater than 1, the smallest possible number of elements in the set is indeed 100, consisting of all 1s.
Answer: 100"
210	Given a set of positive integers with the sum of any seven of them less than 15 and the sum of all the numbers in the set equal to 100, determine the least possible number of elements in this set.	"15. This also gives us a total sum of 100. Therefore, the least possible number of elements in this set is 8.

Answer: 8"
211	Given a set of positive integers with the sum of any seven of them less than 15 and the sum of all the numbers in the set equal to 100, determine the least possible number of elements in this set.	"15, then 15n/7 < 15, which gives us n = 7.
Step 7: So, the least possible number of elements in the set is 7.

Answer: 7"
212	Given a set of positive integers with the sum of any seven of them less than 15 and the sum of all the numbers in the set equal to 100, determine the least possible number of elements in this set.	"s the condition for the sum of any seven integers being less than 15, and the sum of all the integers is 100.

Answer: 7"
213	Given a set of positive integers with the sum of any seven of them less than 15 and the sum of all the numbers in the set equal to 100, determine the least possible number of elements in this set.	"ot satisfy the condition.
Step 20: Therefore, we need to consider the possibility of four numbers in the set.

Answer: 4"
214	Given a set of positive integers with the sum of any seven of them less than 15 and the sum of all the numbers in the set equal to 100, determine the least possible number of elements in this set.	"which is satisfied with 1s.

Therefore, the least possible number of elements in the set is 100, where each number is 1."
215	Given a set of positive integers with the sum of any seven of them less than 15 and the sum of all the numbers in the set equal to 100, determine the least possible number of elements in this set.	"he criteria given in the problem.
Step 13: Therefore, the least possible number of elements in this set is 7.

Answer: 7"
216	Given a set of positive integers with the sum of any seven of them less than 15 and the sum of all the numbers in the set equal to 100, determine the least possible number of elements in this set.	Answer: 28
217	Shayan is playing a game by himself. He picks **relatively prime** integers $a$ and $b$ such that $1 < a < b < 2020$. He wins if every integer $m \geq \frac{ab}{2}$ can be expressed in the form $ax + by$ for nonnegative integers $x$ and $y$. He hasn't been winning often, so he decides to write down all winning pairs $(a, b)$, from $(a_1, b_1)$ to $(a_n, b_n)$. What is $b_1 + b_2 + \ldots + b_n$?	"_2 + \ldots + b_n \) is approximately \( 1510 \times 2020 = 3041200 \).

Therefore, the answer is:
\[
\boxed{3041200}
\]"
218	Shayan is playing a game by himself. He picks **relatively prime** integers $a$ and $b$ such that $1 < a < b < 2020$. He wins if every integer $m \geq \frac{ab}{2}$ can be expressed in the form $ax + by$ for nonnegative integers $x$ and $y$. He hasn't been winning often, so he decides to write down all winning pairs $(a, b)$, from $(a_1, b_1)$ to $(a_n, b_n)$. What is $b_1 + b_2 + \ldots + b_n$?	"al_sum_b)
```
```output
9869340
```
The sum of all \(b\) values for the winning pairs \((a, b)\) is \(\boxed{9869340}\)."
219	Shayan is playing a game by himself. He picks **relatively prime** integers $a$ and $b$ such that $1 < a < b < 2020$. He wins if every integer $m \geq \frac{ab}{2}$ can be expressed in the form $ax + by$ for nonnegative integers $x$ and $y$. He hasn't been winning often, so he decides to write down all winning pairs $(a, b)$, from $(a_1, b_1)$ to $(a_n, b_n)$. What is $b_1 + b_2 + \ldots + b_n$?	of the last elements of all winning pairs $(a, b)$ where $1 < a < b < 2020$ and $\gcd(a, b) = 1$ is \(\boxed{9217344}\).
220	Shayan is playing a game by himself. He picks **relatively prime** integers $a$ and $b$ such that $1 < a < b < 2020$. He wins if every integer $m \geq \frac{ab}{2}$ can be expressed in the form $ax + by$ for nonnegative integers $x$ and $y$. He hasn't been winning often, so he decides to write down all winning pairs $(a, b)$, from $(a_1, b_1)$ to $(a_n, b_n)$. What is $b_1 + b_2 + \ldots + b_n$?	 b_2), \ldots, (a_n, b_n)\) where \(1 < a < b < 2020\) and \(a\) and \(b\) are relatively prime is \(\boxed{13107000}\).
221	Shayan is playing a game by himself. He picks **relatively prime** integers $a$ and $b$ such that $1 < a < b < 2020$. He wins if every integer $m \geq \frac{ab}{2}$ can be expressed in the form $ax + by$ for nonnegative integers $x$ and $y$. He hasn't been winning often, so he decides to write down all winning pairs $(a, b)$, from $(a_1, b_1)$ to $(a_n, b_n)$. What is $b_1 + b_2 + \ldots + b_n$?	frac{ab}{2}\) can be expressed in the form \(ax + by\) for nonnegative integers \(x\) and \(y\) is \(\boxed{81180859}\).
222	Shayan is playing a game by himself. He picks **relatively prime** integers $a$ and $b$ such that $1 < a < b < 2020$. He wins if every integer $m \geq \frac{ab}{2}$ can be expressed in the form $ax + by$ for nonnegative integers $x$ and $y$. He hasn't been winning often, so he decides to write down all winning pairs $(a, b)$, from $(a_1, b_1)$ to $(a_n, b_n)$. What is $b_1 + b_2 + \ldots + b_n$?	"
```
The sum of all \(b\) values for all winning pairs \((a, b)\) such that \(1 < a < b < 2020\) is \(\boxed{2073952}\)."
223	Shayan is playing a game by himself. He picks **relatively prime** integers $a$ and $b$ such that $1 < a < b < 2020$. He wins if every integer $m \geq \frac{ab}{2}$ can be expressed in the form $ax + by$ for nonnegative integers $x$ and $y$. He hasn't been winning often, so he decides to write down all winning pairs $(a, b)$, from $(a_1, b_1)$ to $(a_n, b_n)$. What is $b_1 + b_2 + \ldots + b_n$?	"+= 1
                    sum_b += b
                    if b > max_b:
                        max_b = b

print(sum_b)```"
224	Shayan is playing a game by himself. He picks **relatively prime** integers $a$ and $b$ such that $1 < a < b < 2020$. He wins if every integer $m \geq \frac{ab}{2}$ can be expressed in the form $ax + by$ for nonnegative integers $x$ and $y$. He hasn't been winning often, so he decides to write down all winning pairs $(a, b)$, from $(a_1, b_1)$ to $(a_n, b_n)$. What is $b_1 + b_2 + \ldots + b_n$?	"ate the sum of b values for all valid (a, b) pairs
total_sum = sum(i for i in range(2, 2020 + 1))
print(total_sum)
```"
225	Frist Campus Center is located $1$ mile north and $1$ mile west of Fine Hall. The area within $5$ miles of Fine Hall that is located north and east of Frist can be expressed in the form $\frac{a}{b} \pi - c$, where $a$, $b$, $c$ are positive integers and $a$ and $b$ are relatively prime. Find $a + b + c$.	"\(a = 25\), \(b = 4\), and \(c = 1\). Therefore, \(a + b + c = 25 + 4 + 1 = 30\).

Thus, the answer is:
\[
\boxed{30}
\]"
226	Frist Campus Center is located $1$ mile north and $1$ mile west of Fine Hall. The area within $5$ miles of Fine Hall that is located north and east of Frist can be expressed in the form $\frac{a}{b} \pi - c$, where $a$, $b$, $c$ are positive integers and $a$ and $b$ are relatively prime. Find $a + b + c$.	"ion
a = 25
b = 4
c = 0

# Calculate the final value of a + b + c
final_result = a + b + c
print(final_result)
```"
227	Frist Campus Center is located $1$ mile north and $1$ mile west of Fine Hall. The area within $5$ miles of Fine Hall that is located north and east of Frist can be expressed in the form $\frac{a}{b} \pi - c$, where $a$, $b$, $c$ are positive integers and $a$ and $b$ are relatively prime. Find $a + b + c$.	"(b = 4\), and \(c = 16\). The sum \(a + b + c\) is:
\[ 39 + 4 + 16 = 59. \]

Therefore, the answer is:
\[ \boxed{59}. \]"
228	Frist Campus Center is located $1$ mile north and $1$ mile west of Fine Hall. The area within $5$ miles of Fine Hall that is located north and east of Frist can be expressed in the form $\frac{a}{b} \pi - c$, where $a$, $b$, $c$ are positive integers and $a$ and $b$ are relatively prime. Find $a + b + c$.	"tant term outside the expression.
Step 8:  Therefore, the value of $a + b + c$ is $24 + 1 + 0 = \boxed{25}$.

Answer: 25"
229	Frist Campus Center is located $1$ mile north and $1$ mile west of Fine Hall. The area within $5$ miles of Fine Hall that is located north and east of Frist can be expressed in the form $\frac{a}{b} \pi - c$, where $a$, $b$, $c$ are positive integers and $a$ and $b$ are relatively prime. Find $a + b + c$.	"nd \(c = 0\). Therefore, the value of \(a + b + c\) is \(25 + 1 + 0 = 26\).

Thus, the final answer is:
\[
\boxed{26}
\]"
230	Frist Campus Center is located $1$ mile north and $1$ mile west of Fine Hall. The area within $5$ miles of Fine Hall that is located north and east of Frist can be expressed in the form $\frac{a}{b} \pi - c$, where $a$, $b$, $c$ are positive integers and $a$ and $b$ are relatively prime. Find $a + b + c$.	"irectly add \(a\), \(b\), and \(c\):
\[
a + b + c = 25 + 1 + 9 = 35
\]

Therefore, the final answer is:
\[
\boxed{35}
\]"
231	Frist Campus Center is located $1$ mile north and $1$ mile west of Fine Hall. The area within $5$ miles of Fine Hall that is located north and east of Frist can be expressed in the form $\frac{a}{b} \pi - c$, where $a$, $b$, $c$ are positive integers and $a$ and $b$ are relatively prime. Find $a + b + c$.	"$, $b = 1$, and $c = 5$.

Finally, we add $a$, $b$, and $c$ together to find the answer: $25 + 1 + 5 = 31$. 

Answer: 31"
232	Frist Campus Center is located $1$ mile north and $1$ mile west of Fine Hall. The area within $5$ miles of Fine Hall that is located north and east of Frist can be expressed in the form $\frac{a}{b} \pi - c$, where $a$, $b$, $c$ are positive integers and $a$ and $b$ are relatively prime. Find $a + b + c$.	"nt
area_segment = area_sector - area_small_circle

# Simplifying the expression
# Area_segment = (25 * cos^-1(1/5) -"
233	Three vertices of a parallelogram are \((2, -4), (-2, 8),\) and \((12, 7)\). Determine the sum of the three possible x-coordinates of the fourth vertex.	" only valid solution is \((0, 1)\). The sum of the three possible x-coordinates of the fourth vertex is:
\[
\boxed{0}
\]"
234	Three vertices of a parallelogram are \((2, -4), (-2, 8),\) and \((12, 7)\). Determine the sum of the three possible x-coordinates of the fourth vertex.	"12) + (-12) = 8 - 24 = -16
   \]

The sum of the three possible x-coordinates of the fourth vertex is:
\[
\boxed{-16}
\]"
235	Three vertices of a parallelogram are \((2, -4), (-2, 8),\) and \((12, 7)\). Determine the sum of the three possible x-coordinates of the fourth vertex.	"0\).
Step 15:  Therefore, the sum of the three possible x-coordinates of the fourth vertex is \(\boxed{40}\).
Answer: 40"
236	Three vertices of a parallelogram are \((2, -4), (-2, 8),\) and \((12, 7)\). Determine the sum of the three possible x-coordinates of the fourth vertex.	( m \) which is the sum of the possible \( x \)-coordinates of the fourth vertex of the parallelogram is \(\boxed{10}\).
237	Three vertices of a parallelogram are \((2, -4), (-2, 8),\) and \((12, 7)\). Determine the sum of the three possible x-coordinates of the fourth vertex.	"s is \(8 + (-12) = -4\).

Therefore, the sum of the three possible x-coordinates of the fourth vertex is \(\boxed{-4}\)."
238	Three vertices of a parallelogram are \((2, -4), (-2, 8),\) and \((12, 7)\). Determine the sum of the three possible x-coordinates of the fourth vertex.	" \(16 + 8 + 12 = 36\). Therefore, the sum of the three possible x-coordinates of the fourth vertex is:

\[
\boxed{36}
\]"
239	Three vertices of a parallelogram are \((2, -4), (-2, 8),\) and \((12, 7)\). Determine the sum of the three possible x-coordinates of the fourth vertex.	"e final answer is the sum of the x-coordinates that we found, which is the result we are looking for.
Answer: Answer: 18"
240	Three vertices of a parallelogram are \((2, -4), (-2, 8),\) and \((12, 7)\). Determine the sum of the three possible x-coordinates of the fourth vertex.	"we sum the x-coordinates of the fourth vertices:
\[
\text{Sum} = 8 + 16 + 8 = 32
\]

Thus, the sum of the three possible"
241	The number $r$ can be expressed as a four-place decimal $0.abcd,$ where $a, b, c,$ and $d$ represent digits, any of which could be zero. It is desired to approximate $r$ by a fraction whose numerator is 1 or 2 and whose denominator is an integer. The closest such fraction to $r$ is $\frac 27.$ What is the number of possible values for $r$?	"t of range})
\]

For \( n = 14 \):
\[
\frac{2}{14} = 0.1429 \quad (\text{out of range})
\]

For \( n = 15 \):
\[
\frac{2"
242	The number $r$ can be expressed as a four-place decimal $0.abcd,$ where $a, b, c,$ and $d$ represent digits, any of which could be zero. It is desired to approximate $r$ by a fraction whose numerator is 1 or 2 and whose denominator is an integer. The closest such fraction to $r$ is $\frac 27.$ What is the number of possible values for $r$?	"mes 8 = 3072
   \]

Therefore, the number of possible values for \( r \) is \( 3072 \). 

Final Answer: \(\boxed{3072}\)"
243	The number $r$ can be expressed as a four-place decimal $0.abcd,$ where $a, b, c,$ and $d$ represent digits, any of which could be zero. It is desired to approximate $r$ by a fraction whose numerator is 1 or 2 and whose denominator is an integer. The closest such fraction to $r$ is $\frac 27.$ What is the number of possible values for $r$?	"Step 11:  Therefore, there is only one possible value for $r$, and the number of possible values for $r$ is 1.
Answer: 1"
244	The number $r$ can be expressed as a four-place decimal $0.abcd,$ where $a, b, c,$ and $d$ represent digits, any of which could be zero. It is desired to approximate $r$ by a fraction whose numerator is 1 or 2 and whose denominator is an integer. The closest such fraction to $r$ is $\frac 27.$ What is the number of possible values for $r$?	"7, 0.2858, 0.2859, 0.2861\), which are 5 possible values.

So, the number of possible values for \(r\) is \(\boxed{5}\)."
245	The number $r$ can be expressed as a four-place decimal $0.abcd,$ where $a, b, c,$ and $d$ represent digits, any of which could be zero. It is desired to approximate $r$ by a fraction whose numerator is 1 or 2 and whose denominator is an integer. The closest such fraction to $r$ is $\frac 27.$ What is the number of possible values for $r$?	"ives us a total of 45 possible values for \( r \). Therefore, the number of possible values for \( r \) is:
\[
\boxed{45"
246	The number $r$ can be expressed as a four-place decimal $0.abcd,$ where $a, b, c,$ and $d$ represent digits, any of which could be zero. It is desired to approximate $r$ by a fraction whose numerator is 1 or 2 and whose denominator is an integer. The closest such fraction to $r$ is $\frac 27.$ What is the number of possible values for $r$?	".

4. **Conclusion**: The minimum value of \(y\) in the equation \(y = 2(x-5)^2 - 1\) is \(-1\).

Answer: \(\boxed{-1}\)"
247	The number $r$ can be expressed as a four-place decimal $0.abcd,$ where $a, b, c,$ and $d$ represent digits, any of which could be zero. It is desired to approximate $r$ by a fraction whose numerator is 1 or 2 and whose denominator is an integer. The closest such fraction to $r$ is $\frac 27.$ What is the number of possible values for $r$?	"which is 10 possible values (from 0.2856 to 0.2858).

Thus, the number of possible values for \( r \) is \(\boxed{10}\)."
248	The number $r$ can be expressed as a four-place decimal $0.abcd,$ where $a, b, c,$ and $d$ represent digits, any of which could be zero. It is desired to approximate $r$ by a fraction whose numerator is 1 or 2 and whose denominator is an integer. The closest such fraction to $r$ is $\frac 27.$ What is the number of possible values for $r$?	"c{2}{7} - \frac{4}{6} \right| = \left| \frac{4}{21} - \frac{14}{21} \right| = \frac{10}{21} \)
- \( \left| \frac{2}{7} -"
249	I have five apples and ten oranges. If a fruit basket must contain at least one piece of fruit, how many kinds of fruit baskets can I make?  (The apples are identical and the oranges are identical.  A fruit basket consists of some number of pieces of fruit, and it doesn't matter how the fruit are arranged in the basket.)	"f combinations when \( a = 1 \): 11
   - Total number of combinations: \( 11 + 11 = 22 \)

**Final Answer:**

Answer: 22"
250	I have five apples and ten oranges. If a fruit basket must contain at least one piece of fruit, how many kinds of fruit baskets can I make?  (The apples are identical and the oranges are identical.  A fruit basket consists of some number of pieces of fruit, and it doesn't matter how the fruit are arranged in the basket.)	"of fruit baskets that can be made, given that each basket must contain at least one piece of fruit, is:
\[
\boxed{64}
\]"
251	I have five apples and ten oranges. If a fruit basket must contain at least one piece of fruit, how many kinds of fruit baskets can I make?  (The apples are identical and the oranges are identical.  A fruit basket consists of some number of pieces of fruit, and it doesn't matter how the fruit are arranged in the basket.)	" the total number of combinations. 66 (total combinations) - 1 (combination of 0 apples and 0 oranges) = 65.

Answer: 65"
252	I have five apples and ten oranges. If a fruit basket must contain at least one piece of fruit, how many kinds of fruit baskets can I make?  (The apples are identical and the oranges are identical.  A fruit basket consists of some number of pieces of fruit, and it doesn't matter how the fruit are arranged in the basket.)	"nd one orange: 1
- Baskets with four apples and two oranges: 1
- Baskets with four apples and three oranges: 1
- Baskets"
253	I have five apples and ten oranges. If a fruit basket must contain at least one piece of fruit, how many kinds of fruit baskets can I make?  (The apples are identical and the oranges are identical.  A fruit basket consists of some number of pieces of fruit, and it doesn't matter how the fruit are arranged in the basket.)	"e total number of distributions to get the number of ways to distribute the fruits into non-empty baskets.

Answer: 1024"
254	I have five apples and ten oranges. If a fruit basket must contain at least one piece of fruit, how many kinds of fruit baskets can I make?  (The apples are identical and the oranges are identical.  A fruit basket consists of some number of pieces of fruit, and it doesn't matter how the fruit are arranged in the basket.)	" 6 = 51

So, there are 51 different kinds of fruit baskets that can be made, given the conditions stated in the problem."
255	I have five apples and ten oranges. If a fruit basket must contain at least one piece of fruit, how many kinds of fruit baskets can I make?  (The apples are identical and the oranges are identical.  A fruit basket consists of some number of pieces of fruit, and it doesn't matter how the fruit are arranged in the basket.)	"th:
     \[
     66 - 1 = 65
     \]

Therefore, the total number of kinds of fruit baskets you can make is:

Answer: 65"
256	I have five apples and ten oranges. If a fruit basket must contain at least one piece of fruit, how many kinds of fruit baskets can I make?  (The apples are identical and the oranges are identical.  A fruit basket consists of some number of pieces of fruit, and it doesn't matter how the fruit are arranged in the basket.)	" be included in a fruit basket.

7. Therefore, there are 6 different kinds of fruit baskets that can be made.

Answer: 6"
257	Let $\Omega_1$ be a circle with center $O$, and let $AB$ be the diameter of $\Omega_1$. Let $P$ be a point on the segment $OB$, different from $O$. Suppose another circle $\Omega_2$ with center $P$ lies in the interior of $\Omega_1$. Tangents are drawn from $A$ and $B$ to the circle $\Omega_2$, intersecting $\Omega_1$ again at $A_1$ and $B_1$, respectively, such that $A_1$ and $B_1$ are on opposite sides of $AB$. Given that $A_1B = 5$, $AB_1 = 15$, and $OP = 10$, find the radius of $\Omega_1$.	" the radius R
radius = solution[0][1]
print(radius)
```
```output
4*sqrt(5)
```
The radius of \(\Omega_1\) is \(\boxed{4"
258	Let $\Omega_1$ be a circle with center $O$, and let $AB$ be the diameter of $\Omega_1$. Let $P$ be a point on the segment $OB$, different from $O$. Suppose another circle $\Omega_2$ with center $P$ lies in the interior of $\Omega_1$. Tangents are drawn from $A$ and $B$ to the circle $\Omega_2$, intersecting $\Omega_1$ again at $A_1$ and $B_1$, respectively, such that $A_1$ and $B_1$ are on opposite sides of $AB$. Given that $A_1B = 5$, $AB_1 = 15$, and $OP = 10$, find the radius of $\Omega_1$.	"\quad \text{or} \quad (R - r)^2 - 100 = 225 \]
Simplifying these, we get:
\[ R^2 - 2Rr + r^2 = 125 \quad \text{or} \quad"
259	Let $\Omega_1$ be a circle with center $O$, and let $AB$ be the diameter of $\Omega_1$. Let $P$ be a point on the segment $OB$, different from $O$. Suppose another circle $\Omega_2$ with center $P$ lies in the interior of $\Omega_1$. Tangents are drawn from $A$ and $B$ to the circle $\Omega_2$, intersecting $\Omega_1$ again at $A_1$ and $B_1$, respectively, such that $A_1$ and $B_1$ are on opposite sides of $AB$. Given that $A_1B = 5$, $AB_1 = 15$, and $OP = 10$, find the radius of $\Omega_1$.	" 4:  We are given that $A_1B = 5$, $AB_1 = 15$, and $OP = 10$. Our goal is to find the radius of $\Omega_1$.

Answer: 25"
260	Let $\Omega_1$ be a circle with center $O$, and let $AB$ be the diameter of $\Omega_1$. Let $P$ be a point on the segment $OB$, different from $O$. Suppose another circle $\Omega_2$ with center $P$ lies in the interior of $\Omega_1$. Tangents are drawn from $A$ and $B$ to the circle $\Omega_2$, intersecting $\Omega_1$ again at $A_1$ and $B_1$, respectively, such that $A_1$ and $B_1$ are on opposite sides of $AB$. Given that $A_1B = 5$, $AB_1 = 15$, and $OP = 10$, find the radius of $\Omega_1$.	"
Step 4: Calculate the radius of $\Omega_1$
We found that $r = 20$. Therefore, the radius of $\Omega_1$ is $\boxed{20}$."
261	Let $\Omega_1$ be a circle with center $O$, and let $AB$ be the diameter of $\Omega_1$. Let $P$ be a point on the segment $OB$, different from $O$. Suppose another circle $\Omega_2$ with center $P$ lies in the interior of $\Omega_1$. Tangents are drawn from $A$ and $B$ to the circle $\Omega_2$, intersecting $\Omega_1$ again at $A_1$ and $B_1$, respectively, such that $A_1$ and $B_1$ are on opposite sides of $AB$. Given that $A_1B = 5$, $AB_1 = 15$, and $OP = 10$, find the radius of $\Omega_1$.	" solutions if sol > 0][0]
print(radius)
```
```output
5.00000000000000
```
The radius of \(\Omega_1\) is \(\boxed{10}\)."
262	Let $\Omega_1$ be a circle with center $O$, and let $AB$ be the diameter of $\Omega_1$. Let $P$ be a point on the segment $OB$, different from $O$. Suppose another circle $\Omega_2$ with center $P$ lies in the interior of $\Omega_1$. Tangents are drawn from $A$ and $B$ to the circle $\Omega_2$, intersecting $\Omega_1$ again at $A_1$ and $B_1$, respectively, such that $A_1$ and $B_1$ are on opposite sides of $AB$. Given that $A_1B = 5$, $AB_1 = 15$, and $OP = 10$, find the radius of $\Omega_1$.	"lution is:
   \[
   R = \frac{50}{4} = 12.5.
   \]

---

### Final Answer:
The radius of \(\Omega_1\) is \(\boxed{25}\)."
263	Let $\Omega_1$ be a circle with center $O$, and let $AB$ be the diameter of $\Omega_1$. Let $P$ be a point on the segment $OB$, different from $O$. Suppose another circle $\Omega_2$ with center $P$ lies in the interior of $\Omega_1$. Tangents are drawn from $A$ and $B$ to the circle $\Omega_2$, intersecting $\Omega_1$ again at $A_1$ and $B_1$, respectively, such that $A_1$ and $B_1$ are on opposite sides of $AB$. Given that $A_1B = 5$, $AB_1 = 15$, and $OP = 10$, find the radius of $\Omega_1$.	"hat the radius $r$ of $\Omega_1$ is:
     \[
     r = 12
     \]

Therefore, the radius of $\Omega_1$ is \(\boxed{12}\)."
264	Let $\Omega_1$ be a circle with center $O$, and let $AB$ be the diameter of $\Omega_1$. Let $P$ be a point on the segment $OB$, different from $O$. Suppose another circle $\Omega_2$ with center $P$ lies in the interior of $\Omega_1$. Tangents are drawn from $A$ and $B$ to the circle $\Omega_2$, intersecting $\Omega_1$ again at $A_1$ and $B_1$, respectively, such that $A_1$ and $B_1$ are on opposite sides of $AB$. Given that $A_1B = 5$, $AB_1 = 15$, and $OP = 10$, find the radius of $\Omega_1$.	"a_2$.

2. **Use the Power of a Point theorem:**
   - From the power of point $A$: $A_1P^2 - r_2^2 = AA_1 \cdot A_1P = 10"
265	Let $BC = 6$, $BX = 3$, $CX = 5$, and let $F$ be the midpoint of $\overline{BC}$. Let $\overline{AX} \perp \overline{BC}$ and $AF = \sqrt{247}$. If $AC$ is of the form $\sqrt{b}$ and $AB$ is of the form $\sqrt{c}$ where $b$ and $c$ are nonnegative integers, find $2c + 3b$.	" 2c + 3b
result = 2*c_value + 3*b_value
print(result)
```
```output
265
```
The value of \(2c + 3b\) is \(\boxed{265}\)."
266	Let $BC = 6$, $BX = 3$, $CX = 5$, and let $F$ be the midpoint of $\overline{BC}$. Let $\overline{AX} \perp \overline{BC}$ and $AF = \sqrt{247}$. If $AC$ is of the form $\sqrt{b}$ and $AB$ is of the form $\sqrt{c}$ where $b$ and $c$ are nonnegative integers, find $2c + 3b$.	" directly use the Pythagorean theorem to find the lengths of AB and AC, and subsequently 2c + 3b.

Answer: 2c + 3b = 154"
267	Let $BC = 6$, $BX = 3$, $CX = 5$, and let $F$ be the midpoint of $\overline{BC}$. Let $\overline{AX} \perp \overline{BC}$ and $AF = \sqrt{247}$. If $AC$ is of the form $\sqrt{b}$ and $AB$ is of the form $\sqrt{c}$ where $b$ and $c$ are nonnegative integers, find $2c + 3b$.	"
# Given AF is sqrt(247)
AF = math.sqrt(247)

# Verify the values
print((AB, AC, AF))
```
```output
(15.728497178867215,"
268	Let $BC = 6$, $BX = 3$, $CX = 5$, and let $F$ be the midpoint of $\overline{BC}$. Let $\overline{AX} \perp \overline{BC}$ and $AF = \sqrt{247}$. If $AC$ is of the form $\sqrt{b}$ and $AB$ is of the form $\sqrt{c}$ where $b$ and $c$ are nonnegative integers, find $2c + 3b$.	" and \(c = 231\). Therefore:
\[ 2c + 3b = 2(231) + 3(247) = 462 + 741 = 1203 \]

Thus, the answer is:
\[ \boxed{1203} \]"
269	Let $BC = 6$, $BX = 3$, $CX = 5$, and let $F$ be the midpoint of $\overline{BC}$. Let $\overline{AX} \perp \overline{BC}$ and $AF = \sqrt{247}$. If $AC$ is of the form $\sqrt{b}$ and $AB$ is of the form $\sqrt{c}$ where $b$ and $c$ are nonnegative integers, find $2c + 3b$.	".

Finally, we calculate $2c + 3b$:
\[ 2c + 3b = 2(8) + 3(6) = 16 + 18 = 34 \]

So the final answer is:
\[
\boxed{34}
\]"
270	Let $BC = 6$, $BX = 3$, $CX = 5$, and let $F$ be the midpoint of $\overline{BC}$. Let $\overline{AX} \perp \overline{BC}$ and $AF = \sqrt{247}$. If $AC$ is of the form $\sqrt{b}$ and $AB$ is of the form $\sqrt{c}$ where $b$ and $c$ are nonnegative integers, find $2c + 3b$.	"
Step 12: Thus, AB = √256 and AC = √272.
Step 13: Therefore, 2c + 3b = 2(272) + 3(256) = 544 + 768 = 1312.

Answer: 1312"
271	Let $BC = 6$, $BX = 3$, $CX = 5$, and let $F$ be the midpoint of $\overline{BC}$. Let $\overline{AX} \perp \overline{BC}$ and $AF = \sqrt{247}$. If $AC$ is of the form $\sqrt{b}$ and $AB$ is of the form $\sqrt{c}$ where $b$ and $c$ are nonnegative integers, find $2c + 3b$.	"ly, we can calculate the value of b and c and find the answer to the problem.
Step 9 :  The answer is 115.


Answer: 115"
272	Let $BC = 6$, $BX = 3$, $CX = 5$, and let $F$ be the midpoint of $\overline{BC}$. Let $\overline{AX} \perp \overline{BC}$ and $AF = \sqrt{247}$. If $AC$ is of the form $\sqrt{b}$ and $AB$ is of the form $\sqrt{c}$ where $b$ and $c$ are nonnegative integers, find $2c + 3b$.	" value of \(2c + 3b\) is:

\[
2c + 3b = 2(18) + 3(34) = 36 + 102 = 138
\]

Thus, the final answer is:

\[
\boxed{138}
\]"
273	Evaluate $1 + 2 - 3 - 4 + 5 + 6 - 7 - 8 + ... + 2018 - 2019$.	"ht) = \frac{673}{2} \cdot 2016 = 673 \cdot 1008 = 677784
\]

Therefore, the value of the series is:
\[
\boxed{677784}
\]"
274	Evaluate $1 + 2 - 3 - 4 + 5 + 6 - 7 - 8 + ... + 2018 - 2019$.	"m to the complete sets sum:
\[ \text{Total sum} = -2016 - 6054 = -8070. \]

Thus, the final sum is:
\[ \boxed{-8070}. \]"
275	Evaluate $1 + 2 - 3 - 4 + 5 + 6 - 7 - 8 + ... + 2018 - 2019$.	"   \]

Therefore, the value of the series \(1 + 2 - 3 - 4 + 5 + 6 - 7 - 8 + \ldots + 2018 - 2019\) is \(\boxed{-6055}\)."
276	Evaluate $1 + 2 - 3 - 4 + 5 + 6 - 7 - 8 + ... + 2018 - 2019$.	"= 2016
\]

Therefore, the total sum of the series is:

\[
-2016 + 2016 = 0
\]

So, the final answer is:

\[
\boxed{0}
\]"
277	Evaluate $1 + 2 - 3 - 4 + 5 + 6 - 7 - 8 + ... + 2018 - 2019$.	"1009) times the difference of each pair (-1).

4. Therefore, the total sum is $1009 \times (-1) = -1009$.

Answer: -1009"
278	Evaluate $1 + 2 - 3 - 4 + 5 + 6 - 7 - 8 + ... + 2018 - 2019$.	"`output
2015
```
The sum of the expression \(1 + 2 - 3 - 4 + 5 + 6 - 7 - 8 + \ldots + 2018 - 2019\) is \(\boxed{2015}\)."
279	Evaluate $1 + 2 - 3 - 4 + 5 + 6 - 7 - 8 + ... + 2018 - 2019$.	" is \(-2019\). Subtract this from the total sum:
\[
4063515 - 2019 = 4061496
\]

**Final Answer:**
\[
\boxed{4061496}
\]"
280	Evaluate $1 + 2 - 3 - 4 + 5 + 6 - 7 - 8 + ... + 2018 - 2019$.	"lete sets minus the last additional term:

\[
-2016 - 4 = -2020
\]

Therefore, the final answer is:

\[
\boxed{-2020}
\]"
281	What is the area in square units of the convex quadrilateral with vertices $(-1, 0)$, $(0, 1)$, $(2, 0)$ and $(0, -3)$?	"drilateral: 0.5 + 1.5 = 2.
Step 6:  Therefore, the area of the convex quadrilateral is Answer: 2 square units.
Answer: 2"
282	What is the area in square units of the convex quadrilateral with vertices $(-1, 0)$, $(0, 1)$, $(2, 0)$ and $(0, -3)$?	"}{2} | -6 + 3 |$

$A = \frac{1}{2} | -3 |$

$A = \frac{1}{2} * 3$

$A = \frac{3}{2}$

Answer: $\frac{3}{2}$ square units"
283	What is the area in square units of the convex quadrilateral with vertices $(-1, 0)$, $(0, 1)$, $(2, 0)$ and $(0, -3)$?	"a_DEF = 1/2 + 5/2 = 6/2 = 3

So, the area of the convex quadrilateral with the given vertices is Answer: 3 square units."
284	What is the area in square units of the convex quadrilateral with vertices $(-1, 0)$, $(0, 1)$, $(2, 0)$ and $(0, -3)$?	"s}
\]
Again, we'll keep it as 13.8 for calculation.

Now, we calculate the total number of chairs after the changes:
\[
"
285	What is the area in square units of the convex quadrilateral with vertices $(-1, 0)$, $(0, 1)$, $(2, 0)$ and $(0, -3)$?	" quadrilateral.

\[
\text{Total Area} = \frac{3}{2} + \frac{3}{2}
\]
\[
\text{Total Area} = 3
\]

Answer: 3 square units"
286	What is the area in square units of the convex quadrilateral with vertices $(-1, 0)$, $(0, 1)$, $(2, 0)$ and $(0, -3)$?	" |-11|
Step 7:  A = 1/2 * 11
Step 8:  A = 11/2
Step 9:  The area of the quadrilateral is 11/2 square units. Answer: 11/2"
287	What is the area in square units of the convex quadrilateral with vertices $(-1, 0)$, $(0, 1)$, $(2, 0)$ and $(0, -3)$?	"e of -2 is 2.

6. Divide the result by 2:
2 / 2 = 1

Therefore, the area of the quadrilateral is Answer: 1 square units."
288	What is the area in square units of the convex quadrilateral with vertices $(-1, 0)$, $(0, 1)$, $(2, 0)$ and $(0, -3)$?	"aluating the expressions inside the parentheses, we get:
Answer: The area of the convex quadrilateral is 8 square units."
289	Let $a$ and $b$ be positive integers such that $a + bz = x^3 + y^4$ has no solutions for any integers $x, y, z$, with $b$ as small as possible, and $a$ as small as possible for the minimum $b$. Find $ab$.	"at \(b = 1\) and \(a = 81\).

Thus, the value of \(ab\) is:
\[ ab = 81 \cdot 1 = 81. \]

The answer is:
\[
\boxed{81}
\]"
290	Let $a$ and $b$ be positive integers such that $a + bz = x^3 + y^4$ has no solutions for any integers $x, y, z$, with $b$ as small as possible, and $a$ as small as possible for the minimum $b$. Find $ab$.	"1\), \(y = 1\), \(6 + 4 = 10 = 1^3 + 1^4\) is a solution.
5. \(a = 9\): For \(b = 5\), \(x = 1\), \(y = 2\), \(9 + 0 = 9"
291	Let $a$ and $b$ be positive integers such that $a + bz = x^3 + y^4$ has no solutions for any integers $x, y, z$, with $b$ as small as possible, and $a$ as small as possible for the minimum $b$. Find $ab$.	" \(b = 5\)**:
   - We need to find \(a\) such that \(a + 5z = x^3 + y^4\) has no integer solutions.
   - Let's check the"
292	Let $a$ and $b$ be positive integers such that $a + bz = x^3 + y^4$ has no solutions for any integers $x, y, z$, with $b$ as small as possible, and $a$ as small as possible for the minimum $b$. Find $ab$.	" = 918$. Therefore, the product $ab$ is:

\[
ab = 2 \times 918 = 1836
\]

Thus, the final answer is:

\[
\boxed{1836}
\]"
293	Let $a$ and $b$ be positive integers such that $a + bz = x^3 + y^4$ has no solutions for any integers $x, y, z$, with $b$ as small as possible, and $a$ as small as possible for the minimum $b$. Find $ab$.	"\(b = 10890\). Therefore, the value of \(ab\) is \(1 \times 10890 = 10890\).

So, the final answer is \(\boxed{10890}\)."
294	Let $a$ and $b$ be positive integers such that $a + bz = x^3 + y^4$ has no solutions for any integers $x, y, z$, with $b$ as small as possible, and $a$ as small as possible for the minimum $b$. Find $ab$.	"ed, we see that \(b = 2\) and \(a = 2\) give the smallest product \(ab = 4\). Therefore, the answer is:

\[
\boxed{4}
\]"
295	Let $a$ and $b$ be positive integers such that $a + bz = x^3 + y^4$ has no solutions for any integers $x, y, z$, with $b$ as small as possible, and $a$ as small as possible for the minimum $b$. Find $ab$.	"possible values for which the equation has no solutions for \(x, y,\) and \(z\).

The product \(ab\) is:
\[
\boxed{2}
\]"
296	Let $a$ and $b$ be positive integers such that $a + bz = x^3 + y^4$ has no solutions for any integers $x, y, z$, with $b$ as small as possible, and $a$ as small as possible for the minimum $b$. Find $ab$.	"are \(a = 1\) and \(b = 1\). Therefore, the product \(ab = 1 \cdot 1 = 1\).

Thus, the final answer is:

\[
\boxed{1}
\]"
297	"Consider the six by six grid of unit squares below. How many rectangles of area 8 square units can be formed using only the line segments of the grid as the sides of the rectangles?

[asy]unitsize(0.2inch);
draw((0,0)--(6,0)--(6,6)--(0,6)--cycle);
draw((1,0)--(1,6));
draw((2,0)--(2,6));
draw((3,0)--(3,6));
draw((4,0)--(4,6));
draw((5,0)--(5,6));
draw((0,1)--(6,1));
draw((0,2)--(6,2));
draw((0,3)--(6,3));
draw((0,4)--(6,4));
draw((0,5)--(6,5));

[/asy]"	ctangles of area 8 square units that can be formed using only the line segments of the six by six grid is \(\boxed{8}\).
298	"Consider the six by six grid of unit squares below. How many rectangles of area 8 square units can be formed using only the line segments of the grid as the sides of the rectangles?

[asy]unitsize(0.2inch);
draw((0,0)--(6,0)--(6,6)--(0,6)--cycle);
draw((1,0)--(1,6));
draw((2,0)--(2,6));
draw((3,0)--(3,6));
draw((4,0)--(4,6));
draw((5,0)--(5,6));
draw((0,1)--(6,1));
draw((0,2)--(6,2));
draw((0,3)--(6,3));
draw((0,4)--(6,4));
draw((0,5)--(6,5));

[/asy]"	"
\[12 + 12 + 12 = 36\]

Therefore, the number of rectangles of area 8 square units that can be formed is \(\boxed{36}\)."
299	"Consider the six by six grid of unit squares below. How many rectangles of area 8 square units can be formed using only the line segments of the grid as the sides of the rectangles?

[asy]unitsize(0.2inch);
draw((0,0)--(6,0)--(6,6)--(0,6)--cycle);
draw((1,0)--(1,6));
draw((2,0)--(2,6));
draw((3,0)--(3,6));
draw((4,0)--(4,6));
draw((5,0)--(5,6));
draw((0,1)--(6,1));
draw((0,2)--(6,2));
draw((0,3)--(6,3));
draw((0,4)--(6,4));
draw((0,5)--(6,5));

[/asy]"	"(grid_height - i)
    return rectangles

# Calculate the number of rectangles
result = count_rectangles(grid_height,"
300	"Consider the six by six grid of unit squares below. How many rectangles of area 8 square units can be formed using only the line segments of the grid as the sides of the rectangles?

[asy]unitsize(0.2inch);
draw((0,0)--(6,0)--(6,6)--(0,6)--cycle);
draw((1,0)--(1,6));
draw((2,0)--(2,6));
draw((3,0)--(3,6));
draw((4,0)--(4,6));
draw((5,0)--(5,6));
draw((0,1)--(6,1));
draw((0,2)--(6,2));
draw((0,3)--(6,3));
draw((0,4)--(6,4));
draw((0,5)--(6,5));

[/asy]"	"y mention diagonals, so we assume the standard rectangular grid constraints.

Therefore, the final answer is:

Answer: 7"
301	"Consider the six by six grid of unit squares below. How many rectangles of area 8 square units can be formed using only the line segments of the grid as the sides of the rectangles?

[asy]unitsize(0.2inch);
draw((0,0)--(6,0)--(6,6)--(0,6)--cycle);
draw((1,0)--(1,6));
draw((2,0)--(2,6));
draw((3,0)--(3,6));
draw((4,0)--(4,6));
draw((5,0)--(5,6));
draw((0,1)--(6,1));
draw((0,2)--(6,2));
draw((0,3)--(6,3));
draw((0,4)--(6,4));
draw((0,5)--(6,5));

[/asy]"	"2 \times 4 = 8\) rectangles.

Adding these up, we get \(8 + 8 + 8 = 24\) rectangles. Thus, the answer is 24.

Answer: 24"
302	"Consider the six by six grid of unit squares below. How many rectangles of area 8 square units can be formed using only the line segments of the grid as the sides of the rectangles?

[asy]unitsize(0.2inch);
draw((0,0)--(6,0)--(6,6)--(0,6)--cycle);
draw((1,0)--(1,6));
draw((2,0)--(2,6));
draw((3,0)--(3,6));
draw((4,0)--(4,6));
draw((5,0)--(5,6));
draw((0,1)--(6,1));
draw((0,2)--(6,2));
draw((0,3)--(6,3));
draw((0,4)--(6,4));
draw((0,5)--(6,5));

[/asy]"	gles of area 8 square units that can be formed using only the line segments of the grid as the sides is \(\boxed{441}\).
303	"Consider the six by six grid of unit squares below. How many rectangles of area 8 square units can be formed using only the line segments of the grid as the sides of the rectangles?

[asy]unitsize(0.2inch);
draw((0,0)--(6,0)--(6,6)--(0,6)--cycle);
draw((1,0)--(1,6));
draw((2,0)--(2,6));
draw((3,0)--(3,6));
draw((4,0)--(4,6));
draw((5,0)--(5,6));
draw((0,1)--(6,1));
draw((0,2)--(6,2));
draw((0,3)--(6,3));
draw((0,4)--(6,4));
draw((0,5)--(6,5));

[/asy]"	uare units that can be formed using only the line segments of the grid as the sides of the rectangles is \(\boxed{65}\).
304	"Consider the six by six grid of unit squares below. How many rectangles of area 8 square units can be formed using only the line segments of the grid as the sides of the rectangles?

[asy]unitsize(0.2inch);
draw((0,0)--(6,0)--(6,6)--(0,6)--cycle);
draw((1,0)--(1,6));
draw((2,0)--(2,6));
draw((3,0)--(3,6));
draw((4,0)--(4,6));
draw((5,0)--(5,6));
draw((0,1)--(6,1));
draw((0,2)--(6,2));
draw((0,3)--(6,3));
draw((0,4)--(6,4));
draw((0,5)--(6,5));

[/asy]"	"nes such that there are 7 lines between them. The number of ways is \(\binom{7}{2}\).
   - Total: \( \binom{7}{2} \times"
305	Let $n$ be a positive integer. We start with $n$ piles of pebbles, each initially containing a single pebble. One can perform moves of the following form: choose two piles, take an equal number of pebbles from each pile and form a new pile out of these pebbles. For positive integer $n=8$, ﬁnd the smallest number of non-empty piles that one can obtain by performing a ﬁnite sequence of moves of this form.	Answer: 1
306	Let $n$ be a positive integer. We start with $n$ piles of pebbles, each initially containing a single pebble. One can perform moves of the following form: choose two piles, take an equal number of pebbles from each pile and form a new pile out of these pebbles. For positive integer $n=8$, ﬁnd the smallest number of non-empty piles that one can obtain by performing a ﬁnite sequence of moves of this form.	 2, 2, 2, 2, 2, 2\} -> \{8, 2, 2, 2, 2, 2, 2, 2\} -> \{8, 8, 8, 2, 2, 2, 2, 2\} -> \{8, 8, 8, 8, 8, 8, 2, 2\} -> \{8, 8,
307	Let $n$ be a positive integer. We start with $n$ piles of pebbles, each initially containing a single pebble. One can perform moves of the following form: choose two piles, take an equal number of pebbles from each pile and form a new pile out of these pebbles. For positive integer $n=8$, ﬁnd the smallest number of non-empty piles that one can obtain by performing a ﬁnite sequence of moves of this form.	st number of non-empty piles that one can obtain by performing a finite sequence of moves of this form is \(\boxed{2}\).
308	Let $n$ be a positive integer. We start with $n$ piles of pebbles, each initially containing a single pebble. One can perform moves of the following form: choose two piles, take an equal number of pebbles from each pile and form a new pile out of these pebbles. For positive integer $n=8$, ﬁnd the smallest number of non-empty piles that one can obtain by performing a ﬁnite sequence of moves of this form.	mber of non-empty piles that one can obtain by performing a finite sequence of moves of the given form is \(\boxed{7}\).
309	Let $n$ be a positive integer. We start with $n$ piles of pebbles, each initially containing a single pebble. One can perform moves of the following form: choose two piles, take an equal number of pebbles from each pile and form a new pile out of these pebbles. For positive integer $n=8$, ﬁnd the smallest number of non-empty piles that one can obtain by performing a ﬁnite sequence of moves of this form.	"
Thus, the smallest number of non-empty piles that can be obtained is 1 pile.

Therefore, the answer is:
\[
\boxed{1}
\]"
310	Let $n$ be a positive integer. We start with $n$ piles of pebbles, each initially containing a single pebble. One can perform moves of the following form: choose two piles, take an equal number of pebbles from each pile and form a new pile out of these pebbles. For positive integer $n=8$, ﬁnd the smallest number of non-empty piles that one can obtain by performing a ﬁnite sequence of moves of this form.	new piles containing a growing number of pebbles until we reach a stable state with the fewest non-empty piles possible.
311	Let $n$ be a positive integer. We start with $n$ piles of pebbles, each initially containing a single pebble. One can perform moves of the following form: choose two piles, take an equal number of pebbles from each pile and form a new pile out of these pebbles. For positive integer $n=8$, ﬁnd the smallest number of non-empty piles that one can obtain by performing a ﬁnite sequence of moves of this form.	" piles will be reduced to 1. Therefore, the smallest number of non-empty piles that can be obtained is:

\[
\boxed{1}
\]"
312	Let $n$ be a positive integer. We start with $n$ piles of pebbles, each initially containing a single pebble. One can perform moves of the following form: choose two piles, take an equal number of pebbles from each pile and form a new pile out of these pebbles. For positive integer $n=8$, ﬁnd the smallest number of non-empty piles that one can obtain by performing a ﬁnite sequence of moves of this form.	"r of non-empty piles that can be obtained by performing a sequence of moves is $8 - 1 = \boxed{7}$.

Answer: $\boxed{7}$"
313	The non-negative integers $x$ and $y$ satisfy the equation $\sqrt{x} + \sqrt{x + 60} = \sqrt{y}$. Determine the largest possible value of $x$.	"p 5: Verify the solution to ensure it satisfies the given constraints.

Answer: The largest possible value of $x$ is 16."
314	The non-negative integers $x$ and $y$ satisfy the equation $\sqrt{x} + \sqrt{x + 60} = \sqrt{y}$. Determine the largest possible value of $x$.	"d \(m + 2k = 1200\):
  \[
  m = 601.5, \quad 2k = 598.5 \quad \Rightarrow \quad k = 298.5 \quad \text{(not an integer)}
"
315	The non-negative integers $x$ and $y$ satisfy the equation $\sqrt{x} + \sqrt{x + 60} = \sqrt{y}$. Determine the largest possible value of $x$.	t's extend the range of $x$ and ensure we check the calculation thoroughly. We can also print out intermediate values to
316	The non-negative integers $x$ and $y$ satisfy the equation $\sqrt{x} + \sqrt{x + 60} = \sqrt{y}$. Determine the largest possible value of $x$.	"(0) \pm \sqrt{16(-60)^2 + 1920(-60) + 48000}}{2}$.
Step 22: Further simplifying, we have $y = \frac{4(0) \pm \sqrt{16(36"
317	The non-negative integers $x$ and $y$ satisfy the equation $\sqrt{x} + \sqrt{x + 60} = \sqrt{y}$. Determine the largest possible value of $x$.	"nding and simplifying:

\[
x^2 + 60x = 3600 - 120x + x^2
\]

\[
180x = 3600
\]

\[
x = 20
\]

Thus, the largest possible"
318	The non-negative integers $x$ and $y$ satisfy the equation $\sqrt{x} + \sqrt{x + 60} = \sqrt{y}$. Determine the largest possible value of $x$.	"eady found that X = 5 and X = 4 do not satisfy the equation. We need to find the largest possible value of X.

Answer: 4"
319	The non-negative integers $x$ and $y$ satisfy the equation $\sqrt{x} + \sqrt{x + 60} = \sqrt{y}$. Determine the largest possible value of $x$.	"urn x

largest_x = find_largest_x()
print(largest_x)
```

Let's run this code to find the largest possible value of $x$."
320	The non-negative integers $x$ and $y$ satisfy the equation $\sqrt{x} + \sqrt{x + 60} = \sqrt{y}$. Determine the largest possible value of $x$.	argest possible value of \( x \) that satisfies the equation \(\sqrt{x} + \sqrt{x + 60} = \sqrt{y}\) is \(\boxed{480}\).
321	"Suppose there exist constants $A$, $B$, $C$, and $D$ such that 
\[n^4 = A\binom{n}{4} + B\binom{n}{3} + C\binom{n}{2} + D\binom{n}{1}\]
 holds true for all positive integers $n \geq 4$. What is $A + B + C + D$?"	"es that the sum of the constants \(A\), \(B\), \(C\), and \(D\) is \(7\).

Therefore, the final answer is \(\boxed{7}\)."
322	"Suppose there exist constants $A$, $B$, $C$, and $D$ such that 
\[n^4 = A\binom{n}{4} + B\binom{n}{3} + C\binom{n}{2} + D\binom{n}{1}\]
 holds true for all positive integers $n \geq 4$. What is $A + B + C + D$?"	"ome calculations, we find that A=1, B=0, C=0, and D=0.
Step 11:  So, the correct answer is A + B + C + D = 1.

Answer: 1"
323	"Suppose there exist constants $A$, $B$, $C$, and $D$ such that 
\[n^4 = A\binom{n}{4} + B\binom{n}{3} + C\binom{n}{2} + D\binom{n}{1}\]
 holds true for all positive integers $n \geq 4$. What is $A + B + C + D$?"	"rac{16}{13} = 22 \implies B = 22 - \frac{16}{13} = \frac{286}{13} - \frac{16}{13} = \frac{270}{13}.\]
Substitute \(B = \"
324	"Suppose there exist constants $A$, $B$, $C$, and $D$ such that 
\[n^4 = A\binom{n}{4} + B\binom{n}{3} + C\binom{n}{2} + D\binom{n}{1}\]
 holds true for all positive integers $n \geq 4$. What is $A + B + C + D$?"	"30C = 2316
\]

\[
-5(A + 4B + 6C + 4D = 256) = -5A - 20B - 30C - 20D
\]

\[
26A + 40B + 30C = 2316
\]

\[
-5A - 20B - 30"
325	"Suppose there exist constants $A$, $B$, $C$, and $D$ such that 
\[n^4 = A\binom{n}{4} + B\binom{n}{3} + C\binom{n}{2} + D\binom{n}{1}\]
 holds true for all positive integers $n \geq 4$. What is $A + B + C + D$?"	" = -72 \\
2B - 3C = 0
\end{cases}
\]
The third equation \(2B - 3C = 0\) is redundant. Solving the first equation \(B + C"
326	"Suppose there exist constants $A$, $B$, $C$, and $D$ such that 
\[n^4 = A\binom{n}{4} + B\binom{n}{3} + C\binom{n}{2} + D\binom{n}{1}\]
 holds true for all positive integers $n \geq 4$. What is $A + B + C + D$?"	":
\[
D = 0.
\]

Thus, we have \(A = 24\), \(B = 0\), \(C = 0\), and \(D = 0\). Therefore, \(A + B + C + D = 24 + 0 + 0 +"
327	"Suppose there exist constants $A$, $B$, $C$, and $D$ such that 
\[n^4 = A\binom{n}{4} + B\binom{n}{3} + C\binom{n}{2} + D\binom{n}{1}\]
 holds true for all positive integers $n \geq 4$. What is $A + B + C + D$?"	"erefore, the sum \(A + B + C + D\) is:

\[
A + B + C + D = 0 + 0 + 2 + 0 = 2.
\]

Thus, the answer is:

\[
\boxed{2}.
\]"
328	"Suppose there exist constants $A$, $B$, $C$, and $D$ such that 
\[n^4 = A\binom{n}{4} + B\binom{n}{3} + C\binom{n}{2} + D\binom{n}{1}\]
 holds true for all positive integers $n \geq 4$. What is $A + B + C + D$?"	" variables
n = symbols('n')
A, B, C, D = symbols('A B C D')

# Define the right-hand side of the equation
rhs = A *"
329	A square grid $100 \times 100$ is tiled in two ways: only with dominoes and only with $2 \times 2$ squares. What is the minimum number of dominoes that are entirely inside some $2 \times 2$ square?	"quares. 

Therefore, the minimum number of dominoes that are entirely inside some $2 \times 2$ square is $\boxed{2500}$."
330	A square grid $100 \times 100$ is tiled in two ways: only with dominoes and only with $2 \times 2$ squares. What is the minimum number of dominoes that are entirely inside some $2 \times 2$ square?	"es and dominoes, the minimum number of dominoes that are entirely inside some $2 \times 2$ square is:
\[
\boxed{1000}
\]"
331	A square grid $100 \times 100$ is tiled in two ways: only with dominoes and only with $2 \times 2$ squares. What is the minimum number of dominoes that are entirely inside some $2 \times 2$ square?	rners. Therefore, the minimum number of dominoes that are entirely inside some $2 \times 2$ square is $2500 - 4 = 2496$.
332	A square grid $100 \times 100$ is tiled in two ways: only with dominoes and only with $2 \times 2$ squares. What is the minimum number of dominoes that are entirely inside some $2 \times 2$ square?	"`output
1250
```
The minimum number of dominoes that are entirely inside some \(2 \times 2\) square is \(\boxed{1250}\)."
333	A square grid $100 \times 100$ is tiled in two ways: only with dominoes and only with $2 \times 2$ squares. What is the minimum number of dominoes that are entirely inside some $2 \times 2$ square?	".

Thus, the minimum number of dominoes that are entirely inside some \(2 \times 2\) square is \(100\).

Answer: \(100\)"
334	A square grid $100 \times 100$ is tiled in two ways: only with dominoes and only with $2 \times 2$ squares. What is the minimum number of dominoes that are entirely inside some $2 \times 2$ square?	" = 9801$.

Thus, the minimum number of dominoes that are entirely inside some $2 \times 2$ square is:
\[
\boxed{2498}
\]"
335	A square grid $100 \times 100$ is tiled in two ways: only with dominoes and only with $2 \times 2$ squares. What is the minimum number of dominoes that are entirely inside some $2 \times 2$ square?	in a staggered pattern. In this pattern, there will be 402 dominoes and 402 dominoes in the squares that are not covered
336	A square grid $100 \times 100$ is tiled in two ways: only with dominoes and only with $2 \times 2$ squares. What is the minimum number of dominoes that are entirely inside some $2 \times 2$ square?	"dominoes.

Therefore, the minimum number of dominoes that are entirely inside some $2 \times 2$ square is \(\boxed{0}\)."
337	Circle \(C_1\) and \(C_2\) each have radius \(1\), and the distance between their centers is \(\frac{1}{2}\). Circle \(C_3\) is the largest circle internally tangent to both \(C_1\) and \(C_2\). Circle \(C_4\) is internally tangent to both \(C_1\) and \(C_2\) and externally tangent to \(C_3\). The radius of \(C_4\) can be expressed in the form \(\frac{k}{m}\). Please find the value of \(k + m\).	"is \(\frac{9}{40}\), so \(k = 9\) and \(m = 40\).
   - Therefore, \(k + m = 49\).

The final answer is \( \boxed{49} \)."
338	Circle \(C_1\) and \(C_2\) each have radius \(1\), and the distance between their centers is \(\frac{1}{2}\). Circle \(C_3\) is the largest circle internally tangent to both \(C_1\) and \(C_2\). Circle \(C_4\) is internally tangent to both \(C_1\) and \(C_2\) and externally tangent to \(C_3\). The radius of \(C_4\) can be expressed in the form \(\frac{k}{m}\). Please find the value of \(k + m\).	"(m = 3\).

3. **Finding \(k + m\)**:
    \[
    k + m = 3 + 3 = 6
    \]

Thus, the value of \(k + m\) is \(\boxed{6}\)."
339	Circle \(C_1\) and \(C_2\) each have radius \(1\), and the distance between their centers is \(\frac{1}{2}\). Circle \(C_3\) is the largest circle internally tangent to both \(C_1\) and \(C_2\). Circle \(C_4\) is internally tangent to both \(C_1\) and \(C_2\) and externally tangent to \(C_3\). The radius of \(C_4\) can be expressed in the form \(\frac{k}{m}\). Please find the value of \(k + m\).	"re integers.

8. The result of the calculation is:
    - Radius of Circle 4: `2 / 3`
    - Value of `k + m`: `2 + 3 = 5`"
340	Circle \(C_1\) and \(C_2\) each have radius \(1\), and the distance between their centers is \(\frac{1}{2}\). Circle \(C_3\) is the largest circle internally tangent to both \(C_1\) and \(C_2\). Circle \(C_4\) is internally tangent to both \(C_1\) and \(C_2\) and externally tangent to \(C_3\). The radius of \(C_4\) can be expressed in the form \(\frac{k}{m}\). Please find the value of \(k + m\).	Answer: 7
341	Circle \(C_1\) and \(C_2\) each have radius \(1\), and the distance between their centers is \(\frac{1}{2}\). Circle \(C_3\) is the largest circle internally tangent to both \(C_1\) and \(C_2\). Circle \(C_4\) is internally tangent to both \(C_1\) and \(C_2\) and externally tangent to \(C_3\). The radius of \(C_4\) can be expressed in the form \(\frac{k}{m}\). Please find the value of \(k + m\).	"\) and \( m = 3 \).

6. **Calculate \( k + m \):**

   \[
   k + m = 2 + 3 = 5
   \]

### Final Answer:

\[
\boxed{5}
\]"
342	Circle \(C_1\) and \(C_2\) each have radius \(1\), and the distance between their centers is \(\frac{1}{2}\). Circle \(C_3\) is the largest circle internally tangent to both \(C_1\) and \(C_2\). Circle \(C_4\) is internally tangent to both \(C_1\) and \(C_2\) and externally tangent to \(C_3\). The radius of \(C_4\) can be expressed in the form \(\frac{k}{m}\). Please find the value of \(k + m\).	"perties of this quadrilateral, we can find \(r_4\).

The altitude of the isosceles triangle formed by the centers of \(C"
343	Circle \(C_1\) and \(C_2\) each have radius \(1\), and the distance between their centers is \(\frac{1}{2}\). Circle \(C_3\) is the largest circle internally tangent to both \(C_1\) and \(C_2\). Circle \(C_4\) is internally tangent to both \(C_1\) and \(C_2\) and externally tangent to \(C_3\). The radius of \(C_4\) can be expressed in the form \(\frac{k}{m}\). Please find the value of \(k + m\).	"ating \(k + m\)

Here, \(k = 3\) and \(m = 10\). Therefore:

\[
k + m = 3 + 10 = 13
\]

### Final Answer

\(\boxed{13}\)"
344	Circle \(C_1\) and \(C_2\) each have radius \(1\), and the distance between their centers is \(\frac{1}{2}\). Circle \(C_3\) is the largest circle internally tangent to both \(C_1\) and \(C_2\). Circle \(C_4\) is internally tangent to both \(C_1\) and \(C_2\) and externally tangent to \(C_3\). The radius of \(C_4\) can be expressed in the form \(\frac{k}{m}\). Please find the value of \(k + m\).	"us, \( r_4 = \frac{3 - 2\sqrt{2}}{1} \). Here, \( k = 3 \) and \( m = 1 \). Therefore, \( k + m = 4 \).

Answer: \( 4 \)"
345	Let $f(x)=x^4+14x^3+52x^2+56x+16$.  Let $z_1,z_2,z_3,z_4$ be the four roots of $f$.  Find the smallest possible value of $|z_{a}z_{b}+z_{c}z_{d}|$ where $\{a,b,c,d\}=\{1,2,3,4\}$.	_{d}\) for each combination of roots and determine the smallest possible value of the absolute value of this expression.
346	Let $f(x)=x^4+14x^3+52x^2+56x+16$.  Let $z_1,z_2,z_3,z_4$ be the four roots of $f$.  Find the smallest possible value of $|z_{a}z_{b}+z_{c}z_{d}|$ where $\{a,b,c,d\}=\{1,2,3,4\}$.	"ut
17
```
The smallest possible value of \(|z_{a}z_{b}+z_{c}z_{d}|\) where \(\{a,b,c,d\}=\{1,2,3,4\}\) is \(\boxed{8}\)."
347	Let $f(x)=x^4+14x^3+52x^2+56x+16$.  Let $z_1,z_2,z_3,z_4$ be the four roots of $f$.  Find the smallest possible value of $|z_{a}z_{b}+z_{c}z_{d}|$ where $\{a,b,c,d\}=\{1,2,3,4\}$.	"we first expand the product \( (x-1)(x^2 + x + 2)(x^2 + 6) \).

First, we expand \( (x^2 + x + 2)(x^2 + 6) \):
\[
(x^2 +"
348	Let $f(x)=x^4+14x^3+52x^2+56x+16$.  Let $z_1,z_2,z_3,z_4$ be the four roots of $f$.  Find the smallest possible value of $|z_{a}z_{b}+z_{c}z_{d}|$ where $\{a,b,c,d\}=\{1,2,3,4\}$.	"_d|\) is approximately \(79.99999999999999\), which we can round to \(80\).

Thus, the final answer is:
\[
\boxed{80}
\]"
349	Let $f(x)=x^4+14x^3+52x^2+56x+16$.  Let $z_1,z_2,z_3,z_4$ be the four roots of $f$.  Find the smallest possible value of $|z_{a}z_{b}+z_{c}z_{d}|$ where $\{a,b,c,d\}=\{1,2,3,4\}$.	he roots of the polynomial \( f(x) = x^4 + 14x^3 + 52x^2 + 56x + 16 \) is approximately \( \boxed{5.410101026544762} \).
350	Let $f(x)=x^4+14x^3+52x^2+56x+16$.  Let $z_1,z_2,z_3,z_4$ be the four roots of $f$.  Find the smallest possible value of $|z_{a}z_{b}+z_{c}z_{d}|$ where $\{a,b,c,d\}=\{1,2,3,4\}$.	"ituting \( b = 1 \) and \( d = 16 \) into the second equation:

\[ ac + 1 + 16 = 52 \implies ac = 35 \]

Substituting \("
351	Let $f(x)=x^4+14x^3+52x^2+56x+16$.  Let $z_1,z_2,z_3,z_4$ be the four roots of $f$.  Find the smallest possible value of $|z_{a}z_{b}+z_{c}z_{d}|$ where $\{a,b,c,d\}=\{1,2,3,4\}$.	, and the calculations confirm that the smallest possible value of \( |z_a z_b + z_c z_d| \) is indeed \( \boxed{26} \).
352	Let $f(x)=x^4+14x^3+52x^2+56x+16$.  Let $z_1,z_2,z_3,z_4$ be the four roots of $f$.  Find the smallest possible value of $|z_{a}z_{b}+z_{c}z_{d}|$ where $\{a,b,c,d\}=\{1,2,3,4\}$.	1/2)^3 + 6(-1/2)^2 + 4(-1/2) + 2 = -1/8 + 3/4 - 2 + 2 = 1/8 \neq 0 \). Finally, we find that \( q(-1/2) = (-1/2)^3 + 6(-
353	"Suppose $a$, $b$, $c$, and $d$ are positive real numbers that satisfy the system of equations:
\[
\begin{align*}
(a+b)(c+d) &= 143, \\
(a+c)(b+d) &= 150, \\
(a+d)(b+c) &= 169.
\end{align*}
\]
Compute the smallest possible value of $a^2+b^2+c^2+d^2$."	"\frac{579 + 1}{3} = \frac{580}{3}.
\]

Thus, the smallest possible value of \(a^2 + b^2 + c^2 + d^2\) is \(\boxed{\frac{"
354	"Suppose $a$, $b$, $c$, and $d$ are positive real numbers that satisfy the system of equations:
\[
\begin{align*}
(a+b)(c+d) &= 143, \\
(a+c)(b+d) &= 150, \\
(a+d)(b+c) &= 169.
\end{align*}
\]
Compute the smallest possible value of $a^2+b^2+c^2+d^2$."	"\[
22202 + 2 \cdot 0 = 22202.
\]
Thus, the smallest possible value of \(a^2 + b^2 + c^2 + d^2\) is:
\[
\boxed{22202}.
\]"
355	"Suppose $a$, $b$, $c$, and $d$ are positive real numbers that satisfy the system of equations:
\[
\begin{align*}
(a+b)(c+d) &= 143, \\
(a+c)(b+d) &= 150, \\
(a+d)(b+c) &= 169.
\end{align*}
\]
Compute the smallest possible value of $a^2+b^2+c^2+d^2$."	").

We also know \(a + b + c + d = 24\). From \(a + b = 11\) and \(c + d = 13\), we can solve for \(a\) and \(b\):

\[
a"
356	"Suppose $a$, $b$, $c$, and $d$ are positive real numbers that satisfy the system of equations:
\[
\begin{align*}
(a+b)(c+d) &= 143, \\
(a+c)(b+d) &= 150, \\
(a+d)(b+c) &= 169.
\end{align*}
\]
Compute the smallest possible value of $a^2+b^2+c^2+d^2$."	"import sympy as sp

# Define the variables
a, b, c, d = sp.symbols('a b c d')

# Define the equations
eq1 = (a + b)*(c +"
357	"Suppose $a$, $b$, $c$, and $d$ are positive real numbers that satisfy the system of equations:
\[
\begin{align*}
(a+b)(c+d) &= 143, \\
(a+c)(b+d) &= 150, \\
(a+d)(b+c) &= 169.
\end{align*}
\]
Compute the smallest possible value of $a^2+b^2+c^2+d^2$."	"- 116 + (a+b)^2 + (c+d)^2 + (a+c)^2 + (b+d)^2 + (a+d)^2 + (b+c)^2.
\]
Thus, we get:
\[
3S = 3S - 116 + (a+b)^2 + (c+d)^2"
358	"Suppose $a$, $b$, $c$, and $d$ are positive real numbers that satisfy the system of equations:
\[
\begin{align*}
(a+b)(c+d) &= 143, \\
(a+c)(b+d) &= 150, \\
(a+d)(b+c) &= 169.
\end{align*}
\]
Compute the smallest possible value of $a^2+b^2+c^2+d^2$."	" $a^2+b^2+c^2+d^2$ using a strategic method, we can conclude that the value is the smallest possible value.

Answer: 236"
359	"Suppose $a$, $b$, $c$, and $d$ are positive real numbers that satisfy the system of equations:
\[
\begin{align*}
(a+b)(c+d) &= 143, \\
(a+c)(b+d) &= 150, \\
(a+d)(b+c) &= 169.
\end{align*}
\]
Compute the smallest possible value of $a^2+b^2+c^2+d^2$."	"culate a^2 + b^2 + c^2 + d^2
a_squared = a_value**2
b_squared = c_value**2
c_squared = a_value**2
d_squared = c_value**2"
360	"Suppose $a$, $b$, $c$, and $d$ are positive real numbers that satisfy the system of equations:
\[
\begin{align*}
(a+b)(c+d) &= 143, \\
(a+c)(b+d) &= 150, \\
(a+d)(b+c) &= 169.
\end{align*}
\]
Compute the smallest possible value of $a^2+b^2+c^2+d^2$."	"+ d^2 = 25^2 - 2 \cdot 0 = 625.
\]
Thus, the smallest possible value of \(a^2 + b^2 + c^2 + d^2\) is:
\[
\boxed{625}.
\]"
361	A positive integer $n$ is said to be base-able if there exist positive integers $a$ and $b$, with $b > 1$, such that $n = a^b$. How many positive integer divisors of $729000000$ are base-able?	"s 8 = 704
\]

Therefore, the number of positive integer divisors of $729000000$ that are base-able is:
\[
\boxed{704}
\]"
362	A positive integer $n$ is said to be base-able if there exist positive integers $a$ and $b$, with $b > 1$, such that $n = a^b$. How many positive integer divisors of $729000000$ are base-able?	"    prime_factors_dict = sympy.factorint(n)
    factors = prime_factors_dict
    for p in factors:
        exp = factors"
363	A positive integer $n$ is said to be base-able if there exist positive integers $a$ and $b$, with $b > 1$, such that $n = a^b$. How many positive integer divisors of $729000000$ are base-able?	"s raised to these exponents.

Thus, the base-able divisors are:
\[ 3^1 = 3, \quad 3^2 = 9, \quad 3^4 = 81 \]
\[ 2^1 = 2,"
364	A positive integer $n$ is said to be base-able if there exist positive integers $a$ and $b$, with $b > 1$, such that $n = a^b$. How many positive integer divisors of $729000000$ are base-able?	"ors)
```
```output
127
```
The number of positive integer divisors of 729,000,000 that are base-able is \(\boxed{127}\)."
365	A positive integer $n$ is said to be base-able if there exist positive integers $a$ and $b$, with $b > 1$, such that $n = a^b$. How many positive integer divisors of $729000000$ are base-able?	"
```
```output
342
```
The number of positive integer divisors of \(729,000,000\) that are base-able is \(\boxed{342}\)."
366	A positive integer $n$ is said to be base-able if there exist positive integers $a$ and $b$, with $b > 1$, such that $n = a^b$. How many positive integer divisors of $729000000$ are base-able?	"\[343 - 1 = 342.\]

Thus, the number of positive integer divisors of $729000000$ that are base-able is:
\[\boxed{342}.\]"
367	A positive integer $n$ is said to be base-able if there exist positive integers $a$ and $b$, with $b > 1$, such that $n = a^b$. How many positive integer divisors of $729000000$ are base-able?	"base-able divisors
base_able_divisors_count = count_base_able_divisors(n)
print(base_able_divisors_count)
```
```output
"
368	A positive integer $n$ is said to be base-able if there exist positive integers $a$ and $b$, with $b > 1$, such that $n = a^b$. How many positive integer divisors of $729000000$ are base-able?	"9 + 4 + 1 = 55.\]

Therefore, the number of positive integer divisors of 729000000 that are base-able is \(\boxed{55}\)."
369	The measures of the interior angles of a convex hexagon form an increasing arithmetic sequence. How many such sequences are possible if the hexagon is not equiangular and all of the angle degree measures are positive integers less than $150$ degrees?	" + 123 + 125 = 720\) (Valid)

2. For \(d = 4\):
   \[
   a = 120 - \frac{5 \times 4}{2} = 120 - 10 = 110
   \]
   Angles"
370	The measures of the interior angles of a convex hexagon form an increasing arithmetic sequence. How many such sequences are possible if the hexagon is not equiangular and all of the angle degree measures are positive integers less than $150$ degrees?	"} = \frac{240 - 125}{2} = 57.5\) (not an integer)

The valid sequences are for \(d = 20, 22, 24\). Therefore, the number"
371	The measures of the interior angles of a convex hexagon form an increasing arithmetic sequence. How many such sequences are possible if the hexagon is not equiangular and all of the angle degree measures are positive integers less than $150$ degrees?	"0\), \(d = 12\)
8. \(a = 90\), \(d = 8\)
9. \(a = 100\), \(d = 4\)

Thus, the number of such sequences is \(\boxed{9}\)."
372	The measures of the interior angles of a convex hexagon form an increasing arithmetic sequence. How many such sequences are possible if the hexagon is not equiangular and all of the angle degree measures are positive integers less than $150$ degrees?	"ount)
```
```output
43
```
The number of possible sequences of interior angles for the convex hexagon is \(\boxed{43}\)."
373	The measures of the interior angles of a convex hexagon form an increasing arithmetic sequence. How many such sequences are possible if the hexagon is not equiangular and all of the angle degree measures are positive integers less than $150$ degrees?	"< k < 30\). There are \(12\) values of \(k\) in this range.

Thus, the number of possible sequences is:
\[
\boxed{12}
\]"
374	The measures of the interior angles of a convex hexagon form an increasing arithmetic sequence. How many such sequences are possible if the hexagon is not equiangular and all of the angle degree measures are positive integers less than $150$ degrees?	exagon, where the measures form an increasing arithmetic sequence and the hexagon is not equiangular, is \(\boxed{33}\).
375	The measures of the interior angles of a convex hexagon form an increasing arithmetic sequence. How many such sequences are possible if the hexagon is not equiangular and all of the angle degree measures are positive integers less than $150$ degrees?	"ces))
```
```output
7
```
The number of such sequences possible for the interior angles of the hexagon is \(\boxed{7}\)."
376	The measures of the interior angles of a convex hexagon form an increasing arithmetic sequence. How many such sequences are possible if the hexagon is not equiangular and all of the angle degree measures are positive integers less than $150$ degrees?	"71, 73\}, \\
&\{64, 66, 68, 70, 72, 74\}, \\
&\{65, 67, 69, 71, 73, 75\}, \\
&\{66, 68, 70, 72, 74, 76\}, \\
&\{67, 69, "
377	"It is given that there exists a unique triple of positive primes \((p, q, r)\) such that \(p < q < r\) and 
\[
\frac{p^3 + q^3 + r^3}{p + q + r} = 249.
\] 
Find \(r\)."	"
\[
\frac{p^3 + q^3 + r^3}{p + q + r} = 249
\]
is \((7, 19, 103)\). Therefore, the value of \(r\) is 
\[
\boxed{103}.
\]"
378	"It is given that there exists a unique triple of positive primes \((p, q, r)\) such that \(p < q < r\) and 
\[
\frac{p^3 + q^3 + r^3}{p + q + r} = 249.
\] 
Find \(r\)."	"7^3 = 27 + 125 + 343 = 495.
\]
\[
3 + 5 + 7 = 15.
\]
\[
\frac{495}{15} = 33.
\]
This does not work. Let's try \(p = 3\),"
379	"It is given that there exists a unique triple of positive primes \((p, q, r)\) such that \(p < q < r\) and 
\[
\frac{p^3 + q^3 + r^3}{p + q + r} = 249.
\] 
Find \(r\)."	"tisfies the given equation is \((5, 7, 11)\). The value of \(r\) is \(11\).

Thus, the final answer is:
\[
\boxed{11}
\]"
380	"It is given that there exists a unique triple of positive primes \((p, q, r)\) such that \(p < q < r\) and 
\[
\frac{p^3 + q^3 + r^3}{p + q + r} = 249.
\] 
Find \(r\)."	" 17352 \quad \text{(not a solution)}.
\]
For \( r = 37 \):
\[
37^3 - 249 \cdot 37 - 4720 = 50653 - 9213 - 4720 = 36720 \"
381	"It is given that there exists a unique triple of positive primes \((p, q, r)\) such that \(p < q < r\) and 
\[
\frac{p^3 + q^3 + r^3}{p + q + r} = 249.
\] 
Find \(r\)."	equation \(\frac{p^3 + q^3 + r^3}{p + q + r} = 249\) is \((3, 5, 19)\). Therefore, the value of \(r\) is \(\boxed{19}\).
382	"It is given that there exists a unique triple of positive primes \((p, q, r)\) such that \(p < q < r\) and 
\[
\frac{p^3 + q^3 + r^3}{p + q + r} = 249.
\] 
Find \(r\)."	"e might be no such triplet that satisfies the equation exactly.

Given that the equation seems to be restrictive and the"
383	"It is given that there exists a unique triple of positive primes \((p, q, r)\) such that \(p < q < r\) and 
\[
\frac{p^3 + q^3 + r^3}{p + q + r} = 249.
\] 
Find \(r\)."	"mes \((p, q, r)\) satisfying the given equation is \((5, 7, 13)\). Therefore, the value of \( r \) is:

\[
\boxed{13}
\]"
384	"It is given that there exists a unique triple of positive primes \((p, q, r)\) such that \(p < q < r\) and 
\[
\frac{p^3 + q^3 + r^3}{p + q + r} = 249.
\] 
Find \(r\)."	"\[
3 + 7 + 29 = 39
\]
\[
\frac{24759}{39} = 633 \quad \text{(which is incorrect)}
\]

After further trials, we find that"
385	Let $S\,$ be a set with six elements. In how many different ways can one select two not necessarily distinct subsets of $S\,$ so that the union of the two subsets is $S\,$?  The order of selection does not matter; for example, the pair of subsets $\{a, c\},\{b, c, d, e, f\}$ represents the same selection as the pair $\{b, c, d, e, f\},\{a, c\}.$	 number of distinct ways to select two subsets \(A\) and \(B\) of \(S\) such that \(A \cup B = S\) is \(\boxed{26214}\).
386	Let $S\,$ be a set with six elements. In how many different ways can one select two not necessarily distinct subsets of $S\,$ so that the union of the two subsets is $S\,$?  The order of selection does not matter; for example, the pair of subsets $\{a, c\},\{b, c, d, e, f\}$ represents the same selection as the pair $\{b, c, d, e, f\},\{a, c\}.$	wo not necessarily distinct subsets of $S$ such that the union of the two subsets is $S$ is $\frac{64}{2} = \boxed{32}$.
387	Let $S\,$ be a set with six elements. In how many different ways can one select two not necessarily distinct subsets of $S\,$ so that the union of the two subsets is $S\,$?  The order of selection does not matter; for example, the pair of subsets $\{a, c\},\{b, c, d, e, f\}$ represents the same selection as the pair $\{b, c, d, e, f\},\{a, c\}.$	 select two not necessarily distinct subsets of \(S\) such that the union of the two subsets is \(S\) is \(\boxed{10}\).
388	Let $S\,$ be a set with six elements. In how many different ways can one select two not necessarily distinct subsets of $S\,$ so that the union of the two subsets is $S\,$?  The order of selection does not matter; for example, the pair of subsets $\{a, c\},\{b, c, d, e, f\}$ represents the same selection as the pair $\{b, c, d, e, f\},\{a, c\}.$	"he second subset. 

Therefore, the total number of pairs is \( 2 + 2 + 32 = 36 \). 

So, the answer is \( \boxed{36} \)."
389	Let $S\,$ be a set with six elements. In how many different ways can one select two not necessarily distinct subsets of $S\,$ so that the union of the two subsets is $S\,$?  The order of selection does not matter; for example, the pair of subsets $\{a, c\},\{b, c, d, e, f\}$ represents the same selection as the pair $\{b, c, d, e, f\},\{a, c\}.$	nt ways to select two not necessarily distinct subsets of \( S \) such that their union is \( S \) is \( \boxed{372} \).
390	Let $S\,$ be a set with six elements. In how many different ways can one select two not necessarily distinct subsets of $S\,$ so that the union of the two subsets is $S\,$?  The order of selection does not matter; for example, the pair of subsets $\{a, c\},\{b, c, d, e, f\}$ represents the same selection as the pair $\{b, c, d, e, f\},\{a, c\}.$	" neither)
ways = 3**n // 2

print(ways)
```
```output
1458
```
The output `1458` indicates that there are 1458 different"
391	Let $S\,$ be a set with six elements. In how many different ways can one select two not necessarily distinct subsets of $S\,$ so that the union of the two subsets is $S\,$?  The order of selection does not matter; for example, the pair of subsets $\{a, c\},\{b, c, d, e, f\}$ represents the same selection as the pair $\{b, c, d, e, f\},\{a, c\}.$	"two not necessarily distinct subsets of \( S \) such that the union of the two subsets is \( S \) is:

\[
\boxed{128}
\]"
392	Let $S\,$ be a set with six elements. In how many different ways can one select two not necessarily distinct subsets of $S\,$ so that the union of the two subsets is $S\,$?  The order of selection does not matter; for example, the pair of subsets $\{a, c\},\{b, c, d, e, f\}$ represents the same selection as the pair $\{b, c, d, e, f\},\{a, c\}.$	" number of pairs by 2. Thus, the total number of distinct pairs is \( \frac{64}{2} = 32 \).

### Final Answer
Answer: 32"
393	"We define a function $f(x)$ such that $f(14)=7$, and if there exists an integer $a$ such that $f(a)=b$, then $f(b)$ is defined and

$f(b)=3b+1$ if $b$ is odd

$f(b)=\frac{b}{2}$ if $b$ is even.

What is the smallest possible number of integers in the domain of $f$?"	"b}{2} \):
\[ f(4) = \frac{4}{2} = 2 \]
Now, we need to find \( f(2) \):
Since \( 2 \) is even, we use the rule \( f(b) ="
394	"We define a function $f(x)$ such that $f(14)=7$, and if there exists an integer $a$ such that $f(a)=b$, then $f(b)$ is defined and

$f(b)=3b+1$ if $b$ is odd

$f(b)=\frac{b}{2}$ if $b$ is even.

What is the smallest possible number of integers in the domain of $f$?"	"( f \) are: 14, 7, 22, 11, 34, 17, 52, 26, 13, 40, 20, 10, 5, 16, 8, 4, 2, 1. We count these integers:

\[
\boxed{17}
\]"
395	"We define a function $f(x)$ such that $f(14)=7$, and if there exists an integer $a$ such that $f(a)=b$, then $f(b)$ is defined and

$f(b)=3b+1$ if $b$ is odd

$f(b)=\frac{b}{2}$ if $b$ is even.

What is the smallest possible number of integers in the domain of $f$?"	" the smallest possible number of integers in the domain of $f$ is 15.

Therefore, the final answer is:

\[
\boxed{15}
\]"
396	"We define a function $f(x)$ such that $f(14)=7$, and if there exists an integer $a$ such that $f(a)=b$, then $f(b)$ is defined and

$f(b)=3b+1$ if $b$ is odd

$f(b)=\frac{b}{2}$ if $b$ is even.

What is the smallest possible number of integers in the domain of $f$?"	"ssible number of integers in the domain of \( f \) is the distinct set of values calculated, which is:

\[
\boxed{19}
\]"
397	"We define a function $f(x)$ such that $f(14)=7$, and if there exists an integer $a$ such that $f(a)=b$, then $f(b)$ is defined and

$f(b)=3b+1$ if $b$ is odd

$f(b)=\frac{b}{2}$ if $b$ is even.

What is the smallest possible number of integers in the domain of $f$?"	" use the rule for even numbers:
\[
f(4) = \frac{4}{2} = 2.
\]

So far, we have determined that the values of $f(x)$ as $"
398	"We define a function $f(x)$ such that $f(14)=7$, and if there exists an integer $a$ such that $f(a)=b$, then $f(b)$ is defined and

$f(b)=3b+1$ if $b$ is odd

$f(b)=\frac{b}{2}$ if $b$ is even.

What is the smallest possible number of integers in the domain of $f$?"	"allest possible integer value for the domain.
Answer: The smallest possible number of integers in the domain of f is 28."
399	"We define a function $f(x)$ such that $f(14)=7$, and if there exists an integer $a$ such that $f(a)=b$, then $f(b)$ is defined and

$f(b)=3b+1$ if $b$ is odd

$f(b)=\frac{b}{2}$ if $b$ is even.

What is the smallest possible number of integers in the domain of $f$?"	"we need to determine \( f(20) \):
    - \( f(20) = 20 / 2 = 10 \) (if 20 is even)

    So, 20 is in the domain of \( f \"
400	"We define a function $f(x)$ such that $f(14)=7$, and if there exists an integer $a$ such that $f(a)=b$, then $f(b)$ is defined and

$f(b)=3b+1$ if $b$ is odd

$f(b)=\frac{b}{2}$ if $b$ is even.

What is the smallest possible number of integers in the domain of $f$?"	"equence and the conditions given, we can find the smallest possible number of integers in the domain of $f$.

Answer: 11"
