id	problem	tail
1	Arnold has plates weighing $5$, $15$, $25$, $35$, or $45$ pounds. He lifts a barbell, which consists of a $45$-pound bar and any number of plates that he has. Vlad looks at Arnold's bar and is impressed to see him bench-press $600$ pounds. Unfortunately, Vlad mistook each plate on Arnold's bar for the plate one size heavier, and Arnold was actually lifting $470$ pounds. How many plates did Arnold have on the bar?	"ns, we can find the correct weight of the plates and the number of plates that Arnold had on the bar.
Step 6:  Answer: 8"
2	Arnold has plates weighing $5$, $15$, $25$, $35$, or $45$ pounds. He lifts a barbell, which consists of a $45$-pound bar and any number of plates that he has. Vlad looks at Arnold's bar and is impressed to see him bench-press $600$ pounds. Unfortunately, Vlad mistook each plate on Arnold's bar for the plate one size heavier, and Arnold was actually lifting $470$ pounds. How many plates did Arnold have on the bar?	"weight of 470 pounds when the plates are miscounted. 

So the number of plates Arnold had on the bar is \( \boxed{7} \)."
3	Arnold has plates weighing $5$, $15$, $25$, $35$, or $45$ pounds. He lifts a barbell, which consists of a $45$-pound bar and any number of plates that he has. Vlad looks at Arnold's bar and is impressed to see him bench-press $600$ pounds. Unfortunately, Vlad mistook each plate on Arnold's bar for the plate one size heavier, and Arnold was actually lifting $470$ pounds. How many plates did Arnold have on the bar?	" round 15.857 to the nearest whole number, which is 16.
Step 19:  Therefore, Arnold had 16 plates on the bar.
Answer: 16"
4	Arnold has plates weighing $5$, $15$, $25$, $35$, or $45$ pounds. He lifts a barbell, which consists of a $45$-pound bar and any number of plates that he has. Vlad looks at Arnold's bar and is impressed to see him bench-press $600$ pounds. Unfortunately, Vlad mistook each plate on Arnold's bar for the plate one size heavier, and Arnold was actually lifting $470$ pounds. How many plates did Arnold have on the bar?	"ion, we get:

$45 + 5n = 600$

$5n = 555$

$n = 111$

Therefore, Arnold had $111$ plates on the bar.

The answer is: 111"
5	Arnold has plates weighing $5$, $15$, $25$, $35$, or $45$ pounds. He lifts a barbell, which consists of a $45$-pound bar and any number of plates that he has. Vlad looks at Arnold's bar and is impressed to see him bench-press $600$ pounds. Unfortunately, Vlad mistook each plate on Arnold's bar for the plate one size heavier, and Arnold was actually lifting $470$ pounds. How many plates did Arnold have on the bar?	"t of each plate by 5 to find the number of plates: 85 / 5 = 17.
- Therefore, Arnold had 17 plates on the bar. Answer: 17"
6	Arnold has plates weighing $5$, $15$, $25$, $35$, or $45$ pounds. He lifts a barbell, which consists of a $45$-pound bar and any number of plates that he has. Vlad looks at Arnold's bar and is impressed to see him bench-press $600$ pounds. Unfortunately, Vlad mistook each plate on Arnold's bar for the plate one size heavier, and Arnold was actually lifting $470$ pounds. How many plates did Arnold have on the bar?	") + 15(b+1) + 25(c+1) + 35(d+1) + 45(e+1) = 470 \]

Rewriting the second equation:

\[ 45 + 5a + 5 + 15b + 15 + 25c + 25"
7	Arnold has plates weighing $5$, $15$, $25$, $35$, or $45$ pounds. He lifts a barbell, which consists of a $45$-pound bar and any number of plates that he has. Vlad looks at Arnold's bar and is impressed to see him bench-press $600$ pounds. Unfortunately, Vlad mistook each plate on Arnold's bar for the plate one size heavier, and Arnold was actually lifting $470$ pounds. How many plates did Arnold have on the bar?	" to find out how many plates were used: 300 / 15 = 20 plates.
Step 7:  Thus, Arnold had 20 plates on the bar.
Answer: 20"
8	Arnold has plates weighing $5$, $15$, $25$, $35$, or $45$ pounds. He lifts a barbell, which consists of a $45$-pound bar and any number of plates that he has. Vlad looks at Arnold's bar and is impressed to see him bench-press $600$ pounds. Unfortunately, Vlad mistook each plate on Arnold's bar for the plate one size heavier, and Arnold was actually lifting $470$ pounds. How many plates did Arnold have on the bar?	" 15(3) + 25(2) + 35(1) + 45(2) = 40 + 45 + 50 + 35 + 90 = 260
\]
This also doesn't work. Let's try \( x = 7 \), \( y = 4"
9	"Determine the largest integer $N$ for which there exists a $6 \times N$ table $T$ that has the following properties:

- Every column contains the numbers $1, 2, \ldots, 6$ in some ordering.
- For any two columns $i \ne j$, there exists a row $r$ such that $T(r,i) = T(r,j)$.
- For any two columns $i \ne j$, there exists a row $s$ such that $T(s,i) \ne T(s,j)$."	"least one row (rows \( 1 \) and \( 3 \)) where the elements in the fourth and first columns are not equal.

#### Step 6:"
10	"Determine the largest integer $N$ for which there exists a $6 \times N$ table $T$ that has the following properties:

- Every column contains the numbers $1, 2, \ldots, 6$ in some ordering.
- For any two columns $i \ne j$, there exists a row $r$ such that $T(r,i) = T(r,j)$.
- For any two columns $i \ne j$, there exists a row $s$ such that $T(s,i) \ne T(s,j)$."	"e the total number of permutations divided by the number of rows in the table (6). So, N = 720/6 = 120.

Answer: N = 120"
11	"Determine the largest integer $N$ for which there exists a $6 \times N$ table $T$ that has the following properties:

- Every column contains the numbers $1, 2, \ldots, 6$ in some ordering.
- For any two columns $i \ne j$, there exists a row $r$ such that $T(r,i) = T(r,j)$.
- For any two columns $i \ne j$, there exists a row $s$ such that $T(s,i) \ne T(s,j)$."	rgest integer \(N\) for which there exists a \(6 \times N\) table \(T\) that has the given properties is \(\boxed{30}\).
12	"Determine the largest integer $N$ for which there exists a $6 \times N$ table $T$ that has the following properties:

- Every column contains the numbers $1, 2, \ldots, 6$ in some ordering.
- For any two columns $i \ne j$, there exists a row $r$ such that $T(r,i) = T(r,j)$.
- For any two columns $i \ne j$, there exists a row $s$ such that $T(s,i) \ne T(s,j)$."	"d violate the conditions.

Therefore, the largest possible value for \( N \) is \( 4 \).

The answer is:
\[
\boxed{4}
\]"
13	"Determine the largest integer $N$ for which there exists a $6 \times N$ table $T$ that has the following properties:

- Every column contains the numbers $1, 2, \ldots, 6$ in some ordering.
- For any two columns $i \ne j$, there exists a row $r$ such that $T(r,i) = T(r,j)$.
- For any two columns $i \ne j$, there exists a row $s$ such that $T(s,i) \ne T(s,j)$."	"& 3 & 4 & 5 & 6 & 1 & 2 & 3 & 4 & 5 & 6 & 1 & 2 & 3 & 4 & 5 & 6 & 1 & 2 & 3 & 4 \\
3 & 4 & 5 & 6 & 1 & 2 & 3 & 4 & 5 & 6"
14	"Determine the largest integer $N$ for which there exists a $6 \times N$ table $T$ that has the following properties:

- Every column contains the numbers $1, 2, \ldots, 6$ in some ordering.
- For any two columns $i \ne j$, there exists a row $r$ such that $T(r,i) = T(r,j)$.
- For any two columns $i \ne j$, there exists a row $s$ such that $T(s,i) \ne T(s,j)$."	 integer \(N\) for which there exists a \(6 \times N\) table \(T\) that satisfies the given conditions is \(\boxed{5}\).
15	"Determine the largest integer $N$ for which there exists a $6 \times N$ table $T$ that has the following properties:

- Every column contains the numbers $1, 2, \ldots, 6$ in some ordering.
- For any two columns $i \ne j$, there exists a row $r$ such that $T(r,i) = T(r,j)$.
- For any two columns $i \ne j$, there exists a row $s$ such that $T(s,i) \ne T(s,j)$."	"herefore, the maximum value of N for which there exists a 6 x N table T satisfying the given properties is 6.

Answer: 6"
16	"Determine the largest integer $N$ for which there exists a $6 \times N$ table $T$ that has the following properties:

- Every column contains the numbers $1, 2, \ldots, 6$ in some ordering.
- For any two columns $i \ne j$, there exists a row $r$ such that $T(r,i) = T(r,j)$.
- For any two columns $i \ne j$, there exists a row $s$ such that $T(s,i) \ne T(s,j)$."	" \( 6 \times 7 \) table can be structured in a way that satisfies all the given properties.

### Final Answer

Answer: 7"
17	Ten identical crates each of dimensions $3\mathrm{ft}\times 4\mathrm{ft}\times 6\mathrm{ft}$.  The first crate is placed flat on the floor.  Each of the remaining nine crates is placed, in turn, flat on top of the previous crate, and the orientation of each crate is chosen at random.  Let $\frac {m}{n}$ be the probability that the stack of crates is exactly $41\mathrm{ft}$ tall, where $m$ and $n$ are relatively prime positive integers.  Find $m$.	"ble combinations.
- The probability in simplified form is $\frac{1}{1000}$.

Therefore, the value of $m$ is $\boxed{1}$."
18	Ten identical crates each of dimensions $3\mathrm{ft}\times 4\mathrm{ft}\times 6\mathrm{ft}$.  The first crate is placed flat on the floor.  Each of the remaining nine crates is placed, in turn, flat on top of the previous crate, and the orientation of each crate is chosen at random.  Let $\frac {m}{n}$ be the probability that the stack of crates is exactly $41\mathrm{ft}$ tall, where $m$ and $n$ are relatively prime positive integers.  Find $m$.	"ich has no integer solution.
   - If \(a = 1\), then \(4b = 26\), which has no integer solution.
   - If \(a = 2\), then"
19	Ten identical crates each of dimensions $3\mathrm{ft}\times 4\mathrm{ft}\times 6\mathrm{ft}$.  The first crate is placed flat on the floor.  Each of the remaining nine crates is placed, in turn, flat on top of the previous crate, and the orientation of each crate is chosen at random.  Let $\frac {m}{n}$ be the probability that the stack of crates is exactly $41\mathrm{ft}$ tall, where $m$ and $n$ are relatively prime positive integers.  Find $m$.	"0}} = \frac{18}{59049} = \frac{2}{6561}
   \]
   The fraction \(\frac{2}{6561}\) is already in its simplest form.

7. **"
20	Ten identical crates each of dimensions $3\mathrm{ft}\times 4\mathrm{ft}\times 6\mathrm{ft}$.  The first crate is placed flat on the floor.  Each of the remaining nine crates is placed, in turn, flat on top of the previous crate, and the orientation of each crate is chosen at random.  Let $\frac {m}{n}$ be the probability that the stack of crates is exactly $41\mathrm{ft}$ tall, where $m$ and $n$ are relatively prime positive integers.  Find $m$.	"alculated using the multinomial coefficient.

Finally, we will calculate the probability for each valid solution and sum"
21	Ten identical crates each of dimensions $3\mathrm{ft}\times 4\mathrm{ft}\times 6\mathrm{ft}$.  The first crate is placed flat on the floor.  Each of the remaining nine crates is placed, in turn, flat on top of the previous crate, and the orientation of each crate is chosen at random.  Let $\frac {m}{n}$ be the probability that the stack of crates is exactly $41\mathrm{ft}$ tall, where $m$ and $n$ are relatively prime positive integers.  Find $m$.	t the stack of crates is exactly $41 \, \mathrm{ft}$ tall is $\frac{4}{81}$. Therefore, the value of $m$ is $\boxed{4}$.
22	Ten identical crates each of dimensions $3\mathrm{ft}\times 4\mathrm{ft}\times 6\mathrm{ft}$.  The first crate is placed flat on the floor.  Each of the remaining nine crates is placed, in turn, flat on top of the previous crate, and the orientation of each crate is chosen at random.  Let $\frac {m}{n}$ be the probability that the stack of crates is exactly $41\mathrm{ft}$ tall, where $m$ and $n$ are relatively prime positive integers.  Find $m$.	 that the stack of crates is exactly 41 ft tall is \(\frac{5010}{59049}\), and the value of \( m \) is \(\boxed{5010}\).
23	Ten identical crates each of dimensions $3\mathrm{ft}\times 4\mathrm{ft}\times 6\mathrm{ft}$.  The first crate is placed flat on the floor.  Each of the remaining nine crates is placed, in turn, flat on top of the previous crate, and the orientation of each crate is chosen at random.  Let $\frac {m}{n}$ be the probability that the stack of crates is exactly $41\mathrm{ft}$ tall, where $m$ and $n$ are relatively prime positive integers.  Find $m$.	"y prime, the fraction is already in its simplest form. Therefore, $m = 4$ and $n = 59049$. The answer is:
\[\boxed{4}.\]"
24	Ten identical crates each of dimensions $3\mathrm{ft}\times 4\mathrm{ft}\times 6\mathrm{ft}$.  The first crate is placed flat on the floor.  Each of the remaining nine crates is placed, in turn, flat on top of the previous crate, and the orientation of each crate is chosen at random.  Let $\frac {m}{n}$ be the probability that the stack of crates is exactly $41\mathrm{ft}$ tall, where $m$ and $n$ are relatively prime positive integers.  Find $m$.	"k of crates is exactly 41 feet tall is \(\frac{729}{59049} = \frac{1}{81}\).

Thus, the value of \(m\) is \(\boxed{1}\)."
25	Lori makes a list of all the numbers between $1$ and $999$ inclusive. She first colors all the multiples of $5$ red. Then she colors blue every number which is adjacent to a red number. How many numbers in her list are left uncolored?	 228, 229, 231, 232, 234, 237, 238, 240, 241, 243, 244, 246, 247, 249, 250, 252, 253, 255, 256, 258, 259, 261, 262, 264,
26	Lori makes a list of all the numbers between $1$ and $999$ inclusive. She first colors all the multiples of $5$ red. Then she colors blue every number which is adjacent to a red number. How many numbers in her list are left uncolored?	"s, the number of uncolored numbers is \(999 - (199 + 398) = 999 - 597 = 391 - 1 = 301\).

The answer is:
\[
\boxed{0}
\]"
27	Lori makes a list of all the numbers between $1$ and $999$ inclusive. She first colors all the multiples of $5$ red. Then she colors blue every number which is adjacent to a red number. How many numbers in her list are left uncolored?	"djacent numbers from the total number of multiples of 5. This will give us the number of uncolored numbers.

Answer: 495"
28	Lori makes a list of all the numbers between $1$ and $999$ inclusive. She first colors all the multiples of $5$ red. Then she colors blue every number which is adjacent to a red number. How many numbers in her list are left uncolored?	"t to a red number.
Step 6: Count the remaining numbers between 1 and 999 that are not colored red or blue.


Answer: 599"
29	Lori makes a list of all the numbers between $1$ and $999$ inclusive. She first colors all the multiples of $5$ red. Then she colors blue every number which is adjacent to a red number. How many numbers in her list are left uncolored?	"95
```
The total number of numbers between 1 and 999 that are not colored (i.e., not multiples of 5) is \(\boxed{596}\)."
30	Lori makes a list of all the numbers between $1$ and $999$ inclusive. She first colors all the multiples of $5$ red. Then she colors blue every number which is adjacent to a red number. How many numbers in her list are left uncolored?	"dArrow);
draw((2,61)--(3,61),EndArrow);
draw((2,62)--(3,62),EndArrow);
draw((2,63)--(3,63),EndArrow);
draw((2,64)--(3,64"
31	Lori makes a list of all the numbers between $1$ and $999$ inclusive. She first colors all the multiples of $5$ red. Then she colors blue every number which is adjacent to a red number. How many numbers in her list are left uncolored?	" find the number of uncolored numbers.
Step 8:  Finally, the remaining number is the answer to the question. Answer: 799"
32	Lori makes a list of all the numbers between $1$ and $999$ inclusive. She first colors all the multiples of $5$ red. Then she colors blue every number which is adjacent to a red number. How many numbers in her list are left uncolored?	"- 199 - 370 + 171 = 999 - 468 = 531
     \]

Thus, the number of uncolored numbers in Lori's list is:

\[
\boxed{531}
\]"
33	How many positive integers less than $1998$ are relatively prime to $1547$? Two integers are relatively prime if they have no common factors besides 1.	"there are $1998-36 = \boxed{1962}$ positive integers less than $1998$ that are relatively prime to $1547$.

Answer: 1962"
34	How many positive integers less than $1998$ are relatively prime to $1547$? Two integers are relatively prime if they have no common factors besides 1.	"71}$$

$$\phi(1547) = 984$$

So, there are $984$ positive integers less than $1998$ that are relatively prime to $1547$."
35	How many positive integers less than $1998$ are relatively prime to $1547$? Two integers are relatively prime if they have no common factors besides 1.	"ore, there are $1998 - 508 = 1490$ positive integers less than $1998$ that are relatively prime to $1547$.

Answer: 1490"
36	How many positive integers less than $1998$ are relatively prime to $1547$? Two integers are relatively prime if they have no common factors besides 1.	mber of integers less than $1998$ that are relatively prime to $1547$ is $1997 - 340 = \boxed{1657}$.The answer is: 1657
37	How many positive integers less than $1998$ are relatively prime to $1547$? Two integers are relatively prime if they have no common factors besides 1.	"

Next, multiply 1284 by $\frac{12}{13}$:

\[
1284 \times \frac{12}{13} = 1284 \times \frac{12}{13} = 1284 \times \frac{"
38	How many positive integers less than $1998$ are relatively prime to $1547$? Two integers are relatively prime if they have no common factors besides 1.	05$. Therefore, the number of positive integers less than $1998$ that are relatively prime to $1547$ is $1997-605=1392$.
39	How many positive integers less than $1998$ are relatively prime to $1547$? Two integers are relatively prime if they have no common factors besides 1.	"ers less than 1998 that are relatively prime to 1547 is:
\[
1997 - 499 = 1498
\]

Therefore, the answer is:
Answer: 1498"
40	How many positive integers less than $1998$ are relatively prime to $1547$? Two integers are relatively prime if they have no common factors besides 1.	"already the count of numbers less than 1547 that are relatively prime to 1547. Hence, the answer is:

\[
\boxed{1120}
\]"
41	"Distinct prime numbers $p$, $q$, and $r$ satisfy the following equation:

$$2pqr + 50pq = 7pqr + 55pr = 8pqr + 12qr = A$$

for some positive integer $A$. What is the value of $A$?"	"olving the original expressions with \( p = 2 \):

For the first expression:

\[
pqr \left(2 + \frac{50}{r}\right) = 2qr"
42	"Distinct prime numbers $p$, $q$, and $r$ satisfy the following equation:

$$2pqr + 50pq = 7pqr + 55pr = 8pqr + 12qr = A$$

for some positive integer $A$. What is the value of $A$?"	"t's possible that no solution exists for the given problem.

Answer: There are no valid solutions for the given problem."
43	"Distinct prime numbers $p$, $q$, and $r$ satisfy the following equation:

$$2pqr + 50pq = 7pqr + 55pr = 8pqr + 12qr = A$$

for some positive integer $A$. What is the value of $A$?"	"umber, \(p = 7\) is not a valid solution. Let's test \(p = 11\):

\[
25 \cdot 11 = q(3 \cdot 11 + 2)
\]
\[
275 = q \cdot"
44	"Distinct prime numbers $p$, $q$, and $r$ satisfy the following equation:

$$2pqr + 50pq = 7pqr + 55pr = 8pqr + 12qr = A$$

for some positive integer $A$. What is the value of $A$?"	"A.
Step 4:  Finally, we verify the solution by substituting the values back into the original equation.

Answer: A = 175"
45	"Distinct prime numbers $p$, $q$, and $r$ satisfy the following equation:

$$2pqr + 50pq = 7pqr + 55pr = 8pqr + 12qr = A$$

for some positive integer $A$. What is the value of $A$?"	"5$. Therefore, the value of $A$ is:
$$2pqr + 50pq = 2*(2)*(5) + 50*(2)*(5)$$
$$= 20 + 500$$
$$= 520$$

Answer: $A = 520$"
46	"Distinct prime numbers $p$, $q$, and $r$ satisfy the following equation:

$$2pqr + 50pq = 7pqr + 55pr = 8pqr + 12qr = A$$

for some positive integer $A$. What is the value of $A$?"	"e first equality
A = 2 * p * q * r + 50 * p * q

print(A)
```
```output
3300
```
The value of \(A\) is \(\boxed{3300}\)."
47	"Distinct prime numbers $p$, $q$, and $r$ satisfy the following equation:

$$2pqr + 50pq = 7pqr + 55pr = 8pqr + 12qr = A$$

for some positive integer $A$. What is the value of $A$?"	"ain, this is not a valid solution.

Let's try another value for $p$. Let's try $p = 41$:

\[r = 10 - 451 = -441\]

Again"
48	"Distinct prime numbers $p$, $q$, and $r$ satisfy the following equation:

$$2pqr + 50pq = 7pqr + 55pr = 8pqr + 12qr = A$$

for some positive integer $A$. What is the value of $A$?"	"annot be a fraction. 

Therefore, there are no distinct prime numbers $p$, $q$, and $r$ that satisfy the given equation."
49	"The sweeties shop called ""Olympiad"" sells boxes of $6$, $9$, or $20$ chocolates. Groups of students from a nearby school collect money to buy a chocolate for each student; they do this by buying a box and then distributing a chocolate to everyone. For example, students can form groups of $15 = 6 + 9$ students or $38 = 2 \times 9 + 20$ students, etc. 

The seller has promised the students that he can satisfy any group size. If he needs to open a new box of chocolates for any group (such as groups of $4$, $7$, or $10$ students), then he will give all the chocolates for free to this group.

Can there be constructed the largest group that receives free chocolates, and if so, how many students are there in this group?"	"                return True
    return False

# Check for group sizes from 1 to 20
results = {i: can_form_group(i) for i"
50	"The sweeties shop called ""Olympiad"" sells boxes of $6$, $9$, or $20$ chocolates. Groups of students from a nearby school collect money to buy a chocolate for each student; they do this by buying a box and then distributing a chocolate to everyone. For example, students can form groups of $15 = 6 + 9$ students or $38 = 2 \times 9 + 20$ students, etc. 

The seller has promised the students that he can satisfy any group size. If he needs to open a new box of chocolates for any group (such as groups of $4$, $7$, or $10$ students), then he will give all the chocolates for free to this group.

Can there be constructed the largest group that receives free chocolates, and if so, how many students are there in this group?"	" requiring a larger box. So:

### The largest group that receives free chocolates is a group of 42 students.

Answer: 42"
51	"The sweeties shop called ""Olympiad"" sells boxes of $6$, $9$, or $20$ chocolates. Groups of students from a nearby school collect money to buy a chocolate for each student; they do this by buying a box and then distributing a chocolate to everyone. For example, students can form groups of $15 = 6 + 9$ students or $38 = 2 \times 9 + 20$ students, etc. 

The seller has promised the students that he can satisfy any group size. If he needs to open a new box of chocolates for any group (such as groups of $4$, $7$, or $10$ students), then he will give all the chocolates for free to this group.

Can there be constructed the largest group that receives free chocolates, and if so, how many students are there in this group?"	"ed using the given box sizes.

23. **Check for the possibility of a group of size 20:**
    - A group of 20 students can"
52	"The sweeties shop called ""Olympiad"" sells boxes of $6$, $9$, or $20$ chocolates. Groups of students from a nearby school collect money to buy a chocolate for each student; they do this by buying a box and then distributing a chocolate to everyone. For example, students can form groups of $15 = 6 + 9$ students or $38 = 2 \times 9 + 20$ students, etc. 

The seller has promised the students that he can satisfy any group size. If he needs to open a new box of chocolates for any group (such as groups of $4$, $7$, or $10$ students), then he will give all the chocolates for free to this group.

Can there be constructed the largest group that receives free chocolates, and if so, how many students are there in this group?"	"ade using \( 6 \), \( 9 \), and \( 20 \).

So, the largest group size that receives free chocolates is:
\[
\boxed{19}
\]"
53	"The sweeties shop called ""Olympiad"" sells boxes of $6$, $9$, or $20$ chocolates. Groups of students from a nearby school collect money to buy a chocolate for each student; they do this by buying a box and then distributing a chocolate to everyone. For example, students can form groups of $15 = 6 + 9$ students or $38 = 2 \times 9 + 20$ students, etc. 

The seller has promised the students that he can satisfy any group size. If he needs to open a new box of chocolates for any group (such as groups of $4$, $7$, or $10$ students), then he will give all the chocolates for free to this group.

Can there be constructed the largest group that receives free chocolates, and if so, how many students are there in this group?"	"ac{\pi}{6}) + 1 \) step by step.

First, let's determine the maximum value of the function. The sine function oscillates"
54	"The sweeties shop called ""Olympiad"" sells boxes of $6$, $9$, or $20$ chocolates. Groups of students from a nearby school collect money to buy a chocolate for each student; they do this by buying a box and then distributing a chocolate to everyone. For example, students can form groups of $15 = 6 + 9$ students or $38 = 2 \times 9 + 20$ students, etc. 

The seller has promised the students that he can satisfy any group size. If he needs to open a new box of chocolates for any group (such as groups of $4$, $7$, or $10$ students), then he will give all the chocolates for free to this group.

Can there be constructed the largest group that receives free chocolates, and if so, how many students are there in this group?"	" + 9 + 20 + 20 + 20 + 20 + 20 + 20 + 20\)
- \(150 = 6 \times 25\)
- \(153 = 9 \times 17\)
- \(156 = 6 + 9 + 20 + 20 + 20"
55	"The sweeties shop called ""Olympiad"" sells boxes of $6$, $9$, or $20$ chocolates. Groups of students from a nearby school collect money to buy a chocolate for each student; they do this by buying a box and then distributing a chocolate to everyone. For example, students can form groups of $15 = 6 + 9$ students or $38 = 2 \times 9 + 20$ students, etc. 

The seller has promised the students that he can satisfy any group size. If he needs to open a new box of chocolates for any group (such as groups of $4$, $7$, or $10$ students), then he will give all the chocolates for free to this group.

Can there be constructed the largest group that receives free chocolates, and if so, how many students are there in this group?"	" that they cannot be formed by any combination of 6, 9, and 20.

The number of students in this group is \(\boxed{29}\)."
56	"The sweeties shop called ""Olympiad"" sells boxes of $6$, $9$, or $20$ chocolates. Groups of students from a nearby school collect money to buy a chocolate for each student; they do this by buying a box and then distributing a chocolate to everyone. For example, students can form groups of $15 = 6 + 9$ students or $38 = 2 \times 9 + 20$ students, etc. 

The seller has promised the students that he can satisfy any group size. If he needs to open a new box of chocolates for any group (such as groups of $4$, $7$, or $10$ students), then he will give all the chocolates for free to this group.

Can there be constructed the largest group that receives free chocolates, and if so, how many students are there in this group?"	"6, 9, and 20 is 41. So, the largest group that receives free chocolates is 41 students.

The answer is:
\[
\boxed{41}
\]"
57	Find all prime numbers $p$ such that $p^2 - p + 1$ is a perfect cube.	"

Now, we can solve for $p$ by setting $p - r = a$ and $p + r = b$. Then, we have:

$$p = \frac{a + b}{2}$$

$$p = \frac"
58	Find all prime numbers $p$ such that $p^2 - p + 1$ is a perfect cube.	"p$ such that $p^2 - p + 1$ is a perfect cube.

Answer: No prime numbers exist such that $p^2 - p + 1$ is a perfect cube."
59	Find all prime numbers $p$ such that $p^2 - p + 1$ is a perfect cube.	" \) such that \( p^2 - p + 1 \) is a perfect cube are \( 5 \) and \( 23 \).

Thus, the solution is:

\[
\boxed{5, 23}
\]"
60	Find all prime numbers $p$ such that $p^2 - p + 1$ is a perfect cube.	"For \( p = 37 \):

\[ p^2 - p + 1 = 37^2 - 37 + 1 = 1369 - 37 + 1 = 1333 \]

1333 is not a perfect cube.

13. For \( p ="
61	Find all prime numbers $p$ such that $p^2 - p + 1$ is a perfect cube.	" $p^2 - p + 1$ is a perfect cube. 

Answer: The answer is ""The equation p^2 - p + 1 = q^3 has no solutions for prime p""."
62	Find all prime numbers $p$ such that $p^2 - p + 1$ is a perfect cube.	"s $p$ such that $p^2 - p + 1$ is a perfect cube.

Answer: No prime numbers $p$ satisfy the equation $p^2 - p + 1 = n^3$."
63	Find all prime numbers $p$ such that $p^2 - p + 1$ is a perfect cube.	" - 41 + 1 = 1641 \). Clearly, 1641 is not a perfect cube.
14. If \( p = 43 \), then \( p^2 - p + 1 = 43^2 - 43 + 1 = 184"
64	Find all prime numbers $p$ such that $p^2 - p + 1$ is a perfect cube.	" checked a few values of $x$ and could not find any solutions, so we will assume that there are no solutions.

Answer: 0"
65	An envelope contains eight bills: $2$ ones, $2$ fives, $2$ tens, and $2$ twenties. Two bills are drawn at random without replacement. What is the probability that their sum is $20$ or more? Express your answer in the form of \(\frac{k}{m}\), where \(\frac{k}{m}\) is in simplest form. Please give the value of k + m.	"obability is \(\frac{10}{28} = \frac{5}{14}\).
Step 12:  Thus, \(k = 5\) and \(m = 14\), and \(k + m = 19\).

Answer: 19"
66	An envelope contains eight bills: $2$ ones, $2$ fives, $2$ tens, and $2$ twenties. Two bills are drawn at random without replacement. What is the probability that their sum is $20$ or more? Express your answer in the form of \(\frac{k}{m}\), where \(\frac{k}{m}\) is in simplest form. Please give the value of k + m.	"n bills is 20 or more is \(\frac{2}{7}\). Therefore, \(k = 2\) and \(m = 7\).

So, \(k + m = 2 + 7 = 9\).

**Answer:** 9"
67	An envelope contains eight bills: $2$ ones, $2$ fives, $2$ tens, and $2$ twenties. Two bills are drawn at random without replacement. What is the probability that their sum is $20$ or more? Express your answer in the form of \(\frac{k}{m}\), where \(\frac{k}{m}\) is in simplest form. Please give the value of k + m.	"e values of \(k\) and \(m\) are 23 and 28 respectively.
Step 6:  The value of \(k + m\) is \(23 + 28 = 51\).

Answer: 51"
68	An envelope contains eight bills: $2$ ones, $2$ fives, $2$ tens, and $2$ twenties. Two bills are drawn at random without replacement. What is the probability that their sum is $20$ or more? Express your answer in the form of \(\frac{k}{m}\), where \(\frac{k}{m}\) is in simplest form. Please give the value of k + m.	"lest form, we have \(k = 1\) and \(m = 28\). Therefore, \(k + m = 1 + 28 = 29\).

The final answer is:

\[
\boxed{29}
\]"
69	An envelope contains eight bills: $2$ ones, $2$ fives, $2$ tens, and $2$ twenties. Two bills are drawn at random without replacement. What is the probability that their sum is $20$ or more? Express your answer in the form of \(\frac{k}{m}\), where \(\frac{k}{m}\) is in simplest form. Please give the value of k + m.	"Here, \(k = 3\) and \(m = 14\), so:
   \[
   k + m = 3 + 14 = 17
   \]

Therefore, the final answer is:
\[
\boxed{17}
\]"
70	An envelope contains eight bills: $2$ ones, $2$ fives, $2$ tens, and $2$ twenties. Two bills are drawn at random without replacement. What is the probability that their sum is $20$ or more? Express your answer in the form of \(\frac{k}{m}\), where \(\frac{k}{m}\) is in simplest form. Please give the value of k + m.	"):**
   Here, \( k = 1 \) and \( m = 2 \), so \( k + m = 1 + 2 = 3 \).

Thus, the value of \( k + m \) is \(\boxed{3}\)."
71	An envelope contains eight bills: $2$ ones, $2$ fives, $2$ tens, and $2$ twenties. Two bills are drawn at random without replacement. What is the probability that their sum is $20$ or more? Express your answer in the form of \(\frac{k}{m}\), where \(\frac{k}{m}\) is in simplest form. Please give the value of k + m.	" find the solution to the problem.
Step 6:  We'll use Python to implement this solution and ensure accuracy.

Answer: 46"
72	An envelope contains eight bills: $2$ ones, $2$ fives, $2$ tens, and $2$ twenties. Two bills are drawn at random without replacement. What is the probability that their sum is $20$ or more? Express your answer in the form of \(\frac{k}{m}\), where \(\frac{k}{m}\) is in simplest form. Please give the value of k + m.	":**
   - Here, \(k = 5\) and \(m = 28\).
   - Therefore, \(k + m = 5 + 28 = 33\).

The final answer is:
\[
\boxed{33}
\]"
73	"The figure below depicts a regular $7$-gon inscribed in a unit circle.
[asy] import geometry; unitsize(3cm); draw(circle((0,0),1),linewidth(1.5)); for (int i = 0; i < 7; ++i) { for (int j = 0; j < i; ++j) { draw(dir(i * 360/7) -- dir(j * 360/7),linewidth(1.5)); } } for(int i = 0; i < 7; ++i) { dot(dir(i * 360/7),5+black); } [/asy]
Find the sum of the $4$th powers of the lengths of all $21$ of its edges and diagonals."	 21 edges and diagonals of the regular 7-gon inscribed in a unit circle is approximately \(\boxed{390.65477131430115}\).
74	"The figure below depicts a regular $7$-gon inscribed in a unit circle.
[asy] import geometry; unitsize(3cm); draw(circle((0,0),1),linewidth(1.5)); for (int i = 0; i < 7; ++i) { for (int j = 0; j < i; ++j) { draw(dir(i * 360/7) -- dir(j * 360/7),linewidth(1.5)); } } for(int i = 0; i < 7; ++i) { dot(dir(i * 360/7),5+black); } [/asy]
Find the sum of the $4$th powers of the lengths of all $21$ of its edges and diagonals."	4 + \frac{1}{7} \cdot 4 + \frac{1}{4} \cdot 36 = \frac{650}{28} = \boxed{\frac{325}{14}}.$. The answer is \frac{325}{14}
75	"The figure below depicts a regular $7$-gon inscribed in a unit circle.
[asy] import geometry; unitsize(3cm); draw(circle((0,0),1),linewidth(1.5)); for (int i = 0; i < 7; ++i) { for (int j = 0; j < i; ++j) { draw(dir(i * 360/7) -- dir(j * 360/7),linewidth(1.5)); } } for(int i = 0; i < 7; ++i) { dot(dir(i * 360/7),5+black); } [/asy]
Find the sum of the $4$th powers of the lengths of all $21$ of its edges and diagonals."	h powers of the lengths of all 21 edges and diagonals of a regular 7-gon inscribed in a unit circle is \(\boxed{21.0}\).
76	"The figure below depicts a regular $7$-gon inscribed in a unit circle.
[asy] import geometry; unitsize(3cm); draw(circle((0,0),1),linewidth(1.5)); for (int i = 0; i < 7; ++i) { for (int j = 0; j < i; ++j) { draw(dir(i * 360/7) -- dir(j * 360/7),linewidth(1.5)); } } for(int i = 0; i < 7; ++i) { dot(dir(i * 360/7),5+black); } [/asy]
Find the sum of the $4$th powers of the lengths of all $21$ of its edges and diagonals."	he 4th powers of the lengths of all edges and diagonals of a regular 7-gon inscribed in a unit circle is \(\boxed{31}\).
77	"The figure below depicts a regular $7$-gon inscribed in a unit circle.
[asy] import geometry; unitsize(3cm); draw(circle((0,0),1),linewidth(1.5)); for (int i = 0; i < 7; ++i) { for (int j = 0; j < i; ++j) { draw(dir(i * 360/7) -- dir(j * 360/7),linewidth(1.5)); } } for(int i = 0; i < 7; ++i) { dot(dir(i * 360/7),5+black); } [/asy]
Find the sum of the $4$th powers of the lengths of all $21$ of its edges and diagonals."	"6384} = 2525.
\]

Thus, the sum of the fourth powers of the lengths of all 21 edges and diagonals is:
\[
\boxed{2525}
\]"
78	"The figure below depicts a regular $7$-gon inscribed in a unit circle.
[asy] import geometry; unitsize(3cm); draw(circle((0,0),1),linewidth(1.5)); for (int i = 0; i < 7; ++i) { for (int j = 0; j < i; ++j) { draw(dir(i * 360/7) -- dir(j * 360/7),linewidth(1.5)); } } for(int i = 0; i < 7; ++i) { dot(dir(i * 360/7),5+black); } [/asy]
Find the sum of the $4$th powers of the lengths of all $21$ of its edges and diagonals."	act that the sum of the fourth powers of the distances between all pairs of vertices of a regular polygon inscribed in a
79	"The figure below depicts a regular $7$-gon inscribed in a unit circle.
[asy] import geometry; unitsize(3cm); draw(circle((0,0),1),linewidth(1.5)); for (int i = 0; i < 7; ++i) { for (int j = 0; j < i; ++j) { draw(dir(i * 360/7) -- dir(j * 360/7),linewidth(1.5)); } } for(int i = 0; i < 7; ++i) { dot(dir(i * 360/7),5+black); } [/asy]
Find the sum of the $4$th powers of the lengths of all $21$ of its edges and diagonals."	"99994
```
The sum of the $4$th powers of the lengths of all $21$ edges and diagonals of the regular $7$-gon inscribed in"
80	"The figure below depicts a regular $7$-gon inscribed in a unit circle.
[asy] import geometry; unitsize(3cm); draw(circle((0,0),1),linewidth(1.5)); for (int i = 0; i < 7; ++i) { for (int j = 0; j < i; ++j) { draw(dir(i * 360/7) -- dir(j * 360/7),linewidth(1.5)); } } for(int i = 0; i < 7; ++i) { dot(dir(i * 360/7),5+black); } [/asy]
Find the sum of the $4$th powers of the lengths of all $21$ of its edges and diagonals."	he lengths of all 21 edges and diagonals of a regular 7-gon inscribed in a unit circle is \(\boxed{\frac{7\pi^4}{32}}\).
81	Find the largest positive integer $n$ such that $n^2 + 10$ is divisible by $n-5$.	"eger value for $n$.
Step 5:  Therefore, the largest positive integer $n$ satisfying the condition is $n = 5$.

Answer: 5"
82	Find the largest positive integer $n$ such that $n^2 + 10$ is divisible by $n-5$.	"uiv 34 \pmod{35}, \\
29^2 &\equiv 841 \equiv 6 \pmod{35}, \\
30^2 &\equiv 900 \equiv 20 \pmod{35}, \\
31^2 &\equiv 961 \"
83	Find the largest positive integer $n$ such that $n^2 + 10$ is divisible by $n-5$.	"er \( n \) such that \( n^2 + 10 \) is divisible by \( n - 5 \) is \( n = 10 \).

Thus, the answer is:

\[
\boxed{10}
\]"
84	Find the largest positive integer $n$ such that $n^2 + 10$ is divisible by $n-5$.	" positive integer).

From the values above, the largest positive integer $n$ is 40. So, the answer is:

\[
\boxed{40}
\]"
85	Find the largest positive integer $n$ such that $n^2 + 10$ is divisible by $n-5$.	" see that the largest value of $n$ for which $n^2 + 10$ is divisible by $n-5$ is $n = 7$. Thus, the answer is

\boxed{7}"
86	Find the largest positive integer $n$ such that $n^2 + 10$ is divisible by $n-5$.	"cdot 19 - 40 = 361 - 380 - 40 = -59 \]

-59 is not a perfect square. Let's try \( k = 18 \):

\[ 18^2 - 20 \cdot 18 - 40"
87	Find the largest positive integer $n$ such that $n^2 + 10$ is divisible by $n-5$.	"factor of 75.

Therefore, the largest positive integer $n$ such that $n^2 + 10$ is divisible by $n - 5$ is $\boxed{20}$."
88	Find the largest positive integer $n$ such that $n^2 + 10$ is divisible by $n-5$.	"not an integer)}
\]
So, \( n = 38 \) does not work. Finally, we try \( n = 43 \):
\[
43^2 + 10 = 1849 + 10 = 1859
\]
\[
"
89	Compute the sum of all two-digit positive integers $x$ such that for all three-digit (base $10$) positive integers $\underline{a}\, \underline{b} \, \underline{c}$, if $\underline{a} \, \underline{b} \, \underline{c}$ is a multiple of $x$, then the three-digit (base $10$) number $\underline{b} \, \underline{c} \, \underline{a}$ is also a multiple of $x$.	"uld find and print all numbers that meet the given conditions and also calculate the sum of these numbers. 

Answer: 504"
90	Compute the sum of all two-digit positive integers $x$ such that for all three-digit (base $10$) positive integers $\underline{a}\, \underline{b} \, \underline{c}$, if $\underline{a} \, \underline{b} \, \underline{c}$ is a multiple of $x$, then the three-digit (base $10$) number $\underline{b} \, \underline{c} \, \underline{a}$ is also a multiple of $x$.	"on are 11, 44, and 66. The sum of these values is:

\[ 11 + 44 + 66 = 121 \]

Therefore, the answer is:

\(\boxed{121}\)"
91	Compute the sum of all two-digit positive integers $x$ such that for all three-digit (base $10$) positive integers $\underline{a}\, \underline{b} \, \underline{c}$, if $\underline{a} \, \underline{b} \, \underline{c}$ is a multiple of $x$, then the three-digit (base $10$) number $\underline{b} \, \underline{c} \, \underline{a}$ is also a multiple of $x$.	" \underline{a} \) is a multiple of \( x \).

2. **Two-digit numbers without 5 as a factor**:
   - \( x \) can be 10, 11,"
92	Compute the sum of all two-digit positive integers $x$ such that for all three-digit (base $10$) positive integers $\underline{a}\, \underline{b} \, \underline{c}$, if $\underline{a} \, \underline{b} \, \underline{c}$ is a multiple of $x$, then the three-digit (base $10$) number $\underline{b} \, \underline{c} \, \underline{a}$ is also a multiple of $x$.	"nd three-digit numbers
valid_numbers = []

for x in range(10, 100):
    for c in range(10):
        for a in range(10):
"
93	Compute the sum of all two-digit positive integers $x$ such that for all three-digit (base $10$) positive integers $\underline{a}\, \underline{b} \, \underline{c}$, if $\underline{a} \, \underline{b} \, \underline{c}$ is a multiple of $x$, then the three-digit (base $10$) number $\underline{b} \, \underline{c} \, \underline{a}$ is also a multiple of $x$.	"ultiples of 10, 20, and 50 respectively.

The sum of all valid two-digit positive integers \( x \) is:
\[
10 + 20 + 50 ="
94	Compute the sum of all two-digit positive integers $x$ such that for all three-digit (base $10$) positive integers $\underline{a}\, \underline{b} \, \underline{c}$, if $\underline{a} \, \underline{b} \, \underline{c}$ is a multiple of $x$, then the three-digit (base $10$) number $\underline{b} \, \underline{c} \, \underline{a}$ is also a multiple of $x$.	"ne{a} \, \underline{b} \, \underline{c} = 99 \):

- \( 99 \) is a multiple of \( 9 \).
- \( \underline{b} \, \underline{"
95	Compute the sum of all two-digit positive integers $x$ such that for all three-digit (base $10$) positive integers $\underline{a}\, \underline{b} \, \underline{c}$, if $\underline{a} \, \underline{b} \, \underline{c}$ is a multiple of $x$, then the three-digit (base $10$) number $\underline{b} \, \underline{c} \, \underline{a}$ is also a multiple of $x$.	"r is \( 9 \).
   - The sum of all such two-digit integers is simply \( 9 \).

Therefore, the answer is:

\[
\boxed{9}
\]"
96	Compute the sum of all two-digit positive integers $x$ such that for all three-digit (base $10$) positive integers $\underline{a}\, \underline{b} \, \underline{c}$, if $\underline{a} \, \underline{b} \, \underline{c}$ is a multiple of $x$, then the three-digit (base $10$) number $\underline{b} \, \underline{c} \, \underline{a}$ is also a multiple of $x$.	"three-digit numbers \( \underline{a} \, \underline{b} \, \underline{c} \) is \( x = 11 \).

### Final Answer:
Answer: 11"
97	"Let $a_n$ be a sequence with $a_0 = 1$ and defined recursively by
\[
a_{n+1} = \begin{cases}
a_n + 2 & \text{if } n \text{ is even},\\
2a_n & \text{if } n \text{ is odd.}
\end{cases}
\]
What are the last two digits of $a_{2015}$?"	"last_two_digits = a[2014]
print(last_two_digits)
```
```output
0
```
The last two digits of $a_{2015}$ are $\boxed{00}$."
98	"Let $a_n$ be a sequence with $a_0 = 1$ and defined recursively by
\[
a_{n+1} = \begin{cases}
a_n + 2 & \text{if } n \text{ is even},\\
2a_n & \text{if } n \text{ is odd.}
\end{cases}
\]
What are the last two digits of $a_{2015}$?"	" = 84 + 2 = 86$
26. $a_{25}' = 2 \cdot a_{24}' = 2 \cdot 86 = 172 \equiv 72 \mod 100$
27. $a_{26}' = a_{25}' + 2 = 72 + "
99	"Let $a_n$ be a sequence with $a_0 = 1$ and defined recursively by
\[
a_{n+1} = \begin{cases}
a_n + 2 & \text{if } n \text{ is even},\\
2a_n & \text{if } n \text{ is odd.}
\end{cases}
\]
What are the last two digits of $a_{2015}$?"	"its = a_2015 % 100
print(last_two_digits)
```
```output
56
```
The last two digits of \( a_{2015} \) are \(\boxed{56}\)."
100	"Let $a_n$ be a sequence with $a_0 = 1$ and defined recursively by
\[
a_{n+1} = \begin{cases}
a_n + 2 & \text{if } n \text{ is even},\\
2a_n & \text{if } n \text{ is odd.}
\end{cases}
\]
What are the last two digits of $a_{2015}$?"	" a_{2013} = 444 \)), we have:

\[
a_{2014} \equiv 2 \times 444 \mod 100
\]

\[
a_{2014} \equiv 888 \mod 100
\]

\[
a_{20"
101	"Let $a_n$ be a sequence with $a_0 = 1$ and defined recursively by
\[
a_{n+1} = \begin{cases}
a_n + 2 & \text{if } n \text{ is even},\\
2a_n & \text{if } n \text{ is odd.}
\end{cases}
\]
What are the last two digits of $a_{2015}$?"	"015} \) is odd because \( 2015 = 2 \times 1007 + 1 \), so \( a_{2015} = 2^{1007} + 1 \).

2. To find the last two digits"
102	"Let $a_n$ be a sequence with $a_0 = 1$ and defined recursively by
\[
a_{n+1} = \begin{cases}
a_n + 2 & \text{if } n \text{ is even},\\
2a_n & \text{if } n \text{ is odd.}
\end{cases}
\]
What are the last two digits of $a_{2015}$?"	"( a_{2015} = 20 \).

Thus, the last two digits of \( a_{2015} \) are \( 20 \).

Therefore, the answer is \(\boxed{20}\)."
103	"Let $a_n$ be a sequence with $a_0 = 1$ and defined recursively by
\[
a_{n+1} = \begin{cases}
a_n + 2 & \text{if } n \text{ is even},\\
2a_n & \text{if } n \text{ is odd.}
\end{cases}
\]
What are the last two digits of $a_{2015}$?"	"wo_digits_of_a(2015)
print(last_two_digits)
```
```output
04
```
The last two digits of \(a_{2015}\) are \(\boxed{04}\)."
104	"Let $a_n$ be a sequence with $a_0 = 1$ and defined recursively by
\[
a_{n+1} = \begin{cases}
a_n + 2 & \text{if } n \text{ is even},\\
2a_n & \text{if } n \text{ is odd.}
\end{cases}
\]
What are the last two digits of $a_{2015}$?"	" multiple of 10 plus 5, \(a_{2015} = a_5 = 18 \mod 100\).

Thus, the last two digits of \(a_{2015}\) are \(\boxed{18}\)."
105	Six lines are drawn in the plane. Determine the maximum number of points through which at least three lines pass.	imum number of points through which at least three lines pass when six lines are drawn in the plane is \( \boxed{11} \).
106	Six lines are drawn in the plane. Determine the maximum number of points through which at least three lines pass.	"e that the maximum number of points through which at least three lines pass is 15. Therefore, the answer is:

Answer: 15"
107	Six lines are drawn in the plane. Determine the maximum number of points through which at least three lines pass.	" / (2 * 1) = 30 / 2 = 15.

So, the maximum number of points through which at least three lines pass is 15.

Answer: <15>"
108	Six lines are drawn in the plane. Determine the maximum number of points through which at least three lines pass.	"mum number of points through which at least three lines pass when there are six lines drawn in the plane is:

Answer: 15"
109	Six lines are drawn in the plane. Determine the maximum number of points through which at least three lines pass.	nswer: The maximum number of points through which at least three lines pass when six lines are drawn in the plane is 21.
110	Six lines are drawn in the plane. Determine the maximum number of points through which at least three lines pass.	" points.

5. **Conclusion**: The maximum number of points through which at least three lines pass is 20.

\(\boxed{20}\)"
111	Six lines are drawn in the plane. Determine the maximum number of points through which at least three lines pass.	"configuration, there are six distinct points where at least three lines intersect.

Therefore, the answer is: 
Answer: 6"
112	Six lines are drawn in the plane. Determine the maximum number of points through which at least three lines pass.	"rated the maximum possible scenario.

Answer: The maximum number of points through which at least three lines pass is 3."
113	"Deﬁne the determinant $D_1$ = $|1|$, the determinant $D_2$ =     
$|1 1|$ 
$|1 3|$      
, and the determinant $D_3=$        
|1 1 1|
|1 3 3|
|1 3 5|         
.
In general, for positive integer n, let the determinant $D_n$ have 1s in every position of its ﬁrst row and ﬁrst
column, 3s in the remaining positions of the second row and second column, 5s in the remaining positions of the third row and third column, and so forth. Find the least n so that $D_n$ $\geq$ 2015."	"()
print(least_n)
```
```output
90
```
The least value of $n$ such that the determinant $D_n \geq 2015$ is $\boxed{90}$."
114	"Deﬁne the determinant $D_1$ = $|1|$, the determinant $D_2$ =     
$|1 1|$ 
$|1 3|$      
, and the determinant $D_3=$        
|1 1 1|
|1 3 3|
|1 3 5|         
.
In general, for positive integer n, let the determinant $D_n$ have 1s in every position of its ﬁrst row and ﬁrst
column, 3s in the remaining positions of the second row and second column, 5s in the remaining positions of the third row and third column, and so forth. Find the least n so that $D_n$ $\geq$ 2015."	"hat the smallest \( n \) such that \( D_n \geq 2015 \) is indeed \( n = 6 \).

Thus, the least \( n \) is \(\boxed{6}\)."
115	"Deﬁne the determinant $D_1$ = $|1|$, the determinant $D_2$ =     
$|1 1|$ 
$|1 3|$      
, and the determinant $D_3=$        
|1 1 1|
|1 3 3|
|1 3 5|         
.
In general, for positive integer n, let the determinant $D_n$ have 1s in every position of its ﬁrst row and ﬁrst
column, 3s in the remaining positions of the second row and second column, 5s in the remaining positions of the third row and third column, and so forth. Find the least n so that $D_n$ $\geq$ 2015."	" - 1)}{2} = \frac{44 \cdot 89}{2} = 1954, \]
\[ D_{46} = \frac{(46-1)(2 \cdot 46 - 1)}{2} = \frac{45 \cdot 91}{2} = 2077"
116	"Deﬁne the determinant $D_1$ = $|1|$, the determinant $D_2$ =     
$|1 1|$ 
$|1 3|$      
, and the determinant $D_3=$        
|1 1 1|
|1 3 3|
|1 3 5|         
.
In general, for positive integer n, let the determinant $D_n$ have 1s in every position of its ﬁrst row and ﬁrst
column, 3s in the remaining positions of the second row and second column, 5s in the remaining positions of the third row and third column, and so forth. Find the least n so that $D_n$ $\geq$ 2015."	"han or equal to 2015. This will give us the smallest positive integer n that satisfies the condition.
Answer: Answer: 16"
117	"Deﬁne the determinant $D_1$ = $|1|$, the determinant $D_2$ =     
$|1 1|$ 
$|1 3|$      
, and the determinant $D_3=$        
|1 1 1|
|1 3 3|
|1 3 5|         
.
In general, for positive integer n, let the determinant $D_n$ have 1s in every position of its ﬁrst row and ﬁrst
column, 3s in the remaining positions of the second row and second column, 5s in the remaining positions of the third row and third column, and so forth. Find the least n so that $D_n$ $\geq$ 2015."	")}{2} \). To find the least \( n \) such that \( D_n \geq 2015 \), we solve the inequality:
\[
\frac{n(n+1)}{2} \geq 201"
118	"Deﬁne the determinant $D_1$ = $|1|$, the determinant $D_2$ =     
$|1 1|$ 
$|1 3|$      
, and the determinant $D_3=$        
|1 1 1|
|1 3 3|
|1 3 5|         
.
In general, for positive integer n, let the determinant $D_n$ have 1s in every position of its ﬁrst row and ﬁrst
column, 3s in the remaining positions of the second row and second column, 5s in the remaining positions of the third row and third column, and so forth. Find the least n so that $D_n$ $\geq$ 2015."	" 3|  
  
=  
$D_{n - 2}$|1 1|  
|1 3|  
$D_{n - 1}        
,           
Answer: $n = 101$"
119	"Deﬁne the determinant $D_1$ = $|1|$, the determinant $D_2$ =     
$|1 1|$ 
$|1 3|$      
, and the determinant $D_3=$        
|1 1 1|
|1 3 3|
|1 3 5|         
.
In general, for positive integer n, let the determinant $D_n$ have 1s in every position of its ﬁrst row and ﬁrst
column, 3s in the remaining positions of the second row and second column, 5s in the remaining positions of the third row and third column, and so forth. Find the least n so that $D_n$ $\geq$ 2015."	"eries formed by the areas of the squares, which is:
   \[
   S = \frac{a^2}{1 - r^4} = \frac{20^2}{1 - \left(\frac{9}{10"
120	"Deﬁne the determinant $D_1$ = $|1|$, the determinant $D_2$ =     
$|1 1|$ 
$|1 3|$      
, and the determinant $D_3=$        
|1 1 1|
|1 3 3|
|1 3 5|         
.
In general, for positive integer n, let the determinant $D_n$ have 1s in every position of its ﬁrst row and ﬁrst
column, 3s in the remaining positions of the second row and second column, 5s in the remaining positions of the third row and third column, and so forth. Find the least n so that $D_n$ $\geq$ 2015."	"   n += 1

print(n)
```
```output
1009
```
The least value of \( n \) such that \( D_n \geq 2015 \) is \(\boxed{1009}\)."
121	Shaq sees the numbers $1$ through $2017$ written on a chalkboard. He repeatedly chooses three numbers, erases them, and writes one plus their median. For instance, if he erased $-2, -1, 0$, he would replace them with $0$. If $M$ is the maximum possible final value remaining on the board, and $m$ is the minimum, compute $M - m$.	" maximum and minimum final values, which is 0 because they are the same.

Thus, the value of $M - m$ is:
\[
\boxed{0}
\]"
122	Shaq sees the numbers $1$ through $2017$ written on a chalkboard. He repeatedly chooses three numbers, erases them, and writes one plus their median. For instance, if he erased $-2, -1, 0$, he would replace them with $0$. If $M$ is the maximum possible final value remaining on the board, and $m$ is the minimum, compute $M - m$.	"alue is 1, the difference \( M - m \) remains the same. Thus, for \( n = 2017 \), the difference is:

\[
\boxed{2016}
\]"
123	Shaq sees the numbers $1$ through $2017$ written on a chalkboard. He repeatedly chooses three numbers, erases them, and writes one plus their median. For instance, if he erased $-2, -1, 0$, he would replace them with $0$. If $M$ is the maximum possible final value remaining on the board, and $m$ is the minimum, compute $M - m$.	" number written on the board, $m=1$.

Finally, we can compute $M - m = 1 - 1 = 0$.

Therefore, the answer is $Answer:0$."
124	Shaq sees the numbers $1$ through $2017$ written on a chalkboard. He repeatedly chooses three numbers, erases them, and writes one plus their median. For instance, if he erased $-2, -1, 0$, he would replace them with $0$. If $M$ is the maximum possible final value remaining on the board, and $m$ is the minimum, compute $M - m$.	"6
\]

### Calculating \(M - m\)
Finally:
\[
M - m = 2,035,153 - 6 = 2,035,147
\]

### Final Answer
\[
\boxed{2035147}
\]"
125	Shaq sees the numbers $1$ through $2017$ written on a chalkboard. He repeatedly chooses three numbers, erases them, and writes one plus their median. For instance, if he erased $-2, -1, 0$, he would replace them with $0$. If $M$ is the maximum possible final value remaining on the board, and $m$ is the minimum, compute $M - m$.	" 1

# Step 3: Compute M - m
result = M - m
print(result)
```
```output
2034
```
The final answer is:

\[
\boxed{2034}
\]"
126	Shaq sees the numbers $1$ through $2017$ written on a chalkboard. He repeatedly chooses three numbers, erases them, and writes one plus their median. For instance, if he erased $-2, -1, 0$, he would replace them with $0$. If $M$ is the maximum possible final value remaining on the board, and $m$ is the minimum, compute $M - m$.	"033157. Therefore, the difference \(M - m\) is:
\[
2035173 - 2033157 = 2016.
\]
Thus, the answer is:
\[
\boxed{2016}.
\]"
127	Shaq sees the numbers $1$ through $2017$ written on a chalkboard. He repeatedly chooses three numbers, erases them, and writes one plus their median. For instance, if he erased $-2, -1, 0$, he would replace them with $0$. If $M$ is the maximum possible final value remaining on the board, and $m$ is the minimum, compute $M - m$.	"
Both the maximum and minimum possible final values \( M \) and \( m \) are 2017. Therefore,

\[
M - m = 2017 - 2017 = 0"
128	Shaq sees the numbers $1$ through $2017$ written on a chalkboard. He repeatedly chooses three numbers, erases them, and writes one plus their median. For instance, if he erased $-2, -1, 0$, he would replace them with $0$. If $M$ is the maximum possible final value remaining on the board, and $m$ is the minimum, compute $M - m$.	"
```
The correct difference between the maximum and minimum possible final values on the chalkboard is \(\boxed{2007}\)."
129	Consider two parallel lines $a$ and $b$. The circles $C, C_1$ are tangent to each other and to the line $a$. The circles $C, C_2$ are tangent to each other and to the line $b$. The circles $C_1, C_2$ are tangent to each other, with radii $R_1 = 9$ and $R_2 = 16$. What is the radius $R$ of the circle $C$?	".
```python
import sympy as sp

# Define the symbols
R = sp.symbols('R')
R1 = 9
R2 = 16

# Define the quadratic equation"
130	Consider two parallel lines $a$ and $b$. The circles $C, C_1$ are tangent to each other and to the line $a$. The circles $C, C_2$ are tangent to each other and to the line $b$. The circles $C_1, C_2$ are tangent to each other, with radii $R_1 = 9$ and $R_2 = 16$. What is the radius $R$ of the circle $C$?	"ven radii of the smaller circles
R1 = 9
R2 = 16

# Calculate the radius of the larger circle C
R = R1 + R2

print(R)
```"
131	Consider two parallel lines $a$ and $b$. The circles $C, C_1$ are tangent to each other and to the line $a$. The circles $C, C_2$ are tangent to each other and to the line $b$. The circles $C_1, C_2$ are tangent to each other, with radii $R_1 = 9$ and $R_2 = 16$. What is the radius $R$ of the circle $C$?	" 3R_1^2 \\
R &= \sqrt{3}R_1 = \sqrt{3} \cdot 9 = 9\sqrt{3}.
\end{align*}
Therefore, the answer is \[Answer: 9\sqrt{3}.\]"
132	Consider two parallel lines $a$ and $b$. The circles $C, C_1$ are tangent to each other and to the line $a$. The circles $C, C_2$ are tangent to each other and to the line $b$. The circles $C_1, C_2$ are tangent to each other, with radii $R_1 = 9$ and $R_2 = 16$. What is the radius $R$ of the circle $C$?	"qrt{625 + 576}}{2}
     \]
     \[
     d = \frac{25 \pm \sqrt{1201}}{2}
     \]
     Since \( d \) must be positive, we"
133	Consider two parallel lines $a$ and $b$. The circles $C, C_1$ are tangent to each other and to the line $a$. The circles $C, C_2$ are tangent to each other and to the line $b$. The circles $C_1, C_2$ are tangent to each other, with radii $R_1 = 9$ and $R_2 = 16$. What is the radius $R$ of the circle $C$?	"16
\]

Thus, solving for \(R\) gives:

\[
R = 7
\]

Therefore, the radius \(R\) of the circle \(C\) is:

\[
\boxed{7}
\]"
134	Consider two parallel lines $a$ and $b$. The circles $C, C_1$ are tangent to each other and to the line $a$. The circles $C, C_2$ are tangent to each other and to the line $b$. The circles $C_1, C_2$ are tangent to each other, with radii $R_1 = 9$ and $R_2 = 16$. What is the radius $R$ of the circle $C$?	"\]
\[
R^2 = 162.75
\]
\[
R = \sqrt{162.75}
\]
\[
R = 12.75
\]
Thus, the radius $R$ of the circle $C$ is $\boxed{12.75}$."
135	Consider two parallel lines $a$ and $b$. The circles $C, C_1$ are tangent to each other and to the line $a$. The circles $C, C_2$ are tangent to each other and to the line $b$. The circles $C_1, C_2$ are tangent to each other, with radii $R_1 = 9$ and $R_2 = 16$. What is the radius $R$ of the circle $C$?	"take the absolute value of the result:

$R \approx 3.635$

Therefore, the radius of circle $C$ is approximately $3.635$."
136	Consider two parallel lines $a$ and $b$. The circles $C, C_1$ are tangent to each other and to the line $a$. The circles $C, C_2$ are tangent to each other and to the line $b$. The circles $C_1, C_2$ are tangent to each other, with radii $R_1 = 9$ and $R_2 = 16$. What is the radius $R$ of the circle $C$?	"6 \]
\[ 9 = 16 \]

Therefore, the radius \(R\) of the circle \(C\) is:
\[ R = 25 \]

So, the answer is:
\[ \boxed{25} \]"
137	"Let 
$P(x) = x^{2022} + x^{1011} + 1.$
Find a polynomial that is a factor of $P(x)$. The original answer is in the form ax^6 + bx^3 + c. Please provide the value of a + b + c."	" for the original answer format ax^6 + bx^3 + c:

$a = 1$, $b = 1$, $c = 1$.

Thus, $a + b + c = 1 + 1 + 1 = \boxed{3}$."
138	"Let 
$P(x) = x^{2022} + x^{1011} + 1.$
Find a polynomial that is a factor of $P(x)$. The original answer is in the form ax^6 + bx^3 + c. Please provide the value of a + b + c."	"of $P(x)$ is $x^2-1$.

Therefore, the remaining factor of $P(x)$, after taking out all of the known factors, is $x^2-1$."
139	"Let 
$P(x) = x^{2022} + x^{1011} + 1.$
Find a polynomial that is a factor of $P(x)$. The original answer is in the form ax^6 + bx^3 + c. Please provide the value of a + b + c."	"we are looking for.
Step 8:  Since the problem provides the form ax^6 + bx^3 + c, the value of a + b + c is 0. Answer: 0"
140	"Let 
$P(x) = x^{2022} + x^{1011} + 1.$
Find a polynomial that is a factor of $P(x)$. The original answer is in the form ax^6 + bx^3 + c. Please provide the value of a + b + c."	"ynomial, we can see that $a = 1$, $b = 1$, and $c = 1$.
Step 9: Calculate $a + b + c = 1 + 1 + 1 = 3$.
Answer: Answer: 3"
141	"Let 
$P(x) = x^{2022} + x^{1011} + 1.$
Find a polynomial that is a factor of $P(x)$. The original answer is in the form ax^6 + bx^3 + c. Please provide the value of a + b + c."	"see that \(a = 1\), \(b = 1\), and \(c = 1\), so \(a + b + c = 1 + 1 + 1 = 3\).

Therefore, the answer is:
\[\boxed{3}\]"
142	"Let 
$P(x) = x^{2022} + x^{1011} + 1.$
Find a polynomial that is a factor of $P(x)$. The original answer is in the form ax^6 + bx^3 + c. Please provide the value of a + b + c."	directly say that \( q \) and \( s \) must be inversely proportional to each other in some consistent manner. Given that
143	"Let 
$P(x) = x^{2022} + x^{1011} + 1.$
Find a polynomial that is a factor of $P(x)$. The original answer is in the form ax^6 + bx^3 + c. Please provide the value of a + b + c."	" \), and \( c \) are \( 1 \), \( -2 \), and \( 1 \) respectively. Therefore, \( a + b + c = 1 - 2 + 1 = 0 \).

Answer: 0"
144	"Let 
$P(x) = x^{2022} + x^{1011} + 1.$
Find a polynomial that is a factor of $P(x)$. The original answer is in the form ax^6 + bx^3 + c. Please provide the value of a + b + c."	)$. The original answer is correct, so we have $a = 1$, $b = 0$, and $c = 1$. Thus, $a + b + c = 1 + 0 + 1 = \boxed{2}$.
145	The number \(21! = 51,090,942,171,709,440,000\) has over \(60,000\) positive integer divisors. One of them is chosen at random. Find the probability that it is odd. The original answer is in \(\frac{k}{m}\) format, please give the value of \(k + m\).	"isors.

Thus:
\[ P = \frac{1}{2} \]

### Final Answer:
\[ k = 1, m = 2 \]
\[ k + m = 1 + 2 = 3 \]

Answer: \(\boxed{3}\)"
146	The number \(21! = 51,090,942,171,709,440,000\) has over \(60,000\) positive integer divisors. One of them is chosen at random. Find the probability that it is odd. The original answer is in \(\frac{k}{m}\) format, please give the value of \(k + m\).	" fraction.denominator

# Calculate k + m
result = k + m
print((fraction, k, m, result))
```
```output
(Fraction(8, 35), "
147	The number \(21! = 51,090,942,171,709,440,000\) has over \(60,000\) positive integer divisors. One of them is chosen at random. Find the probability that it is odd. The original answer is in \(\frac{k}{m}\) format, please give the value of \(k + m\).	"m}\).

Here, \(k = 1\) and \(m = 38\). Therefore:
\[
k + m = 1 + 38 = 39
\]

Thus, the final answer is:
\[
\boxed{39}
\]"
148	The number \(21! = 51,090,942,171,709,440,000\) has over \(60,000\) positive integer divisors. One of them is chosen at random. Find the probability that it is odd. The original answer is in \(\frac{k}{m}\) format, please give the value of \(k + m\).	"and \(m = 19\).

Thus, the sum \(k + m\) is:
\[ k + m = 1 + 19 = 20 \]

Therefore, the final answer is:
\[ \boxed{20} \]"
149	The number \(21! = 51,090,942,171,709,440,000\) has over \(60,000\) positive integer divisors. One of them is chosen at random. Find the probability that it is odd. The original answer is in \(\frac{k}{m}\) format, please give the value of \(k + m\).	" each exponent, including zero.
- This is \((57+1)(18+1)(12+1)(9+1)(7+1)(5+1)(4+1)(3+1)(2+1)(1+1) = 58 \times 19 \times "
150	The number \(21! = 51,090,942,171,709,440,000\) has over \(60,000\) positive integer divisors. One of them is chosen at random. Find the probability that it is odd. The original answer is in \(\frac{k}{m}\) format, please give the value of \(k + m\).	bility that a randomly chosen divisor of \(21!\) is odd is \(\frac{330}{660} = \frac{1}{2}\). In the form \(\frac{k}{m}\
151	The number \(21! = 51,090,942,171,709,440,000\) has over \(60,000\) positive integer divisors. One of them is chosen at random. Find the probability that it is odd. The original answer is in \(\frac{k}{m}\) format, please give the value of \(k + m\).	"0,000\) positive integer divisors, we can calculate this ratio directly to find the probability. 

Answer: 4081765137120"
152	The number \(21! = 51,090,942,171,709,440,000\) has over \(60,000\) positive integer divisors. One of them is chosen at random. Find the probability that it is odd. The original answer is in \(\frac{k}{m}\) format, please give the value of \(k + m\).	" be \(\frac{1}{10}\), so \(k = 1\) and \(m = 10\), and \(k + m = 11\).

Therefore, the final answer is:
\[
\boxed{11}
\]"
153	The two numbers $0$ and $1$ are initially written in a row on a chalkboard. Every minute thereafter, Denys writes the number $a+b$ between all pairs of consecutive numbers $a$, $b$ on the board. How many odd numbers will be on the board after $10$ such operations?	" board are:

1, 3, 5, 7, 9

### Conclusion

There are **5** odd numbers on the board after 10 operations.

**Answer:** 5"
154	The two numbers $0$ and $1$ are initially written in a row on a chalkboard. Every minute thereafter, Denys writes the number $a+b$ between all pairs of consecutive numbers $a$, $b$ on the board. How many odd numbers will be on the board after $10$ such operations?	"sequence up to the 10th term.

The number of odd numbers in the Fibonacci sequence up to the 10th term is 5. 

Answer: 5"
155	The two numbers $0$ and $1$ are initially written in a row on a chalkboard. Every minute thereafter, Denys writes the number $a+b$ between all pairs of consecutive numbers $a$, $b$ on the board. How many odd numbers will be on the board after $10$ such operations?	ter 10 operations, half of them will be odd, so the number of odd numbers on the board after 10 operations is Answer: 5.
156	The two numbers $0$ and $1$ are initially written in a row on a chalkboard. Every minute thereafter, Denys writes the number $a+b$ between all pairs of consecutive numbers $a$, $b$ on the board. How many odd numbers will be on the board after $10$ such operations?	"10 operations, the number of odd numbers on the board will be:
\[ 2^{10} = 1024 \]

**Final Answer:**
\[ \boxed{1024} \]"
157	The two numbers $0$ and $1$ are initially written in a row on a chalkboard. Every minute thereafter, Denys writes the number $a+b$ between all pairs of consecutive numbers $a$, $b$ on the board. How many odd numbers will be on the board after $10$ such operations?	"l number of odd numbers on the board after 10 operations will be $1 + 9 = 10$.

Therefore, the answer is \(\boxed{10}\)."
158	The two numbers $0$ and $1$ are initially written in a row on a chalkboard. Every minute thereafter, Denys writes the number $a+b$ between all pairs of consecutive numbers $a$, $b$ on the board. How many odd numbers will be on the board after $10$ such operations?	"put
3
```
After performing the operations for 10 minutes, the total number of odd numbers on the board is \(\boxed{3}\)."
159	The two numbers $0$ and $1$ are initially written in a row on a chalkboard. Every minute thereafter, Denys writes the number $a+b$ between all pairs of consecutive numbers $a$, $b$ on the board. How many odd numbers will be on the board after $10$ such operations?	"on, both counts are 7.
- This pattern continues, with both odd and even numbers increasing by 2 per operation.

But this"
160	The two numbers $0$ and $1$ are initially written in a row on a chalkboard. Every minute thereafter, Denys writes the number $a+b$ between all pairs of consecutive numbers $a$, $b$ on the board. How many odd numbers will be on the board after $10$ such operations?	"always be exactly 1 odd number on the board after any number of operations.

Therefore, the final answer is $\boxed{1}$."
161	Usain is walking for exercise by zigzagging across a $100$-meter by $30$-meter rectangular field, beginning at point $A$ and ending on the segment $\overline{BC}$. He wants to increase the distance walked by zigzagging as shown in the figure below $(APQRS)$. What angle $\theta=\angle PAB=\angle QPC=\angle RQB=\cdots$ will produce a path length of $120$ meters? (Do not assume the zigzag path has exactly four segments as shown; there could be more or fewer.) If the answer is in the form of \(\arccos\frac{k}{m}\), provide the value of k + m.	"{2} \approx 3.5858 \) which aligns with our calculated value of \( k + m \).

Thus, the final answer is:
\[
\boxed{4}
\]"
162	Usain is walking for exercise by zigzagging across a $100$-meter by $30$-meter rectangular field, beginning at point $A$ and ending on the segment $\overline{BC}$. He wants to increase the distance walked by zigzagging as shown in the figure below $(APQRS)$. What angle $\theta=\angle PAB=\angle QPC=\angle RQB=\cdots$ will produce a path length of $120$ meters? (Do not assume the zigzag path has exactly four segments as shown; there could be more or fewer.) If the answer is in the form of \(\arccos\frac{k}{m}\), provide the value of k + m.	"right)
   \]
   Here, \(k = 10\) and \(m = 109\), so \(k + m = 10 + 109 = 119\).

The final answer is:
\[
\boxed{119}
\]"
163	Usain is walking for exercise by zigzagging across a $100$-meter by $30$-meter rectangular field, beginning at point $A$ and ending on the segment $\overline{BC}$. He wants to increase the distance walked by zigzagging as shown in the figure below $(APQRS)$. What angle $\theta=\angle PAB=\angle QPC=\angle RQB=\cdots$ will produce a path length of $120$ meters? (Do not assume the zigzag path has exactly four segments as shown; there could be more or fewer.) If the answer is in the form of \(\arccos\frac{k}{m}\), provide the value of k + m.	"c{x}{y} = \frac{30}{30} = 1
   \]
   This gives us:
   \[
   \theta = \arccos \frac{24}{25}
   \]

5. **Final Answer:**
"
164	Usain is walking for exercise by zigzagging across a $100$-meter by $30$-meter rectangular field, beginning at point $A$ and ending on the segment $\overline{BC}$. He wants to increase the distance walked by zigzagging as shown in the figure below $(APQRS)$. What angle $\theta=\angle PAB=\angle QPC=\angle RQB=\cdots$ will produce a path length of $120$ meters? (Do not assume the zigzag path has exactly four segments as shown; there could be more or fewer.) If the answer is in the form of \(\arccos\frac{k}{m}\), provide the value of k + m.	"]

So the value of \(k + m\) is:
\[ k = 7 \]
\[ m = 8 \]
\[ k + m = 7 + 8 = 15 \]

Thus, the answer is:
\[
\boxed{15}
\]"
165	Usain is walking for exercise by zigzagging across a $100$-meter by $30$-meter rectangular field, beginning at point $A$ and ending on the segment $\overline{BC}$. He wants to increase the distance walked by zigzagging as shown in the figure below $(APQRS)$. What angle $\theta=\angle PAB=\angle QPC=\angle RQB=\cdots$ will produce a path length of $120$ meters? (Do not assume the zigzag path has exactly four segments as shown; there could be more or fewer.) If the answer is in the form of \(\arccos\frac{k}{m}\), provide the value of k + m.	" = \arccos \frac{3}{13}
\]

Thus, \(k = 3\) and \(m = 13\), so \(k + m = 3 + 13 = 16\).

The answer is:
\[
\boxed{16}
\]"
166	Usain is walking for exercise by zigzagging across a $100$-meter by $30$-meter rectangular field, beginning at point $A$ and ending on the segment $\overline{BC}$. He wants to increase the distance walked by zigzagging as shown in the figure below $(APQRS)$. What angle $\theta=\angle PAB=\angle QPC=\angle RQB=\cdots$ will produce a path length of $120$ meters? (Do not assume the zigzag path has exactly four segments as shown; there could be more or fewer.) If the answer is in the form of \(\arccos\frac{k}{m}\), provide the value of k + m.	l distance covered is 30 meters, the horizontal distance covered by the zigzag pattern will be \(120 - 30 = 90\) meters.
167	Usain is walking for exercise by zigzagging across a $100$-meter by $30$-meter rectangular field, beginning at point $A$ and ending on the segment $\overline{BC}$. He wants to increase the distance walked by zigzagging as shown in the figure below $(APQRS)$. What angle $\theta=\angle PAB=\angle QPC=\angle RQB=\cdots$ will produce a path length of $120$ meters? (Do not assume the zigzag path has exactly four segments as shown; there could be more or fewer.) If the answer is in the form of \(\arccos\frac{k}{m}\), provide the value of k + m.	"{81}{85},\]
so \(k = 81\) and \(m = 85\).

Thus, the value of \(k + m\) is:
\[81 + 85 = 166.\]
Answer: \( \boxed{166} \)"
168	Usain is walking for exercise by zigzagging across a $100$-meter by $30$-meter rectangular field, beginning at point $A$ and ending on the segment $\overline{BC}$. He wants to increase the distance walked by zigzagging as shown in the figure below $(APQRS)$. What angle $\theta=\angle PAB=\angle QPC=\angle RQB=\cdots$ will produce a path length of $120$ meters? (Do not assume the zigzag path has exactly four segments as shown; there could be more or fewer.) If the answer is in the form of \(\arccos\frac{k}{m}\), provide the value of k + m.	"e ratio is given by \(12 / 120 = 1 / 10\). Thus, the angle \(\theta\) is \(\arccos(1 / 10)\).

Answer: \(\arccos(1/10)\)"
169	An engineer said he could finish a highway section in $3$ days with his present supply of a certain type of machine. However, with $3$ more of these machines, the job could be done in $2$ days. If the machines all work at the same rate, how many days would it take to do the job with one machine?	"# We know from the setup that W = 6x
# And we also know that with one machine it would take d days to complete the job
#"
170	An engineer said he could finish a highway section in $3$ days with his present supply of a certain type of machine. However, with $3$ more of these machines, the job could be done in $2$ days. If the machines all work at the same rate, how many days would it take to do the job with one machine?	"tep 6: If one machine can do the work in 6 days, then it will take 6 days for one machine to do the job alone.
Answer: 6"
171	An engineer said he could finish a highway section in $3$ days with his present supply of a certain type of machine. However, with $3$ more of these machines, the job could be done in $2$ days. If the machines all work at the same rate, how many days would it take to do the job with one machine?	"ant to double-check the calculations and equations when solving problems involving rates and work.
Step 11:  Answer: (A)"
172	An engineer said he could finish a highway section in $3$ days with his present supply of a certain type of machine. However, with $3$ more of these machines, the job could be done in $2$ days. If the machines all work at the same rate, how many days would it take to do the job with one machine?	" one machine to finish the job.

1 / (1/18) = 18 days

Answer: It would take 18 days to finish the job with one machine."
173	An engineer said he could finish a highway section in $3$ days with his present supply of a certain type of machine. However, with $3$ more of these machines, the job could be done in $2$ days. If the machines all work at the same rate, how many days would it take to do the job with one machine?	"t shows that the job would take one day to complete if only one machine were working at the same rate.
Answer: Answer: 1"
174	An engineer said he could finish a highway section in $3$ days with his present supply of a certain type of machine. However, with $3$ more of these machines, the job could be done in $2$ days. If the machines all work at the same rate, how many days would it take to do the job with one machine?	"oes not yield a feasible solution with a positive work rate.

**Answer:** No solution exists under the given conditions."
175	An engineer said he could finish a highway section in $3$ days with his present supply of a certain type of machine. However, with $3$ more of these machines, the job could be done in $2$ days. If the machines all work at the same rate, how many days would it take to do the job with one machine?	"ng the expression for W:

3W = 1W / D
3 = 1 / D
D = 1 / 3

So, it would take one machine 3 days to do the job. Answer: 3"
176	An engineer said he could finish a highway section in $3$ days with his present supply of a certain type of machine. However, with $3$ more of these machines, the job could be done in $2$ days. If the machines all work at the same rate, how many days would it take to do the job with one machine?	Answer:
177	Suppose that there are $16$ variables $\{a_{i,j}\}_{0\leq i,j\leq 3}$, each of which may be $0$ or $1$.  For how many settings of the variables $a_{i,j}$ do there exist positive reals $c_{i,j}$ such that the polynomial \[f(x,y)=\sum_{0\leq i,j\leq 3}a_{i,j}c_{i,j}x^iy^j\] $(x,y\in\mathbb{R})$ is bounded below?	"e at least one \( a_{i,j} \) is 1. This is simply \( 65536 - 32768 = 32768 \).

Thus, the answer is:
\[
\boxed{32768}
\]"
178	Suppose that there are $16$ variables $\{a_{i,j}\}_{0\leq i,j\leq 3}$, each of which may be $0$ or $1$.  For how many settings of the variables $a_{i,j}$ do there exist positive reals $c_{i,j}$ such that the polynomial \[f(x,y)=\sum_{0\leq i,j\leq 3}a_{i,j}c_{i,j}x^iy^j\] $(x,y\in\mathbb{R})$ is bounded below?	 number of settings of the variables $a_{i,j}$ such that the polynomial $f(x, y)$ is bounded below is \(\boxed{65535}\).
179	Suppose that there are $16$ variables $\{a_{i,j}\}_{0\leq i,j\leq 3}$, each of which may be $0$ or $1$.  For how many settings of the variables $a_{i,j}$ do there exist positive reals $c_{i,j}$ such that the polynomial \[f(x,y)=\sum_{0\leq i,j\leq 3}a_{i,j}c_{i,j}x^iy^j\] $(x,y\in\mathbb{R})$ is bounded below?	"f settings of the variables $a_{i,j}$ that make $f(x,y)$ bounded below is $65,536 - 1 = \boxed{65,535}$.

Answer: 65,535"
180	Suppose that there are $16$ variables $\{a_{i,j}\}_{0\leq i,j\leq 3}$, each of which may be $0$ or $1$.  For how many settings of the variables $a_{i,j}$ do there exist positive reals $c_{i,j}$ such that the polynomial \[f(x,y)=\sum_{0\leq i,j\leq 3}a_{i,j}c_{i,j}x^iy^j\] $(x,y\in\mathbb{R})$ is bounded below?	" number of settings of the variables \(a_{i,j}\) such that the polynomial \(f(x,y)\) is bounded below is:

Answer: 65536"
181	Suppose that there are $16$ variables $\{a_{i,j}\}_{0\leq i,j\leq 3}$, each of which may be $0$ or $1$.  For how many settings of the variables $a_{i,j}$ do there exist positive reals $c_{i,j}$ such that the polynomial \[f(x,y)=\sum_{0\leq i,j\leq 3}a_{i,j}c_{i,j}x^iy^j\] $(x,y\in\mathbb{R})$ is bounded below?	"ounded below, there are no settings of the variables \( a_{i,j} \) such that the polynomial is bounded below.

Answer: 0"
182	Suppose that there are $16$ variables $\{a_{i,j}\}_{0\leq i,j\leq 3}$, each of which may be $0$ or $1$.  For how many settings of the variables $a_{i,j}$ do there exist positive reals $c_{i,j}$ such that the polynomial \[f(x,y)=\sum_{0\leq i,j\leq 3}a_{i,j}c_{i,j}x^iy^j\] $(x,y\in\mathbb{R})$ is bounded below?	"rms of degree 4 and above, with positive coefficients.

The only way to achieve this is if the polynomial can be written"
183	Suppose that there are $16$ variables $\{a_{i,j}\}_{0\leq i,j\leq 3}$, each of which may be $0$ or $1$.  For how many settings of the variables $a_{i,j}$ do there exist positive reals $c_{i,j}$ such that the polynomial \[f(x,y)=\sum_{0\leq i,j\leq 3}a_{i,j}c_{i,j}x^iy^j\] $(x,y\in\mathbb{R})$ is bounded below?	"j}$, as any combination of non-zero values for $c_{i,j}$ allows for the polynomial to have a lower bound.
Answer: 65,535"
184	Suppose that there are $16$ variables $\{a_{i,j}\}_{0\leq i,j\leq 3}$, each of which may be $0$ or $1$.  For how many settings of the variables $a_{i,j}$ do there exist positive reals $c_{i,j}$ such that the polynomial \[f(x,y)=\sum_{0\leq i,j\leq 3}a_{i,j}c_{i,j}x^iy^j\] $(x,y\in\mathbb{R})$ is bounded below?	" allow the polynomial $f(x,y)$ to be bounded below for some positive reals $c_{i,j}$.

### Final Answer
Answer: $2^{16}$"
185	In triangle \(ABC\) we have \(AB=7\), \(AC=8\), \(BC=9\). Point \(D\) is on the circumscribed circle of the triangle so that \(AD\) bisects angle \(BAC\). The value of \(\frac{AD}{CD}\) is given in the form \(\frac{k}{m}\), where k and m are coprime integers. Please find the value of \(k + m\).	"\frac{AB}{AC} = \frac{7}{8}
\]
Let \(BD = 7k\) and \(DC = 8k\). Since \(BD + DC = BC = 9\):
\[
7k + 8k = 9 \Rightarrow 1"
186	In triangle \(ABC\) we have \(AB=7\), \(AC=8\), \(BC=9\). Point \(D\) is on the circumscribed circle of the triangle so that \(AD\) bisects angle \(BAC\). The value of \(\frac{AD}{CD}\) is given in the form \(\frac{k}{m}\), where k and m are coprime integers. Please find the value of \(k + m\).	"d above, we can calculate the desired ratio and sum the numerator and denominator to find the final answer.

Answer: 127"
187	In triangle \(ABC\) we have \(AB=7\), \(AC=8\), \(BC=9\). Point \(D\) is on the circumscribed circle of the triangle so that \(AD\) bisects angle \(BAC\). The value of \(\frac{AD}{CD}\) is given in the form \(\frac{k}{m}\), where k and m are coprime integers. Please find the value of \(k + m\).	"}{63} = \frac{8}{9} \]

Thus, \(k = 8\) and \(m = 9\), so \(k + m = 8 + 9 = 17\).

The final answer is:
\[
\boxed{17}
\]"
188	In triangle \(ABC\) we have \(AB=7\), \(AC=8\), \(BC=9\). Point \(D\) is on the circumscribed circle of the triangle so that \(AD\) bisects angle \(BAC\). The value of \(\frac{AD}{CD}\) is given in the form \(\frac{k}{m}\), where k and m are coprime integers. Please find the value of \(k + m\).	"me integers, the value of \(k + m\) is equal to \(7 + 8\), which is 15.
Step 5:  Therefore, the answer is 15.
Answer: 15"
189	In triangle \(ABC\) we have \(AB=7\), \(AC=8\), \(BC=9\). Point \(D\) is on the circumscribed circle of the triangle so that \(AD\) bisects angle \(BAC\). The value of \(\frac{AD}{CD}\) is given in the form \(\frac{k}{m}\), where k and m are coprime integers. Please find the value of \(k + m\).	"s \(\frac{40}{21}\). The values of \(k\) and \(m\) are 40 and 21, respectively, so \(k + m = 40 + 21 = 61\).

Answer: 61"
190	In triangle \(ABC\) we have \(AB=7\), \(AC=8\), \(BC=9\). Point \(D\) is on the circumscribed circle of the triangle so that \(AD\) bisects angle \(BAC\). The value of \(\frac{AD}{CD}\) is given in the form \(\frac{k}{m}\), where k and m are coprime integers. Please find the value of \(k + m\).	"2, 2, 2 (3 favorable outcomes)
- Numbers greater than 2: 3, 3, 5, 6 (4 favorable outcomes)

The total number of sections"
191	In triangle \(ABC\) we have \(AB=7\), \(AC=8\), \(BC=9\). Point \(D\) is on the circumscribed circle of the triangle so that \(AD\) bisects angle \(BAC\). The value of \(\frac{AD}{CD}\) is given in the form \(\frac{k}{m}\), where k and m are coprime integers. Please find the value of \(k + m\).	"840 \cdot CD + 66624 = 0 \) using the quadratic formula:
\[
CD = \frac{-b \pm \sqrt{b^2 - 4ac}}{2a}
\]
Where \( a = 63 \"
192	In triangle \(ABC\) we have \(AB=7\), \(AC=8\), \(BC=9\). Point \(D\) is on the circumscribed circle of the triangle so that \(AD\) bisects angle \(BAC\). The value of \(\frac{AD}{CD}\) is given in the form \(\frac{k}{m}\), where k and m are coprime integers. Please find the value of \(k + m\).	"are coprime, so \(k = 35\) and \(m = 8\). Therefore, \(k + m = 35 + 8 = 43\).

The value of \(k + m\) is \(\boxed{43}\)."
193	Color the surfaces of a cube of dimension $5\times 5\times 5$ red, and then cut the cube into smaller cubes of dimension $1\times 1\times 1$. Take out all the smaller cubes which have at least one red surface and fix a cuboid, keeping the surfaces of the cuboid red. Now what is the maximum possible volume of the cuboid?	"lts in the maximum volume being $80$.
Step 8:  Therefore, the maximum possible volume of the cuboid is $80$.

Answer: 80"
194	Color the surfaces of a cube of dimension $5\times 5\times 5$ red, and then cut the cube into smaller cubes of dimension $1\times 1\times 1$. Take out all the smaller cubes which have at least one red surface and fix a cuboid, keeping the surfaces of the cuboid red. Now what is the maximum possible volume of the cuboid?	", the maximum possible volume of the cuboid is the volume of the smaller cubes that form it, which is:

\[
\boxed{98}
\]"
195	Color the surfaces of a cube of dimension $5\times 5\times 5$ red, and then cut the cube into smaller cubes of dimension $1\times 1\times 1$. Take out all the smaller cubes which have at least one red surface and fix a cuboid, keeping the surfaces of the cuboid red. Now what is the maximum possible volume of the cuboid?	"e of the cuboid that can be kept red is the volume of the $3 \times 3 \times 3$ cuboid.

Thus, the answer is \boxed{27}."
196	Color the surfaces of a cube of dimension $5\times 5\times 5$ red, and then cut the cube into smaller cubes of dimension $1\times 1\times 1$. Take out all the smaller cubes which have at least one red surface and fix a cuboid, keeping the surfaces of the cuboid red. Now what is the maximum possible volume of the cuboid?	"c{y^2}{16} - 5 \right)^2 + (y - 4)^2 }
\]
\[
BP = \sqrt{ \left( \frac{y^2 - 80}{16} \right)^2 + (y - 4)^2 }
\]
\[
BP = \"
197	Color the surfaces of a cube of dimension $5\times 5\times 5$ red, and then cut the cube into smaller cubes of dimension $1\times 1\times 1$. Take out all the smaller cubes which have at least one red surface and fix a cuboid, keeping the surfaces of the cuboid red. Now what is the maximum possible volume of the cuboid?	" 7 \times 1 = 49\), which is possible and feasible.

Thus, the maximum possible volume of the cuboid is \(\boxed{196}\)."
198	Color the surfaces of a cube of dimension $5\times 5\times 5$ red, and then cut the cube into smaller cubes of dimension $1\times 1\times 1$. Take out all the smaller cubes which have at least one red surface and fix a cuboid, keeping the surfaces of the cuboid red. Now what is the maximum possible volume of the cuboid?	"boid, considering the red surfaces of the remaining pieces, is 0 cubic units. Therefore, the answer is:

\[
\boxed{0}
\]"
199	Color the surfaces of a cube of dimension $5\times 5\times 5$ red, and then cut the cube into smaller cubes of dimension $1\times 1\times 1$. Take out all the smaller cubes which have at least one red surface and fix a cuboid, keeping the surfaces of the cuboid red. Now what is the maximum possible volume of the cuboid?	" would be:
   \[
   5 \times 5 \times 5 = 125
   \]

So, the maximum possible volume of the cuboid is:
\[
\boxed{125}
\]"
200	Color the surfaces of a cube of dimension $5\times 5\times 5$ red, and then cut the cube into smaller cubes of dimension $1\times 1\times 1$. Take out all the smaller cubes which have at least one red surface and fix a cuboid, keeping the surfaces of the cuboid red. Now what is the maximum possible volume of the cuboid?	"
The maximum possible volume of the cuboid, formed by the smaller cubes with at least one red surface, is \(\boxed{1}\)."
201	What is the largest $n$ such that $a = 2^{306} \cdot 3^{340}$ is a perfect $n$th power?	"-th power if \( n = 1 \).

Thus, the largest \( n \) such that \( a \) is a perfect \( n \)-th power is \( \boxed{1} \)."
202	What is the largest $n$ such that $a = 2^{306} \cdot 3^{340}$ is a perfect $n$th power?	 $340$ is $2$. Therefore, the largest $n$ such that $a = 2^{306} \cdot 3^{340}$ is a perfect $n$th power is $\boxed{2}$.
203	What is the largest $n$ such that $a = 2^{306} \cdot 3^{340}$ is a perfect $n$th power?	r. Therefore, the largest \(n\) such that \(a = 2^{306} \cdot 3^{340}\) is a perfect \(n\)-th power is \( \boxed{17} \).
204	What is the largest $n$ such that $a = 2^{306} \cdot 3^{340}$ is a perfect $n$th power?	"refore, the largest \( n \) such that \( a = 2^{306} \cdot 3^{340} \) is a perfect \( n \)-th power is:

\[
\boxed{2}
\]"
205	What is the largest $n$ such that $a = 2^{306} \cdot 3^{340}$ is a perfect $n$th power?	"6 and 340 is 6840, the largest $n$ such that $a = 2^{306} \cdot 3^{340}$ is a perfect $n$th power is 6840.

Answer: 6840"
206	What is the largest $n$ such that $a = 2^{306} \cdot 3^{340}$ is a perfect $n$th power?	"6 and 340 is 34.

Thus, the largest \( n \) such that \( a \) is a perfect \( n \)-th power is:
\[ n = 34 \]

Answer: 34"
207	What is the largest $n$ such that $a = 2^{306} \cdot 3^{340}$ is a perfect $n$th power?	ans that the largest \( n \) such that \( a = 2^{306} \cdot 3^{340} \) is a perfect \( n \)th power is \( \boxed{34} \).
208	What is the largest $n$ such that $a = 2^{306} \cdot 3^{340}$ is a perfect $n$th power?	"
34
```
The largest \( n \) such that \( a = 2^{306} \cdot 3^{340} \) is a perfect \( n \)th power is 

\[
\boxed{34}
\]"
209	"Let a positive integer $n$ be \textit{nice} if there exists a positive integer $m$ such that:
\[
n^3 < 5mn < n^3 + 100.
\]
Find the number of \textit{nice} positive integers."	" nice_count += 1

print(nice_count)
```
```output
12
```
The number of ""nice"" positive integers $n$ is \(\boxed{12}\)."
210	"Let a positive integer $n$ be \textit{nice} if there exists a positive integer $m$ such that:
\[
n^3 < 5mn < n^3 + 100.
\]
Find the number of \textit{nice} positive integers."	"en 2 and 42, including both bounds.

Thus, we have computed the total valid \( n \). 

Answer: <total_number_of_valid_n>"
211	"Let a positive integer $n$ be \textit{nice} if there exists a positive integer $m$ such that:
\[
n^3 < 5mn < n^3 + 100.
\]
Find the number of \textit{nice} positive integers."	"
        nice_count += 1

print(nice_count)
```
```output
56
```
The number of nice positive integers is \(\boxed{56}\)."
212	"Let a positive integer $n$ be \textit{nice} if there exists a positive integer $m$ such that:
\[
n^3 < 5mn < n^3 + 100.
\]
Find the number of \textit{nice} positive integers."	"):
        nice_count += 1

print(nice_count)
```
```output
6
```
The number of nice positive integers is \(\boxed{6}\)."
213	"Let a positive integer $n$ be \textit{nice} if there exists a positive integer $m$ such that:
\[
n^3 < 5mn < n^3 + 100.
\]
Find the number of \textit{nice} positive integers."	on the provided guidelines and the range of n from 2 to 512, we have determined that there are 4 nice positive integers.
214	"Let a positive integer $n$ be \textit{nice} if there exists a positive integer $m$ such that:
\[
n^3 < 5mn < n^3 + 100.
\]
Find the number of \textit{nice} positive integers."	"{17}
\]

These ""nice"" positive integers are: \(4, 6, 7, 8, 11, 13, 14, 15, 16, 17, 18, 20, 21, 22, 24, 27,\) and \(28\)."
215	"Let a positive integer $n$ be \textit{nice} if there exists a positive integer $m$ such that:
\[
n^3 < 5mn < n^3 + 100.
\]
Find the number of \textit{nice} positive integers."	"if is_nice(n))

print(nice_count)
```
```output
100
```
The number of nice positive integers \( n \) is \(\boxed{100}\)."
216	"Let a positive integer $n$ be \textit{nice} if there exists a positive integer $m$ such that:
\[
n^3 < 5mn < n^3 + 100.
\]
Find the number of \textit{nice} positive integers."	"t be 1, 2, 3, 4, 5, 6, 7, 8, 9, 10, 11, or 12.
# For n=8, we have 64 < 40m < 410, so m must be 2, 3, 4, 5, 6, 7, 8, 9, "
217	How many numbers appear in both the arithmetic sequence $10, 16, 22, 28, \ldots, 1000$ and the arithmetic sequence $10, 21, 32, 43, \ldots, 1000$?	"eyond that point.

Since the sequences start at the same term ($n = 1$), the common terms will all be multiples of the G"
218	How many numbers appear in both the arithmetic sequence $10, 16, 22, 28, \ldots, 1000$ and the arithmetic sequence $10, 21, 32, 43, \ldots, 1000$?	"2 common terms between the two sequences.

Therefore, the number of numbers that appear in both sequences is Answer: 22."
219	How many numbers appear in both the arithmetic sequence $10, 16, 22, 28, \ldots, 1000$ and the arithmetic sequence $10, 21, 32, 43, \ldots, 1000$?	" $11$), the count remains $91$.

   Since we have established that $k$ must be a multiple of $\frac{5}{6}$, and since $m"
220	How many numbers appear in both the arithmetic sequence $10, 16, 22, 28, \ldots, 1000$ and the arithmetic sequence $10, 21, 32, 43, \ldots, 1000$?	"4 \geq 11t \implies t \leq 14
\]
\[
1 \leq 7 - 6t \implies t \geq -\frac{6}{6} = -1
\]
\[
166 \geq 7 - 6t \implies 159 \"
221	How many numbers appear in both the arithmetic sequence $10, 16, 22, 28, \ldots, 1000$ and the arithmetic sequence $10, 21, 32, 43, \ldots, 1000$?	ar in both arithmetic sequences \(10, 16, 22, 28, \ldots, 1000\) and \(10, 21, 32, 43, \ldots, 1000\) is \(\boxed{17}\).
222	How many numbers appear in both the arithmetic sequence $10, 16, 22, 28, \ldots, 1000$ and the arithmetic sequence $10, 21, 32, 43, \ldots, 1000$?	"utput
(1, [110])
```
The number of common terms in both arithmetic sequences is:

\(\boxed{1}\)

The common term is 110."
223	How many numbers appear in both the arithmetic sequence $10, 16, 22, 28, \ldots, 1000$ and the arithmetic sequence $10, 21, 32, 43, \ldots, 1000$?	"mmon_terms_count)
```
```output
29
```
The number of numbers that appear in both arithmetic sequences is \(\boxed{29}\)."
224	How many numbers appear in both the arithmetic sequence $10, 16, 22, 28, \ldots, 1000$ and the arithmetic sequence $10, 21, 32, 43, \ldots, 1000$?	" we need to adjust our upper bound.

- For the second sequence:
  \[ 11m - 1 \leq 1000 \]
  \[ 11m \leq 1001 \]
  \[ m \"
225	The sum of the proper divisors of 18 is 21. What is the sum of the proper divisors of 198?	"isors of 198: 2 + 3 + 6 + 9 + 11 + 18 + 33 + 66 = 146.
Step 8: The sum of the proper divisors of 198 is 146. Answer: 146"
226	The sum of the proper divisors of 18 is 21. What is the sum of the proper divisors of 198?	", and 99.
- The sum of the proper divisors of 198 is 1 + 2 + 3 + 6 + 9 + 11 + 18 + 22 + 33 + 66 + 99 = 227.

Answer: 227"
227	The sum of the proper divisors of 18 is 21. What is the sum of the proper divisors of 198?	" gives us:

   \( 2 + 99 + 3 + 33 + 33 + 11 = 180 \).

Therefore, the sum of the proper divisors of 198 is:

Answer: 180"
228	The sum of the proper divisors of 18 is 21. What is the sum of the proper divisors of 198?	" + 33 + 66 + 99 = 252
  \]

### Step 3: Write the final answer
The sum of the proper divisors of 198 is \(\boxed{252}\)."
229	The sum of the proper divisors of 18 is 21. What is the sum of the proper divisors of 198?	"isors.
(2^(2) + 1) * (3^(3) + 1) * (11^(2) + 1) = (4 + 1) * (27 + 1) * (121 + 1) = 5 * 28 * 122 = 17,260

Answer: 17,260"
230	The sum of the proper divisors of 18 is 21. What is the sum of the proper divisors of 198?	"oper divisors of 198.

Now we need to add up all the proper divisors we found:

Sum = 2 + 3 + 99 + 33 = 137

Answer: 137"
231	The sum of the proper divisors of 18 is 21. What is the sum of the proper divisors of 198?	" * 12
        = 1032

Now, the sum of proper divisors of 198 is:

σ(198) - 1 = 1032 - 1
            = 1031

Answer: 1031"
232	The sum of the proper divisors of 18 is 21. What is the sum of the proper divisors of 198?	" calculating the sum of these proper divisors, we express the result in the form of \(7\times11\times3^2\).

Answer: 225"
233	**Problem 1.** The least common multiple of the numbers $a$ and $b$ is $88$. If $a^2 + b^2 = 2000$, find the value of $(a + b)$.	"uch that $a_{c} = 60$. Let's check the values of $a_{c}$ for $c = 7, 8, 9$:

$a_{7} = 2^{2m-1} + 2^{m} + 2^{2m-1} + 2^{2"
234	**Problem 1.** The least common multiple of the numbers $a$ and $b$ is $88$. If $a^2 + b^2 = 2000$, find the value of $(a + b)$.	"nt(solutions)

# Problem 2
import numpy as np

# Given magnitudes
a_magnitude = 3
b_magnitude = 5
c_magnitude = 7

# Ang"
235	**Problem 1.** The least common multiple of the numbers $a$ and $b$ is $88$. If $a^2 + b^2 = 2000$, find the value of $(a + b)$.	"uations imply that $m$ and $p$ are factors of $x^2$, and $m + p = n$.

To find the largest value of $n$, we need to find"
236	**Problem 1.** The least common multiple of the numbers $a$ and $b$ is $88$. If $a^2 + b^2 = 2000$, find the value of $(a + b)$.	"ot 4} = \sqrt{2000 + 2 \cdot 88 \cdot 4} = \sqrt{2000 + 704} = \sqrt{2704} = 52$.

Answer: The value of $(a + b)$ is 52."
237	**Problem 1.** The least common multiple of the numbers $a$ and $b$ is $88$. If $a^2 + b^2 = 2000$, find the value of $(a + b)$.	"bination is \(a = 88\) and \(b = 88\). Then:
\[
a^2 + b^2 = 88^2 + 88^2 = 7744 + 7744 = 15488,
\]
which is not 2000. The"
238	**Problem 1.** The least common multiple of the numbers $a$ and $b$ is $88$. If $a^2 + b^2 = 2000$, find the value of $(a + b)$.	"0k\) and \(b = 110m\) for some integers \(k\) and \(m\) such that \(\text{GCD}(k, m) = 1\).
2. Since \(a^2 + b^2 = 1000\"
239	**Problem 1.** The least common multiple of the numbers $a$ and $b$ is $88$. If $a^2 + b^2 = 2000$, find the value of $(a + b)$.	"( b = 11 \):  
\[
a^2 + b^2 = 64 + 121 = 185 \neq 2000.
\]

**Step 7:** Let’s try \( a = 4 \) and \( b = 44 \):  
\[
a^2"
240	**Problem 1.** The least common multiple of the numbers $a$ and $b$ is $88$. If $a^2 + b^2 = 2000$, find the value of $(a + b)$.	" = 7 - a \). Substitute this into the second equation:
\[
a - 2(7 - a) = 2 \implies a - 14 + 2a = 2 \implies 3a - 14 = 2"
241	Evaluate the product of $\sqrt[3]{2^2} + \sqrt[3]{2}$ with $2 - 2\sqrt[3]{2} - \sqrt[3]{2^2}$.	"4}{3}} + 2^{\frac{4}{3}} = -2^{\frac{5}{3}}
\]

Therefore, the simplified expression is:

\[
\boxed{-2^{\frac{5}{3}}}
\]"
242	Evaluate the product of $\sqrt[3]{2^2} + \sqrt[3]{2}$ with $2 - 2\sqrt[3]{2} - \sqrt[3]{2^2}$.	"^3}) - 2\sqrt[3]{2} = -6 - 2 - 2\sqrt[3]{2} = -8 - 2\sqrt[3]{2}
\]
Thus, the product is:
\[
\boxed{-8 - 2\sqrt[3]{2}}
\]"
243	Evaluate the product of $\sqrt[3]{2^2} + \sqrt[3]{2}$ with $2 - 2\sqrt[3]{2} - \sqrt[3]{2^2}$.	"6 - 2 \sqrt[3]{2} + 2 \sqrt[3]{2} \]
\[ = -6 \]

So the product is:
\[ -6 \]
Thus, the final answer is:
\[ \boxed{-6} \]"
244	Evaluate the product of $\sqrt[3]{2^2} + \sqrt[3]{2}$ with $2 - 2\sqrt[3]{2} - \sqrt[3]{2^2}$.	"d the minor discrepancy is due to floating-point arithmetic precision. Therefore, the exact answer is:

\[
\boxed{-6}
\]"
245	Evaluate the product of $\sqrt[3]{2^2} + \sqrt[3]{2}$ with $2 - 2\sqrt[3]{2} - \sqrt[3]{2^2}$.	"3]{2}$

So, the product of $\sqrt[3]{2^2} + \sqrt[3]{2}$ with $2 - 2\sqrt[3]{2} - \sqrt[3]{2^2}$ is $-6 - 2\sqrt[3]{2}$."
246	Evaluate the product of $\sqrt[3]{2^2} + \sqrt[3]{2}$ with $2 - 2\sqrt[3]{2} - \sqrt[3]{2^2}$.	"]{2} - 3 \cdot 2 + 2\sqrt[3]{2} = -2\sqrt[3]{2} - 6 + 2\sqrt[3]{2} = -6.
\]
Thus, the final answer is:
\[
\boxed{-6}.
\]"
247	Evaluate the product of $\sqrt[3]{2^2} + \sqrt[3]{2}$ with $2 - 2\sqrt[3]{2} - \sqrt[3]{2^2}$.	" $2^{1/3}$ cancel out with the corresponding terms in the other factor. Therefore, the final answer is:

\[
\boxed{0}
\]"
248	Evaluate the product of $\sqrt[3]{2^2} + \sqrt[3]{2}$ with $2 - 2\sqrt[3]{2} - \sqrt[3]{2^2}$.	"ore, the expression simplifies to:

\[
(a^2 + a)^2 - 4(a^2 + a) = 2 - 4 = -2
\]

Thus, the product is:

\[
\boxed{-2}
\]"
249	Let $n=2^{31}3^{19}.$ How many positive integer divisors of $n^2$ are less than $n$ but do not divide $n$ ?	" there are $180 - 1 = 179$ positive integer divisors of $n^2$ that are less than $n$ but do not divide $n$.

Answer: 179"
250	Let $n=2^{31}3^{19}.$ How many positive integer divisors of $n^2$ are less than $n$ but do not divide $n$ ?	er of positive integer divisors of \( n^2 \) that are less than \( n \) but do not divide \( n \) is \( \boxed{1023} \).
251	Let $n=2^{31}3^{19}.$ How many positive integer divisors of $n^2$ are less than $n$ but do not divide $n$ ?	"ber of such divisors is \( 589 - 640 + 1 = -51 \).

Therefore, the answer is \( \boxed{589} \).

Answer: \(\boxed{589}\)"
252	Let $n=2^{31}3^{19}.$ How many positive integer divisors of $n^2$ are less than $n$ but do not divide $n$ ?	umber of positive integer divisors of \( n^2 \) that are less than \( n \) but do not divide \( n \) is \(\boxed{588}\).
253	Let $n=2^{31}3^{19}.$ How many positive integer divisors of $n^2$ are less than $n$ but do not divide $n$ ?	"imes 39 - 31 \times 19$.
Step 10:  Performing the arithmetic operations, we find that $2457 - 589 = 1868$.

Answer: 1868"
254	Let $n=2^{31}3^{19}.$ How many positive integer divisors of $n^2$ are less than $n$ but do not divide $n$ ?	"
The number of positive integer divisors of \(n^2\) that are less than \(n\) but do not divide \(n\) is \(\boxed{590}\)."
255	Let $n=2^{31}3^{19}.$ How many positive integer divisors of $n^2$ are less than $n$ but do not divide $n$ ?	ber of positive integer divisors of \( n^2 \) that are less than \( n \) but do not divide \( n \) is \( \boxed{588} \).
256	Let $n=2^{31}3^{19}.$ How many positive integer divisors of $n^2$ are less than $n$ but do not divide $n$ ?	" of $n$ that divide $n^2$ but not $n$ from the total number of positive integer divisors of $n^2$.

Answer: <3133741551>"
257	A rectangular board of $8$ columns has squares numbered beginning in the upper left corner and moving left to right so row one is numbered $1$ through $8$, row two is $9$ through $16$, and so on. A student shades square $1$, then skips one square and shades square $3$, skips two squares and shades square $6$, skips $3$ squares and shades square $10$, and continues in this way until there is at least one shaded square in each column. What is the number of the shaded square that first achieves this result?	"utput
86
```
The number of the shaded square that first achieves the result of shading in each column is \(\boxed{86}\)."
258	A rectangular board of $8$ columns has squares numbered beginning in the upper left corner and moving left to right so row one is numbered $1$ through $8$, row two is $9$ through $16$, and so on. A student shades square $1$, then skips one square and shades square $3$, skips two squares and shades square $6$, skips $3$ squares and shades square $10$, and continues in this way until there is at least one shaded square in each column. What is the number of the shaded square that first achieves this result?	"ed to keep the count of squares shaded in each column and find when the first number appears in all columns.

Answer: 40"
259	A rectangular board of $8$ columns has squares numbered beginning in the upper left corner and moving left to right so row one is numbered $1$ through $8$, row two is $9$ through $16$, and so on. A student shades square $1$, then skips one square and shades square $3$, skips two squares and shades square $6$, skips $3$ squares and shades square $10$, and continues in this way until there is at least one shaded square in each column. What is the number of the shaded square that first achieves this result?	"lumn eight: shaded with $57+0=57,57+1=58,57+2=59,57+3=60,57+4=61,57+5=62,57+6=63,57+7=64$ $\Rightarrow 57$

$\boxed{57}$"
260	A rectangular board of $8$ columns has squares numbered beginning in the upper left corner and moving left to right so row one is numbered $1$ through $8$, row two is $9$ through $16$, and so on. A student shades square $1$, then skips one square and shades square $3$, skips two squares and shades square $6$, skips $3$ squares and shades square $10$, and continues in this way until there is at least one shaded square in each column. What is the number of the shaded square that first achieves this result?	"2 + 2 + 1 + 1 = 25$

Hence, the number of the shaded square that first achieves this result is $\boxed{25}$.

Answer: 25"
261	A rectangular board of $8$ columns has squares numbered beginning in the upper left corner and moving left to right so row one is numbered $1$ through $8$, row two is $9$ through $16$, and so on. A student shades square $1$, then skips one square and shades square $3$, skips two squares and shades square $6$, skips $3$ squares and shades square $10$, and continues in this way until there is at least one shaded square in each column. What is the number of the shaded square that first achieves this result?	"e shaded square that first achieves the result of having at least one shaded square in each column is:

\[
\boxed{36}
\]"
262	A rectangular board of $8$ columns has squares numbered beginning in the upper left corner and moving left to right so row one is numbered $1$ through $8$, row two is $9$ through $16$, and so on. A student shades square $1$, then skips one square and shades square $3$, skips two squares and shades square $6$, skips $3$ squares and shades square $10$, and continues in this way until there is at least one shaded square in each column. What is the number of the shaded square that first achieves this result?	mber of the shaded square that first achieves the result of shading at least one square in each column is \(\boxed{8}\).
263	A rectangular board of $8$ columns has squares numbered beginning in the upper left corner and moving left to right so row one is numbered $1$ through $8$, row two is $9$ through $16$, and so on. A student shades square $1$, then skips one square and shades square $3$, skips two squares and shades square $6$, skips $3$ squares and shades square $10$, and continues in this way until there is at least one shaded square in each column. What is the number of the shaded square that first achieves this result?	e shaded square that first achieves the condition of having at least one shaded square in each column is \(\boxed{19}\).
264	A rectangular board of $8$ columns has squares numbered beginning in the upper left corner and moving left to right so row one is numbered $1$ through $8$, row two is $9$ through $16$, and so on. A student shades square $1$, then skips one square and shades square $3$, skips two squares and shades square $6$, skips $3$ squares and shades square $10$, and continues in this way until there is at least one shaded square in each column. What is the number of the shaded square that first achieves this result?	It seems there is still an issue with the logic. The problem arises because the cumulative sum approach is not correctly
265	Mady has an infinite number of balls and empty boxes available to her. The empty boxes, each capable of holding four balls, are arranged in a row from left to right. At the first step, she places a ball in the first box (the leftmost box) of the row. At each subsequent step, she places a ball in the first box of the row that still has room for a ball and empties any boxes to its left. How many balls in total are in the boxes as a result of Mady's $2010$th step?	"s is \(127712 + 8 = 127720\).

Thus, the total number of balls in the boxes after the 2010th step is \(\boxed{127720}\)."
266	Mady has an infinite number of balls and empty boxes available to her. The empty boxes, each capable of holding four balls, are arranged in a row from left to right. At the first step, she places a ball in the first box (the leftmost box) of the row. At each subsequent step, she places a ball in the first box of the row that still has room for a ball and empties any boxes to its left. How many balls in total are in the boxes as a result of Mady's $2010$th step?	" of filled boxes is 2010.

Thus, the total number of balls in the boxes after Mady's 2010th step is:

\[ \boxed{2010} \]"
267	Mady has an infinite number of balls and empty boxes available to her. The empty boxes, each capable of holding four balls, are arranged in a row from left to right. At the first step, she places a ball in the first box (the leftmost box) of the row. At each subsequent step, she places a ball in the first box of the row that still has room for a ball and empties any boxes to its left. How many balls in total are in the boxes as a result of Mady's $2010$th step?	"e boxes is:

\[
2010 + 1 = 2011
\]

Thus, the number of balls in the boxes after Mady's 2010th step is \(\boxed{2011}\)."
268	Mady has an infinite number of balls and empty boxes available to her. The empty boxes, each capable of holding four balls, are arranged in a row from left to right. At the first step, she places a ball in the first box (the leftmost box) of the row. At each subsequent step, she places a ball in the first box of the row that still has room for a ball and empties any boxes to its left. How many balls in total are in the boxes as a result of Mady's $2010$th step?	"otal_balls)
```
```output
202110
```
The total number of balls in the boxes after the 2010th step is \(\boxed{202110}\)."
269	Mady has an infinite number of balls and empty boxes available to her. The empty boxes, each capable of holding four balls, are arranged in a row from left to right. At the first step, she places a ball in the first box (the leftmost box) of the row. At each subsequent step, she places a ball in the first box of the row that still has room for a ball and empties any boxes to its left. How many balls in total are in the boxes as a result of Mady's $2010$th step?	"ls)
```
```output
2010
```
The total number of balls in the boxes as a result of Mady's 2010th step is \(\boxed{2010}\)."
270	Mady has an infinite number of balls and empty boxes available to her. The empty boxes, each capable of holding four balls, are arranged in a row from left to right. At the first step, she places a ball in the first box (the leftmost box) of the row. At each subsequent step, she places a ball in the first box of the row that still has room for a ball and empties any boxes to its left. How many balls in total are in the boxes as a result of Mady's $2010$th step?	"ill be empty after 1005 steps).

Therefore, the total number of balls in the boxes after 2010 steps is \(\boxed{1005}\)."
271	Mady has an infinite number of balls and empty boxes available to her. The empty boxes, each capable of holding four balls, are arranged in a row from left to right. At the first step, she places a ball in the first box (the leftmost box) of the row. At each subsequent step, she places a ball in the first box of the row that still has room for a ball and empties any boxes to its left. How many balls in total are in the boxes as a result of Mady's $2010$th step?	"ill be \(2 \cdot 2010 - 1 = 4019\).

Thus, the number of balls in the boxes after the 2010th step is:
\[
\boxed{4019}
\]"
272	Mady has an infinite number of balls and empty boxes available to her. The empty boxes, each capable of holding four balls, are arranged in a row from left to right. At the first step, she places a ball in the first box (the leftmost box) of the row. At each subsequent step, she places a ball in the first box of the row that still has room for a ball and empties any boxes to its left. How many balls in total are in the boxes as a result of Mady's $2010$th step?	" Mady's 2010th step is equal to the number of odd steps, which is 1005.
Step 11:  Therefore, Answer: 1005.

Answer: 1005"
273	Let $a, b, c$ be real nonzero numbers such that $a + b + c = 12$ and \[ \frac{1}{a} + \frac{1}{b} + \frac{1}{c} + \frac{1}{abc} = 1. \] Compute the largest possible value of $abc - \left(a + 2b - 3c\right)$.	"rue)}
\]

So \(a = 9, b = 3, c = 0\) is not a solution. Let's try \(a = 9, b = 2, c = 1\):

\[
abc = 9 \cdot 2 \cdot 1 ="
274	Let $a, b, c$ be real nonzero numbers such that $a + b + c = 12$ and \[ \frac{1}{a} + \frac{1}{b} + \frac{1}{c} + \frac{1}{abc} = 1. \] Compute the largest possible value of $abc - \left(a + 2b - 3c\right)$.	" + 3\sqrt{5}) = 44 - (4 + 8 - 12 + 5\sqrt{5}) = 44 - 4 = 40. \]

Thus, the largest possible value is:

\[ \boxed{40}. \]"
275	Let $a, b, c$ be real nonzero numbers such that $a + b + c = 12$ and \[ \frac{1}{a} + \frac{1}{b} + \frac{1}{c} + \frac{1}{abc} = 1. \] Compute the largest possible value of $abc - \left(a + 2b - 3c\right)$.	" conjugate of the denominator, \(62 + 10\sqrt{37}\):
\[ \frac{-48 \cdot (3\sqrt{37} + 9) \cdot (62 + 10\sqrt{37})}{(62 -"
276	Let $a, b, c$ be real nonzero numbers such that $a + b + c = 12$ and \[ \frac{1}{a} + \frac{1}{b} + \frac{1}{c} + \frac{1}{abc} = 1. \] Compute the largest possible value of $abc - \left(a + 2b - 3c\right)$.	"6\) gives the largest possible value.

Thus, the largest possible value of \(abc - (a + 2b - 3c)\) is:
\[
\boxed{63}.
\]"
277	Let $a, b, c$ be real nonzero numbers such that $a + b + c = 12$ and \[ \frac{1}{a} + \frac{1}{b} + \frac{1}{c} + \frac{1}{abc} = 1. \] Compute the largest possible value of $abc - \left(a + 2b - 3c\right)$.	"\(x = 1\), then \(y + z = 8\) and \(yz = 1\). Solving these, we get \(y = 7\) and \(z = 1\) or \(y = 1\) and \(z = 7\).
"
278	Let $a, b, c$ be real nonzero numbers such that $a + b + c = 12$ and \[ \frac{1}{a} + \frac{1}{b} + \frac{1}{c} + \frac{1}{abc} = 1. \] Compute the largest possible value of $abc - \left(a + 2b - 3c\right)$.	"2 - a - b = 12 - 3.900 + 0.500 = 8.600\).

So the largest possible value of \(abc - (a + 2b - 3c)\) is:
\[
\boxed{14}
\]"
279	Let $a, b, c$ be real nonzero numbers such that $a + b + c = 12$ and \[ \frac{1}{a} + \frac{1}{b} + \frac{1}{c} + \frac{1}{abc} = 1. \] Compute the largest possible value of $abc - \left(a + 2b - 3c\right)$.	"), and \(c = 5\) as the maximum solution. Substituting these values into the expression \(abc - (a + 2b - 3c)\):

\[ abc"
280	Let $a, b, c$ be real nonzero numbers such that $a + b + c = 12$ and \[ \frac{1}{a} + \frac{1}{b} + \frac{1}{c} + \frac{1}{abc} = 1. \] Compute the largest possible value of $abc - \left(a + 2b - 3c\right)$.	"\frac{1}{54} = \frac{36}{54} + \frac{9}{54} + \frac{1}{54} = \frac{46}{54} = \frac{23}{27} \neq 1.
\]

Finally, \( a = 2"
281	"The sequence $\{a_n\}$ is defined by  
$$a_0 = 1,a_1 = 1, \text{ and } a_n = a_{n - 1} + \frac {a_{n - 1}^2}{a_{n - 2}}\text{ for }n\ge2.$$ 
The sequence $\{b_n\}$ is defined by  
$$b_0 = 1,b_1 = 3, \text{ and } b_n = b_{n - 1} + \frac {b_{n - 1}^2}{b_{n - 2}}\text{ for }n\ge2.$$
Find $\frac {b_{32}}{a_{32}}$."	"{32}} = \frac{519143520236874008000}{15264148151307368000} \approx 3.4
\]

Hence, the final answer is:
\[
\boxed{3.4}
\]"
282	"The sequence $\{a_n\}$ is defined by  
$$a_0 = 1,a_1 = 1, \text{ and } a_n = a_{n - 1} + \frac {a_{n - 1}^2}{a_{n - 2}}\text{ for }n\ge2.$$ 
The sequence $\{b_n\}$ is defined by  
$$b_0 = 1,b_1 = 3, \text{ and } b_n = b_{n - 1} + \frac {b_{n - 1}^2}{b_{n - 2}}\text{ for }n\ge2.$$
Find $\frac {b_{32}}{a_{32}}$."	\sqrt{\frac{1}{2} - \sqrt{\frac{1}{4} - \frac{1}{3^{32}}}}}{\sqrt{\frac{1}{2} + \sqrt{\frac{1}{4} + \frac{1}{3^{32}}}}}$
283	"The sequence $\{a_n\}$ is defined by  
$$a_0 = 1,a_1 = 1, \text{ and } a_n = a_{n - 1} + \frac {a_{n - 1}^2}{a_{n - 2}}\text{ for }n\ge2.$$ 
The sequence $\{b_n\}$ is defined by  
$$b_0 = 1,b_1 = 3, \text{ and } b_n = b_{n - 1} + \frac {b_{n - 1}^2}{b_{n - 2}}\text{ for }n\ge2.$$
Find $\frac {b_{32}}{a_{32}}$."	This is because the sequences are rapidly diverging, and the ratio of their terms at large \(n\) tends to be close to 1.
284	"The sequence $\{a_n\}$ is defined by  
$$a_0 = 1,a_1 = 1, \text{ and } a_n = a_{n - 1} + \frac {a_{n - 1}^2}{a_{n - 2}}\text{ for }n\ge2.$$ 
The sequence $\{b_n\}$ is defined by  
$$b_0 = 1,b_1 = 3, \text{ and } b_n = b_{n - 1} + \frac {b_{n - 1}^2}{b_{n - 2}}\text{ for }n\ge2.$$
Find $\frac {b_{32}}{a_{32}}$."	" $a_2 = 2$
- $a_3 = 6$
- $a_4 = 24$
- $a_5 = 120$
- $a_6 = 720$
- $a_7 = 5040$
- $a_8 = 40320$

For $b_n$:
- $b_0 = 1$
-"
285	"The sequence $\{a_n\}$ is defined by  
$$a_0 = 1,a_1 = 1, \text{ and } a_n = a_{n - 1} + \frac {a_{n - 1}^2}{a_{n - 2}}\text{ for }n\ge2.$$ 
The sequence $\{b_n\}$ is defined by  
$$b_0 = 1,b_1 = 3, \text{ and } b_n = b_{n - 1} + \frac {b_{n - 1}^2}{b_{n - 2}}\text{ for }n\ge2.$$
Find $\frac {b_{32}}{a_{32}}$."	"ulate the ratio b_32 / a_32
    ratio = b[31] / a[31]
    return ratio

ratio = find_ratio()
Answer: 0.10485757235875793"
286	"The sequence $\{a_n\}$ is defined by  
$$a_0 = 1,a_1 = 1, \text{ and } a_n = a_{n - 1} + \frac {a_{n - 1}^2}{a_{n - 2}}\text{ for }n\ge2.$$ 
The sequence $\{b_n\}$ is defined by  
$$b_0 = 1,b_1 = 3, \text{ and } b_n = b_{n - 1} + \frac {b_{n - 1}^2}{b_{n - 2}}\text{ for }n\ge2.$$
Find $\frac {b_{32}}{a_{32}}$."	" b_32 / a_32
ratio = b[31] / a[31]

print(ratio)
```
```output
8.0
```
The ratio $\frac{b_{32}}{a_{32}}$ is $\boxed{8}$."
287	"The sequence $\{a_n\}$ is defined by  
$$a_0 = 1,a_1 = 1, \text{ and } a_n = a_{n - 1} + \frac {a_{n - 1}^2}{a_{n - 2}}\text{ for }n\ge2.$$ 
The sequence $\{b_n\}$ is defined by  
$$b_0 = 1,b_1 = 3, \text{ and } b_n = b_{n - 1} + \frac {b_{n - 1}^2}{b_{n - 2}}\text{ for }n\ge2.$$
Find $\frac {b_{32}}{a_{32}}$."	"lations, we can conclude that:
\[ \frac{b_{32}}{a_{32}} = 3 \cdot 32 = 96 \]

Therefore, the answer is:
\[ \boxed{96} \]"
288	"The sequence $\{a_n\}$ is defined by  
$$a_0 = 1,a_1 = 1, \text{ and } a_n = a_{n - 1} + \frac {a_{n - 1}^2}{a_{n - 2}}\text{ for }n\ge2.$$ 
The sequence $\{b_n\}$ is defined by  
$$b_0 = 1,b_1 = 3, \text{ and } b_n = b_{n - 1} + \frac {b_{n - 1}^2}{b_{n - 2}}\text{ for }n\ge2.$$
Find $\frac {b_{32}}{a_{32}}$."	"s are not necessary for the answer, we can conclude that the ratio is very close to 2, and the answer is:
\[\boxed{2}.\]"
289	Find the remainder when $8^{2014} + 6^{2014}$ is divided by 100.	"uiv 336 \equiv 36 \pmod{100}$

$6^{12} \equiv 216 \equiv 16 \pmod{100}$

$6^{13} \equiv 96 \pmod{100}$

$6^{14} \equiv 5"
290	Find the remainder when $8^{2014} + 6^{2014}$ is divided by 100.	"quiv 0 \pmod{100}$.

Therefore, the remainder when $8^{2014}+6^{2014}$ is divided by 100 is $\boxed{0}$.The answer is: 0"
291	Find the remainder when $8^{2014} + 6^{2014}$ is divided by 100.	"100
print(remainder)
```
```output
36
```
The remainder when $8^{2014} + 6^{2014}$ is divided by 100 is \(\boxed{36}\)."
292	Find the remainder when $8^{2014} + 6^{2014}$ is divided by 100.	"+ 6^{2014}$ is divided by 100.
Now, we can add the remainders of $8^{2014}$ and $6^{2014}$ when divided by 100:
$48 + 96"
293	Find the remainder when $8^{2014} + 6^{2014}$ is divided by 100.	"rint(final_remainder)
```
```output
2
```
The remainder when \(8^{2014} + 6^{2014}\) is divided by 100 is \(\boxed{2}\)."
294	Find the remainder when $8^{2014} + 6^{2014}$ is divided by 100.	"mod 100, \\
6^3 &\equiv 6 \cdot 36 = 216 \equiv 16 \mod 100, \\
6^4 &\equiv 6 \cdot 16 = 96 \mod 100, \\
6^5 &\equiv 6 \"
295	Find the remainder when $8^{2014} + 6^{2014}$ is divided by 100.	"nt(final_remainder)
```
```output
84
```
The remainder when \(8^{2014} + 6^{2014}\) is divided by 100 is \(\boxed{84}\)."
296	Find the remainder when $8^{2014} + 6^{2014}$ is divided by 100.	" 372772 \equiv \boxed{72} \pmod{100}$$

So the remainder when $8^{2014} + 6^{2014}$ is divided by 100 is 72.

Answer: 72"
297	Find the remainder when $x^9 - x^6 + x^3 - 1$ is divided by $x^2 + x + 1.$	" 0 \). Therefore, the only solution is \( b = 0 \).

Thus, the remainder is \( 0 \), and the answer is:
\[
\boxed{0}.
\]"
298	Find the remainder when $x^9 - x^6 + x^3 - 1$ is divided by $x^2 + x + 1.$	"get
\[a(\omega - \omega^2) = \left(-\frac{3}{2} + i\frac{\sqrt{3}}{2}\right) - \left(-\frac{5}{2} - i\frac{\sqrt{3}}{2}\"
299	Find the remainder when $x^9 - x^6 + x^3 - 1$ is divided by $x^2 + x + 1.$	"x + 1. \]
Therefore, the remainder when \( x^9 - x^6 + x^3 - 1 \) is divided by \( x^2 + x + 1 \) is \(\boxed{-x + 1}\)."
300	Find the remainder when $x^9 - x^6 + x^3 - 1$ is divided by $x^2 + x + 1.$	"emainder of 0.

Therefore, the remainder when \(x^9 - x^6 + x^3 - 1\) is divided by \(x^2 + x + 1\) is:

\[ \boxed{0} \]"
301	Find the remainder when $x^9 - x^6 + x^3 - 1$ is divided by $x^2 + x + 1.$	"
```
```output
x - 1
```
The remainder when $x^9 - x^6 + x^3 - 1$ is divided by $x^2 + x + 1$ is indeed $\boxed{x - 1}$."
302	Find the remainder when $x^9 - x^6 + x^3 - 1$ is divided by $x^2 + x + 1.$	"
Thus, the remainder when \(x^9 - x^6 + x^3 - 1\) is divided by \(x^2 + x + 1\) is \(0\). The answer is:
\[ \boxed{0} \]"
303	Find the remainder when $x^9 - x^6 + x^3 - 1$ is divided by $x^2 + x + 1.$	"nd the remainder is \( 2x + 1 \).

However, we need to ensure that the remainder has a degree less than 2 (i.e., it is a"
304	Find the remainder when $x^9 - x^6 + x^3 - 1$ is divided by $x^2 + x + 1.$	"n \( x^9 - x^6 + x^3 - 1 \) is divided by \( x^2 + x + 1 \) is \(-2x - 1\).

So the final answer is \(\boxed{-2x - 1}\)."
305	Define a sequence $a_i$ as follows: $a_1 = 181$ and for $i \ge 2$, \( a_i = a_{i-1}^2 - 1 \) if $a_{i-1}$ is odd and \( a_i = \frac{a_{i-1}}{2} \) if $a_{i-1}$ is even. Find the least $i$ such that $a_i = 0$.	"necessary calculations, we find that the least \( i \) such that \( a_i = 0 \) is:

\[ \boxed{17} \]

Answer: \boxed{17}"
306	Define a sequence $a_i$ as follows: $a_1 = 181$ and for $i \ge 2$, \( a_i = a_{i-1}^2 - 1 \) if $a_{i-1}$ is odd and \( a_i = \frac{a_{i-1}}{2} \) if $a_{i-1}$ is even. Find the least $i$ such that $a_i = 0$.	"  \[
     a_9 = \frac{a_8}{2} = \frac{4192256}{2} = 2096128
     \]

9. **Calculate \( a_{10} \):**
   - Since \( a_9 = "
307	Define a sequence $a_i$ as follows: $a_1 = 181$ and for $i \ge 2$, \( a_i = a_{i-1}^2 - 1 \) if $a_{i-1}$ is odd and \( a_i = \frac{a_{i-1}}{2} \) if $a_{i-1}$ is even. Find the least $i$ such that $a_i = 0$.	").

When we run the code, we get the result: `Answer: 1066`.

The least \(i\) such that \(a_i = 0\) is \(\boxed{1066}\)."
308	Define a sequence $a_i$ as follows: $a_1 = 181$ and for $i \ge 2$, \( a_i = a_{i-1}^2 - 1 \) if $a_{i-1}$ is odd and \( a_i = \frac{a_{i-1}}{2} \) if $a_{i-1}$ is even. Find the least $i$ such that $a_i = 0$.	"The least i such that a_i = 0
print(i)
```
```output
11
```
The least \( i \) such that \( a_i = 0 \) is \(\boxed{11}\)."
309	Define a sequence $a_i$ as follows: $a_1 = 181$ and for $i \ge 2$, \( a_i = a_{i-1}^2 - 1 \) if $a_{i-1}$ is odd and \( a_i = \frac{a_{i-1}}{2} \) if $a_{i-1}$ is even. Find the least $i$ such that $a_i = 0$.	"4182857640 \).

**Step 15:** Since \( 34182857640 \) is even, use \( a_i = \frac{a_{i-1}}{2} \). Thus, \( a_{15} = \frac"
310	Define a sequence $a_i$ as follows: $a_1 = 181$ and for $i \ge 2$, \( a_i = a_{i-1}^2 - 1 \) if $a_{i-1}$ is odd and \( a_i = \frac{a_{i-1}}{2} \) if $a_{i-1}$ is even. Find the least $i$ such that $a_i = 0$.	" = 0
i = find_zero_sequence(a1)
print(i)
```
```output
7
```
The least \( i \) such that \( a_i = 0 \) is \(\boxed{7}\)."
311	Define a sequence $a_i$ as follows: $a_1 = 181$ and for $i \ge 2$, \( a_i = a_{i-1}^2 - 1 \) if $a_{i-1}$ is odd and \( a_i = \frac{a_{i-1}}{2} \) if $a_{i-1}$ is even. Find the least $i$ such that $a_i = 0$.	"i = a_i**2 - 1
    i += 1

print(i)
```
```output
15
```
The least \( i \) such that \( a_i = 0 \) is \(\boxed{15}\)."
312	Define a sequence $a_i$ as follows: $a_1 = 181$ and for $i \ge 2$, \( a_i = a_{i-1}^2 - 1 \) if $a_{i-1}$ is odd and \( a_i = \frac{a_{i-1}}{2} \) if $a_{i-1}$ is even. Find the least $i$ such that $a_i = 0$.	"s even, we use the rule for even terms:
\[
a_{14} = \frac{547649600226}{2} = 273824800113
\]

Since 273824800113 is odd,"
313	"How many positive integer solutions does the equation have:
\[ \left\lfloor \frac{x}{10} \right\rfloor = \left\lfloor \frac{x}{11} \right\rfloor + 1 \]
where \( \lfloor x \rfloor \) denotes the integer part of \( x \), for example, \( \lfloor 2 \rfloor = 2 \), \( \lfloor \pi \rfloor = 3 \), \( \lfloor \sqrt{2} \rfloor = 1 \)."	"[ S = \frac{10}{2} (10 + 19) = 5 \cdot 29 = 145 \]

Therefore, the number of positive integer solutions is:

Answer: 145"
314	"How many positive integer solutions does the equation have:
\[ \left\lfloor \frac{x}{10} \right\rfloor = \left\lfloor \frac{x}{11} \right\rfloor + 1 \]
where \( \lfloor x \rfloor \) denotes the integer part of \( x \), for example, \( \lfloor 2 \rfloor = 2 \), \( \lfloor \pi \rfloor = 3 \), \( \lfloor \sqrt{2} \rfloor = 1 \)."	"\(m = 9\):
\[ 10(9+1) \leq x < 11(9+1) \Rightarrow 100 \leq x < 110 \Rightarrow 100, 101, 102, 103, 104, 105, 106, 107, "
315	"How many positive integer solutions does the equation have:
\[ \left\lfloor \frac{x}{10} \right\rfloor = \left\lfloor \frac{x}{11} \right\rfloor + 1 \]
where \( \lfloor x \rfloor \) denotes the integer part of \( x \), for example, \( \lfloor 2 \rfloor = 2 \), \( \lfloor \pi \rfloor = 3 \), \( \lfloor \sqrt{2} \rfloor = 1 \)."	"= \left\lfloor \frac{x}{11} \right\rfloor + 1\).

Therefore, the number of positive integer solutions is \(\boxed{99}\)."
316	"How many positive integer solutions does the equation have:
\[ \left\lfloor \frac{x}{10} \right\rfloor = \left\lfloor \frac{x}{11} \right\rfloor + 1 \]
where \( \lfloor x \rfloor \) denotes the integer part of \( x \), for example, \( \lfloor 2 \rfloor = 2 \), \( \lfloor \pi \rfloor = 3 \), \( \lfloor \sqrt{2} \rfloor = 1 \)."	equation \[ \left\lfloor \frac{x}{10} \right\rfloor = \left\lfloor \frac{x}{11} \right\rfloor + 1 \] is \(\boxed{770}\).
317	"How many positive integer solutions does the equation have:
\[ \left\lfloor \frac{x}{10} \right\rfloor = \left\lfloor \frac{x}{11} \right\rfloor + 1 \]
where \( \lfloor x \rfloor \) denotes the integer part of \( x \), for example, \( \lfloor 2 \rfloor = 2 \), \( \lfloor \pi \rfloor = 3 \), \( \lfloor \sqrt{2} \rfloor = 1 \)."	e equation \(\left\lfloor \frac{x}{10} \right\rfloor = \left\lfloor \frac{x}{11} \right\rfloor + 1\) is \(\boxed{199}\).
318	"How many positive integer solutions does the equation have:
\[ \left\lfloor \frac{x}{10} \right\rfloor = \left\lfloor \frac{x}{11} \right\rfloor + 1 \]
where \( \lfloor x \rfloor \) denotes the integer part of \( x \), for example, \( \lfloor 2 \rfloor = 2 \), \( \lfloor \pi \rfloor = 3 \), \( \lfloor \sqrt{2} \rfloor = 1 \)."	"ger values \( m \) can take plus one, which is 10.

Thus, the number of positive integer solutions is:
\[ \boxed{90}. \]"
319	"How many positive integer solutions does the equation have:
\[ \left\lfloor \frac{x}{10} \right\rfloor = \left\lfloor \frac{x}{11} \right\rfloor + 1 \]
where \( \lfloor x \rfloor \) denotes the integer part of \( x \), for example, \( \lfloor 2 \rfloor = 2 \), \( \lfloor \pi \rfloor = 3 \), \( \lfloor \sqrt{2} \rfloor = 1 \)."	" \) gives 9 values, and \( k = 1 \) gives 9 values. Total number of solutions:
   \[
   9 + 9 = 18
   \]

**Answer:** 18"
320	"How many positive integer solutions does the equation have:
\[ \left\lfloor \frac{x}{10} \right\rfloor = \left\lfloor \frac{x}{11} \right\rfloor + 1 \]
where \( \lfloor x \rfloor \) denotes the integer part of \( x \), for example, \( \lfloor 2 \rfloor = 2 \), \( \lfloor \pi \rfloor = 3 \), \( \lfloor \sqrt{2} \rfloor = 1 \)."	"ally, the total number of positive integer solutions is:
\[ 11 \times 11 = 121 \]
Thus, the answer is:
\[ \boxed{121} \]"
321	"In Cartesian coordinates, two areas \(M\) and \(N\) are defined as follows:  
- \(M: y \geq 0, y \leq x, y \leq 2-x\);  
- \(N: t \leq x \leq t+1\).  
Here, \(t\) is a real number such that \(t \in [0,1]\).  

Determine the area of \(M \cap N\). The original answer is in the form \(-at^2 + bt + \frac{c}{d}\), where \(\frac{c}{d}\) is a simplified fraction. Please give the value of \(a + b + c + d\)."	" \(b = -2\), \(c = 1\), and \(d = 1\).

Thus, \(a + b + c + d = 0 - 2 + 1 + 1 = 0\).

The final answer is \(\boxed{0}\)."
322	"In Cartesian coordinates, two areas \(M\) and \(N\) are defined as follows:  
- \(M: y \geq 0, y \leq x, y \leq 2-x\);  
- \(N: t \leq x \leq t+1\).  
Here, \(t\) is a real number such that \(t \in [0,1]\).  

Determine the area of \(M \cap N\). The original answer is in the form \(-at^2 + bt + \frac{c}{d}\), where \(\frac{c}{d}\) is a simplified fraction. Please give the value of \(a + b + c + d\)."	"c + d = 0 - \frac{3}{2} + 3 + 2 = \frac{5}{2}
\]
Therefore, the value of \(a + b + c + d\) is:
\[
\boxed{\frac{5}{2}}
\]"
323	"In Cartesian coordinates, two areas \(M\) and \(N\) are defined as follows:  
- \(M: y \geq 0, y \leq x, y \leq 2-x\);  
- \(N: t \leq x \leq t+1\).  
Here, \(t\) is a real number such that \(t \in [0,1]\).  

Determine the area of \(M \cap N\). The original answer is in the form \(-at^2 + bt + \frac{c}{d}\), where \(\frac{c}{d}\) is a simplified fraction. Please give the value of \(a + b + c + d\)."	"(-at^2 + bt + \frac{c}{d}\) and find \(a + b + c + d\). Here, \(a = 0\), \(b = 0\), \(c = 1\), and \(d = 2\).

So, \(a +"
324	"In Cartesian coordinates, two areas \(M\) and \(N\) are defined as follows:  
- \(M: y \geq 0, y \leq x, y \leq 2-x\);  
- \(N: t \leq x \leq t+1\).  
Here, \(t\) is a real number such that \(t \in [0,1]\).  

Determine the area of \(M \cap N\). The original answer is in the form \(-at^2 + bt + \frac{c}{d}\), where \(\frac{c}{d}\) is a simplified fraction. Please give the value of \(a + b + c + d\)."	"
a = 0
b = 0
c = 1
d = 2

# Calculate the sum a + b + c + d
result = a + b + c + d

# Print the result
print(result)
```"
325	"In Cartesian coordinates, two areas \(M\) and \(N\) are defined as follows:  
- \(M: y \geq 0, y \leq x, y \leq 2-x\);  
- \(N: t \leq x \leq t+1\).  
Here, \(t\) is a real number such that \(t \in [0,1]\).  

Determine the area of \(M \cap N\). The original answer is in the form \(-at^2 + bt + \frac{c}{d}\), where \(\frac{c}{d}\) is a simplified fraction. Please give the value of \(a + b + c + d\)."	" = 2\).

### Step 5: Compute \(a + b + c + d\)
\[
a + b + c + d = 0 + 1 + 1 + 2 = 4
\]

### Final Answer
\[
\boxed{4}
\]"
326	"In Cartesian coordinates, two areas \(M\) and \(N\) are defined as follows:  
- \(M: y \geq 0, y \leq x, y \leq 2-x\);  
- \(N: t \leq x \leq t+1\).  
Here, \(t\) is a real number such that \(t \in [0,1]\).  

Determine the area of \(M \cap N\). The original answer is in the form \(-at^2 + bt + \frac{c}{d}\), where \(\frac{c}{d}\) is a simplified fraction. Please give the value of \(a + b + c + d\)."	"\), and \(d = 2\).

   Therefore, \(a + b + c + d = -\frac{1}{2} + 1 + 1 + 2 = 3.5\).

   The answer is \(\boxed{3.5}\)."
327	"In Cartesian coordinates, two areas \(M\) and \(N\) are defined as follows:  
- \(M: y \geq 0, y \leq x, y \leq 2-x\);  
- \(N: t \leq x \leq t+1\).  
Here, \(t\) is a real number such that \(t \in [0,1]\).  

Determine the area of \(M \cap N\). The original answer is in the form \(-at^2 + bt + \frac{c}{d}\), where \(\frac{c}{d}\) is a simplified fraction. Please give the value of \(a + b + c + d\)."	"lt)
```
```output
6
```
The sum \(a + b + c + d\) for the area expression \(-at^2 + bt + \frac{c}{d}\) is \(\boxed{6}\)."
328	"In Cartesian coordinates, two areas \(M\) and \(N\) are defined as follows:  
- \(M: y \geq 0, y \leq x, y \leq 2-x\);  
- \(N: t \leq x \leq t+1\).  
Here, \(t\) is a real number such that \(t \in [0,1]\).  

Determine the area of \(M \cap N\). The original answer is in the form \(-at^2 + bt + \frac{c}{d}\), where \(\frac{c}{d}\) is a simplified fraction. Please give the value of \(a + b + c + d\)."	"c,\) and \(d\) are \(0, 0, 1, 1\). Therefore, \(a + b + c + d = 0 + 0 + 1 + 1 = 2\).

The final answer is \(\boxed{2}\)."
329	"In the figure below, how many ways are there to select two squares which do not share an edge?

\[ \begin{asy} \text{size}(3\text{cm}); \text{for} \left( \text{int} \ t = -2; \ t \leq 2; \ t=t+1 \right) \{ \text{draw}( \text{shift}((t,0))*\text{unitsquare} ) ; \ \text{if} (t \neq 0) \text{draw}( \text{shift}((0,t))*\text{unitsquare} ); \} \end{asy} \]"	adjacent to them is 16. Therefore, the number of squares that do not share an edge is 9 - 16. The answer is 9 - 16 = 23.
330	"In the figure below, how many ways are there to select two squares which do not share an edge?

\[ \begin{asy} \text{size}(3\text{cm}); \text{for} \left( \text{int} \ t = -2; \ t \leq 2; \ t=t+1 \right) \{ \text{draw}( \text{shift}((t,0))*\text{unitsquare} ) ; \ \text{if} (t \neq 0) \text{draw}( \text{shift}((0,t))*\text{unitsquare} ); \} \end{asy} \]"	" = 36 \). So, the number of pairs that do not share an edge is \(36 - 12 = 24\).

The final answer is:

\[
\boxed{24}
\]"
331	"In the figure below, how many ways are there to select two squares which do not share an edge?

\[ \begin{asy} \text{size}(3\text{cm}); \text{for} \left( \text{int} \ t = -2; \ t \leq 2; \ t=t+1 \right) \{ \text{draw}( \text{shift}((t,0))*\text{unitsquare} ) ; \ \text{if} (t \neq 0) \text{draw}( \text{shift}((0,t))*\text{unitsquare} ); \} \end{asy} \]"	"f non-adjacent pairs should be \(36 - 32 = 4\), which matches our initial reasoning.

The final answer is \(\boxed{4}\)."
332	"In the figure below, how many ways are there to select two squares which do not share an edge?

\[ \begin{asy} \text{size}(3\text{cm}); \text{for} \left( \text{int} \ t = -2; \ t \leq 2; \ t=t+1 \right) \{ \text{draw}( \text{shift}((t,0))*\text{unitsquare} ) ; \ \text{if} (t \neq 0) \text{draw}( \text{shift}((0,t))*\text{unitsquare} ); \} \end{asy} \]"	"ts.
Step 9:  The final answer is the total number of 4-element subsets of squares that do not share an edge.

Answer: 32"
333	"In the figure below, how many ways are there to select two squares which do not share an edge?

\[ \begin{asy} \text{size}(3\text{cm}); \text{for} \left( \text{int} \ t = -2; \ t \leq 2; \ t=t+1 \right) \{ \text{draw}( \text{shift}((t,0))*\text{unitsquare} ) ; \ \text{if} (t \neq 0) \text{draw}( \text{shift}((0,t))*\text{unitsquare} ); \} \end{asy} \]"	"t
110
```
The number of ways to select two squares from the grid such that they do not share an edge is \(\boxed{110}\)."
334	"In the figure below, how many ways are there to select two squares which do not share an edge?

\[ \begin{asy} \text{size}(3\text{cm}); \text{for} \left( \text{int} \ t = -2; \ t \leq 2; \ t=t+1 \right) \{ \text{draw}( \text{shift}((t,0))*\text{unitsquare} ) ; \ \text{if} (t \neq 0) \text{draw}( \text{shift}((0,t))*\text{unitsquare} ); \} \end{asy} \]"	"mber of ways to select two squares which do not share an edge is:

\[ 300 - 104 = 196 \]

The answer is \(\boxed{196}\)."
335	"In the figure below, how many ways are there to select two squares which do not share an edge?

\[ \begin{asy} \text{size}(3\text{cm}); \text{for} \left( \text{int} \ t = -2; \ t \leq 2; \ t=t+1 \right) \{ \text{draw}( \text{shift}((t,0))*\text{unitsquare} ) ; \ \text{if} (t \neq 0) \text{draw}( \text{shift}((0,t))*\text{unitsquare} ); \} \end{asy} \]"	"r performing the calculations, the number of ways to select two squares that do not share an edge is:

\[
\boxed{284}
\]"
336	"In the figure below, how many ways are there to select two squares which do not share an edge?

\[ \begin{asy} \text{size}(3\text{cm}); \text{for} \left( \text{int} \ t = -2; \ t \leq 2; \ t=t+1 \right) \{ \text{draw}( \text{shift}((t,0))*\text{unitsquare} ) ; \ \text{if} (t \neq 0) \text{draw}( \text{shift}((0,t))*\text{unitsquare} ); \} \end{asy} \]"	"es of a (a <= b <= c)
for a in range(1, max_side + 1):
    for b in range(a, max_side + 1):
        # Check the triangle"
337	"For each integer $1 \le j \le 2017$, let $S_j$ denote the set of integers $0 \le i \le 2^{2017} - 1$ such that $\left\lfloor \frac{i}{2^{j-1}} \right\rfloor$ is an odd integer. Let $P$ be a polynomial such that
\[P\left(x_0, x_1, \ldots, x_{2^{2017} - 1}\right) = \prod_{1 \le j \le 2017} \left(1 - \prod_{i \in S_j} x_i\right).\]
Compute the remainder when
\[ \sum_{\left(x_0, \ldots, x_{2^{2017} - 1}\right) \in \{0, 1\}^{2^{2017}}} P\left(x_0, \ldots, x_{2^{2017} - 1}\right)\]
is divided by $2017$."	"2017} \equiv 0 \pmod{2017}. \]

### Final Answer
The remainder when the given sum is divided by 2017 is
\[ \boxed{0}. \]"
338	"For each integer $1 \le j \le 2017$, let $S_j$ denote the set of integers $0 \le i \le 2^{2017} - 1$ such that $\left\lfloor \frac{i}{2^{j-1}} \right\rfloor$ is an odd integer. Let $P$ be a polynomial such that
\[P\left(x_0, x_1, \ldots, x_{2^{2017} - 1}\right) = \prod_{1 \le j \le 2017} \left(1 - \prod_{i \in S_j} x_i\right).\]
Compute the remainder when
\[ \sum_{\left(x_0, \ldots, x_{2^{2017} - 1}\right) \in \{0, 1\}^{2^{2017}}} P\left(x_0, \ldots, x_{2^{2017} - 1}\right)\]
is divided by $2017$."	2^{2^{2017}} \equiv 2^{2^{2017}} \equiv 2^{2^{2017}} \equiv 2^{2^{2017}} \equiv 2^{2^{2017}} \equiv 2^{2^{2017}} \equiv 
339	"For each integer $1 \le j \le 2017$, let $S_j$ denote the set of integers $0 \le i \le 2^{2017} - 1$ such that $\left\lfloor \frac{i}{2^{j-1}} \right\rfloor$ is an odd integer. Let $P$ be a polynomial such that
\[P\left(x_0, x_1, \ldots, x_{2^{2017} - 1}\right) = \prod_{1 \le j \le 2017} \left(1 - \prod_{i \in S_j} x_i\right).\]
Compute the remainder when
\[ \sum_{\left(x_0, \ldots, x_{2^{2017} - 1}\right) \in \{0, 1\}^{2^{2017}}} P\left(x_0, \ldots, x_{2^{2017} - 1}\right)\]
is divided by $2017$."	k \) is the integer part of \( \frac{2^{2017}}{2016} \) and \( m \) is the remainder when \( 2^{2017} \) is divided by 2
340	"For each integer $1 \le j \le 2017$, let $S_j$ denote the set of integers $0 \le i \le 2^{2017} - 1$ such that $\left\lfloor \frac{i}{2^{j-1}} \right\rfloor$ is an odd integer. Let $P$ be a polynomial such that
\[P\left(x_0, x_1, \ldots, x_{2^{2017} - 1}\right) = \prod_{1 \le j \le 2017} \left(1 - \prod_{i \in S_j} x_i\right).\]
Compute the remainder when
\[ \sum_{\left(x_0, \ldots, x_{2^{2017} - 1}\right) \in \{0, 1\}^{2^{2017}}} P\left(x_0, \ldots, x_{2^{2017} - 1}\right)\]
is divided by $2017$."	" 2017.

Thus, the remainder when \( 2^{2^{2017}} \) is divided by \( 2017 \) is 1.

The final answer is:
\[ \boxed{1} \]"
341	"For each integer $1 \le j \le 2017$, let $S_j$ denote the set of integers $0 \le i \le 2^{2017} - 1$ such that $\left\lfloor \frac{i}{2^{j-1}} \right\rfloor$ is an odd integer. Let $P$ be a polynomial such that
\[P\left(x_0, x_1, \ldots, x_{2^{2017} - 1}\right) = \prod_{1 \le j \le 2017} \left(1 - \prod_{i \in S_j} x_i\right).\]
Compute the remainder when
\[ \sum_{\left(x_0, \ldots, x_{2^{2017} - 1}\right) \in \{0, 1\}^{2^{2017}}} P\left(x_0, \ldots, x_{2^{2017} - 1}\right)\]
is divided by $2017$."	"we find that the remainder when \(2^{2^{2017}} - 1\) is divided by 2017 is 1.

Therefore, the answer is:
\[
\boxed{1}
\]"
342	"For each integer $1 \le j \le 2017$, let $S_j$ denote the set of integers $0 \le i \le 2^{2017} - 1$ such that $\left\lfloor \frac{i}{2^{j-1}} \right\rfloor$ is an odd integer. Let $P$ be a polynomial such that
\[P\left(x_0, x_1, \ldots, x_{2^{2017} - 1}\right) = \prod_{1 \le j \le 2017} \left(1 - \prod_{i \in S_j} x_i\right).\]
Compute the remainder when
\[ \sum_{\left(x_0, \ldots, x_{2^{2017} - 1}\right) \in \{0, 1\}^{2^{2017}}} P\left(x_0, \ldots, x_{2^{2017} - 1}\right)\]
is divided by $2017$."	"er when 2 is divided by 2017. Since 2 is less than 2017, the remainder is simply 2. Thus, the answer is
\[
\boxed{2}.
\]"
343	"For each integer $1 \le j \le 2017$, let $S_j$ denote the set of integers $0 \le i \le 2^{2017} - 1$ such that $\left\lfloor \frac{i}{2^{j-1}} \right\rfloor$ is an odd integer. Let $P$ be a polynomial such that
\[P\left(x_0, x_1, \ldots, x_{2^{2017} - 1}\right) = \prod_{1 \le j \le 2017} \left(1 - \prod_{i \in S_j} x_i\right).\]
Compute the remainder when
\[ \sum_{\left(x_0, \ldots, x_{2^{2017} - 1}\right) \in \{0, 1\}^{2^{2017}}} P\left(x_0, \ldots, x_{2^{2017} - 1}\right)\]
is divided by $2017$."	1}\right) \in \{0, 1\}^{2^{2017}}} P\left(x_0, \ldots, x_{2^{2017} - 1}\right) \) is divided by 2017 is \( \boxed{2} \).
344	"For each integer $1 \le j \le 2017$, let $S_j$ denote the set of integers $0 \le i \le 2^{2017} - 1$ such that $\left\lfloor \frac{i}{2^{j-1}} \right\rfloor$ is an odd integer. Let $P$ be a polynomial such that
\[P\left(x_0, x_1, \ldots, x_{2^{2017} - 1}\right) = \prod_{1 \le j \le 2017} \left(1 - \prod_{i \in S_j} x_i\right).\]
Compute the remainder when
\[ \sum_{\left(x_0, \ldots, x_{2^{2017} - 1}\right) \in \{0, 1\}^{2^{2017}}} P\left(x_0, \ldots, x_{2^{2017} - 1}\right)\]
is divided by $2017$."	"^{2017 - 2017} \mod 2017 = 1\).

Therefore, the remainder when the given expression is divided by 2017 is \(\boxed{1}\)."
345	Let $a$ and $b$ be distinct positive divisors of $80.$ What is the smallest possible value of $ab$ which is not a divisor of $80?$	"is 1 * 2 = 2.
Step 4:  Therefore, the smallest possible value of ab which is not a divisor of 80 is 2.
Answer: Answer: 2"
346	Let $a$ and $b$ be distinct positive divisors of $80.$ What is the smallest possible value of $ab$ which is not a divisor of $80?$	"meet the criteria.
Step 8:  Therefore, the smallest possible value of ab which is not a divisor of 80 is 10.

Answer: 10"
347	Let $a$ and $b$ be distinct positive divisors of $80.$ What is the smallest possible value of $ab$ which is not a divisor of $80?$	"mallest_not_divisor

# Find the smallest product of two distinct divisors of 80 that is not a divisor of 80
smallest_not"
348	Let $a$ and $b$ be distinct positive divisors of $80.$ What is the smallest possible value of $ab$ which is not a divisor of $80?$	"_not_divisor)
```
```output
40
```
The smallest possible value of \(ab\) which is not a divisor of 80 is \(\boxed{40}\)."
349	Let $a$ and $b$ be distinct positive divisors of $80.$ What is the smallest possible value of $ab$ which is not a divisor of $80?$	"$80$ times the largest positive divisor of $80.$
Step 6:  Thus, the answer will be $1 \cdot 80 = \boxed{80}.$
Answer: 80"
350	Let $a$ and $b$ be distinct positive divisors of $80.$ What is the smallest possible value of $ab$ which is not a divisor of $80?$	"e, the smallest possible value of ab, which is not a divisor of 80, is 10.
Step 11:  Thus, the answer is 10.

Answer: 10"
351	Let $a$ and $b$ be distinct positive divisors of $80.$ What is the smallest possible value of $ab$ which is not a divisor of $80?$	"ven in the problem. Therefore, the smallest possible value of ab that is not a divisor of 80 is Answer: 800.
Answer: 800"
352	Let $a$ and $b$ be distinct positive divisors of $80.$ What is the smallest possible value of $ab$ which is not a divisor of $80?$	"d calculations should be incorporated into the response as part of the step-by-step problem-solving process.
Answer: 512"
353	Let $N = 2^{\left(2^2\right)}$ and $x$ be a real number such that $N^{\left(N^N\right)} = 2^{(2^x)}$. Find $x$.	"he calculated value of $x$ is indeed 66, confirming our earlier steps.

Therefore, the final answer is:
\[
\boxed{66}
\]"
354	Let $N = 2^{\left(2^2\right)}$ and $x$ be a real number such that $N^{\left(N^N\right)} = 2^{(2^x)}$. Find $x$.	" are the same, we can equate the exponents.
Step 12:  This gives us \(x = 4\).
Step 13:  Therefore, \(x = 4\).
Answer: 4"
355	Let $N = 2^{\left(2^2\right)}$ and $x$ be a real number such that $N^{\left(N^N\right)} = 2^{(2^x)}$. Find $x$.	"ith base 2, we get 2^x = 2^4.
Step 7: Since the bases are equal, we can equate the exponents, giving us x = 4.
Answer: 4"
356	Let $N = 2^{\left(2^2\right)}$ and $x$ be a real number such that $N^{\left(N^N\right)} = 2^{(2^x)}$. Find $x$.	"} \) are indeed equal when \( x = 64 \). Therefore, the solution is correct.

So the value of \( x \) is \(\boxed{64}\)."
357	Let $N = 2^{\left(2^2\right)}$ and $x$ be a real number such that $N^{\left(N^N\right)} = 2^{(2^x)}$. Find $x$.	"he bases are the same, we can equate the exponents:

\[
x = 64.
\]

Therefore, the value of \(x\) is:

\[
\boxed{64}.
\]"
358	Let $N = 2^{\left(2^2\right)}$ and $x$ be a real number such that $N^{\left(N^N\right)} = 2^{(2^x)}$. Find $x$.	"4 \cdot 2^4)} = (2^4)^{2^{32}} = 2^{4 \cdot 2^{32}}.
\]
3. We need to find $x$ such that $2^{(2^x)} = 2^{4 \cdot 2^{32}}"
359	Let $N = 2^{\left(2^2\right)}$ and $x$ be a real number such that $N^{\left(N^N\right)} = 2^{(2^x)}$. Find $x$.	s, 30% of the students are boys and the rest are girls. If 65% of the girls received a score greater than 80% on a test,
360	Let $N = 2^{\left(2^2\right)}$ and $x$ be a real number such that $N^{\left(N^N\right)} = 2^{(2^x)}$. Find $x$.	"\]
Since the bases are the same, we can equate the exponents:
\[
x = 66
\]
Thus, the value of \(x\) is:
\[
\boxed{66}
\]"
361	"$ S$ is a non-empty subset of the set $ \{ 1, 2, \cdots, 108 \}$, satisfying:

(1) For any two numbers $ a,b \in S$ ( may not distinct), there exists $ c \in S$, such that $ \gcd(a,c)\equal{}\gcd(b,c)\equal{}1$.

(2) For any two numbers $ a,b \in S$ ( may not distinct), there exists $ c' \in S$, $ c' \neq a$, $ c' \neq b$, such that $ \gcd(a, c') > 1$, $ \gcd(b,c') >1$.

Find the largest possible value of $ |S|$."	" set {1, 2, ..., 108}, given the constraints.
Step 8:  Therefore, the largest possible value for |S| is 243.
Answer: 243"
362	"$ S$ is a non-empty subset of the set $ \{ 1, 2, \cdots, 108 \}$, satisfying:

(1) For any two numbers $ a,b \in S$ ( may not distinct), there exists $ c \in S$, such that $ \gcd(a,c)\equal{}\gcd(b,c)\equal{}1$.

(2) For any two numbers $ a,b \in S$ ( may not distinct), there exists $ c' \in S$, $ c' \neq a$, $ c' \neq b$, such that $ \gcd(a, c') > 1$, $ \gcd(b,c') >1$.

Find the largest possible value of $ |S|$."	44, 46, 48, 50, 52, 54, 56, 58, 60, 62, 64, 66, 68, 70, 72, 74, 76, 78, 80, 82, 84, 86, 88, 90, 92, 94, 96, 98, 100, 102
363	"$ S$ is a non-empty subset of the set $ \{ 1, 2, \cdots, 108 \}$, satisfying:

(1) For any two numbers $ a,b \in S$ ( may not distinct), there exists $ c \in S$, such that $ \gcd(a,c)\equal{}\gcd(b,c)\equal{}1$.

(2) For any two numbers $ a,b \in S$ ( may not distinct), there exists $ c' \in S$, $ c' \neq a$, $ c' \neq b$, such that $ \gcd(a, c') > 1$, $ \gcd(b,c') >1$.

Find the largest possible value of $ |S|$."	"herefore, the largest possible value of \( |S| \) is 6.

Thus, the largest possible value of \( |S| \) is \(\boxed{6}\)."
364	"$ S$ is a non-empty subset of the set $ \{ 1, 2, \cdots, 108 \}$, satisfying:

(1) For any two numbers $ a,b \in S$ ( may not distinct), there exists $ c \in S$, such that $ \gcd(a,c)\equal{}\gcd(b,c)\equal{}1$.

(2) For any two numbers $ a,b \in S$ ( may not distinct), there exists $ c' \in S$, $ c' \neq a$, $ c' \neq b$, such that $ \gcd(a, c') > 1$, $ \gcd(b,c') >1$.

Find the largest possible value of $ |S|$."	", 36 \]

This gives us 25 numbers in \(S\).

### Final Answer
The largest possible value of \(|S|\) is:
\[ \boxed{25} \]"
365	"$ S$ is a non-empty subset of the set $ \{ 1, 2, \cdots, 108 \}$, satisfying:

(1) For any two numbers $ a,b \in S$ ( may not distinct), there exists $ c \in S$, such that $ \gcd(a,c)\equal{}\gcd(b,c)\equal{}1$.

(2) For any two numbers $ a,b \in S$ ( may not distinct), there exists $ c' \in S$, $ c' \neq a$, $ c' \neq b$, such that $ \gcd(a, c') > 1$, $ \gcd(b,c') >1$.

Find the largest possible value of $ |S|$."	" in numbers if not sp.isprime(n) and n > 5]

# Filter out multiples of 2, 3, or 5
result = [n for n in non_primes if not"
366	"$ S$ is a non-empty subset of the set $ \{ 1, 2, \cdots, 108 \}$, satisfying:

(1) For any two numbers $ a,b \in S$ ( may not distinct), there exists $ c \in S$, such that $ \gcd(a,c)\equal{}\gcd(b,c)\equal{}1$.

(2) For any two numbers $ a,b \in S$ ( may not distinct), there exists $ c' \in S$, $ c' \neq a$, $ c' \neq b$, such that $ \gcd(a, c') > 1$, $ \gcd(b,c') >1$.

Find the largest possible value of $ |S|$."	41, 42, 43, 44, 45, 46, 47, 48, 49, 50, 51, 52, 53, 54, 55, 56, 57, 58, 59, 60, 61, 62, 63, 64, 65, 66, 67, 68, 69, 70, 
367	"$ S$ is a non-empty subset of the set $ \{ 1, 2, \cdots, 108 \}$, satisfying:

(1) For any two numbers $ a,b \in S$ ( may not distinct), there exists $ c \in S$, such that $ \gcd(a,c)\equal{}\gcd(b,c)\equal{}1$.

(2) For any two numbers $ a,b \in S$ ( may not distinct), there exists $ c' \in S$, $ c' \neq a$, $ c' \neq b$, such that $ \gcd(a, c') > 1$, $ \gcd(b,c') >1$.

Find the largest possible value of $ |S|$."	d the subset of numbers that are coprime with each other but not multiples of 2, such as \(\{1, 3, 5, \ldots, 97, 99, 10
368	"$ S$ is a non-empty subset of the set $ \{ 1, 2, \cdots, 108 \}$, satisfying:

(1) For any two numbers $ a,b \in S$ ( may not distinct), there exists $ c \in S$, such that $ \gcd(a,c)\equal{}\gcd(b,c)\equal{}1$.

(2) For any two numbers $ a,b \in S$ ( may not distinct), there exists $ c' \in S$, $ c' \neq a$, $ c' \neq b$, such that $ \gcd(a, c') > 1$, $ \gcd(b,c') >1$.

Find the largest possible value of $ |S|$."	"satisfies the given conditions.
Step 9:  Therefore, the largest possible value of $ |S|$ is 108.
```

The answer is: 108"
369	Let \( \text{Revolution}(x) = x^3 + Ux^2 + Sx + A \), where \( U \), \( S \), and \( A \) are all integers and \( U + S + A + 1 = 1773 \). Given that \( \text{Revolution} \) has exactly two distinct nonzero integer roots \( G \) and \( B \), find the minimum value of \( |GB| \).	"Among these, the minimum value of \( |GB| \) is 1848. Therefore, the minimum value of \( |GB| \) is:

\[ \boxed{1848} \]"
370	Let \( \text{Revolution}(x) = x^3 + Ux^2 + Sx + A \), where \( U \), \( S \), and \( A \) are all integers and \( U + S + A + 1 = 1773 \). Given that \( \text{Revolution} \) has exactly two distinct nonzero integer roots \( G \) and \( B \), find the minimum value of \( |GB| \).	" \(G = -447\), and \(|GB| = 1788\).
- If \(B = -4\), then \(G + B = 443\), so \(G = 447\), and \(|GB| = 1788\).
- If \(B"
371	Let \( \text{Revolution}(x) = x^3 + Ux^2 + Sx + A \), where \( U \), \( S \), and \( A \) are all integers and \( U + S + A + 1 = 1773 \). Given that \( \text{Revolution} \) has exactly two distinct nonzero integer roots \( G \) and \( B \), find the minimum value of \( |GB| \).	" -2 \cdot 1 + (-2) \cdot R + 1 \cdot R - (-2) \cdot 1 \cdot R - (-2) - 1 - R + 1 = 1772 \]
\[ -2 - 2R + R + 2R - 2 + 1 -"
372	Let \( \text{Revolution}(x) = x^3 + Ux^2 + Sx + A \), where \( U \), \( S \), and \( A \) are all integers and \( U + S + A + 1 = 1773 \). Given that \( \text{Revolution} \) has exactly two distinct nonzero integer roots \( G \) and \( B \), find the minimum value of \( |GB| \).	"592 = 2368 \]
\[ 10 \cdot 198 = 1980 \]
\[ 24 \cdot 78 = 1872 \]

The minimum value of \( |GB| \) is \( \boxed{1872} \)."
373	Let \( \text{Revolution}(x) = x^3 + Ux^2 + Sx + A \), where \( U \), \( S \), and \( A \) are all integers and \( U + S + A + 1 = 1773 \). Given that \( \text{Revolution} \) has exactly two distinct nonzero integer roots \( G \) and \( B \), find the minimum value of \( |GB| \).	" - 1 = 1080
   \]
   \[
   S = 2 \cdot (-1) + 2 \cdot 591 + (-1) \cdot 591 = -2 + 1182 - 591 = 589
   \]

3. Let \( G = "
374	Let \( \text{Revolution}(x) = x^3 + Ux^2 + Sx + A \), where \( U \), \( S \), and \( A \) are all integers and \( U + S + A + 1 = 1773 \). Given that \( \text{Revolution} \) has exactly two distinct nonzero integer roots \( G \) and \( B \), find the minimum value of \( |GB| \).	"B_value = find_min_GB()
print(min_GB_value)
```
```output
1771
```
The minimum value of \( |GB| \) is \(\boxed{1771}\)."
375	Let \( \text{Revolution}(x) = x^3 + Ux^2 + Sx + A \), where \( U \), \( S \), and \( A \) are all integers and \( U + S + A + 1 = 1773 \). Given that \( \text{Revolution} \) has exactly two distinct nonzero integer roots \( G \) and \( B \), find the minimum value of \( |GB| \).	"-1772 + 5309 - 3538 + 1 = 1773 \]

Everything checks out. Therefore, the minimum value of \( |GB| \) is \( \boxed{2} \)."
376	Let \( \text{Revolution}(x) = x^3 + Ux^2 + Sx + A \), where \( U \), \( S \), and \( A \) are all integers and \( U + S + A + 1 = 1773 \). Given that \( \text{Revolution} \) has exactly two distinct nonzero integer roots \( G \) and \( B \), find the minimum value of \( |GB| \).	"roots \( G \) and \( B \) are \( -1774 \) and \( 1773 \), respectively. Therefore, the final answer is:

\[
\boxed{1}
\]"
377	Let $P = (-2, 0)$. Points $P$, $Q$, $R$ lie on the graph of the function $y = x^3 - 3x + 2$ such that $Q$ is the midpoint of segment $PR$. Compute $PR^2$.	". 

Given that \( Q \) is the midpoint of \( PR \), we can use the symmetry and properties of the function \( y = x^3 - "
378	Let $P = (-2, 0)$. Points $P$, $Q$, $R$ lie on the graph of the function $y = x^3 - 3x + 2$ such that $Q$ is the midpoint of segment $PR$. Compute $PR^2$.	"}{2} - \sqrt{3} \right)^3 - 3 \left( -\frac{1}{2} - \sqrt{3} \right) + 2 \]
\[ y_1 = -\frac{1}{8} - \frac{3}{2} \sqrt{3}"
379	Let $P = (-2, 0)$. Points $P$, $Q$, $R$ lie on the graph of the function $y = x^3 - 3x + 2$ such that $Q$ is the midpoint of segment $PR$. Compute $PR^2$.	"), array([ 1.99417687, -0.00582308]))
```
The solutions we obtained are:

1. \( (x_Q, x_R) = (-1.99417687, 0.00582308) \"
380	Let $P = (-2, 0)$. Points $P$, $Q$, $R$ lie on the graph of the function $y = x^3 - 3x + 2$ such that $Q$ is the midpoint of segment $PR$. Compute $PR^2$.	"^3 - 6a + 1)^2
\]
Thus, the final expression for $PR^2$ is:
\[
\boxed{\frac{(2a^3 - 7a + 6)^2}{4} + (a^3 - 6a + 1)^2}
\]"
381	Let $P = (-2, 0)$. Points $P$, $Q$, $R$ lie on the graph of the function $y = x^3 - 3x + 2$ such that $Q$ is the midpoint of segment $PR$. Compute $PR^2$.	"- 0)^2} = \sqrt{(1 + 2)^2} = \sqrt{3^2} = 3
\]

So, \( PR^2 = 3^2 = 9 \).

Let's write the final answer:
\[
\boxed{9}
\]"
382	Let $P = (-2, 0)$. Points $P$, $Q$, $R$ lie on the graph of the function $y = x^3 - 3x + 2$ such that $Q$ is the midpoint of segment $PR$. Compute $PR^2$.	"t sympy as sp

# Define the variables
q, r = sp.symbols('q r')

# Define the equations
eq1 = sp.Eq(q, (r - 2) / 2)
eq2 ="
383	Let $P = (-2, 0)$. Points $P$, $Q$, $R$ lie on the graph of the function $y = x^3 - 3x + 2$ such that $Q$ is the midpoint of segment $PR$. Compute $PR^2$.	" 1)^2 = 1 \cdot (1 + 1) + 0 \cdot 4 = 2 \]
Thus, we conclude that \(PR^2 = 4\).

So the final answer is:
\[ \boxed{4} \]"
384	Let $P = (-2, 0)$. Points $P$, $Q$, $R$ lie on the graph of the function $y = x^3 - 3x + 2$ such that $Q$ is the midpoint of segment $PR$. Compute $PR^2$.	", f(x1)
    Rx, Ry = x2, f(x2)
    PR2 = ((Px - Rx)**2 + (Py - Ry)**2)
    PR2_values.append(PR2)

print(PR2_values)
```"
385	Each of the $100$ students in a certain summer camp can either sing, dance, or act. Some students have more than one talent, but no student has all three talents. There are $42$ students who cannot sing, $65$ students who cannot dance, and $29$ students who cannot act. How many students have two of these talents?	"mplify:

$$
2n = 36
$$

Solving for $n$:

$$
n = 18
$$

So, the number of students who have two talents is $\boxed{18}$."
386	Each of the $100$ students in a certain summer camp can either sing, dance, or act. Some students have more than one talent, but no student has all three talents. There are $42$ students who cannot sing, $65$ students who cannot dance, and $29$ students who cannot act. How many students have two of these talents?	"e three digits of the sum of the largest and smallest possible numbers of students who have only one talent.
Answer: 140"
387	Each of the $100$ students in a certain summer camp can either sing, dance, or act. Some students have more than one talent, but no student has all three talents. There are $42$ students who cannot sing, $65$ students who cannot dance, and $29$ students who cannot act. How many students have two of these talents?	"who have exactly two talents is \( 32 \).

Thus, the number of students who have two of the talents is \( \boxed{32} \)."
388	Each of the $100$ students in a certain summer camp can either sing, dance, or act. Some students have more than one talent, but no student has all three talents. There are $42$ students who cannot sing, $65$ students who cannot dance, and $29$ students who cannot act. How many students have two of these talents?	"- 42 = 58 \).
- The number of students who can dance is \( 100 - 65 = 35 \).
- The number of students who can act is \( "
389	Each of the $100$ students in a certain summer camp can either sing, dance, or act. Some students have more than one talent, but no student has all three talents. There are $42$ students who cannot sing, $65$ students who cannot dance, and $29$ students who cannot act. How many students have two of these talents?	"alents
students_with_two_talents = can_sing + can_dance + can_act - total_students

print(students_with_two_talents)
```"
390	Each of the $100$ students in a certain summer camp can either sing, dance, or act. Some students have more than one talent, but no student has all three talents. There are $42$ students who cannot sing, $65$ students who cannot dance, and $29$ students who cannot act. How many students have two of these talents?	" two talents is:
\[ |S \cap D| + |D \cap A| + |A \cap S| = 64 \]

Therefore, the correct option is \(\boxed{\text{B}}\)."
391	Each of the $100$ students in a certain summer camp can either sing, dance, or act. Some students have more than one talent, but no student has all three talents. There are $42$ students who cannot sing, $65$ students who cannot dance, and $29$ students who cannot act. How many students have two of these talents?	"| + |S \cap A| + |D \cap A| = x
   \]
   From step 5, we have:
   \[
   x = 64
   \]

**Final Answer:**
\[
\boxed{64}
\]"
392	Each of the $100$ students in a certain summer camp can either sing, dance, or act. Some students have more than one talent, but no student has all three talents. There are $42$ students who cannot sing, $65$ students who cannot dance, and $29$ students who cannot act. How many students have two of these talents?	"+ 71 + 58 - 164 = 164 - 164 = 100 - 100 = 59
\]

Thus, the number of students who have two of these talents is \( 59 \)."
393	Phillip and Paula both pick a rational number, and they notice that Phillip's number is greater than Paula's number by $12$. They each square their numbers to get a new number, and see that the sum of these new numbers is half of $169$. Finally, they each square their new numbers and note that Phillip's latest number is now greater than Paula's by $5070$. What was the sum of their original numbers?	"f the original numbers as:

\[ p + q = -8.5 + 3.5 = -5 \]

Thus, the sum of their original numbers is:

\[ \boxed{-5} \]"
394	Phillip and Paula both pick a rational number, and they notice that Phillip's number is greater than Paula's number by $12$. They each square their numbers to get a new number, and see that the sum of these new numbers is half of $169$. Finally, they each square their new numbers and note that Phillip's latest number is now greater than Paula's by $5070$. What was the sum of their original numbers?	"at the original numbers are \( p = 5 \) and \( P = 17 \). Therefore, the sum of their original numbers is:

\[ p + P = 5"
395	Phillip and Paula both pick a rational number, and they notice that Phillip's number is greater than Paula's number by $12$. They each square their numbers to get a new number, and see that the sum of these new numbers is half of $169$. Finally, they each square their new numbers and note that Phillip's latest number is now greater than Paula's by $5070$. What was the sum of their original numbers?	" 74 \neq \frac{169}{2} \]

Let's try \( p = -8 \). If \( p = -8 \), then \( q = -8 + 12 = 4 \).

Now we check the second"
396	Phillip and Paula both pick a rational number, and they notice that Phillip's number is greater than Paula's number by $12$. They each square their numbers to get a new number, and see that the sum of these new numbers is half of $169$. Finally, they each square their new numbers and note that Phillip's latest number is now greater than Paula's by $5070$. What was the sum of their original numbers?	"= Eq(P**2 + p**2, 169 / 2)

# Solve the system of equations
solution = solve((eq1, eq2), (P, p))
print(solution)
```"
397	Phillip and Paula both pick a rational number, and they notice that Phillip's number is greater than Paula's number by $12$. They each square their numbers to get a new number, and see that the sum of these new numbers is half of $169$. Finally, they each square their new numbers and note that Phillip's latest number is now greater than Paula's by $5070$. What was the sum of their original numbers?	"2 = 77124.3.
Step 10:  Therefore, the sum of their original numbers is 9 + sqrt(78)/2 + 9 - sqrt(78)/2 = 18.

Answer: 18"
398	Phillip and Paula both pick a rational number, and they notice that Phillip's number is greater than Paula's number by $12$. They each square their numbers to get a new number, and see that the sum of these new numbers is half of $169$. Finally, they each square their new numbers and note that Phillip's latest number is now greater than Paula's by $5070$. What was the sum of their original numbers?	"or Pau^2, and then substitute back to find P.
Step 9:  Finally, we can sum P and Pau to find the value of X.

Answer: 34"
399	Phillip and Paula both pick a rational number, and they notice that Phillip's number is greater than Paula's number by $12$. They each square their numbers to get a new number, and see that the sum of these new numbers is half of $169$. Finally, they each square their new numbers and note that Phillip's latest number is now greater than Paula's by $5070$. What was the sum of their original numbers?	" p = q + 12: p = -21 + 12 = -9.
Step 7: So, the sum of their original numbers, q and p, is -21 + (-9) = -30.
Answer: -30"
400	Phillip and Paula both pick a rational number, and they notice that Phillip's number is greater than Paula's number by $12$. They each square their numbers to get a new number, and see that the sum of these new numbers is half of $169$. Finally, they each square their new numbers and note that Phillip's latest number is now greater than Paula's by $5070$. What was the sum of their original numbers?	" number is \( 205.25 \) and Phillip's number is \( 217.25 \). The sum of their original numbers is:

\[
\boxed{422.5}
\]"
