id	problem	tail
1	"In $\triangle{ABC}$ with side lengths $AB = 13$, $AC = 12$, and $BC = 5$, let $O$ and $I$ denote the circumcenter and incenter, respectively. A circle with center $M$ is tangent to the legs $AC$ and $BC$ and to the circumcircle of $\triangle{ABC}$. What is the area of $\triangle{MOI}$?
$\textbf{(A)}\ 5/2\qquad\textbf{(B)}\ 11/4\qquad\textbf{(C)}\ 3\qquad\textbf{(D)}\ 13/4\qquad\textbf{(E)}\ 7/2$The answer is in the form rac{m}{n}, where gcd(m, n) = 1. Please provide the value of m + n."	"* B.x + c * C.x) / (a + b + c + 2 * sp.sqrt(a * b * c))
M_y = (a * A.y + b * B.y + c * C.y) / (a + b + c + 2 * sp.sqrt(a"
2	"In $\triangle{ABC}$ with side lengths $AB = 13$, $AC = 12$, and $BC = 5$, let $O$ and $I$ denote the circumcenter and incenter, respectively. A circle with center $M$ is tangent to the legs $AC$ and $BC$ and to the circumcircle of $\triangle{ABC}$. What is the area of $\triangle{MOI}$?
$\textbf{(A)}\ 5/2\qquad\textbf{(B)}\ 11/4\qquad\textbf{(C)}\ 3\qquad\textbf{(D)}\ 13/4\qquad\textbf{(E)}\ 7/2$The answer is in the form rac{m}{n}, where gcd(m, n) = 1. Please provide the value of m + n."	"* y_B + b * y_C + c * y_A) / (-a + b + c)
M = (Mx, My)

# Area of triangle MOI
x1, y1 = O
x2, y2 = I
x3, y3 = M

area_MO"
3	"In $\triangle{ABC}$ with side lengths $AB = 13$, $AC = 12$, and $BC = 5$, let $O$ and $I$ denote the circumcenter and incenter, respectively. A circle with center $M$ is tangent to the legs $AC$ and $BC$ and to the circumcircle of $\triangle{ABC}$. What is the area of $\triangle{MOI}$?
$\textbf{(A)}\ 5/2\qquad\textbf{(B)}\ 11/4\qquad\textbf{(C)}\ 3\qquad\textbf{(D)}\ 13/4\qquad\textbf{(E)}\ 7/2$The answer is in the form rac{m}{n}, where gcd(m, n) = 1. Please provide the value of m + n."	" + \frac{7}{6} \right| \]
\[ = \frac{1}{2} \left| -\frac{30}{6} + \frac{7}{6} \right| \]
\[ = \frac{1}{2} \left| -\frac{"
4	"In $\triangle{ABC}$ with side lengths $AB = 13$, $AC = 12$, and $BC = 5$, let $O$ and $I$ denote the circumcenter and incenter, respectively. A circle with center $M$ is tangent to the legs $AC$ and $BC$ and to the circumcircle of $\triangle{ABC}$. What is the area of $\triangle{MOI}$?
$\textbf{(A)}\ 5/2\qquad\textbf{(B)}\ 11/4\qquad\textbf{(C)}\ 3\qquad\textbf{(D)}\ 13/4\qquad\textbf{(E)}\ 7/2$The answer is in the form rac{m}{n}, where gcd(m, n) = 1. Please provide the value of m + n."	"- (B.y / sp.sqrt(13**2 - 12**2) - 4 * B.y / 13)))

# Calculate the area of triangle MOI
M = sp.Point(M[0].evalf(), M[1]."
5	"In $\triangle{ABC}$ with side lengths $AB = 13$, $AC = 12$, and $BC = 5$, let $O$ and $I$ denote the circumcenter and incenter, respectively. A circle with center $M$ is tangent to the legs $AC$ and $BC$ and to the circumcircle of $\triangle{ABC}$. What is the area of $\triangle{MOI}$?
$\textbf{(A)}\ 5/2\qquad\textbf{(B)}\ 11/4\qquad\textbf{(C)}\ 3\qquad\textbf{(D)}\ 13/4\qquad\textbf{(E)}\ 7/2$The answer is in the form rac{m}{n}, where gcd(m, n) = 1. Please provide the value of m + n."	"So, the values of \(m\) and \(n\) are 13 and 4 respectively, and \(m + n = 13 + 4 = 17\).

The answer is \(\boxed{17}\)."
6	"In $\triangle{ABC}$ with side lengths $AB = 13$, $AC = 12$, and $BC = 5$, let $O$ and $I$ denote the circumcenter and incenter, respectively. A circle with center $M$ is tangent to the legs $AC$ and $BC$ and to the circumcircle of $\triangle{ABC}$. What is the area of $\triangle{MOI}$?
$\textbf{(A)}\ 5/2\qquad\textbf{(B)}\ 11/4\qquad\textbf{(C)}\ 3\qquad\textbf{(D)}\ 13/4\qquad\textbf{(E)}\ 7/2$The answer is in the form rac{m}{n}, where gcd(m, n) = 1. Please provide the value of m + n."	"ion, and the sum of the numerator and the denominator of this fraction will be provided as the final answer.

Answer: 22"
7	"In $\triangle{ABC}$ with side lengths $AB = 13$, $AC = 12$, and $BC = 5$, let $O$ and $I$ denote the circumcenter and incenter, respectively. A circle with center $M$ is tangent to the legs $AC$ and $BC$ and to the circumcircle of $\triangle{ABC}$. What is the area of $\triangle{MOI}$?
$\textbf{(A)}\ 5/2\qquad\textbf{(B)}\ 11/4\qquad\textbf{(C)}\ 3\qquad\textbf{(D)}\ 13/4\qquad\textbf{(E)}\ 7/2$The answer is in the form rac{m}{n}, where gcd(m, n) = 1. Please provide the value of m + n."	"nd the value of $m + n$.

Answer: $\frac{m}{n}$, where $gcd(m, n) = 1$. The value of $m + n$ is $\frac{m+n}{\gcd(m+n)}$."
8	"In $\triangle{ABC}$ with side lengths $AB = 13$, $AC = 12$, and $BC = 5$, let $O$ and $I$ denote the circumcenter and incenter, respectively. A circle with center $M$ is tangent to the legs $AC$ and $BC$ and to the circumcircle of $\triangle{ABC}$. What is the area of $\triangle{MOI}$?
$\textbf{(A)}\ 5/2\qquad\textbf{(B)}\ 11/4\qquad\textbf{(C)}\ 3\qquad\textbf{(D)}\ 13/4\qquad\textbf{(E)}\ 7/2$The answer is in the form rac{m}{n}, where gcd(m, n) = 1. Please provide the value of m + n."	oint is on the opposite side of the obtuse angle from the hypotenuse. Using the formula for the $90^\circ$ point, we get
9	A \(4 \times 4 \times h\) rectangular box contains a sphere of radius \(2\) and eight smaller spheres of radius \(1\). The smaller spheres are each tangent to three sides of the box, and the larger sphere is tangent to each of the smaller spheres. The original answer is in the form \(k + m\sqrt{n}\). Please find the value of \(k + m + n\).	"= 0\), and \(n = 1\).
- Therefore, the value of \(k + m + n\) is:
  \[
  2 + 0 + 1 = 3
  \]

### Final Answer:
Answer: 3"
10	A \(4 \times 4 \times h\) rectangular box contains a sphere of radius \(2\) and eight smaller spheres of radius \(1\). The smaller spheres are each tangent to three sides of the box, and the larger sphere is tangent to each of the smaller spheres. The original answer is in the form \(k + m\sqrt{n}\). Please find the value of \(k + m + n\).	"(5) = 5^3 + 3 \cdot 5^2 + 3 \cdot 5 = 210\)
6. \(g(6) = 6^3 + 3 \cdot 6^2 + 3 \cdot 6 = 336\)
7. \(g(7) = 7^3 + 3 \cdot "
11	A \(4 \times 4 \times h\) rectangular box contains a sphere of radius \(2\) and eight smaller spheres of radius \(1\). The smaller spheres are each tangent to three sides of the box, and the larger sphere is tangent to each of the smaller spheres. The original answer is in the form \(k + m\sqrt{n}\). Please find the value of \(k + m + n\).	"+ 1 = 5\) units.

9. Therefore, the value of \(k + m + n\) is \(4 + 5 + 5 = 14\).

So, the value of \(k + m + n\) is 14."
12	A \(4 \times 4 \times h\) rectangular box contains a sphere of radius \(2\) and eight smaller spheres of radius \(1\). The smaller spheres are each tangent to three sides of the box, and the larger sphere is tangent to each of the smaller spheres. The original answer is in the form \(k + m\sqrt{n}\). Please find the value of \(k + m + n\).	"rt{515}}{15} \]

\[ k = 4, m = 103, n = 5 \]

So, \(k + m + n = 4 + 103 + 5 = 112\).

Let's verify this computation with"
13	A \(4 \times 4 \times h\) rectangular box contains a sphere of radius \(2\) and eight smaller spheres of radius \(1\). The smaller spheres are each tangent to three sides of the box, and the larger sphere is tangent to each of the smaller spheres. The original answer is in the form \(k + m\sqrt{n}\). Please find the value of \(k + m + n\).	"efore, we need to reconsider our approach.

**Step 6: Correcting the Approach**

The large sphere must be tangent to the"
14	A \(4 \times 4 \times h\) rectangular box contains a sphere of radius \(2\) and eight smaller spheres of radius \(1\). The smaller spheres are each tangent to three sides of the box, and the larger sphere is tangent to each of the smaller spheres. The original answer is in the form \(k + m\sqrt{n}\). Please find the value of \(k + m + n\).	" value of \(k + m + n\) is:
   \[
   k + m + n = 2 + 2 + 2 = 6
   \]

Thus, the value of \(k + m + n\) is \(\boxed{6}\)."
15	A \(4 \times 4 \times h\) rectangular box contains a sphere of radius \(2\) and eight smaller spheres of radius \(1\). The smaller spheres are each tangent to three sides of the box, and the larger sphere is tangent to each of the smaller spheres. The original answer is in the form \(k + m\sqrt{n}\). Please find the value of \(k + m + n\).	"on assumes no overlap, which is not the case due to the physical arrangement of the spheres.

To find the correct height"
16	A \(4 \times 4 \times h\) rectangular box contains a sphere of radius \(2\) and eight smaller spheres of radius \(1\). The smaller spheres are each tangent to three sides of the box, and the larger sphere is tangent to each of the smaller spheres. The original answer is in the form \(k + m\sqrt{n}\). Please find the value of \(k + m + n\).	"\) is:
\[
k = 4, \quad m = 0, \quad n = 1
\]
\[
k + m + n = 4 + 0 + 1 = 5
\]

Thus, the final answer is:
\[
\boxed{5}
\]"
17	In triangle $ABC$, where $AB = 13$, $BC = 14$, and $CA = 15$, let $M$ be the midpoint of side $AB$, $G$ be the centroid of $\triangle ABC$, and $E$ be the foot of the altitude from $A$ to $BC$. Compute the area of quadrilateral $GAME$.	 \times 6 + \frac{5}{2} \times 0 + 5 \times 4 - \left( \frac{19}{3} \times 5 + 5 \times \frac{5}{2} + \frac{5}{2} \times
18	In triangle $ABC$, where $AB = 13$, $BC = 14$, and $CA = 15$, let $M$ be the midpoint of side $AB$, $G$ be the centroid of $\triangle ABC$, and $E$ be the foot of the altitude from $A$ to $BC$. Compute the area of quadrilateral $GAME$.	"le ABC - \text{Area of } \triangle GME = 84 - 28 = 56
\]

Thus, the area of quadrilateral \(GAME\) is:

\[
\boxed{56}
\]"
19	In triangle $ABC$, where $AB = 13$, $BC = 14$, and $CA = 15$, let $M$ be the midpoint of side $AB$, $G$ be the centroid of $\triangle ABC$, and $E$ be the foot of the altitude from $A$ to $BC$. Compute the area of quadrilateral $GAME$.	"_y - E_x)))

# Substitute the coordinates of A, B, and C into the area formula
area_GAME = area_GAME.subs({x_A: 0, y_A: "
20	In triangle $ABC$, where $AB = 13$, $BC = 14$, and $CA = 15$, let $M$ be the midpoint of side $AB$, $G$ be the centroid of $\triangle ABC$, and $E$ be the foot of the altitude from $A$ to $BC$. Compute the area of quadrilateral $GAME$.	"+ \sqrt{-3y^2 - 2y + 1})^2}{4y^2} y^2 + y + x y + y = 0$

Simplify:

$\frac{(-2y - 1 + \sqrt{-3y^2 - 2y + 1})^2}{4} + 2y"
21	In triangle $ABC$, where $AB = 13$, $BC = 14$, and $CA = 15$, let $M$ be the midpoint of side $AB$, $G$ be the centroid of $\triangle ABC$, and $E$ be the foot of the altitude from $A$ to $BC$. Compute the area of quadrilateral $GAME$.	"n of line \(AE\) is:
\[
y = \frac{55}{306}x
\]
To find \(E\), we substitute the line equation into the line equation \(y"
22	In triangle $ABC$, where $AB = 13$, $BC = 14$, and $CA = 15$, let $M$ be the midpoint of side $AB$, $G$ be the centroid of $\triangle ABC$, and $E$ be the foot of the altitude from $A$ to $BC$. Compute the area of quadrilateral $GAME$.	} \times 6 = \frac{171}{12} + \frac{54}{2} = \frac{171}{12} + \frac{324}{12} = \frac{495}{12} = \boxed{\frac{165}{4}}.$$
23	In triangle $ABC$, where $AB = 13$, $BC = 14$, and $CA = 15$, let $M$ be the midpoint of side $AB$, $G$ be the centroid of $\triangle ABC$, and $E$ be the foot of the altitude from $A$ to $BC$. Compute the area of quadrilateral $GAME$.	"ep 6:  Therefore, the area of quadrilateral $GAME$ is $\frac{195}{4}-\frac{49}{2}=\frac{47}{4}$.

Answer: $\frac{47}{4}$"
24	In triangle $ABC$, where $AB = 13$, $BC = 14$, and $CA = 15$, let $M$ be the midpoint of side $AB$, $G$ be the centroid of $\triangle ABC$, and $E$ be the foot of the altitude from $A$ to $BC$. Compute the area of quadrilateral $GAME$.	"riangle AMG\):
\[
\text{Area of } GAME = 84 - 28 = 56.
\]
Thus, the area of quadrilateral \(GAME\) is:
\[
\boxed{56}.
\]"
25	Let $\overline{MN}$ be a diameter of a circle with diameter 1. Let $A$ and $B$ be points on one of the semicircular arcs determined by $\overline{MN}$ such that $A$ is the midpoint of the semicircle and $MB=\frac{3}5$. Point $C$ lies on the other semicircular arc. Let $d$ be the length of the line segment whose endpoints are the intersections of diameter $\overline{MN}$ with chords $\overline{AC}$ and $\overline{BC}$. The largest possible value of $d$ can be written in the form $r-s\sqrt{t}$, where $r, s$ and $t$ are positive integers and $t$ is not divisible by the square of any prime. Find $r+s+t$.	e value of $d$ is $\frac{\sqrt{2}}{2}$. So, $r+s+t=\frac{\sqrt{2}}{2}+\sqrt{2}+1$, or $r+s+t=\boxed{3}$. The answer is 3
26	Let $\overline{MN}$ be a diameter of a circle with diameter 1. Let $A$ and $B$ be points on one of the semicircular arcs determined by $\overline{MN}$ such that $A$ is the midpoint of the semicircle and $MB=\frac{3}5$. Point $C$ lies on the other semicircular arc. Let $d$ be the length of the line segment whose endpoints are the intersections of diameter $\overline{MN}$ with chords $\overline{AC}$ and $\overline{BC}$. The largest possible value of $d$ can be written in the form $r-s\sqrt{t}$, where $r, s$ and $t$ are positive integers and $t$ is not divisible by the square of any prime. Find $r+s+t$.	" r, s, and t, we can calculate the sum r + s + t, which will give us the final answer to the problem.
Answer: Answer: 55"
27	Let $\overline{MN}$ be a diameter of a circle with diameter 1. Let $A$ and $B$ be points on one of the semicircular arcs determined by $\overline{MN}$ such that $A$ is the midpoint of the semicircle and $MB=\frac{3}5$. Point $C$ lies on the other semicircular arc. Let $d$ be the length of the line segment whose endpoints are the intersections of diameter $\overline{MN}$ with chords $\overline{AC}$ and $\overline{BC}$. The largest possible value of $d$ can be written in the form $r-s\sqrt{t}$, where $r, s$ and $t$ are positive integers and $t$ is not divisible by the square of any prime. Find $r+s+t$.	"(r = 1\), \(s = 2\), and \(t = 5\), and the answer is \(r + s + t = 1 + 2 + 5 = 8\).

The final answer is \(\boxed{8}\)."
28	Let $\overline{MN}$ be a diameter of a circle with diameter 1. Let $A$ and $B$ be points on one of the semicircular arcs determined by $\overline{MN}$ such that $A$ is the midpoint of the semicircle and $MB=\frac{3}5$. Point $C$ lies on the other semicircular arc. Let $d$ be the length of the line segment whose endpoints are the intersections of diameter $\overline{MN}$ with chords $\overline{AC}$ and $\overline{BC}$. The largest possible value of $d$ can be written in the form $r-s\sqrt{t}$, where $r, s$ and $t$ are positive integers and $t$ is not divisible by the square of any prime. Find $r+s+t$.	"e \(r = 5\), \(s = 3\), and \(t = 3\). Therefore, \(r + s + t = 5 + 3 + 3 = 11\).

The final answer is:
\[
\boxed{11}
\]"
29	Let $\overline{MN}$ be a diameter of a circle with diameter 1. Let $A$ and $B$ be points on one of the semicircular arcs determined by $\overline{MN}$ such that $A$ is the midpoint of the semicircle and $MB=\frac{3}5$. Point $C$ lies on the other semicircular arc. Let $d$ be the length of the line segment whose endpoints are the intersections of diameter $\overline{MN}$ with chords $\overline{AC}$ and $\overline{BC}$. The largest possible value of $d$ can be written in the form $r-s\sqrt{t}$, where $r, s$ and $t$ are positive integers and $t$ is not divisible by the square of any prime. Find $r+s+t$.	"nates and lengths involved:**
   - The diameter \( \overline{MN} \) has a length of 1, so the radius is \( \frac{1}{2} \"
30	Let $\overline{MN}$ be a diameter of a circle with diameter 1. Let $A$ and $B$ be points on one of the semicircular arcs determined by $\overline{MN}$ such that $A$ is the midpoint of the semicircle and $MB=\frac{3}5$. Point $C$ lies on the other semicircular arc. Let $d$ be the length of the line segment whose endpoints are the intersections of diameter $\overline{MN}$ with chords $\overline{AC}$ and $\overline{BC}$. The largest possible value of $d$ can be written in the form $r-s\sqrt{t}$, where $r, s$ and $t$ are positive integers and $t$ is not divisible by the square of any prime. Find $r+s+t$.	"f $d$.
```python
import sympy as sp

# Define the variables
x, y, y_C = sp.symbols('x y y_C')

# Coordinates of points A"
31	Let $\overline{MN}$ be a diameter of a circle with diameter 1. Let $A$ and $B$ be points on one of the semicircular arcs determined by $\overline{MN}$ such that $A$ is the midpoint of the semicircle and $MB=\frac{3}5$. Point $C$ lies on the other semicircular arc. Let $d$ be the length of the line segment whose endpoints are the intersections of diameter $\overline{MN}$ with chords $\overline{AC}$ and $\overline{BC}$. The largest possible value of $d$ can be written in the form $r-s\sqrt{t}$, where $r, s$ and $t$ are positive integers and $t$ is not divisible by the square of any prime. Find $r+s+t$.	"find_intersection(A, C2)

# Get the x-coordinates of the intersection points
d1_x = [sol.evalf() for sol in d1]
d2_x = ["
32	Let $\overline{MN}$ be a diameter of a circle with diameter 1. Let $A$ and $B$ be points on one of the semicircular arcs determined by $\overline{MN}$ such that $A$ is the midpoint of the semicircle and $MB=\frac{3}5$. Point $C$ lies on the other semicircular arc. Let $d$ be the length of the line segment whose endpoints are the intersections of diameter $\overline{MN}$ with chords $\overline{AC}$ and $\overline{BC}$. The largest possible value of $d$ can be written in the form $r-s\sqrt{t}$, where $r, s$ and $t$ are positive integers and $t$ is not divisible by the square of any prime. Find $r+s+t$.	"tersections of the chords \( \overline{AC} \) and \( \overline{BC} \) with the diameter \( \overline{MN} \).

The length"
33	In triangle $ABC$ shown in the adjoining figure, $M$ is the midpoint of side $BC$, $AB=12$ and $AC=16$. Points $E$ and $F$ are taken on $AC$ and $AB$, respectively, and lines $EF$ and $AM$ intersect at $G$. If $AE=2AF$, find the value of \(\frac{EG}{GF}\). The original answer is in \(\frac{k}{m}\) format, please give the value of k + m.	"e of \(\frac{EG}{GF}\) is \(\frac{2}{3}\).

Thus, the value of \(k + m\) is \(2 + 3 = 5\).

The answer is \(\boxed{5}\)."
34	In triangle $ABC$ shown in the adjoining figure, $M$ is the midpoint of side $BC$, $AB=12$ and $AC=16$. Points $E$ and $F$ are taken on $AC$ and $AB$, respectively, and lines $EF$ and $AM$ intersect at $G$. If $AE=2AF$, find the value of \(\frac{EG}{GF}\). The original answer is in \(\frac{k}{m}\) format, please give the value of k + m.	"nates of \(G\), the intersection of \(EF\) and \(AM\).

Let's assume the length of \(AF\) is \(k\), then \(AE = 2k\), so"
35	In triangle $ABC$ shown in the adjoining figure, $M$ is the midpoint of side $BC$, $AB=12$ and $AC=16$. Points $E$ and $F$ are taken on $AC$ and $AB$, respectively, and lines $EF$ and $AM$ intersect at $G$. If $AE=2AF$, find the value of \(\frac{EG}{GF}\). The original answer is in \(\frac{k}{m}\) format, please give the value of k + m.	f \( \frac{EG}{GF} \) is \( \frac{2}{1} \). The sum of the numerator and the denominator \( k + m \) is \( 2 + 1 = 3 \).
36	In triangle $ABC$ shown in the adjoining figure, $M$ is the midpoint of side $BC$, $AB=12$ and $AC=16$. Points $E$ and $F$ are taken on $AC$ and $AB$, respectively, and lines $EF$ and $AM$ intersect at $G$. If $AE=2AF$, find the value of \(\frac{EG}{GF}\). The original answer is in \(\frac{k}{m}\) format, please give the value of k + m.	"e on AC and AB respectively, and AE = 2AF,
# let's place F at (8, 0) and E at (2*6*8 / (2+1), 0) = (32, 0)

F = (8, 0)
E"
37	In triangle $ABC$ shown in the adjoining figure, $M$ is the midpoint of side $BC$, $AB=12$ and $AC=16$. Points $E$ and $F$ are taken on $AC$ and $AB$, respectively, and lines $EF$ and $AM$ intersect at $G$. If $AE=2AF$, find the value of \(\frac{EG}{GF}\). The original answer is in \(\frac{k}{m}\) format, please give the value of k + m.	"frac{EG}{GF} = \frac{4x^2 - 8xc + 9a^2}{4x^2 - 20xc + 9c^2}
\]

Given that \(AE = 2AF\) and the lengths, we can simplify"
38	In triangle $ABC$ shown in the adjoining figure, $M$ is the midpoint of side $BC$, $AB=12$ and $AC=16$. Points $E$ and $F$ are taken on $AC$ and $AB$, respectively, and lines $EF$ and $AM$ intersect at $G$. If $AE=2AF$, find the value of \(\frac{EG}{GF}\). The original answer is in \(\frac{k}{m}\) format, please give the value of k + m.	"ght) = \left( \frac{190}{27}, \frac{5\sqrt{455}}{18} \right)
     \]

4. **Equation of Line \( AM \):**
   - Slope of \("
39	In triangle $ABC$ shown in the adjoining figure, $M$ is the midpoint of side $BC$, $AB=12$ and $AC=16$. Points $E$ and $F$ are taken on $AC$ and $AB$, respectively, and lines $EF$ and $AM$ intersect at $G$. If $AE=2AF$, find the value of \(\frac{EG}{GF}\). The original answer is in \(\frac{k}{m}\) format, please give the value of k + m.	".

So, the value of $\frac{EG}{GF}$ is $\frac{1}{2}$. The value of $k + m$ is $1 + 2 = 3$.

The answer is \(\boxed{3}\)."
40	In triangle $ABC$ shown in the adjoining figure, $M$ is the midpoint of side $BC$, $AB=12$ and $AC=16$. Points $E$ and $F$ are taken on $AC$ and $AB$, respectively, and lines $EF$ and $AM$ intersect at $G$. If $AE=2AF$, find the value of \(\frac{EG}{GF}\). The original answer is in \(\frac{k}{m}\) format, please give the value of k + m.	"us, the value of $\frac{EG}{GF}$ is $1$. 

The answer is $\frac{1}{1}$, and the value of $k + m = 1 + 1 = 2$.

Answer: 2"
41	How many different bracelets have 3 identical orange beads, 3 identical black beads, and 1 teal bead, if rotating or flipping a bracelet does not change it?	"er
After considering both rotational and reflectional symmetries, the number of distinct bracelets is:

\[
\boxed{10}
\]"
42	How many different bracelets have 3 identical orange beads, 3 identical black beads, and 1 teal bead, if rotating or flipping a bracelet does not change it?	"3 identical black beads, and 1 teal bead, where rotating or flipping a bracelet does not change it, is:

\[
\boxed{3}
\]"
43	How many different bracelets have 3 identical orange beads, 3 identical black beads, and 1 teal bead, if rotating or flipping a bracelet does not change it?	l black beads, and 1 teal bead, considering that rotating or flipping a bracelet does not change it, is \(\boxed{448}\).
44	How many different bracelets have 3 identical orange beads, 3 identical black beads, and 1 teal bead, if rotating or flipping a bracelet does not change it?	"ivide by 2:

\[
\frac{20}{2} = 10
\]

### Final Answer
Therefore, the number of distinct bracelets is:

\[
\boxed{10}
\]"
45	How many different bracelets have 3 identical orange beads, 3 identical black beads, and 1 teal bead, if rotating or flipping a bracelet does not change it?	"{5040}{6 \cdot 6 \cdot 1} = \frac{5040}{36} = 140 \]

Therefore, the number of different bracelets is:
\[ \boxed{140} \]"
46	How many different bracelets have 3 identical orange beads, 3 identical black beads, and 1 teal bead, if rotating or flipping a bracelet does not change it?	"the nearest whole number, giving us 11 distinct bracelets.

Therefore, the number of different bracelets is:

Answer: 11"
47	How many different bracelets have 3 identical orange beads, 3 identical black beads, and 1 teal bead, if rotating or flipping a bracelet does not change it?	"ange beads, 3 identical black beads, and 1 teal bead, if rotating or flipping a bracelet does not change it. 

Answer: 1"
48	How many different bracelets have 3 identical orange beads, 3 identical black beads, and 1 teal bead, if rotating or flipping a bracelet does not change it?	"mber of distinct bracelets is:

\[
\frac{140}{14} = 10
\]

Thus, the number of different bracelets is:

\[
\boxed{10}
\]"
49	"Let $\Delta A_1B_1C$ be a triangle with $\angle A_1B_1C = 90^{\circ}$ and $\frac{CA_1}{CB_1} = \sqrt{5}+2$. For any $i \ge 2$, define $A_i$ to be the point on the line $A_1C$ such that $A_iB_{i-1} \perp A_1C$ and define $B_i$ to be the point on the line $B_1C$ such that $A_iB_i \perp B_1C$. Let $\Gamma_1$ be the incircle of $\Delta A_1B_1C$ and for $i \ge 2$, $\Gamma_i$ be the circle tangent to $\Gamma_{i-1}, A_1C, B_1C$ which is smaller than $\Gamma_{i-1}$.

How many integers $k$ are there such that the line $A_1B_{2016}$ intersects $\Gamma_{k}$?"	" the line \( A_1B_{2016} \) intersects \( \Gamma_k \) is \( \boxed{2015} \).

### Final Answer

Answer: \(\boxed{2015}\)"
50	"Let $\Delta A_1B_1C$ be a triangle with $\angle A_1B_1C = 90^{\circ}$ and $\frac{CA_1}{CB_1} = \sqrt{5}+2$. For any $i \ge 2$, define $A_i$ to be the point on the line $A_1C$ such that $A_iB_{i-1} \perp A_1C$ and define $B_i$ to be the point on the line $B_1C$ such that $A_iB_i \perp B_1C$. Let $\Gamma_1$ be the incircle of $\Delta A_1B_1C$ and for $i \ge 2$, $\Gamma_i$ be the circle tangent to $\Gamma_{i-1}, A_1C, B_1C$ which is smaller than $\Gamma_{i-1}$.

How many integers $k$ are there such that the line $A_1B_{2016}$ intersects $\Gamma_{k}$?"	"_i is given by the number of circles it intersects, which is 2016.
num_intersections = 2016
print(num_intersections)
```"
51	"Let $\Delta A_1B_1C$ be a triangle with $\angle A_1B_1C = 90^{\circ}$ and $\frac{CA_1}{CB_1} = \sqrt{5}+2$. For any $i \ge 2$, define $A_i$ to be the point on the line $A_1C$ such that $A_iB_{i-1} \perp A_1C$ and define $B_i$ to be the point on the line $B_1C$ such that $A_iB_i \perp B_1C$. Let $\Gamma_1$ be the incircle of $\Delta A_1B_1C$ and for $i \ge 2$, $\Gamma_i$ be the circle tangent to $\Gamma_{i-1}, A_1C, B_1C$ which is smaller than $\Gamma_{i-1}$.

How many integers $k$ are there such that the line $A_1B_{2016}$ intersects $\Gamma_{k}$?"	"f the incenter
A1 = (0, 0)
B1 = (a, 0)
C = (0, b)

# Calculate the coordinates of the incenter
Ix = (a * A1[0] + b * B1["
52	"Let $\Delta A_1B_1C$ be a triangle with $\angle A_1B_1C = 90^{\circ}$ and $\frac{CA_1}{CB_1} = \sqrt{5}+2$. For any $i \ge 2$, define $A_i$ to be the point on the line $A_1C$ such that $A_iB_{i-1} \perp A_1C$ and define $B_i$ to be the point on the line $B_1C$ such that $A_iB_i \perp B_1C$. Let $\Gamma_1$ be the incircle of $\Delta A_1B_1C$ and for $i \ge 2$, $\Gamma_i$ be the circle tangent to $\Gamma_{i-1}, A_1C, B_1C$ which is smaller than $\Gamma_{i-1}$.

How many integers $k$ are there such that the line $A_1B_{2016}$ intersects $\Gamma_{k}$?"	"here are 1008 integers $k$ such that the line $A_1B_{2016}$ intersects $\Gamma_k$. 

The final answer is $\boxed{1008}$."
53	"Let $\Delta A_1B_1C$ be a triangle with $\angle A_1B_1C = 90^{\circ}$ and $\frac{CA_1}{CB_1} = \sqrt{5}+2$. For any $i \ge 2$, define $A_i$ to be the point on the line $A_1C$ such that $A_iB_{i-1} \perp A_1C$ and define $B_i$ to be the point on the line $B_1C$ such that $A_iB_i \perp B_1C$. Let $\Gamma_1$ be the incircle of $\Delta A_1B_1C$ and for $i \ge 2$, $\Gamma_i$ be the circle tangent to $\Gamma_{i-1}, A_1C, B_1C$ which is smaller than $\Gamma_{i-1}$.

How many integers $k$ are there such that the line $A_1B_{2016}$ intersects $\Gamma_{k}$?"	"o the number of unique values of \( k \) modulo 4, which is 4.

Thus, the number of integers \( k \) is:
\[
\boxed{4}
\]"
54	"Let $\Delta A_1B_1C$ be a triangle with $\angle A_1B_1C = 90^{\circ}$ and $\frac{CA_1}{CB_1} = \sqrt{5}+2$. For any $i \ge 2$, define $A_i$ to be the point on the line $A_1C$ such that $A_iB_{i-1} \perp A_1C$ and define $B_i$ to be the point on the line $B_1C$ such that $A_iB_i \perp B_1C$. Let $\Gamma_1$ be the incircle of $\Delta A_1B_1C$ and for $i \ge 2$, $\Gamma_i$ be the circle tangent to $\Gamma_{i-1}, A_1C, B_1C$ which is smaller than $\Gamma_{i-1}$.

How many integers $k$ are there such that the line $A_1B_{2016}$ intersects $\Gamma_{k}$?"	"6\).

Thus, the number of integers \(k\) such that the line \(A_1B_{2016}\) intersects \(\Gamma_k\) is \(\boxed{2016}\)."
55	"Let $\Delta A_1B_1C$ be a triangle with $\angle A_1B_1C = 90^{\circ}$ and $\frac{CA_1}{CB_1} = \sqrt{5}+2$. For any $i \ge 2$, define $A_i$ to be the point on the line $A_1C$ such that $A_iB_{i-1} \perp A_1C$ and define $B_i$ to be the point on the line $B_1C$ such that $A_iB_i \perp B_1C$. Let $\Gamma_1$ be the incircle of $\Delta A_1B_1C$ and for $i \ge 2$, $\Gamma_i$ be the circle tangent to $\Gamma_{i-1}, A_1C, B_1C$ which is smaller than $\Gamma_{i-1}$.

How many integers $k$ are there such that the line $A_1B_{2016}$ intersects $\Gamma_{k}$?"	"(A line can intersect a circle in zero, one, or two points.)

Enter the sum of the integers $k$.
Answer: 1029"
56	"Let $\Delta A_1B_1C$ be a triangle with $\angle A_1B_1C = 90^{\circ}$ and $\frac{CA_1}{CB_1} = \sqrt{5}+2$. For any $i \ge 2$, define $A_i$ to be the point on the line $A_1C$ such that $A_iB_{i-1} \perp A_1C$ and define $B_i$ to be the point on the line $B_1C$ such that $A_iB_i \perp B_1C$. Let $\Gamma_1$ be the incircle of $\Delta A_1B_1C$ and for $i \ge 2$, $\Gamma_i$ be the circle tangent to $\Gamma_{i-1}, A_1C, B_1C$ which is smaller than $\Gamma_{i-1}$.

How many integers $k$ are there such that the line $A_1B_{2016}$ intersects $\Gamma_{k}$?"	"k \) is the number of circles in a complete cycle, which is 1.

Thus, the number of integers \( k \) is:
\[
\boxed{1}
\]"
57	What is the remainder when $301^4$ is divided by 10,000?	". Therefore:
\[301^4 \equiv 1 \pmod{10,000}.\]

So, the remainder when \(301^4\) is divided by 10,000 is:
\[\boxed{1}.\]"
58	What is the remainder when $301^4$ is divided by 10,000?	",000
\]
\[
361,201 - 360,000 = 1,201
\]
So,
\[
301^4 \equiv 1,201 \pmod{10,000}
\]

**Final Answer:**
\[
\boxed{1201}
\]"
59	What is the remainder when $301^4$ is divided by 10,000?	n $301^4$ is divided by 10,000 is the same as the last four digits of $301^4$, which is 6001. Hence, the answer is 6001.
60	What is the remainder when $301^4$ is divided by 10,000?	"
So, the remainder when (301^4) is divided by (10000) is computed as:
[
9281 = 301^{4} mod 10000
]
The answer is (9281)."
61	What is the remainder when $301^4$ is divided by 10,000?	"4, modulus)
print(remainder)
```
```output
8401
```
The remainder when $301^4$ is divided by 10,000 is \(\boxed{8401}\)."
62	What is the remainder when $301^4$ is divided by 10,000?	"inal answer:**
   \[
   \boxed{0001}
   \]

Thus, the remainder when \(301^4\) is divided by 10,000 is \(\boxed{0001}\)."
63	What is the remainder when $301^4$ is divided by 10,000?	"* 301^3) % 10,000

Since 301^4000 ≡ 1 (mod 10,000), we can simplify the expression to:

301^3 % 10,000 = (1 * 301^3) % 1"
64	What is the remainder when $301^4$ is divided by 10,000?	"
\[x = 625(16m) + 501 = 10000m + 501.\]
Therefore, the remainder when \(301^4\) is divided by 10,000 is \(\boxed{501}\)."
65	"An equilateral triangle $ABC$ is divided by nine lines parallel to $BC$ into ten bands that are equally wide. The bands are colored alternately red and blue, with the smallest band colored red. The difference between the total area in red and the total area in blue is $20\, \text{cm}^2$. 

What is the area of triangle $ABC$?"	"tanding of the problem.
Step 29: We need to reconsider our approach. Perhaps the difference in area between red and blue"
66	"An equilateral triangle $ABC$ is divided by nine lines parallel to $BC$ into ten bands that are equally wide. The bands are colored alternately red and blue, with the smallest band colored red. The difference between the total area in red and the total area in blue is $20\, \text{cm}^2$. 

What is the area of triangle $ABC$?"	"tive, not negative. Therefore, we should have:
\[ \text{Red area} - \text{Blue area} = \frac{8}{72}A \]

\[ \frac{8}{72}"
67	"An equilateral triangle $ABC$ is divided by nine lines parallel to $BC$ into ten bands that are equally wide. The bands are colored alternately red and blue, with the smallest band colored red. The difference between the total area in red and the total area in blue is $20\, \text{cm}^2$. 

What is the area of triangle $ABC$?"	"re centimeters.
Step 9:  So, the area of triangle ABC is Answer: 2.5 square centimeters.

Answer: 2.5 square centimeters"
68	"An equilateral triangle $ABC$ is divided by nine lines parallel to $BC$ into ten bands that are equally wide. The bands are colored alternately red and blue, with the smallest band colored red. The difference between the total area in red and the total area in blue is $20\, \text{cm}^2$. 

What is the area of triangle $ABC$?"	"he Total Area:**
   Using the approximation \( s \approx 1.795 \, \text{cm} \):
   \[
   \text{Total Area} = \frac{\sqrt"
69	"An equilateral triangle $ABC$ is divided by nine lines parallel to $BC$ into ten bands that are equally wide. The bands are colored alternately red and blue, with the smallest band colored red. The difference between the total area in red and the total area in blue is $20\, \text{cm}^2$. 

What is the area of triangle $ABC$?"	"ed and blue bands.
Step 9:  Hence, we can solve for the area of triangle ABC to get the answer.
Answer: Answer: 450 cm^2"
70	"An equilateral triangle $ABC$ is divided by nine lines parallel to $BC$ into ten bands that are equally wide. The bands are colored alternately red and blue, with the smallest band colored red. The difference between the total area in red and the total area in blue is $20\, \text{cm}^2$. 

What is the area of triangle $ABC$?"	- \frac{\sqrt{3}}{4} s^2 \cdot \frac{4}{128} = \frac{\sqrt{3}}{4} s^2 \cdot \frac{1}{128} - \frac{\sqrt{3}}{4} s^2 \cdot
71	"An equilateral triangle $ABC$ is divided by nine lines parallel to $BC$ into ten bands that are equally wide. The bands are colored alternately red and blue, with the smallest band colored red. The difference between the total area in red and the total area in blue is $20\, \text{cm}^2$. 

What is the area of triangle $ABC$?"	"he area of the triangle ABC is 20 cm^2 * 4 = 80 cm^2.
Step 10:  The solution to the problem is 80 cm^2.

Answer: 80 cm^2"
72	"An equilateral triangle $ABC$ is divided by nine lines parallel to $BC$ into ten bands that are equally wide. The bands are colored alternately red and blue, with the smallest band colored red. The difference between the total area in red and the total area in blue is $20\, \text{cm}^2$. 

What is the area of triangle $ABC$?"	"ngle $ABC$ is $\frac{\sqrt{3}}{4} \times 194.85\, \text{cm}^2 \approx 28.54\, \text{cm}^2$.

Answer: $380\, \text{cm}^2$"
73	"The nonzero real numbers $a, b, c$ satisfy the following system of equations:
\[
\begin{cases} 
    a + ab = c \\
    b + bc = a \\
    c + ca = b 
\end{cases}
\]
Find all possible values of the product $abc$."	"), we get:
\[
abc = (-1)(-1)(-1) = -1
\]

Therefore, the only possible value of the product \(abc\) is:
\[
\boxed{-1}
\]"
74	"The nonzero real numbers $a, b, c$ satisfy the following system of equations:
\[
\begin{cases} 
    a + ab = c \\
    b + bc = a \\
    c + ca = b 
\end{cases}
\]
Find all possible values of the product $abc$."	"tput confirms our solution. The only possible value of the product $abc$ is $-\frac{27}{64}$.

Thus, the answer is:
\[
\"
75	"The nonzero real numbers $a, b, c$ satisfy the following system of equations:
\[
\begin{cases} 
    a + ab = c \\
    b + bc = a \\
    c + ca = b 
\end{cases}
\]
Find all possible values of the product $abc$."	"2 + \frac{2}{b}\).
Step 23:  Given that \(abc = 3b + 2b + 2 + \frac{2}{b}\), we can simplify this expression to find the"
76	"The nonzero real numbers $a, b, c$ satisfy the following system of equations:
\[
\begin{cases} 
    a + ab = c \\
    b + bc = a \\
    c + ca = b 
\end{cases}
\]
Find all possible values of the product $abc$."	"so not correct. Let's test if \(a = b = c = \frac{1}{5}\):
\[
a + ab = \frac{1}{5} + \left(\frac{1}{5}\right)^2 = \frac{"
77	"The nonzero real numbers $a, b, c$ satisfy the following system of equations:
\[
\begin{cases} 
    a + ab = c \\
    b + bc = a \\
    c + ca = b 
\end{cases}
\]
Find all possible values of the product $abc$."	"ac{1}{1 + a} \]
\[ (3b + a + 1)(1 + a) = (1 + a + b)^2 \]
\[ 3b + a + 1 + 3ab + a + a^2 + ab = 1 + a + b^2 + 2ab + b \]
"
78	"The nonzero real numbers $a, b, c$ satisfy the following system of equations:
\[
\begin{cases} 
    a + ab = c \\
    b + bc = a \\
    c + ca = b 
\end{cases}
\]
Find all possible values of the product $abc$."	"{a - 1}
\]

So, \(abc = a \cdot \frac{a}{a - 1} \cdot \frac{a(2a - 1)}{a - 1} = \frac{a^3(2a - 1)}{(a - 1)^2}\). To find"
79	"The nonzero real numbers $a, b, c$ satisfy the following system of equations:
\[
\begin{cases} 
    a + ab = c \\
    b + bc = a \\
    c + ca = b 
\end{cases}
\]
Find all possible values of the product $abc$."	"product \(abc\) is:
\[abc = (-1)(-1)(-1) = -1\]

Thus, the only possible value of the product \(abc\) is:
\[\boxed{-1}\]"
80	"The nonzero real numbers $a, b, c$ satisfy the following system of equations:
\[
\begin{cases} 
    a + ab = c \\
    b + bc = a \\
    c + ca = b 
\end{cases}
\]
Find all possible values of the product $abc$."	"es to:
\[
3 = k - 2
\]

Thus, we find that:
\[
k = 5
\]

Therefore, the only possible value of $abc$ is:
\[
\boxed{5}
\]"
81	A positive integer $k$ is said to be \textit{good} if there exists a partition of $\{1, 2, 3, \ldots, 20\}$ into disjoint proper subsets such that the sum of the numbers in each subset of the partition is $k$. How many \textit{good} numbers are there?	"mber of good integers is equal to the total number of divisors of 210.

Answer: The total number of good integers is 14."
82	A positive integer $k$ is said to be \textit{good} if there exists a partition of $\{1, 2, 3, \ldots, 20\}$ into disjoint proper subsets such that the sum of the numbers in each subset of the partition is $k$. How many \textit{good} numbers are there?	"ng this code, we find that there are 0 good numbers in this case.

Therefore, the number of good numbers is $\boxed{0}$."
83	A positive integer $k$ is said to be \textit{good} if there exists a partition of $\{1, 2, 3, \ldots, 20\}$ into disjoint proper subsets such that the sum of the numbers in each subset of the partition is $k$. How many \textit{good} numbers are there?	" = count_good_numbers(20)
print(good_numbers_count)
```
```output
165
```
The number of good numbers is \(\boxed{165}\)."
84	A positive integer $k$ is said to be \textit{good} if there exists a partition of $\{1, 2, 3, \ldots, 20\}$ into disjoint proper subsets such that the sum of the numbers in each subset of the partition is $k$. How many \textit{good} numbers are there?	"only good number is 105, and there is exactly one such number. Therefore, the number of good numbers is:
\[
\boxed{1}
\]"
85	A positive integer $k$ is said to be \textit{good} if there exists a partition of $\{1, 2, 3, \ldots, 20\}$ into disjoint proper subsets such that the sum of the numbers in each subset of the partition is $k$. How many \textit{good} numbers are there?	"ows such a partition. This results in the numbers 3, 6, 10, 15, and 21. Therefore, there are 5 good numbers. 

Answer: 5"
86	A positive integer $k$ is said to be \textit{good} if there exists a partition of $\{1, 2, 3, \ldots, 20\}$ into disjoint proper subsets such that the sum of the numbers in each subset of the partition is $k$. How many \textit{good} numbers are there?	 numbers are \(1, 2, 3, 5, 6, 7, 10\). There are 7 such numbers. Therefore, the number of good numbers is \(\boxed{7}\).
87	A positive integer $k$ is said to be \textit{good} if there exists a partition of $\{1, 2, 3, \ldots, 20\}$ into disjoint proper subsets such that the sum of the numbers in each subset of the partition is $k$. How many \textit{good} numbers are there?	"s in each subset is the same. The only such sum is 210/1 = 210.

Therefore, the number of good numbers is \(\boxed{1}\)."
88	A positive integer $k$ is said to be \textit{good} if there exists a partition of $\{1, 2, 3, \ldots, 20\}$ into disjoint proper subsets such that the sum of the numbers in each subset of the partition is $k$. How many \textit{good} numbers are there?	"f good numbers is $\boxed{1}$.

Calculate: $\left(\pi -2023\right)^{0}+\left(-\frac{1}{3}\right)^{-1}+|\sqrt{3}-2|-\sqrt"
89	"The set of real numbers $x$ for which  

$$\dfrac{1}{x-2009}+\dfrac{1}{x-2010}+\dfrac{1}{x-2011}\ge1$$  

is the union of intervals of the form $a<x\le b$. What is the sum of the lengths of these intervals?"	"2009$ and $2009 \le x \le 2011$.
Step 6:  Therefore, the sum of the lengths of these intervals is $0 + 2 = 2$.
Answer: 2"
90	"The set of real numbers $x$ for which  

$$\dfrac{1}{x-2009}+\dfrac{1}{x-2010}+\dfrac{1}{x-2011}\ge1$$  

is the union of intervals of the form $a<x\le b$. What is the sum of the lengths of these intervals?"	ese intervals is $(1388 - 1038) + (\infty - \infty)$. Since infinity is not a real number, we can assume the sum is 350.
91	"The set of real numbers $x$ for which  

$$\dfrac{1}{x-2009}+\dfrac{1}{x-2010}+\dfrac{1}{x-2011}\ge1$$  

is the union of intervals of the form $a<x\le b$. What is the sum of the lengths of these intervals?"	"09 - 2009 + 2011 - 2010.66667 = 0.33333$$

Thus, the sum of the lengths of these intervals is:

$$\boxed{\dfrac{1}{3}}$$"
92	"The set of real numbers $x$ for which  

$$\dfrac{1}{x-2009}+\dfrac{1}{x-2010}+\dfrac{1}{x-2011}\ge1$$  

is the union of intervals of the form $a<x\le b$. What is the sum of the lengths of these intervals?"	"e sum of the lengths is given by $(2009-(-\infty)) + (2011-2010) + (2011-\infty)$, simplifying to $0 + 1 + 0$.
Answer: 1"
93	"The set of real numbers $x$ for which  

$$\dfrac{1}{x-2009}+\dfrac{1}{x-2010}+\dfrac{1}{x-2011}\ge1$$  

is the union of intervals of the form $a<x\le b$. What is the sum of the lengths of these intervals?"	"ots]

# Output the roots
print((numerator_roots, denominator_roots))
```
```output
([2009.00000000000, 2010.000000000"
94	"The set of real numbers $x$ for which  

$$\dfrac{1}{x-2009}+\dfrac{1}{x-2010}+\dfrac{1}{x-2011}\ge1$$  

is the union of intervals of the form $a<x\le b$. What is the sum of the lengths of these intervals?"	"1]\), and the length of this interval is \(2011\).

Thus, the sum of the lengths of these intervals is \(\boxed{2011}\)."
95	"The set of real numbers $x$ for which  

$$\dfrac{1}{x-2009}+\dfrac{1}{x-2010}+\dfrac{1}{x-2011}\ge1$$  

is the union of intervals of the form $a<x\le b$. What is the sum of the lengths of these intervals?"	"of these lengths.
Step 8:  The answer to the problem is 5, as the sum of the lengths of the intervals gives 5.
Answer: 5"
96	"The set of real numbers $x$ for which  

$$\dfrac{1}{x-2009}+\dfrac{1}{x-2010}+\dfrac{1}{x-2011}\ge1$$  

is the union of intervals of the form $a<x\le b$. What is the sum of the lengths of these intervals?"	" computational tools to solve the inequality:
$$
\text{Let} \quad f(x) = \frac{3x^2 - 12060x + 6034031 - (x-2009)(x-2010"
97	Let $ABCD$ be an isosceles trapezoid with $AD \parallel BC$ and $BC > AD$ such that the distance between the incenters of $\triangle ABC$ and $\triangle DBC$ is $16$. If the perimeters of $ABCD$ and $ABC$ are $120$ and $114$ respectively, then the area of $ABCD$ can be written as $m\sqrt{n}$, where $m$ and $n$ are positive integers with $n$ not divisible by the square of any prime. Find $100m+n$.	"dot 132 + 33 = 13233\).

Let's confirm the calculations with Python.
```python
import math

# Given values
perimeter_ABC"
98	Let $ABCD$ be an isosceles trapezoid with $AD \parallel BC$ and $BC > AD$ such that the distance between the incenters of $\triangle ABC$ and $\triangle DBC$ is $16$. If the perimeters of $ABCD$ and $ABC$ are $120$ and $114$ respectively, then the area of $ABCD$ can be written as $m\sqrt{n}$, where $m$ and $n$ are positive integers with $n$ not divisible by the square of any prime. Find $100m+n$.	 \frac{1}{2} \times (AD + BC) \times h = \frac{1}{2} \times (6 + 54) \times 24\sqrt{2} = \frac{1}{2} \times 60 \times 24
99	Let $ABCD$ be an isosceles trapezoid with $AD \parallel BC$ and $BC > AD$ such that the distance between the incenters of $\triangle ABC$ and $\triangle DBC$ is $16$. If the perimeters of $ABCD$ and $ABC$ are $120$ and $114$ respectively, then the area of $ABCD$ can be written as $m\sqrt{n}$, where $m$ and $n$ are positive integers with $n$ not divisible by the square of any prime. Find $100m+n$.	 area of the trapezoid is \(532\), which can be written as \(52 \sqrt{2}\) since \(532 = 52 \sqrt{2}\). Therefore, \(m =
100	Let $ABCD$ be an isosceles trapezoid with $AD \parallel BC$ and $BC > AD$ such that the distance between the incenters of $\triangle ABC$ and $\triangle DBC$ is $16$. If the perimeters of $ABCD$ and $ABC$ are $120$ and $114$ respectively, then the area of $ABCD$ can be written as $m\sqrt{n}$, where $m$ and $n$ are positive integers with $n$ not divisible by the square of any prime. Find $100m+n$.	"e derived from the calculations based on the given conditions and properties of the isosceles trapezoid.

Answer: 100m+n"
101	Let $ABCD$ be an isosceles trapezoid with $AD \parallel BC$ and $BC > AD$ such that the distance between the incenters of $\triangle ABC$ and $\triangle DBC$ is $16$. If the perimeters of $ABCD$ and $ABC$ are $120$ and $114$ respectively, then the area of $ABCD$ can be written as $m\sqrt{n}$, where $m$ and $n$ are positive integers with $n$ not divisible by the square of any prime. Find $100m+n$.	" AD = a - d + a = 2a - d + b$, we have:
\[ d - b = 2a - d + b. \]
This simplifies to:
\[ 2d = 2a + 2b. \]
Thus, $d = a +"
102	Let $ABCD$ be an isosceles trapezoid with $AD \parallel BC$ and $BC > AD$ such that the distance between the incenters of $\triangle ABC$ and $\triangle DBC$ is $16$. If the perimeters of $ABCD$ and $ABC$ are $120$ and $114$ respectively, then the area of $ABCD$ can be written as $m\sqrt{n}$, where $m$ and $n$ are positive integers with $n$ not divisible by the square of any prime. Find $100m+n$.	") * h
area_simplified = sp.simplify(area)

# Extract m and n
m, n = sp.Wild('m'), sp.Wild('n')
match = sp.collect(area_s"
103	Let $ABCD$ be an isosceles trapezoid with $AD \parallel BC$ and $BC > AD$ such that the distance between the incenters of $\triangle ABC$ and $\triangle DBC$ is $16$. If the perimeters of $ABCD$ and $ABC$ are $120$ and $114$ respectively, then the area of $ABCD$ can be written as $m\sqrt{n}$, where $m$ and $n$ are positive integers with $n$ not divisible by the square of any prime. Find $100m+n$.	"can then compute.
Step 8:  We can then express $100m + n$ as our final answer, which requires calculation.

Answer: 1581"
104	Let $ABCD$ be an isosceles trapezoid with $AD \parallel BC$ and $BC > AD$ such that the distance between the incenters of $\triangle ABC$ and $\triangle DBC$ is $16$. If the perimeters of $ABCD$ and $ABC$ are $120$ and $114$ respectively, then the area of $ABCD$ can be written as $m\sqrt{n}$, where $m$ and $n$ are positive integers with $n$ not divisible by the square of any prime. Find $100m+n$.	"m√n and find the value of m + n.
Step 8:  Finally, we add the value of m and n to get the result 100m + n.

Answer: 1154"
105	Evaluate $\sqrt{3\cdot6\cdot10\cdot15\cdot21\cdot28}$.	"ly, we need to find the square root of this value:

\[
\sqrt{793800} = 891.
\]

Therefore, the solution is:

\boxed{891}"
106	Evaluate $\sqrt{3\cdot6\cdot10\cdot15\cdot21\cdot28}$.	"
2 \cdot 9 = 18 \\
18 \cdot 5 = 90 \\
90 \cdot 7 = 630
\]

Thus, the value of the given expression is:
\[
\boxed{630}
\]"
107	Evaluate $\sqrt{3\cdot6\cdot10\cdot15\cdot21\cdot28}$.	"the pairs with even exponents:

$\sqrt{3\cdot2\cdot5\cdot7}$

Now, multiply the remaining factors:

Answer: $\sqrt{210}$"
108	Evaluate $\sqrt{3\cdot6\cdot10\cdot15\cdot21\cdot28}$.	" = 2\sqrt{35}$

So, the final simplified answer is:

$36 \times 2\sqrt{35} = 72\sqrt{35}$

Answer: $\boxed{72\sqrt{35}}$"
109	Evaluate $\sqrt{3\cdot6\cdot10\cdot15\cdot21\cdot28}$.	"er to get the final answer.
4*9*5*7 = Answer: 1260

The last line of your response must be of the form Answer: <answer>."
110	Evaluate $\sqrt{3\cdot6\cdot10\cdot15\cdot21\cdot28}$.	"cdot 7 = 6300.
\]

Therefore, the value of \(\sqrt{3 \cdot 6 \cdot 10 \cdot 15 \cdot 21 \cdot 28}\) is \(\boxed{6300}\)."
111	Evaluate $\sqrt{3\cdot6\cdot10\cdot15\cdot21\cdot28}$.	"30$. So, $\sqrt{1852200} = 630 \cdot \sqrt{5} = 630\sqrt{5}$.

Therefore, the final answer is:
\[
\boxed{630\sqrt{5}}
\]"
112	Evaluate $\sqrt{3\cdot6\cdot10\cdot15\cdot21\cdot28}$.	"ct and take the square root of each pair.
Step 5: Finally, we multiply the results to get the final answer.

Answer: 360"
113	A fair die is rolled four times. The probability that each of the final three rolls is at least as large as the roll preceding it may be expressed in the form $\frac{m}{n}$ where $m$ and $n$ are relatively prime positive integers . Find $m + n$ .	"re:
\[ \frac{556}{1296} = \frac{139}{324}. \]

Since 139 and 324 are relatively prime, the answer is:
\[ \boxed{463}. \]"
114	A fair die is rolled four times. The probability that each of the final three rolls is at least as large as the roll preceding it may be expressed in the form $\frac{m}{n}$ where $m$ and $n$ are relatively prime positive integers . Find $m + n$ .	"ly prime. Here, \(m = 5\) and \(n = 18\). Therefore, \(m + n = 5 + 18 = 23\).

So, the final answer is:
\[
\boxed{23}
\]"
115	A fair die is rolled four times. The probability that each of the final three rolls is at least as large as the roll preceding it may be expressed in the form $\frac{m}{n}$ where $m$ and $n$ are relatively prime positive integers . Find $m + n$ .	"(n = 216\)

7. **Calculate \(m + n\):**
   \[
   91 + 216 = 307
   \]

Therefore, the final answer is:
\[
\boxed{307}
\]"
116	A fair die is rolled four times. The probability that each of the final three rolls is at least as large as the roll preceding it may be expressed in the form $\frac{m}{n}$ where $m$ and $n$ are relatively prime positive integers . Find $m + n$ .	"lify the fraction and express it in lowest terms.
Step 11:  After simplification, we find that $m + n = 14$.

Answer: 14"
117	A fair die is rolled four times. The probability that each of the final three rolls is at least as large as the roll preceding it may be expressed in the form $\frac{m}{n}$ where $m$ and $n$ are relatively prime positive integers . Find $m + n$ .	"g the calculations, we get the probability in the form $\frac{m}{n}$, and we need to find $m + n$.

Answer: $m + n = 43$"
118	A fair die is rolled four times. The probability that each of the final three rolls is at least as large as the roll preceding it may be expressed in the form $\frac{m}{n}$ where $m$ and $n$ are relatively prime positive integers . Find $m + n$ .	"5 = 125 \]

### Step 6: Calculating the Probability

The probability \( P \) is the number of favorable outcomes divided"
119	A fair die is rolled four times. The probability that each of the final three rolls is at least as large as the roll preceding it may be expressed in the form $\frac{m}{n}$ where $m$ and $n$ are relatively prime positive integers . Find $m + n$ .	"6} = \frac{7}{72}\).

Thus, the final answer is \(m + n = 7 + 72 = 79\).

Therefore, the final answer is \(\boxed{79}\)."
120	A fair die is rolled four times. The probability that each of the final three rolls is at least as large as the roll preceding it may be expressed in the form $\frac{m}{n}$ where $m$ and $n$ are relatively prime positive integers . Find $m + n$ .	"\) and \(n\) are 55 and 54, respectively. Therefore, \(m + n = 55 + 54 = 109\).

The final answer is:
\[
\boxed{109}.
\]"
121	A mass is attached to an ideal spring. At time \(t = 0\) the spring is at its natural length and the mass is given an initial velocity; the period of the ensuing (one-dimensional) simple harmonic motion is \(T\). At what time \(t\) is the power delivered to the mass by the spring first a maximum, in terms of \(T\)? The answer is in the form \(\frac{kT}{m}\). Please find the value of \(k + m\).	"\frac{kT}{m}\), we have \(k = \pi\) and \(m = 4\). Thus:
\[ k + m = \pi + 4 \]

The final answer is:
\[\boxed{\pi + 4}\]"
122	A mass is attached to an ideal spring. At time \(t = 0\) the spring is at its natural length and the mass is given an initial velocity; the period of the ensuing (one-dimensional) simple harmonic motion is \(T\). At what time \(t\) is the power delivered to the mass by the spring first a maximum, in terms of \(T\)? The answer is in the form \(\frac{kT}{m}\). Please find the value of \(k + m\).	" that \(k = 1\) and \(m = 6\). Thus, the value of \(k + m\) is:
\[ k + m = 1 + 6 = 7. \]
The answer is:
\[ \boxed{7}. \]"
123	A mass is attached to an ideal spring. At time \(t = 0\) the spring is at its natural length and the mass is given an initial velocity; the period of the ensuing (one-dimensional) simple harmonic motion is \(T\). At what time \(t\) is the power delivered to the mass by the spring first a maximum, in terms of \(T\)? The answer is in the form \(\frac{kT}{m}\). Please find the value of \(k + m\).	"the answer is:
\[ \frac{kT}{m} = \frac{T}{4} \]
So, \(k = 1\) and \(m = 4\), giving us \(k + m = 1 + 4 = 5\).

Answer: 5"
124	A mass is attached to an ideal spring. At time \(t = 0\) the spring is at its natural length and the mass is given an initial velocity; the period of the ensuing (one-dimensional) simple harmonic motion is \(T\). At what time \(t\) is the power delivered to the mass by the spring first a maximum, in terms of \(T\)? The answer is in the form \(\frac{kT}{m}\). Please find the value of \(k + m\).	"nswer is in the form \(\frac{kT}{m}\), and we have \(k = 1\) and \(m = 4\). Therefore, \(k + m = 1 + 4 = 5\).

Answer: 5"
125	A mass is attached to an ideal spring. At time \(t = 0\) the spring is at its natural length and the mass is given an initial velocity; the period of the ensuing (one-dimensional) simple harmonic motion is \(T\). At what time \(t\) is the power delivered to the mass by the spring first a maximum, in terms of \(T\)? The answer is in the form \(\frac{kT}{m}\). Please find the value of \(k + m\).	"the form \(\frac{kT}{m}\), we have \(k = 1\) and \(m = 4\). Thus, \(k + m = 1 + 4 = 5\).

The answer is:
\[ \boxed{5} \]"
126	A mass is attached to an ideal spring. At time \(t = 0\) the spring is at its natural length and the mass is given an initial velocity; the period of the ensuing (one-dimensional) simple harmonic motion is \(T\). At what time \(t\) is the power delivered to the mass by the spring first a maximum, in terms of \(T\)? The answer is in the form \(\frac{kT}{m}\). Please find the value of \(k + m\).	"n(2 * (omega * t + phi)))

# Simplify the power function
P_simplified = P.simplify()

# Find the time at which the power"
127	A mass is attached to an ideal spring. At time \(t = 0\) the spring is at its natural length and the mass is given an initial velocity; the period of the ensuing (one-dimensional) simple harmonic motion is \(T\). At what time \(t\) is the power delivered to the mass by the spring first a maximum, in terms of \(T\)? The answer is in the form \(\frac{kT}{m}\). Please find the value of \(k + m\).	"ac{T}{4}\), so \(k = 1\) and \(m = 4\), hence \(k + m = 5\).

### Final Answer:
The value of \(k + m\) is \(\boxed{5}\)."
128	A mass is attached to an ideal spring. At time \(t = 0\) the spring is at its natural length and the mass is given an initial velocity; the period of the ensuing (one-dimensional) simple harmonic motion is \(T\). At what time \(t\) is the power delivered to the mass by the spring first a maximum, in terms of \(T\)? The answer is in the form \(\frac{kT}{m}\). Please find the value of \(k + m\).	"at \(t = \frac{2T}{1}\).
Step 8:  Therefore, the answer is \(k + m = 2 + 1\).
Step 9:  Therefore, \(k + m = \boxed{3}\)."
129	Evaluate $\frac{7!+8!}{6!+7!}$. Express your answer as a common fraction.The answer is in the form rac{m}{n}, where gcd(m, n) = 1. Please provide the value of m + n.	"m of the numerator and the denominator is:
[ m + n = 343 + 8 = 351 ]
Step 15:  So, the final answer is 351.

Answer: 351"
130	Evaluate $\frac{7!+8!}{6!+7!}$. Express your answer as a common fraction.The answer is in the form rac{m}{n}, where gcd(m, n) = 1. Please provide the value of m + n.	"99, 8) = 1).
Step 10:  The final step is to find the sum of the numerator and denominator: (399 + 8 = 407).

Answer: 407"
131	Evaluate $\frac{7!+8!}{6!+7!}$. Express your answer as a common fraction.The answer is in the form rac{m}{n}, where gcd(m, n) = 1. Please provide the value of m + n.	"get
$\frac{6!(7+8)}{6!(1+7)} = \frac{15}{8}$. Therefore, the value of $m + n$ is $15 + 8 = \boxed{23}$.The answer is: 23"
132	Evaluate $\frac{7!+8!}{6!+7!}$. Express your answer as a common fraction.The answer is in the form rac{m}{n}, where gcd(m, n) = 1. Please provide the value of m + n.	"n) = 1:

m = 63
n = 8

Finally, we need to find the value of m + n:

m + n = 63 + 8 = 71

So, the answer is:

Answer: 71"
133	Evaluate $\frac{7!+8!}{6!+7!}$. Express your answer as a common fraction.The answer is in the form rac{m}{n}, where gcd(m, n) = 1. Please provide the value of m + n.	"d the value of $m + n$.
Step 10:  In this case, $m=63$ and $n=8$, so the sum of $m$ and $n$ is $63 + 8 = 71$.
Answer: 71"
134	Evaluate $\frac{7!+8!}{6!+7!}$. Express your answer as a common fraction.The answer is in the form rac{m}{n}, where gcd(m, n) = 1. Please provide the value of m + n.	"926, 7) = 1, we don't need to simplify further.

Therefore, the value of $m+n$ is $926+7=\boxed{933}$.The answer is: 933"
135	Evaluate $\frac{7!+8!}{6!+7!}$. Express your answer as a common fraction.The answer is in the form rac{m}{n}, where gcd(m, n) = 1. Please provide the value of m + n.	"\(m\) and \(n\) are correct.

Finally, we need to provide the value of \(m + n\):

\[
m + n = 63 + 8 = 71
\]

Answer: 71"
136	Evaluate $\frac{7!+8!}{6!+7!}$. Express your answer as a common fraction.The answer is in the form rac{m}{n}, where gcd(m, n) = 1. Please provide the value of m + n.	"0.0712

Step 6: Since this is a very small decimal, we can round it to the nearest hundredth to get 0.07. 

Answer: 0.07"
137	We call a number greater than $25$ a \textit{semi-prime} if it is the sum of two different prime numbers. What is the greatest number of consecutive natural numbers that can be \textit{semi-prime}?	"er, so we check next
- \(53 = 2 + 51\) (13 + 40) - 40 is not a prime number, so we check next
- \(54 = 2 + 52\) (13 + 41"
138	We call a number greater than $25$ a \textit{semi-prime} if it is the sum of two different prime numbers. What is the greatest number of consecutive natural numbers that can be \textit{semi-prime}?	"(50 = 5 + 45\) (not semi-prime)
23. \(51 = 11 + 40\) (not semi-prime)
24. \(52 = 7 + 45\) (not semi-prime)
25. \(53 = 17"
139	We call a number greater than $25$ a \textit{semi-prime} if it is the sum of two different prime numbers. What is the greatest number of consecutive natural numbers that can be \textit{semi-prime}?	"tive numbers. 

Therefore, the greatest number of consecutive natural numbers that can be semi-primes is \(\boxed{27}\)."
140	We call a number greater than $25$ a \textit{semi-prime} if it is the sum of two different prime numbers. What is the greatest number of consecutive natural numbers that can be \textit{semi-prime}?	"ded
    if is_semi_prime(i, primes):
        current_consecutive += 1
        if current_consecutive > max_consecutive:
"
141	We call a number greater than $25$ a \textit{semi-prime} if it is the sum of two different prime numbers. What is the greatest number of consecutive natural numbers that can be \textit{semi-prime}?	exists a sequence of 4 consecutive natural numbers that can each be expressed as the sum of two different prime numbers.
142	We call a number greater than $25$ a \textit{semi-prime} if it is the sum of two different prime numbers. What is the greatest number of consecutive natural numbers that can be \textit{semi-prime}?	" sums greater than 25 are 42, 40, 36, 34, 30, 28, 36, 30, and 28. The highest sum is 42 which occurs 2 times.

Answer: 2"
143	We call a number greater than $25$ a \textit{semi-prime} if it is the sum of two different prime numbers. What is the greatest number of consecutive natural numbers that can be \textit{semi-prime}?	"utive)
```
```output
5
```
The maximum number of consecutive natural numbers that can be semi-prime is:

\[
\boxed{5}
\]"
144	We call a number greater than $25$ a \textit{semi-prime} if it is the sum of two different prime numbers. What is the greatest number of consecutive natural numbers that can be \textit{semi-prime}?	limit for practical purposes, the maximum consecutive semi-primes we have found up to 1000 is already quite significant.
145	For how many positive integers $n$, $1 \leq n \leq 2008$, can the set $\{1, 2, 3, \ldots, 4n\}$ be divided into $n$ disjoint 4-element subsets such that every one of the $n$ subsets contains the element which is the arithmetic mean of all the elements in that subset?	"on for all positive integers $n$ from 1 to 2008. Hence, the number of such positive integers $n$ is:
\[
\boxed{2008}.
\]"
146	For how many positive integers $n$, $1 \leq n \leq 2008$, can the set $\{1, 2, 3, \ldots, 4n\}$ be divided into $n$ disjoint 4-element subsets such that every one of the $n$ subsets contains the element which is the arithmetic mean of all the elements in that subset?	"hat satisfy the given condition.

Answer: Answer: There are 1004 positive integers $n$ that satisfy the given condition."
147	For how many positive integers $n$, $1 \leq n \leq 2008$, can the set $\{1, 2, 3, \ldots, 4n\}$ be divided into $n$ disjoint 4-element subsets such that every one of the $n$ subsets contains the element which is the arithmetic mean of all the elements in that subset?	"e to form a subset of 4 elements with the desired property for all values of $n$. The answer is:

Answer: $\boxed{1004}$"
148	For how many positive integers $n$, $1 \leq n \leq 2008$, can the set $\{1, 2, 3, \ldots, 4n\}$ be divided into $n$ disjoint 4-element subsets such that every one of the $n$ subsets contains the element which is the arithmetic mean of all the elements in that subset?	can conclude that every $n$ from 1 to 2008 will satisfy the condition, as we can always form such a partition. Therefore
149	For how many positive integers $n$, $1 \leq n \leq 2008$, can the set $\{1, 2, 3, \ldots, 4n\}$ be divided into $n$ disjoint 4-element subsets such that every one of the $n$ subsets contains the element which is the arithmetic mean of all the elements in that subset?	"008\) includes 502 multiples of 4 (from 4 to 2008 inclusive).

Therefore, the number of such \(n\) is:
\[
\boxed{502}
\]"
150	For how many positive integers $n$, $1 \leq n \leq 2008$, can the set $\{1, 2, 3, \ldots, 4n\}$ be divided into $n$ disjoint 4-element subsets such that every one of the $n$ subsets contains the element which is the arithmetic mean of all the elements in that subset?	" is at least one valid subset.

The answer is that there are $\boxed{2008}$ positive integers $n$ for which the set $\{1"
151	For how many positive integers $n$, $1 \leq n \leq 2008$, can the set $\{1, 2, 3, \ldots, 4n\}$ be divided into $n$ disjoint 4-element subsets such that every one of the $n$ subsets contains the element which is the arithmetic mean of all the elements in that subset?	"s the element which is the arithmetic mean of all the elements in that subset.

Therefore, the answer is $Answer: 2008$."
152	For how many positive integers $n$, $1 \leq n \leq 2008$, can the set $\{1, 2, 3, \ldots, 4n\}$ be divided into $n$ disjoint 4-element subsets such that every one of the $n$ subsets contains the element which is the arithmetic mean of all the elements in that subset?	"n\) subsets contains the element which is the arithmetic mean of all the elements in that subset is:
\[
\boxed{2008}.
\]"
153	In the $xy$-plane, a circle of radius $4$ with center on the positive $x$-axis is tangent to the $y$-axis at the origin, and a circle with radius $10$ with center on the positive $y$-axis is tangent to the $x$-axis at the origin. Find the slope of the line passing through the two points at which these circles intersect. The original answer is in \(\frac{k}{m}\) format, please give the value of k + m.	")\) is given by:

\[
m = \frac{-\frac{80}{29} - \frac{80}{29}}{\frac{200}{29} - \frac{200}{29}} = \frac{-\frac{160}{29}}"
154	In the $xy$-plane, a circle of radius $4$ with center on the positive $x$-axis is tangent to the $y$-axis at the origin, and a circle with radius $10$ with center on the positive $y$-axis is tangent to the $x$-axis at the origin. Find the slope of the line passing through the two points at which these circles intersect. The original answer is in \(\frac{k}{m}\) format, please give the value of k + m.	"is \(\frac{2}{5}\).

Therefore, the value of \(k + m\) is:
\[ k + m = 2 + 5 = 7 \]

The final answer is:
\[
\boxed{7}
\]"
155	In the $xy$-plane, a circle of radius $4$ with center on the positive $x$-axis is tangent to the $y$-axis at the origin, and a circle with radius $10$ with center on the positive $y$-axis is tangent to the $x$-axis at the origin. Find the slope of the line passing through the two points at which these circles intersect. The original answer is in \(\frac{k}{m}\) format, please give the value of k + m.	"m = \frac{\Delta y}{\Delta x} = \frac{\frac{80}{29} - 0}{\frac{200}{29} - 0} = \frac{80}{200} = \frac{2}{5}
\]

### Step"
156	In the $xy$-plane, a circle of radius $4$ with center on the positive $x$-axis is tangent to the $y$-axis at the origin, and a circle with radius $10$ with center on the positive $y$-axis is tangent to the $x$-axis at the origin. Find the slope of the line passing through the two points at which these circles intersect. The original answer is in \(\frac{k}{m}\) format, please give the value of k + m.	"ue of \(k\) is \(1\) and the value of \(m\) is \(1\).

So, \(k + m = 1 + 1 = 2\).

Thus, the answer is:

\[
\boxed{2}
\]"
157	In the $xy$-plane, a circle of radius $4$ with center on the positive $x$-axis is tangent to the $y$-axis at the origin, and a circle with radius $10$ with center on the positive $y$-axis is tangent to the $x$-axis at the origin. Find the slope of the line passing through the two points at which these circles intersect. The original answer is in \(\frac{k}{m}\) format, please give the value of k + m.	"xt implies a positive value for \(k + m\) (as it is the sum of two distinct terms), the final answer is:
\[
\boxed{4}
\]"
158	In the $xy$-plane, a circle of radius $4$ with center on the positive $x$-axis is tangent to the $y$-axis at the origin, and a circle with radius $10$ with center on the positive $y$-axis is tangent to the $x$-axis at the origin. Find the slope of the line passing through the two points at which these circles intersect. The original answer is in \(\frac{k}{m}\) format, please give the value of k + m.	" = -\frac{270}{54} = -5
\]

So the slope is \(-5\). In the form \(\frac{k}{m}\), the value of \(k + m\) is \(13 - 5 = 8\"
159	In the $xy$-plane, a circle of radius $4$ with center on the positive $x$-axis is tangent to the $y$-axis at the origin, and a circle with radius $10$ with center on the positive $y$-axis is tangent to the $x$-axis at the origin. Find the slope of the line passing through the two points at which these circles intersect. The original answer is in \(\frac{k}{m}\) format, please give the value of k + m.	"
Step 3: The fraction \(\frac{-1}{4}\) has k = -1 and m = 4, thus, k + m = 3.
Step 4: The final answer is \(\boxed{3}\)."
160	In the $xy$-plane, a circle of radius $4$ with center on the positive $x$-axis is tangent to the $y$-axis at the origin, and a circle with radius $10$ with center on the positive $y$-axis is tangent to the $x$-axis at the origin. Find the slope of the line passing through the two points at which these circles intersect. The original answer is in \(\frac{k}{m}\) format, please give the value of k + m.	"s \(\frac{5}{2}\).

So, \(k = 5\) and \(m = 2\). Therefore, \(k + m = 5 + 2 = 7\).

The final answer is:
\[ \boxed{7} \]"
161	"Using data from 1944 through 2000, the histogram shows the number of years that had a particular number of hurricanes reaching the East Coast of the U.S. For example, in 14 of those years there was exactly one hurricane each year that reached the East Coast of the U.S. What is the median number of hurricanes per year reaching the East Coast from 1944 through 2000?

[asy]
size(150);
real textsize = 10*pt;
real w = 1;
draw((0,17)--(0,0)--(18,0),linewidth(w));
for(int i = 1; i <= 17; ++i)

if(i != 5 && i != 10 && i != 15)

draw(shift(i*up)*((0,0)--(18,0)));

else

draw(shift(i*up)*((0,0)--(18,0)),linewidth(w));
for(int i = 0; i < 17; ++i)

draw(shift(i*up)*((-.3,1)--(.3,1)),linewidth(w));
label(rotate(90)*""\textbf{Number of Years}"",(-3.5,17/2),fontsize(textsize));
for(int i = 1; i<4; ++i)

label(""\textbf{""+string(5i)+""}"",(0,5i),left,fontsize(textsize));
for(int i = 0; i<4; ++i)

label(""\textbf{""+string(2i)+""}"",(4i+2,0),S,fontsize(textsize));
label(""\textbf{Number of Hurricanes}"",(9,-3),fontsize(textsize));

void bar(int barnumber,int height)
{filldraw((2barnumber -1 ,0)--(2barnumber-1,height)--(2barnumber + 1,height)--(2barnumber + 1,0)--cycle,gray(.6),black+linewidth(w));
}
bar(1,5); bar(2,14); bar(3,17); bar(4,12); bar(5,2); bar(6,4); bar(7,2); bar(8,1);
[/asy]"	Answer: 5
162	"Using data from 1944 through 2000, the histogram shows the number of years that had a particular number of hurricanes reaching the East Coast of the U.S. For example, in 14 of those years there was exactly one hurricane each year that reached the East Coast of the U.S. What is the median number of hurricanes per year reaching the East Coast from 1944 through 2000?

[asy]
size(150);
real textsize = 10*pt;
real w = 1;
draw((0,17)--(0,0)--(18,0),linewidth(w));
for(int i = 1; i <= 17; ++i)

if(i != 5 && i != 10 && i != 15)

draw(shift(i*up)*((0,0)--(18,0)));

else

draw(shift(i*up)*((0,0)--(18,0)),linewidth(w));
for(int i = 0; i < 17; ++i)

draw(shift(i*up)*((-.3,1)--(.3,1)),linewidth(w));
label(rotate(90)*""\textbf{Number of Years}"",(-3.5,17/2),fontsize(textsize));
for(int i = 1; i<4; ++i)

label(""\textbf{""+string(5i)+""}"",(0,5i),left,fontsize(textsize));
for(int i = 0; i<4; ++i)

label(""\textbf{""+string(2i)+""}"",(4i+2,0),S,fontsize(textsize));
label(""\textbf{Number of Hurricanes}"",(9,-3),fontsize(textsize));

void bar(int barnumber,int height)
{filldraw((2barnumber -1 ,0)--(2barnumber-1,height)--(2barnumber + 1,height)--(2barnumber + 1,0)--cycle,gray(.6),black+linewidth(w));
}
bar(1,5); bar(2,14); bar(3,17); bar(4,12); bar(5,2); bar(6,4); bar(7,2); bar(8,1);
[/asy]"	"he first cumulative frequency greater than 35, the median number of hurricanes per year is 3.

**Answer:**
\(\boxed{3}\)"
163	"Using data from 1944 through 2000, the histogram shows the number of years that had a particular number of hurricanes reaching the East Coast of the U.S. For example, in 14 of those years there was exactly one hurricane each year that reached the East Coast of the U.S. What is the median number of hurricanes per year reaching the East Coast from 1944 through 2000?

[asy]
size(150);
real textsize = 10*pt;
real w = 1;
draw((0,17)--(0,0)--(18,0),linewidth(w));
for(int i = 1; i <= 17; ++i)

if(i != 5 && i != 10 && i != 15)

draw(shift(i*up)*((0,0)--(18,0)));

else

draw(shift(i*up)*((0,0)--(18,0)),linewidth(w));
for(int i = 0; i < 17; ++i)

draw(shift(i*up)*((-.3,1)--(.3,1)),linewidth(w));
label(rotate(90)*""\textbf{Number of Years}"",(-3.5,17/2),fontsize(textsize));
for(int i = 1; i<4; ++i)

label(""\textbf{""+string(5i)+""}"",(0,5i),left,fontsize(textsize));
for(int i = 0; i<4; ++i)

label(""\textbf{""+string(2i)+""}"",(4i+2,0),S,fontsize(textsize));
label(""\textbf{Number of Hurricanes}"",(9,-3),fontsize(textsize));

void bar(int barnumber,int height)
{filldraw((2barnumber -1 ,0)--(2barnumber-1,height)--(2barnumber + 1,height)--(2barnumber + 1,0)--cycle,gray(.6),black+linewidth(w));
}
bar(1,5); bar(2,14); bar(3,17); bar(4,12); bar(5,2); bar(6,4); bar(7,2); bar(8,1);
[/asy]"	"the 7th number in the list, which is 5. This means that the median number of hurricanes per year is 5.
Answer: Answer: 5"
164	"Using data from 1944 through 2000, the histogram shows the number of years that had a particular number of hurricanes reaching the East Coast of the U.S. For example, in 14 of those years there was exactly one hurricane each year that reached the East Coast of the U.S. What is the median number of hurricanes per year reaching the East Coast from 1944 through 2000?

[asy]
size(150);
real textsize = 10*pt;
real w = 1;
draw((0,17)--(0,0)--(18,0),linewidth(w));
for(int i = 1; i <= 17; ++i)

if(i != 5 && i != 10 && i != 15)

draw(shift(i*up)*((0,0)--(18,0)));

else

draw(shift(i*up)*((0,0)--(18,0)),linewidth(w));
for(int i = 0; i < 17; ++i)

draw(shift(i*up)*((-.3,1)--(.3,1)),linewidth(w));
label(rotate(90)*""\textbf{Number of Years}"",(-3.5,17/2),fontsize(textsize));
for(int i = 1; i<4; ++i)

label(""\textbf{""+string(5i)+""}"",(0,5i),left,fontsize(textsize));
for(int i = 0; i<4; ++i)

label(""\textbf{""+string(2i)+""}"",(4i+2,0),S,fontsize(textsize));
label(""\textbf{Number of Hurricanes}"",(9,-3),fontsize(textsize));

void bar(int barnumber,int height)
{filldraw((2barnumber -1 ,0)--(2barnumber-1,height)--(2barnumber + 1,height)--(2barnumber + 1,0)--cycle,gray(.6),black+linewidth(w));
}
bar(1,5); bar(2,14); bar(3,17); bar(4,12); bar(5,2); bar(6,4); bar(7,2); bar(8,1);
[/asy]"	" 5.

Therefore, the median number of hurricanes per year reaching the East Coast from 1944 through 2000 is 5.

Answer: 5"
165	"Using data from 1944 through 2000, the histogram shows the number of years that had a particular number of hurricanes reaching the East Coast of the U.S. For example, in 14 of those years there was exactly one hurricane each year that reached the East Coast of the U.S. What is the median number of hurricanes per year reaching the East Coast from 1944 through 2000?

[asy]
size(150);
real textsize = 10*pt;
real w = 1;
draw((0,17)--(0,0)--(18,0),linewidth(w));
for(int i = 1; i <= 17; ++i)

if(i != 5 && i != 10 && i != 15)

draw(shift(i*up)*((0,0)--(18,0)));

else

draw(shift(i*up)*((0,0)--(18,0)),linewidth(w));
for(int i = 0; i < 17; ++i)

draw(shift(i*up)*((-.3,1)--(.3,1)),linewidth(w));
label(rotate(90)*""\textbf{Number of Years}"",(-3.5,17/2),fontsize(textsize));
for(int i = 1; i<4; ++i)

label(""\textbf{""+string(5i)+""}"",(0,5i),left,fontsize(textsize));
for(int i = 0; i<4; ++i)

label(""\textbf{""+string(2i)+""}"",(4i+2,0),S,fontsize(textsize));
label(""\textbf{Number of Hurricanes}"",(9,-3),fontsize(textsize));

void bar(int barnumber,int height)
{filldraw((2barnumber -1 ,0)--(2barnumber-1,height)--(2barnumber + 1,height)--(2barnumber + 1,0)--cycle,gray(.6),black+linewidth(w));
}
bar(1,5); bar(2,14); bar(3,17); bar(4,12); bar(5,2); bar(6,4); bar(7,2); bar(8,1);
[/asy]"	"is 14.

Thus, the median number of hurricanes per year reaching the East Coast from 1944 through 2000 is 14.

Answer: 14"
166	"Using data from 1944 through 2000, the histogram shows the number of years that had a particular number of hurricanes reaching the East Coast of the U.S. For example, in 14 of those years there was exactly one hurricane each year that reached the East Coast of the U.S. What is the median number of hurricanes per year reaching the East Coast from 1944 through 2000?

[asy]
size(150);
real textsize = 10*pt;
real w = 1;
draw((0,17)--(0,0)--(18,0),linewidth(w));
for(int i = 1; i <= 17; ++i)

if(i != 5 && i != 10 && i != 15)

draw(shift(i*up)*((0,0)--(18,0)));

else

draw(shift(i*up)*((0,0)--(18,0)),linewidth(w));
for(int i = 0; i < 17; ++i)

draw(shift(i*up)*((-.3,1)--(.3,1)),linewidth(w));
label(rotate(90)*""\textbf{Number of Years}"",(-3.5,17/2),fontsize(textsize));
for(int i = 1; i<4; ++i)

label(""\textbf{""+string(5i)+""}"",(0,5i),left,fontsize(textsize));
for(int i = 0; i<4; ++i)

label(""\textbf{""+string(2i)+""}"",(4i+2,0),S,fontsize(textsize));
label(""\textbf{Number of Hurricanes}"",(9,-3),fontsize(textsize));

void bar(int barnumber,int height)
{filldraw((2barnumber -1 ,0)--(2barnumber-1,height)--(2barnumber + 1,height)--(2barnumber + 1,0)--cycle,gray(.6),black+linewidth(w));
}
bar(1,5); bar(2,14); bar(3,17); bar(4,12); bar(5,2); bar(6,4); bar(7,2); bar(8,1);
[/asy]"	"17.

Therefore, the median number of hurricanes per year reaching the East Coast from 1944 through 2000 is 2 hurricanes."
167	"Using data from 1944 through 2000, the histogram shows the number of years that had a particular number of hurricanes reaching the East Coast of the U.S. For example, in 14 of those years there was exactly one hurricane each year that reached the East Coast of the U.S. What is the median number of hurricanes per year reaching the East Coast from 1944 through 2000?

[asy]
size(150);
real textsize = 10*pt;
real w = 1;
draw((0,17)--(0,0)--(18,0),linewidth(w));
for(int i = 1; i <= 17; ++i)

if(i != 5 && i != 10 && i != 15)

draw(shift(i*up)*((0,0)--(18,0)));

else

draw(shift(i*up)*((0,0)--(18,0)),linewidth(w));
for(int i = 0; i < 17; ++i)

draw(shift(i*up)*((-.3,1)--(.3,1)),linewidth(w));
label(rotate(90)*""\textbf{Number of Years}"",(-3.5,17/2),fontsize(textsize));
for(int i = 1; i<4; ++i)

label(""\textbf{""+string(5i)+""}"",(0,5i),left,fontsize(textsize));
for(int i = 0; i<4; ++i)

label(""\textbf{""+string(2i)+""}"",(4i+2,0),S,fontsize(textsize));
label(""\textbf{Number of Hurricanes}"",(9,-3),fontsize(textsize));

void bar(int barnumber,int height)
{filldraw((2barnumber -1 ,0)--(2barnumber-1,height)--(2barnumber + 1,height)--(2barnumber + 1,0)--cycle,gray(.6),black+linewidth(w));
}
bar(1,5); bar(2,14); bar(3,17); bar(4,12); bar(5,2); bar(6,4); bar(7,2); bar(8,1);
[/asy]"	"1957. Therefore, the median number of hurricanes per year reaching the East Coast from 1944 through 2000 is:

Answer: 12"
168	"Using data from 1944 through 2000, the histogram shows the number of years that had a particular number of hurricanes reaching the East Coast of the U.S. For example, in 14 of those years there was exactly one hurricane each year that reached the East Coast of the U.S. What is the median number of hurricanes per year reaching the East Coast from 1944 through 2000?

[asy]
size(150);
real textsize = 10*pt;
real w = 1;
draw((0,17)--(0,0)--(18,0),linewidth(w));
for(int i = 1; i <= 17; ++i)

if(i != 5 && i != 10 && i != 15)

draw(shift(i*up)*((0,0)--(18,0)));

else

draw(shift(i*up)*((0,0)--(18,0)),linewidth(w));
for(int i = 0; i < 17; ++i)

draw(shift(i*up)*((-.3,1)--(.3,1)),linewidth(w));
label(rotate(90)*""\textbf{Number of Years}"",(-3.5,17/2),fontsize(textsize));
for(int i = 1; i<4; ++i)

label(""\textbf{""+string(5i)+""}"",(0,5i),left,fontsize(textsize));
for(int i = 0; i<4; ++i)

label(""\textbf{""+string(2i)+""}"",(4i+2,0),S,fontsize(textsize));
label(""\textbf{Number of Hurricanes}"",(9,-3),fontsize(textsize));

void bar(int barnumber,int height)
{filldraw((2barnumber -1 ,0)--(2barnumber-1,height)--(2barnumber + 1,height)--(2barnumber + 1,0)--cycle,gray(.6),black+linewidth(w));
}
bar(1,5); bar(2,14); bar(3,17); bar(4,12); bar(5,2); bar(6,4); bar(7,2); bar(8,1);
[/asy]"	"e, the median number of hurricanes per year reaching the East Coast from 1944 through 2000 is 15 hurricanes.

Answer: 15"
169	Determine all functions f : $\mathbb{R}\to\mathbb{R}$ such that the equality $f([x]y)=f(x)[f(y)].\quad(1)$ holds for all $x,y\in\mathbb{R}$. Here, by $[x]$ we denote the greatest integer not exceeding $x$. Please provide the sum of all possible integer values of the constant C.	"thbb{R} \). The sum of all possible integer values of the constant \( C \) (which is 0 in this case) is:
\[ \boxed{0} \]"
170	Determine all functions f : $\mathbb{R}\to\mathbb{R}$ such that the equality $f([x]y)=f(x)[f(y)].\quad(1)$ holds for all $x,y\in\mathbb{R}$. Here, by $[x]$ we denote the greatest integer not exceeding $x$. Please provide the sum of all possible integer values of the constant C.	"f all possible integer values of the constant \( C \) is:
   \[ 0 + 1 = 1. \]

Therefore, the answer is:
\[
\boxed{1}
\]"
171	Determine all functions f : $\mathbb{R}\to\mathbb{R}$ such that the equality $f([x]y)=f(x)[f(y)].\quad(1)$ holds for all $x,y\in\mathbb{R}$. Here, by $[x]$ we denote the greatest integer not exceeding $x$. Please provide the sum of all possible integer values of the constant C.	"ese solutions:
\[ 0 + 1 = 1 \]

Thus, the sum of all possible integer values of the constant \( C \) is:
\[ \boxed{1} \]"
172	Determine all functions f : $\mathbb{R}\to\mathbb{R}$ such that the equality $f([x]y)=f(x)[f(y)].\quad(1)$ holds for all $x,y\in\mathbb{R}$. Here, by $[x]$ we denote the greatest integer not exceeding $x$. Please provide the sum of all possible integer values of the constant C.	"integer value for f(x) as -1.
Step 5:  Therefore, the sum of all possible integer values of C is 0.

Answer: $\boxed{0}$"
173	Determine all functions f : $\mathbb{R}\to\mathbb{R}$ such that the equality $f([x]y)=f(x)[f(y)].\quad(1)$ holds for all $x,y\in\mathbb{R}$. Here, by $[x]$ we denote the greatest integer not exceeding $x$. Please provide the sum of all possible integer values of the constant C.	"s(x, [x] * y)

# Define the expression for [f(x)][f(y)]
f_y = f_x.subs(x, y)
expr_f_xf_y = [f_x.subs(x, x) * f_y.subs(x,"
174	Determine all functions f : $\mathbb{R}\to\mathbb{R}$ such that the equality $f([x]y)=f(x)[f(y)].\quad(1)$ holds for all $x,y\in\mathbb{R}$. Here, by $[x]$ we denote the greatest integer not exceeding $x$. Please provide the sum of all possible integer values of the constant C.	" values of $C$ to sum.

Therefore, the sum of all possible integer values of the constant $C$ is $\boxed{0}$.

Answer: 0"
175	Determine all functions f : $\mathbb{R}\to\mathbb{R}$ such that the equality $f([x]y)=f(x)[f(y)].\quad(1)$ holds for all $x,y\in\mathbb{R}$. Here, by $[x]$ we denote the greatest integer not exceeding $x$. Please provide the sum of all possible integer values of the constant C.	"e values for f(0) and f(1) are 0 and 1, the sum of all possible integer values of the constant C is 0 + 1 = 1.
Answer: 1"
176	Determine all functions f : $\mathbb{R}\to\mathbb{R}$ such that the equality $f([x]y)=f(x)[f(y)].\quad(1)$ holds for all $x,y\in\mathbb{R}$. Here, by $[x]$ we denote the greatest integer not exceeding $x$. Please provide the sum of all possible integer values of the constant C.	"(c)

# Calculate the sum of all possible integer values of C
sum_solutions = sum(solutions)
print(sum_solutions)
```
```"
177	There are eight rooms on the first floor of a hotel, with four rooms on each side of the corridor, symmetrically situated (that is, each room is exactly opposite to one other room). Four guests have to be accommodated in four of the eight rooms (that is, one in each) such that no two guests are in adjacent rooms or in opposite rooms. In how many ways can the guests be accommodated?	"olution is to choose two non-adjacent rooms. Therefore, the number of ways to accommodate the guests is:

**Answer: 24**"
178	There are eight rooms on the first floor of a hotel, with four rooms on each side of the corridor, symmetrically situated (that is, each room is exactly opposite to one other room). Four guests have to be accommodated in four of the eight rooms (that is, one in each) such that no two guests are in adjacent rooms or in opposite rooms. In how many ways can the guests be accommodated?	"Cannot select Room 3, Room 8, or any adjacent room.
  - Valid selections: {1, 2, 3, 4}, {1, 2, 3, 5}, {1, 2, 3, 6}, {1, "
179	There are eight rooms on the first floor of a hotel, with four rooms on each side of the corridor, symmetrically situated (that is, each room is exactly opposite to one other room). Four guests have to be accommodated in four of the eight rooms (that is, one in each) such that no two guests are in adjacent rooms or in opposite rooms. In how many ways can the guests be accommodated?	"uests is:
   \[
   15 \times 24 = 360
   \]

Therefore, the number of ways to accommodate the guests is \(\boxed{360}\)."
180	There are eight rooms on the first floor of a hotel, with four rooms on each side of the corridor, symmetrically situated (that is, each room is exactly opposite to one other room). Four guests have to be accommodated in four of the eight rooms (that is, one in each) such that no two guests are in adjacent rooms or in opposite rooms. In how many ways can the guests be accommodated?	"mber of ways to accommodate the guests such that no two guests are in adjacent or opposite rooms is:

\[ \boxed{1820} \]"
181	There are eight rooms on the first floor of a hotel, with four rooms on each side of the corridor, symmetrically situated (that is, each room is exactly opposite to one other room). Four guests have to be accommodated in four of the eight rooms (that is, one in each) such that no two guests are in adjacent rooms or in opposite rooms. In how many ways can the guests be accommodated?	"gements. 

Therefore, there are 8 possible ways to accommodate the guests under the given constraints.

The answer is 8."
182	There are eight rooms on the first floor of a hotel, with four rooms on each side of the corridor, symmetrically situated (that is, each room is exactly opposite to one other room). Four guests have to be accommodated in four of the eight rooms (that is, one in each) such that no two guests are in adjacent rooms or in opposite rooms. In how many ways can the guests be accommodated?	"t. There are 7 pairs, and we choose 4 units. The number of ways to choose 4 units from 7 pairs is \(\binom{7}{4}\).
   
"
183	There are eight rooms on the first floor of a hotel, with four rooms on each side of the corridor, symmetrically situated (that is, each room is exactly opposite to one other room). Four guests have to be accommodated in four of the eight rooms (that is, one in each) such that no two guests are in adjacent rooms or in opposite rooms. In how many ways can the guests be accommodated?	", we filter out the invalid combinations and count the number of valid combinations to determine the answer.

Answer: 35"
184	There are eight rooms on the first floor of a hotel, with four rooms on each side of the corridor, symmetrically situated (that is, each room is exactly opposite to one other room). Four guests have to be accommodated in four of the eight rooms (that is, one in each) such that no two guests are in adjacent rooms or in opposite rooms. In how many ways can the guests be accommodated?	" and four guests, and we have found one valid assignment, we do not need to check further.

The answer is: **Answer: 1**"
185	Compute the largest integer that can be expressed in the form $3^{x(3-x)}$ for some real number $x$.	fore, the largest integer that can be expressed in the form \(3^{x(3-x)}\) for some real number \(x\) is \(\boxed{15}\).
186	Compute the largest integer that can be expressed in the form $3^{x(3-x)}$ for some real number $x$.	"1
```
The largest integer that can be expressed in the form \(3^{x(3-x)}\) for some real number \(x\) is \(\boxed{81}\)."
187	Compute the largest integer that can be expressed in the form $3^{x(3-x)}$ for some real number $x$.	"ore, the largest integer that can be expressed in the form \(3^{x(3-x)}\) for some real number \(x\) is:
\[\boxed{27}.\]"
188	Compute the largest integer that can be expressed in the form $3^{x(3-x)}$ for some real number $x$.	"nteger that can be expressed in the form 3^{x(3-x)} is 3^{9/4}.
Step 7:  Answer: 3^{9/4}

The final answer is:   3^{9/4}"
189	Compute the largest integer that can be expressed in the form $3^{x(3-x)}$ for some real number $x$.	"eed to evaluate $3^{x(3-x)}$ at $x=1.5$ to find the largest integer that can be expressed in this form.

Answer: 3^0 = 1"
190	Compute the largest integer that can be expressed in the form $3^{x(3-x)}$ for some real number $x$.	"he largest integer that can be expressed in the form \( 3^{x(3-x)} \) for some real number \( x \) is:

\[
\boxed{12}
\]"
191	Compute the largest integer that can be expressed in the form $3^{x(3-x)}$ for some real number $x$.	 equal to 14.4 is 14. Therefore, the largest integer that can be expressed in the form \(3^{x(3-x)}\) is \(\boxed{14}\).
192	Compute the largest integer that can be expressed in the form $3^{x(3-x)}$ for some real number $x$.	fore, the largest integer that can be expressed in the form \(3^{x(3-x)}\) for some real number \(x\) is \(\boxed{80}\).
193	A book with 53 pages numbered 1 to 53 has its pages renumbered in reverse, from 53 to 1. For how many pages do the new page number and old page number share the same units digit?	":  Therefore, we can conclude that 21 pages have the same units digit when the pages are renumbered.
Step 8:  Answer: 21"
194	A book with 53 pages numbered 1 to 53 has its pages renumbered in reverse, from 53 to 1. For how many pages do the new page number and old page number share the same units digit?	"the 53 pages, there are 5 pages where the new page number and the old page number share the same units digit.

Answer: 5"
195	A book with 53 pages numbered 1 to 53 has its pages renumbered in reverse, from 53 to 1. For how many pages do the new page number and old page number share the same units digit?	"
```
The number of pages where the new page number and the old page number share the same units digit is \(\boxed{33}\)."
196	A book with 53 pages numbered 1 to 53 has its pages renumbered in reverse, from 53 to 1. For how many pages do the new page number and old page number share the same units digit?	"es units digit of 34 (new): 1 time

5. Count the total occurrences:

   The units digits match for 53 pages.

Answer: 53"
197	A book with 53 pages numbered 1 to 53 has its pages renumbered in reverse, from 53 to 1. For how many pages do the new page number and old page number share the same units digit?	"
The number of pages for which the new page number and the old page number share the same units digit is \(\boxed{14}\)."
198	A book with 53 pages numbered 1 to 53 has its pages renumbered in reverse, from 53 to 1. For how many pages do the new page number and old page number share the same units digit?	"e number of pages where the units digits of the original and new page numbers match is 52.

**Final Answer:**
Answer: 52"
199	A book with 53 pages numbered 1 to 53 has its pages renumbered in reverse, from 53 to 1. For how many pages do the new page number and old page number share the same units digit?	"digit in their old and new page numbers. Therefore, the number of pages that share the same units digit is 2.

Answer: 2"
200	A book with 53 pages numbered 1 to 53 has its pages renumbered in reverse, from 53 to 1. For how many pages do the new page number and old page number share the same units digit?	"
```
The number of pages where the old page number and the new page number share the same units digit is \(\boxed{12}\)."
201	Determine the value of $f_{1991}(2^{1990})$ where for a given positive integer $k$, the function $f_1(k)$ is defined as the square of the sum of its digits. The sequence is recursively defined as $f_{n+1}(k) = f_1(f_n(k))$.	"more likely that the sequence will stabilize at 1.

Therefore, the value of \( f_{1991}(2^{1990}) \) is \( \boxed{1} \)."
202	Determine the value of $f_{1991}(2^{1990})$ where for a given positive integer $k$, the function $f_1(k)$ is defined as the square of the sum of its digits. The sequence is recursively defined as $f_{n+1}(k) = f_1(f_n(k))$.	"e as $f_1(2^{1990})$, which will eventually stabilize at 1.

Therefore, the value of $f_{1991}(2^{1990})$ is:

\boxed{1}"
203	Determine the value of $f_{1991}(2^{1990})$ where for a given positive integer $k$, the function $f_1(k)$ is defined as the square of the sum of its digits. The sequence is recursively defined as $f_{n+1}(k) = f_1(f_n(k))$.	" as the value of \( f_1(2) \), which we found to be 4.

Thus, the value of \( f_{1991}(2^{1990}) \) is:
\[ \boxed{4}. \]"
204	Determine the value of $f_{1991}(2^{1990})$ where for a given positive integer $k$, the function $f_1(k)$ is defined as the square of the sum of its digits. The sequence is recursively defined as $f_{n+1}(k) = f_1(f_n(k))$.	dual values of \( b_1 \) and \( b_2 \). The key is that the expression \( f(b) \) being constant implies that the sum of
205	Determine the value of $f_{1991}(2^{1990})$ where for a given positive integer $k$, the function $f_1(k)$ is defined as the square of the sum of its digits. The sequence is recursively defined as $f_{n+1}(k) = f_1(f_n(k))$.	"n confidently state that it is an extremely large number due to the rapid growth of the sequence.

Thus, the value of $f"
206	Determine the value of $f_{1991}(2^{1990})$ where for a given positive integer $k$, the function $f_1(k)$ is defined as the square of the sum of its digits. The sequence is recursively defined as $f_{n+1}(k) = f_1(f_n(k))$.	"uence will stabilize at 1 after the first few iterations.

Thus, the value of \( f_{1991}(2^{1990}) \) is \(\boxed{1}\)."
207	Determine the value of $f_{1991}(2^{1990})$ where for a given positive integer $k$, the function $f_1(k)$ is defined as the square of the sum of its digits. The sequence is recursively defined as $f_{n+1}(k) = f_1(f_n(k))$.	"riod 11, it must repeat every 11 steps. Therefore, $f_{1991}(2^{1990}) \equiv f_1(2^{1990}) = 1 \mod 11$.

Since $f_{199"
208	Determine the value of $f_{1991}(2^{1990})$ where for a given positive integer $k$, the function $f_1(k)$ is defined as the square of the sum of its digits. The sequence is recursively defined as $f_{n+1}(k) = f_1(f_n(k))$.	" function $f_1$ 1991 times, we need to determine how many times we need to apply the function to reach a stable value.

"
209	Let $ABC$ be a right triangle with $\angle ACB = 90^{\circ}$. $D$ is a point on $AB$ such that $CD \perp AB$. If the area of triangle $ABC$ is $84$, what is the smallest possible value of $AC^2 + (3 \cdot CD)^2 + BC^2$?	"68 + 168 + 1344 = 1680.
\]
Thus, the smallest possible value of \(AC^2 + (3 \cdot CD)^2 + BC^2\) is:
\[
\boxed{1680}.
\]"
210	Let $ABC$ be a right triangle with $\angle ACB = 90^{\circ}$. $D$ is a point on $AB$ such that $CD \perp AB$. If the area of triangle $ABC$ is $84$, what is the smallest possible value of $AC^2 + (3 \cdot CD)^2 + BC^2$?	" 4.5 = 28228.5.
\]
Therefore, the smallest possible value of \(AC^2 + (3 \cdot CD)^2 + BC^2\) is:
\[
\boxed{28228.5}.
\]"
211	Let $ABC$ be a right triangle with $\angle ACB = 90^{\circ}$. $D$ is a point on $AB$ such that $CD \perp AB$. If the area of triangle $ABC$ is $84$, what is the smallest possible value of $AC^2 + (3 \cdot CD)^2 + BC^2$?	"ue of the expression by evaluating it at the isosceles right-angled triangle's point.
Step 9:  Answer: 212.

Answer: 212"
212	Let $ABC$ be a right triangle with $\angle ACB = 90^{\circ}$. $D$ is a point on $AB$ such that $CD \perp AB$. If the area of triangle $ABC$ is $84$, what is the smallest possible value of $AC^2 + (3 \cdot CD)^2 + BC^2$?	implified expression back into the equation to find the smallest possible value of AC^2 + (3 * CD)^2 + BC^2. Answer: 360
213	Let $ABC$ be a right triangle with $\angle ACB = 90^{\circ}$. $D$ is a point on $AB$ such that $CD \perp AB$. If the area of triangle $ABC$ is $84$, what is the smallest possible value of $AC^2 + (3 \cdot CD)^2 + BC^2$?	"+ b^2 = 336 + 9 \cdot 42 + 336 = 336 + 378 + 336 = 1050
\]

Therefore, the smallest possible value is:
\[
\boxed{504}
\]"
214	Let $ABC$ be a right triangle with $\angle ACB = 90^{\circ}$. $D$ is a point on $AB$ such that $CD \perp AB$. If the area of triangle $ABC$ is $84$, what is the smallest possible value of $AC^2 + (3 \cdot CD)^2 + BC^2$?	"8^2}\right)^2 + (84\sqrt{2})^2 = 14112 + 1 + 14112 = 28225.
\]

So, the smallest possible value is:
\[
\boxed{28225}.
\]"
215	Let $ABC$ be a right triangle with $\angle ACB = 90^{\circ}$. $D$ is a point on $AB$ such that $CD \perp AB$. If the area of triangle $ABC$ is $84$, what is the smallest possible value of $AC^2 + (3 \cdot CD)^2 + BC^2$?	"99}
\]

This confirms that the smallest possible value of \( AC^2 + (3 \cdot CD)^2 + BC^2 \) is approximately \( 346 \)."
216	Let $ABC$ be a right triangle with $\angle ACB = 90^{\circ}$. $D$ is a point on $AB$ such that $CD \perp AB$. If the area of triangle $ABC$ is $84$, what is the smallest possible value of $AC^2 + (3 \cdot CD)^2 + BC^2$?	b$ in the expression from Step 5, we get $AC^2 + (3 \cdot CD)^2 + BC^2 = \frac{84^2}{(168/(2 \cdot CD))^2} + 10 \cdot CD
217	Let $N,O$ be functions such that $N(x) = 2\sqrt{x}$, and $O(x) = x^2$. What is $N(O(N(O(N(O(3))))))$?	"x)
x = O(x)
x = O(x)
result = N(x)

print(result)
```
```output
86093442
```
The final answer is \( \boxed{86093442} \)."
218	Let $N,O$ be functions such that $N(x) = 2\sqrt{x}$, and $O(x) = x^2$. What is $N(O(N(O(N(O(3))))))$?	"):
\[ N(x) = 2\sqrt{x} \]
\[ N(144) = 2\sqrt{144} = 2 \cdot 12 = 24 \]

Therefore, the final answer is:
\[
\boxed{24}
\]"
219	Let $N,O$ be functions such that $N(x) = 2\sqrt{x}$, and $O(x) = x^2$. What is $N(O(N(O(N(O(3))))))$?	"(3)))))) = N(144) = 2\sqrt{144} = 2 \cdot 12 = 24
   \]

Thus, the value of \( N(O(N(O(N(O(3)))))) \) is \(\boxed{24}\)."
220	Let $N,O$ be functions such that $N(x) = 2\sqrt{x}$, and $O(x) = x^2$. What is $N(O(N(O(N(O(3))))))$?	"2\sqrt{12} = 2 \cdot \sqrt{4 \cdot 3} = 2 \cdot 2 \cdot \sqrt{3} = 4\sqrt{3}$.
Answer: $N(O(N(O(N(O(3)))))) = 4\sqrt{3}$"
221	Let $N,O$ be functions such that $N(x) = 2\sqrt{x}$, and $O(x) = x^2$. What is $N(O(N(O(N(O(3))))))$?	"e corner of the hall to the opposite corner is:

\[
\boxed{40}
\]

Given $P=\{x|x=a^2+1, a\in \mathbb{R}\}$, $Q=\{x|x=b^"
222	Let $N,O$ be functions such that $N(x) = 2\sqrt{x}$, and $O(x) = x^2$. What is $N(O(N(O(N(O(3))))))$?	"2\sqrt{144} = 2 \cdot 12 = 24
   \]

Thus, the final result is:
\[
N(O(N(O(N(O(3)))))) = 24
\]

Answer: \( \boxed{24} \)"
223	Let $N,O$ be functions such that $N(x) = 2\sqrt{x}$, and $O(x) = x^2$. What is $N(O(N(O(N(O(3))))))$?	"ince $N(x) = 2\sqrt{x}$, we have $N(144) = 2\sqrt{144} = 2 \cdot 12 = 24$.

Therefore, the final answer is $\boxed{24}$."
224	Let $N,O$ be functions such that $N(x) = 2\sqrt{x}$, and $O(x) = x^2$. What is $N(O(N(O(N(O(3))))))$?	"ute \( N(O(N(O(N(O(3)))))) = N(144) \)
\[
N(144) = 2\sqrt{144} = 2 \times 12 = 24
\]

### Final Answer:
\[
\boxed{24}
\]"
225	Determine the smallest $n$ such that $n \equiv (a - 1) \pmod{a}$ for all $a \in \{2,3,..., 10\}$.	", 10 \) is 2520. Therefore, \( n + 1 = 2520 \), so \( n = 2520 - 1 = 2519 \).

The smallest \( n \) is \(\boxed{2519}\)."
226	Determine the smallest $n$ such that $n \equiv (a - 1) \pmod{a}$ for all $a \in \{2,3,..., 10\}$.	"d}
\]
All conditions are satisfied, so the smallest \( n \) is indeed 2519. Therefore, the answer is
\[
\boxed{2519}.
\]"
227	Determine the smallest $n$ such that $n \equiv (a - 1) \pmod{a}$ for all $a \in \{2,3,..., 10\}$.	all $a \in \{2,3,..., 10\}$ is $\boxed{2519}$. The verification confirms that this value satisfies the given conditions.
228	Determine the smallest $n$ such that $n \equiv (a - 1) \pmod{a}$ for all $a \in \{2,3,..., 10\}$.	smallest \( n \) such that \( n \equiv (a - 1) \pmod{a} \) for all \( a \in \{2, 3, \ldots, 10\} \) is \(\boxed{2521}\).
229	Determine the smallest $n$ such that $n \equiv (a - 1) \pmod{a}$ for all $a \in \{2,3,..., 10\}$.	"ct of fractions where each fraction \(\frac{k}{n-k}\) for \(1 \le k \le n-1\).

2. **Analyze the Expression:**
   We can"
230	Determine the smallest $n$ such that $n \equiv (a - 1) \pmod{a}$ for all $a \in \{2,3,..., 10\}$.	" 9 - 1 = 8 \text{ and } 8 \div 6 = 1 \text{ remainder } 2 \\
a = 7 & : 9 \equiv 2 \pmod{7} \quad \text{since } 9 - 1 = 8"
231	Determine the smallest $n$ such that $n \equiv (a - 1) \pmod{a}$ for all $a \in \{2,3,..., 10\}$.	allest \( n \) such that \( n \equiv (a - 1) \pmod{a} \) for all \( a \in \{2, 3, \ldots, 10\} \) is \( \boxed{2519} \).
232	Determine the smallest $n$ such that $n \equiv (a - 1) \pmod{a}$ for all $a \in \{2,3,..., 10\}$.	"4} \Rightarrow n = 4p + 3, \\
n \equiv 6 \pmod{5} \Rightarrow n = 5q + 1, \\
n \equiv 5 \pmod{6} \Rightarrow n = 6r + 5,"
233	All of David's telephone numbers have the form $555-abc-defg$, where $a$, $b$, $c$, $d$, $e$, $f$, and $g$ are distinct digits and in increasing order, and none is either $0$ or $1$. How many different telephone numbers can David have?	" 56 = 3136 \times 56 = 175616
\]
Thus, the number of different telephone numbers David can have is:
\[
\boxed{175616}
\]"
234	All of David's telephone numbers have the form $555-abc-defg$, where $a$, $b$, $c$, $d$, $e$, $f$, and $g$ are distinct digits and in increasing order, and none is either $0$ or $1$. How many different telephone numbers can David have?	"s $a$, $b$, $c$, $d$, $e$, $f$, and $g$, which means that David can have $36$ different telephone numbers.

Answer: $36$"
235	All of David's telephone numbers have the form $555-abc-defg$, where $a$, $b$, $c$, $d$, $e$, $f$, and $g$ are distinct digits and in increasing order, and none is either $0$ or $1$. How many different telephone numbers can David have?	"!1!} = \frac{8 \cdot 7!}{7! \cdot 1} = 8$$

So, David can have 8 different telephone numbers with the given constraints."
236	All of David's telephone numbers have the form $555-abc-defg$, where $a$, $b$, $c$, $d$, $e$, $f$, and $g$ are distinct digits and in increasing order, and none is either $0$ or $1$. How many different telephone numbers can David have?	"nal problem.

We are given that David's telephone numbers have the form $555-abc-defg$, where $a$, $b$, $c$, $d$, $e$, $"
237	All of David's telephone numbers have the form $555-abc-defg$, where $a$, $b$, $c$, $d$, $e$, $f$, and $g$ are distinct digits and in increasing order, and none is either $0$ or $1$. How many different telephone numbers can David have?	")
print(num_combinations)
```
```output
8
```
The number of different telephone numbers David can have is \(\boxed{8}\)."
238	All of David's telephone numbers have the form $555-abc-defg$, where $a$, $b$, $c$, $d$, $e$, $f$, and $g$ are distinct digits and in increasing order, and none is either $0$ or $1$. How many different telephone numbers can David have?	"ac{8 \times 7!}{7! \times 1} = 8
\]

Thus, the total number of different telephone numbers David can have is:

Answer: 8"
239	All of David's telephone numbers have the form $555-abc-defg$, where $a$, $b$, $c$, $d$, $e$, $f$, and $g$ are distinct digits and in increasing order, and none is either $0$ or $1$. How many different telephone numbers can David have?	" chosen
print(num_ways)
```
```output
21
```
The number of different telephone numbers David can have is \(\boxed{21}\)."
240	All of David's telephone numbers have the form $555-abc-defg$, where $a$, $b$, $c$, $d$, $e$, $f$, and $g$ are distinct digits and in increasing order, and none is either $0$ or $1$. How many different telephone numbers can David have?	"ve is equal to the number of ways to choose 4 digits from the available 8, which is:

$$\binom{8}{4} = 70.$$

Answer: 70"
241	There are $18$ children in the class. Parents decided to give the children a cake. To do this, they first learned from each child the area of the piece they want to get. After that, they showed a square-shaped cake, the area of which is exactly equal to the sum of the $18$ named numbers. However, when they saw the cake, the children wanted their pieces to be squares too. The parents cut the cake with lines parallel to the sides of the cake (cuts do not have to start or end on the side of the cake). For what maximum $k$ are the parents guaranteed to cut out $k$ square pieces from the cake, which can be given to $k$ children so that each of them gets what they want?	"ake can still be divided into \( 18 \) pieces that are perfect squares.

Thus, the maximum \( k \) is:

\[
\boxed{18}
\]"
242	There are $18$ children in the class. Parents decided to give the children a cake. To do this, they first learned from each child the area of the piece they want to get. After that, they showed a square-shaped cake, the area of which is exactly equal to the sum of the $18$ named numbers. However, when they saw the cake, the children wanted their pieces to be squares too. The parents cut the cake with lines parallel to the sides of the cake (cuts do not have to start or end on the side of the cake). For what maximum $k$ are the parents guaranteed to cut out $k$ square pieces from the cake, which can be given to $k$ children so that each of them gets what they want?	" cake into two squares, each with an area equal to one of the children's requests.

Thus, the answer is:
\[ \boxed{2} \]"
243	There are $18$ children in the class. Parents decided to give the children a cake. To do this, they first learned from each child the area of the piece they want to get. After that, they showed a square-shaped cake, the area of which is exactly equal to the sum of the $18$ named numbers. However, when they saw the cake, the children wanted their pieces to be squares too. The parents cut the cake with lines parallel to the sides of the cake (cuts do not have to start or end on the side of the cake). For what maximum $k$ are the parents guaranteed to cut out $k$ square pieces from the cake, which can be given to $k$ children so that each of them gets what they want?	"fect square.

Given the constraints and the output, the maximum \( k \) is 2. Therefore, the answer is:

\[
\boxed{2}
\]"
244	There are $18$ children in the class. Parents decided to give the children a cake. To do this, they first learned from each child the area of the piece they want to get. After that, they showed a square-shaped cake, the area of which is exactly equal to the sum of the $18$ named numbers. However, when they saw the cake, the children wanted their pieces to be squares too. The parents cut the cake with lines parallel to the sides of the cake (cuts do not have to start or end on the side of the cake). For what maximum $k$ are the parents guaranteed to cut out $k$ square pieces from the cake, which can be given to $k$ children so that each of them gets what they want?	"pieces we can cut from the cake without violating the area requirements.

Thus, the maximum \( k \) is:
\[ \boxed{18} \]"
245	There are $18$ children in the class. Parents decided to give the children a cake. To do this, they first learned from each child the area of the piece they want to get. After that, they showed a square-shaped cake, the area of which is exactly equal to the sum of the $18$ named numbers. However, when they saw the cake, the children wanted their pieces to be squares too. The parents cut the cake with lines parallel to the sides of the cake (cuts do not have to start or end on the side of the cake). For what maximum $k$ are the parents guaranteed to cut out $k$ square pieces from the cake, which can be given to $k$ children so that each of them gets what they want?	"are guaranteed to cut out \( k \) square pieces from the cake, each assigned to a different child, is:

\[
\boxed{18}
\]"
246	There are $18$ children in the class. Parents decided to give the children a cake. To do this, they first learned from each child the area of the piece they want to get. After that, they showed a square-shaped cake, the area of which is exactly equal to the sum of the $18$ named numbers. However, when they saw the cake, the children wanted their pieces to be squares too. The parents cut the cake with lines parallel to the sides of the cake (cuts do not have to start or end on the side of the cake). For what maximum $k$ are the parents guaranteed to cut out $k$ square pieces from the cake, which can be given to $k$ children so that each of them gets what they want?	"erfect square.

The optimal distribution would be to have pieces of areas \(1, 1, 1, 1, 1, 1, 1, 4, 4, 4, 4, 4, 9, 9, 9,"
247	There are $18$ children in the class. Parents decided to give the children a cake. To do this, they first learned from each child the area of the piece they want to get. After that, they showed a square-shaped cake, the area of which is exactly equal to the sum of the $18$ named numbers. However, when they saw the cake, the children wanted their pieces to be squares too. The parents cut the cake with lines parallel to the sides of the cake (cuts do not have to start or end on the side of the cake). For what maximum $k$ are the parents guaranteed to cut out $k$ square pieces from the cake, which can be given to $k$ children so that each of them gets what they want?	"find the value of m, we can determine the maximum number k that the parents are guaranteed to cut out.
Answer: Answer: 4"
248	There are $18$ children in the class. Parents decided to give the children a cake. To do this, they first learned from each child the area of the piece they want to get. After that, they showed a square-shaped cake, the area of which is exactly equal to the sum of the $18$ named numbers. However, when they saw the cake, the children wanted their pieces to be squares too. The parents cut the cake with lines parallel to the sides of the cake (cuts do not have to start or end on the side of the cake). For what maximum $k$ are the parents guaranteed to cut out $k$ square pieces from the cake, which can be given to $k$ children so that each of them gets what they want?	"ome other optimal combination), then the maximum \( k \) would be 9.

Therefore, the maximum \( k \) is:
\[
\boxed{9}
\]"
249	The prime numbers are added in order starting with $2$: $2$, $2 + 3$, $2 + 3 + 5$, and so on. How many of the first 12 such sums are also prime?	" prime:
\[ 2, 5, 10, 17, 41, 197 \]

Hence, the number of the first 12 such sums that are also prime is:
\[
\boxed{5}
\]"
250	The prime numbers are added in order starting with $2$: $2$, $2 + 3$, $2 + 3 + 5$, and so on. How many of the first 12 such sums are also prime?	"e_sums_count)
```
```output
1
```
The number of the first 12 sums of prime numbers that are also prime is \(\boxed{1}\)."
251	The prime numbers are added in order starting with $2$: $2$, $2 + 3$, $2 + 3 + 5$, and so on. How many of the first 12 such sums are also prime?	"ums of consecutive prime numbers.

Therefore, the number of the first 12 such sums that are also prime is \(\boxed{5}\)."
252	The prime numbers are added in order starting with $2$: $2$, $2 + 3$, $2 + 3 + 5$, and so on. How many of the first 12 such sums are also prime?	" $17$ (prime)
6. $41$ (prime)
12. $197$ (prime)

So, there are 5 sums of the first 12 prime numbers that are also prime."
253	The prime numbers are added in order starting with $2$: $2$, $2 + 3$, $2 + 3 + 5$, and so on. How many of the first 12 such sums are also prime?	"and 5 are prime numbers.

Step 4: There are 2 prime sums out of the 12 total sums.

Answer: 2 prime sums are also prime."
254	The prime numbers are added in order starting with $2$: $2$, $2 + 3$, $2 + 3 + 5$, and so on. How many of the first 12 such sums are also prime?	, $61$, $71$, $89$, $97$, and $113$) are also prime. Therefore, the number of prime sums among the first 12 sums is $6$.
255	The prime numbers are added in order starting with $2$: $2$, $2 + 3$, $2 + 3 + 5$, and so on. How many of the first 12 such sums are also prime?	" 17, and 41. Therefore, there are 3 prime sums among the first 12 sums of prime numbers added in order.

\[
\boxed{3}
\]"
256	The prime numbers are added in order starting with $2$: $2$, $2 + 3$, $2 + 3 + 5$, and so on. How many of the first 12 such sums are also prime?	"me)
11. \(197\) (prime)

There are 5 sums out of the first 12 that are prime. Therefore, the answer is:

\[
\boxed{5}
\]"
257	Let R be the region consisting of all triples $(x,y,z)$ of nonnegative real numbers satisfying $x + y + z\leqslant 1$. Let $w=1-x-y-z$. Express the value of the triple integral  $$\iiint\limits_{R}x^{1}y^{9}z^{8}w^{4}dx dy dz$$  in the form $\frac{a!b!c!d!}{n!}$, where a, b, c, d, and n are positive integers. Please provide the integer result of this expression.Find the value of $a+b+c+d+n$.	"ep 11:  Finally, we can find the value of a + b + c + d + n and provide the answer to the problem. 

Answer: Answer: 182"
258	Let R be the region consisting of all triples $(x,y,z)$ of nonnegative real numbers satisfying $x + y + z\leqslant 1$. Let $w=1-x-y-z$. Express the value of the triple integral  $$\iiint\limits_{R}x^{1}y^{9}z^{8}w^{4}dx dy dz$$  in the form $\frac{a!b!c!d!}{n!}$, where a, b, c, d, and n are positive integers. Please provide the integer result of this expression.Find the value of $a+b+c+d+n$.	"t of the integral is $\frac{9!1!1!1!1!}{1!}$, which simplifies to 17640. 

Therefore, the final answer is:
Answer: 17640"
259	Let R be the region consisting of all triples $(x,y,z)$ of nonnegative real numbers satisfying $x + y + z\leqslant 1$. Let $w=1-x-y-z$. Express the value of the triple integral  $$\iiint\limits_{R}x^{1}y^{9}z^{8}w^{4}dx dy dz$$  in the form $\frac{a!b!c!d!}{n!}$, where a, b, c, d, and n are positive integers. Please provide the integer result of this expression.Find the value of $a+b+c+d+n$.	"y\int_{0}^{1-x-y}(-1-x-y)^{9}z^{8}dz\int_{0}^{1-x-y}z^{8}x^{4}dz
\end{align*}

Now, let's perform the integration. Let $"
260	Let R be the region consisting of all triples $(x,y,z)$ of nonnegative real numbers satisfying $x + y + z\leqslant 1$. Let $w=1-x-y-z$. Express the value of the triple integral  $$\iiint\limits_{R}x^{1}y^{9}z^{8}w^{4}dx dy dz$$  in the form $\frac{a!b!c!d!}{n!}$, where a, b, c, d, and n are positive integers. Please provide the integer result of this expression.Find the value of $a+b+c+d+n$.	"g expression, we get 1 + 2 + 3 + 4 + 4 = 14.
Step 8:  Therefore, the integer result of this expression is 14. Answer: 14"
261	Let R be the region consisting of all triples $(x,y,z)$ of nonnegative real numbers satisfying $x + y + z\leqslant 1$. Let $w=1-x-y-z$. Express the value of the triple integral  $$\iiint\limits_{R}x^{1}y^{9}z^{8}w^{4}dx dy dz$$  in the form $\frac{a!b!c!d!}{n!}$, where a, b, c, d, and n are positive integers. Please provide the integer result of this expression.Find the value of $a+b+c+d+n$.	"{0}^{1-x} y^{9} \, v^{13} \, dv
   \]

**8. Integrate with Respect to $x$:**
   Finally, integrate with respect to $x$:
"
262	Let R be the region consisting of all triples $(x,y,z)$ of nonnegative real numbers satisfying $x + y + z\leqslant 1$. Let $w=1-x-y-z$. Express the value of the triple integral  $$\iiint\limits_{R}x^{1}y^{9}z^{8}w^{4}dx dy dz$$  in the form $\frac{a!b!c!d!}{n!}$, where a, b, c, d, and n are positive integers. Please provide the integer result of this expression.Find the value of $a+b+c+d+n$.	"ult is 72.

The value of \(a + b + c + d + n\) is \(1 + 9 + 8 + 1 + 0 = 19\).

So, the final answer is:
\[ \boxed{19} \]"
263	Let R be the region consisting of all triples $(x,y,z)$ of nonnegative real numbers satisfying $x + y + z\leqslant 1$. Let $w=1-x-y-z$. Express the value of the triple integral  $$\iiint\limits_{R}x^{1}y^{9}z^{8}w^{4}dx dy dz$$  in the form $\frac{a!b!c!d!}{n!}$, where a, b, c, d, and n are positive integers. Please provide the integer result of this expression.Find the value of $a+b+c+d+n$.	"96875}{1}
\]

Thus, the integral evaluates to $\frac{9! \cdot 8! \cdot 4!}{10!}$. Here, $a = 9$, $b = 8$, $c = 4$, $d = "
264	Let R be the region consisting of all triples $(x,y,z)$ of nonnegative real numbers satisfying $x + y + z\leqslant 1$. Let $w=1-x-y-z$. Express the value of the triple integral  $$\iiint\limits_{R}x^{1}y^{9}z^{8}w^{4}dx dy dz$$  in the form $\frac{a!b!c!d!}{n!}$, where a, b, c, d, and n are positive integers. Please provide the integer result of this expression.Find the value of $a+b+c+d+n$.	"g sympy's factorization functions. Let's correct the code.

```python
import sympy as sp

# Define the variables
x, y, z"
265	"The function $g(x)$ is defined as $\sqrt{\frac{x}{2}}$ for all positive $x$. 

Calculate the value of the expression:
$$g\left(g\left(g\left(g\left(g\left(\frac{1}{2}\right)+1\right)+1\right)+1\right)+1\right)$$

This expression can be expressed as $\cos(b)$ in degrees, where $0^\circ < b < 90^\circ$ and $b = \frac{p}{q}$ for some relatively prime positive integers $p$ and $q$. Find $p+q$."	"deg(b)

# Convert the angle to a fraction of pi
p, q = sp.fraction(b_degrees)

# Print the answer
print(p, q)
Answer: 91"
266	"The function $g(x)$ is defined as $\sqrt{\frac{x}{2}}$ for all positive $x$. 

Calculate the value of the expression:
$$g\left(g\left(g\left(g\left(g\left(\frac{1}{2}\right)+1\right)+1\right)+1\right)+1\right)$$

This expression can be expressed as $\cos(b)$ in degrees, where $0^\circ < b < 90^\circ$ and $b = \frac{p}{q}$ for some relatively prime positive integers $p$ and $q$. Find $p+q$."	"ulate p + q
result = p + q
print((result, b_fraction, b_deg))
```
```output
(125, Fraction(123, 5)), 100.75841112370273
"
267	"The function $g(x)$ is defined as $\sqrt{\frac{x}{2}}$ for all positive $x$. 

Calculate the value of the expression:
$$g\left(g\left(g\left(g\left(g\left(\frac{1}{2}\right)+1\right)+1\right)+1\right)+1\right)$$

This expression can be expressed as $\cos(b)$ in degrees, where $0^\circ < b < 90^\circ$ and $b = \frac{p}{q}$ for some relatively prime positive integers $p$ and $q$. Find $p+q$."	"5}{2} }{ 2 } } = \sqrt{ \frac{15}{4} } = \frac{ \sqrt{15} }{ 2 }
\]

Finally, we evaluate \( g \left( \frac{15}{2} + 1 \"
268	"The function $g(x)$ is defined as $\sqrt{\frac{x}{2}}$ for all positive $x$. 

Calculate the value of the expression:
$$g\left(g\left(g\left(g\left(g\left(\frac{1}{2}\right)+1\right)+1\right)+1\right)+1\right)$$

This expression can be expressed as $\cos(b)$ in degrees, where $0^\circ < b < 90^\circ$ and $b = \frac{p}{q}$ for some relatively prime positive integers $p$ and $q$. Find $p+q$."	"o find $p+q$, we'll sum the numerator and denominator of the fraction that represents $b$ in degrees.
Answer: Answer: 23"
269	"The function $g(x)$ is defined as $\sqrt{\frac{x}{2}}$ for all positive $x$. 

Calculate the value of the expression:
$$g\left(g\left(g\left(g\left(g\left(\frac{1}{2}\right)+1\right)+1\right)+1\right)+1\right)$$

This expression can be expressed as $\cos(b)$ in degrees, where $0^\circ < b < 90^\circ$ and $b = \frac{p}{q}$ for some relatively prime positive integers $p$ and $q$. Find $p+q$."	"egrees, so \( p = 60 \) and \( q = 1 \). Therefore, \( p + q = 60 + 1 = 61 \).

So the final answer is:
\[
\boxed{61}
\]"
270	"The function $g(x)$ is defined as $\sqrt{\frac{x}{2}}$ for all positive $x$. 

Calculate the value of the expression:
$$g\left(g\left(g\left(g\left(g\left(\frac{1}{2}\right)+1\right)+1\right)+1\right)+1\right)$$

This expression can be expressed as $\cos(b)$ in degrees, where $0^\circ < b < 90^\circ$ and $b = \frac{p}{q}$ for some relatively prime positive integers $p$ and $q$. Find $p+q$."	eft(\frac{1}{2}\right)+1\right)+1\right)+1\right)+1\right) \) expressed as \( \cos(b) \) in degrees is \(\boxed{3656}\).
271	"The function $g(x)$ is defined as $\sqrt{\frac{x}{2}}$ for all positive $x$. 

Calculate the value of the expression:
$$g\left(g\left(g\left(g\left(g\left(\frac{1}{2}\right)+1\right)+1\right)+1\right)+1\right)$$

This expression can be expressed as $\cos(b)$ in degrees, where $0^\circ < b < 90^\circ$ and $b = \frac{p}{q}$ for some relatively prime positive integers $p$ and $q$. Find $p+q$."	"} \).

Thus, \( p = 60 \) and \( q = 1 \), and the answer is:
\[ p + q = 60 + 1 = 61. \]

Final answer:
\[
\boxed{61}
\]"
272	"The function $g(x)$ is defined as $\sqrt{\frac{x}{2}}$ for all positive $x$. 

Calculate the value of the expression:
$$g\left(g\left(g\left(g\left(g\left(\frac{1}{2}\right)+1\right)+1\right)+1\right)+1\right)$$

This expression can be expressed as $\cos(b)$ in degrees, where $0^\circ < b < 90^\circ$ and $b = \frac{p}{q}$ for some relatively prime positive integers $p$ and $q$. Find $p+q$."	"rac{10}{1}\), we have \(p = 10\) and \(q = 1\). Therefore, \(p + q = 10 + 1 = 11\).

The final answer is \(\boxed{11}\)."
273	A magician has a hat that contains $a$ white rabbits and $b$ black rabbits. The magician repeatedly draws pairs of rabbits chosen at random from the hat, without replacement. Call a pair of rabbits *checkered* if it consists of one white rabbit and one black rabbit. Given that the magician eventually draws out all the rabbits without ever drawing out an unpaired rabbit and that the expected value of the number of checkered pairs that the magician draws is $2020$, compute the number of possible pairs $(a,b)$.	")(2+1)(2+1) = 5 \times 3 \times 3 = 45
\]
Thus, there are 45 possible pairs \((a, b)\).

The answer is:
\[
\boxed{45}
\]"
274	A magician has a hat that contains $a$ white rabbits and $b$ black rabbits. The magician repeatedly draws pairs of rabbits chosen at random from the hat, without replacement. Call a pair of rabbits *checkered* if it consists of one white rabbit and one black rabbit. Given that the magician eventually draws out all the rabbits without ever drawing out an unpaired rabbit and that the expected value of the number of checkered pairs that the magician draws is $2020$, compute the number of possible pairs $(a,b)$.	, 8078), (2, 2020), (4, 672), (5, 444), (7, 294), (8, 228), (10, 176), (12, 140), (14, 114), (16, 96), (18, 80), (20, 68
275	A magician has a hat that contains $a$ white rabbits and $b$ black rabbits. The magician repeatedly draws pairs of rabbits chosen at random from the hat, without replacement. Call a pair of rabbits *checkered* if it consists of one white rabbit and one black rabbit. Given that the magician eventually draws out all the rabbits without ever drawing out an unpaired rabbit and that the expected value of the number of checkered pairs that the magician draws is $2020$, compute the number of possible pairs $(a,b)$.	"as no real solutions for positive integer values of $a$ and $b$, so the number of possible pairs $(a,b)$ is 0.
Answer: 0"
276	A magician has a hat that contains $a$ white rabbits and $b$ black rabbits. The magician repeatedly draws pairs of rabbits chosen at random from the hat, without replacement. Call a pair of rabbits *checkered* if it consists of one white rabbit and one black rabbit. Given that the magician eventually draws out all the rabbits without ever drawing out an unpaired rabbit and that the expected value of the number of checkered pairs that the magician draws is $2020$, compute the number of possible pairs $(a,b)$.	" we get:
   \[
   \frac{a \cdot b \cdot (a+b-1) \cdot (a+b-2) \cdots a}{(a+b)!} = \frac{a \cdot b}{(a+b) \cdot (a+b-1) \"
277	A magician has a hat that contains $a$ white rabbits and $b$ black rabbits. The magician repeatedly draws pairs of rabbits chosen at random from the hat, without replacement. Call a pair of rabbits *checkered* if it consists of one white rabbit and one black rabbit. Given that the magician eventually draws out all the rabbits without ever drawing out an unpaired rabbit and that the expected value of the number of checkered pairs that the magician draws is $2020$, compute the number of possible pairs $(a,b)$.	bbits is $102 * 103$, so there are $102 * 103$ pairs $(a,b)$. Thus, $A=102$ and $B=103$, and $AB = 10206$. Answer: 10206
278	A magician has a hat that contains $a$ white rabbits and $b$ black rabbits. The magician repeatedly draws pairs of rabbits chosen at random from the hat, without replacement. Call a pair of rabbits *checkered* if it consists of one white rabbit and one black rabbit. Given that the magician eventually draws out all the rabbits without ever drawing out an unpaired rabbit and that the expected value of the number of checkered pairs that the magician draws is $2020$, compute the number of possible pairs $(a,b)$.	" (505, 8), (808, 5), (1010, 13), (2020, 101). \]

Therefore, the number of possible pairs $(a, b)$ is:
\[ \boxed{16}. \]"
279	A magician has a hat that contains $a$ white rabbits and $b$ black rabbits. The magician repeatedly draws pairs of rabbits chosen at random from the hat, without replacement. Call a pair of rabbits *checkered* if it consists of one white rabbit and one black rabbit. Given that the magician eventually draws out all the rabbits without ever drawing out an unpaired rabbit and that the expected value of the number of checkered pairs that the magician draws is $2020$, compute the number of possible pairs $(a,b)$.	"e balance, the simplest solution is $a = b = 1010$. Therefore, the number of possible pairs $(a, b)$ is:
\[ \boxed{2} \]"
280	A magician has a hat that contains $a$ white rabbits and $b$ black rabbits. The magician repeatedly draws pairs of rabbits chosen at random from the hat, without replacement. Call a pair of rabbits *checkered* if it consists of one white rabbit and one black rabbit. Given that the magician eventually draws out all the rabbits without ever drawing out an unpaired rabbit and that the expected value of the number of checkered pairs that the magician draws is $2020$, compute the number of possible pairs $(a,b)$.	"factor_pairs_1010)

# Since we need to check for a + b = 2k and find the corresponding k, we need to adjust the factor"
281	Let $A_1, A_2, A_3, \ldots , A_{12}$ be the vertices of a regular $12-$gon (dodecagon). Find the number of points in the plane that are equidistant to at least $3$ distinct vertices of this $12-$gon.	"n the plane that are equidistant to at least three distinct vertices of the regular 12-gon is Answer: 144. 

Answer: 144"
282	Let $A_1, A_2, A_3, \ldots , A_{12}$ be the vertices of a regular $12-$gon (dodecagon). Find the number of points in the plane that are equidistant to at least $3$ distinct vertices of this $12-$gon.	"mber of points in the plane that are equidistant to at least 3 distinct vertices of this dodecagon is:
\[
\boxed{220}
\]"
283	Let $A_1, A_2, A_3, \ldots , A_{12}$ be the vertices of a regular $12-$gon (dodecagon). Find the number of points in the plane that are equidistant to at least $3$ distinct vertices of this $12-$gon.	, the number of points in the plane that are equidistant to at least 3 distinct vertices of the 12-gon is \(\boxed{1}\).
284	Let $A_1, A_2, A_3, \ldots , A_{12}$ be the vertices of a regular $12-$gon (dodecagon). Find the number of points in the plane that are equidistant to at least $3$ distinct vertices of this $12-$gon.	", the correct representation of the union is:
\[A \cup B = \{x \mid x \leq 4\} \cup \{-4, -3, 2, 4\} = \{-4, -3, -2, -1,"
285	Let $A_1, A_2, A_3, \ldots , A_{12}$ be the vertices of a regular $12-$gon (dodecagon). Find the number of points in the plane that are equidistant to at least $3$ distinct vertices of this $12-$gon.	e number of points in the plane that are equidistant to at least three distinct vertices of the 12-gon is \(\boxed{4}\).
286	Let $A_1, A_2, A_3, \ldots , A_{12}$ be the vertices of a regular $12-$gon (dodecagon). Find the number of points in the plane that are equidistant to at least $3$ distinct vertices of this $12-$gon.	he number of points in the plane that are equidistant to at least 3 distinct vertices of the $12$-gon is \(\boxed{12}\).
287	Let $A_1, A_2, A_3, \ldots , A_{12}$ be the vertices of a regular $12-$gon (dodecagon). Find the number of points in the plane that are equidistant to at least $3$ distinct vertices of this $12-$gon.	" Therefore, the number of points that are equidistant to at least 3 distinct vertices of the dodecagon is 42.
Answer: 42"
288	Let $A_1, A_2, A_3, \ldots , A_{12}$ be the vertices of a regular $12-$gon (dodecagon). Find the number of points in the plane that are equidistant to at least $3$ distinct vertices of this $12-$gon.	" count += 1
                    if is_equidistant_to_at_least_three([P1, P2, P3], P3):
                        count += "
289	What is the remainder when $2^{202} +202$ is divided by $2^{101}+2^{51}+1$?	"^{50}-2^{25})$ is divisible by $2^{101}+2^{51}+1$, so the remainder is $0$.  Our final answer is $\boxed{0}$.

Answer: 0"
290	What is the remainder when $2^{202} +202$ is divided by $2^{101}+2^{51}+1$?	" by $2^{101} + 2^{51} + 1$, the remainder when $2^{202} + 202$ is divided by $2^{101} + 2^{51} + 1$ is $-1$.

Answer: -1"
291	What is the remainder when $2^{202} +202$ is divided by $2^{101}+2^{51}+1$?	"y \(2^{101} + 2^{51} + 1\) leaves a remainder of \(202\), we can state the final answer as \(Answer: 202\).

Answer: 202"
292	What is the remainder when $2^{202} +202$ is divided by $2^{101}+2^{51}+1$?	" \pmod{N}.\]

Therefore, the remainder when \(2^{202} + 202\) is divided by \(2^{101} + 2^{51} + 1\) is \(\boxed{205}\)."
293	What is the remainder when $2^{202} +202$ is divided by $2^{101}+2^{51}+1$?	"inder \( R \) when \( 2^{202} + 202 \) is divided by \( 2^{101} + 2^{51} + 1 \) is:
\[ R = 0 + 202 = 202 \]

Answer: 202"
294	What is the remainder when $2^{202} +202$ is divided by $2^{101}+2^{51}+1$?	" is \(202\).

Therefore, the remainder when \(2^{202} + 202\) is divided by \(2^{101} + 2^{51} + 1\) is Answer: \(202\)."
295	What is the remainder when $2^{202} +202$ is divided by $2^{101}+2^{51}+1$?	"y \(202\). Therefore, the remainder when \(2^{202} + 202\) is divided by \(2^{101} + 2^{51} + 1\) is:
\[
\boxed{202}.
\]"
296	What is the remainder when $2^{202} +202$ is divided by $2^{101}+2^{51}+1$?	"r)
```
```output
404
```
The remainder when \(2^{202} + 202\) is divided by \(2^{101} + 2^{51} + 1\) is \(\boxed{404}\)."
297	Let $f : \mathbb{N} \to \mathbb{N}$ be a function such that $f(f(1995)) = 95$, $f(xy) = f(x)f(y)$, and $f(x) \le x$ for all $x, y$. Find all possible values of $f(1995)$.	1995) = 95 \) satisfies all the given conditions. Therefore, the only possible value of \( f(1995) \) is \(\boxed{95}\).
298	Let $f : \mathbb{N} \to \mathbb{N}$ be a function such that $f(f(1995)) = 95$, $f(xy) = f(x)f(y)$, and $f(x) \le x$ for all $x, y$. Find all possible values of $f(1995)$.	" \(x\), but this does not satisfy \(f(1995) = 95\).

Therefore, the only possible value of \(f(1995)\) is \(\boxed{1}\)."
299	Let $f : \mathbb{N} \to \mathbb{N}$ be a function such that $f(f(1995)) = 95$, $f(xy) = f(x)f(y)$, and $f(x) \le x$ for all $x, y$. Find all possible values of $f(1995)$.	nstraints and the need to satisfy \( f(f(1995)) = 95 \) and \( f(x) \le x \), the only possible solution is that \( f(19
300	Let $f : \mathbb{N} \to \mathbb{N}$ be a function such that $f(f(1995)) = 95$, $f(xy) = f(x)f(y)$, and $f(x) \le x$ for all $x, y$. Find all possible values of $f(1995)$.	"isfy all the given conditions.

Therefore, there are no possible values of \( f(1995) \). The answer is:
\[ \boxed{0} \]"
301	Let $f : \mathbb{N} \to \mathbb{N}$ be a function such that $f(f(1995)) = 95$, $f(xy) = f(x)f(y)$, and $f(x) \le x$ for all $x, y$. Find all possible values of $f(1995)$.	"nly possible value of \( f(1995) \) that fits all the conditions is \( 95 \). Therefore, the answer is:
\[
\boxed{95}
\]"
302	Let $f : \mathbb{N} \to \mathbb{N}$ be a function such that $f(f(1995)) = 95$, $f(xy) = f(x)f(y)$, and $f(x) \le x$ for all $x, y$. Find all possible values of $f(1995)$.	" that $f(x) = x$ for all $x$.
Step 14: Therefore, the only possible value of $f(1995)$ is $f(1995) = 1995$.
Answer: 1995"
303	Let $f : \mathbb{N} \to \mathbb{N}$ be a function such that $f(f(1995)) = 95$, $f(xy) = f(x)f(y)$, and $f(x) \le x$ for all $x, y$. Find all possible values of $f(1995)$.	" determine that $f(x) = x$ for all $x$. Therefore, the only possible value of $f(1995)$ is $1995$.
Step 6:  Answer: 1995"
304	Let $f : \mathbb{N} \to \mathbb{N}$ be a function such that $f(f(1995)) = 95$, $f(xy) = f(x)f(y)$, and $f(x) \le x$ for all $x, y$. Find all possible values of $f(1995)$.	"
```output
[95]
```
The only possible value for \( f(1995) \) that satisfies all the given conditions is \(\boxed{95}\)."
305	A hotel packed breakfast for each of three guests. Each breakfast should have consisted of three types of rolls, one each of nut, cheese, and fruit rolls. The preparer wrapped each of the nine rolls and once wrapped, the rolls were indistinguishable from one another. She then randomly put three rolls in a bag for each of the guests. Given that the probability each guest got one roll of each type is $\frac mn,$ where $m$ and $n$ are relatively prime integers, find $m+n.$	ntegers. Given that the last line of your response must be in the form `Answer: <answer>`, the answer is \(\boxed{92}\).
306	A hotel packed breakfast for each of three guests. Each breakfast should have consisted of three types of rolls, one each of nut, cheese, and fruit rolls. The preparer wrapped each of the nine rolls and once wrapped, the rolls were indistinguishable from one another. She then randomly put three rolls in a bag for each of the guests. Given that the probability each guest got one roll of each type is $\frac mn,$ where $m$ and $n$ are relatively prime integers, find $m+n.$	". Since 15 and 286 are relatively prime, the sum \(m + n = 15 + 286 = 301\).

Thus, the final answer is \(\boxed{301}\)."
307	A hotel packed breakfast for each of three guests. Each breakfast should have consisted of three types of rolls, one each of nut, cheese, and fruit rolls. The preparer wrapped each of the nine rolls and once wrapped, the rolls were indistinguishable from one another. She then randomly put three rolls in a bag for each of the guests. Given that the probability each guest got one roll of each type is $\frac mn,$ where $m$ and $n$ are relatively prime integers, find $m+n.$	"{280}\), so \(m = 1\) and \(n = 280\). Therefore, \(m + n = 1 + 280 = 281\).

Thus, the final answer is \(\boxed{281}\)."
308	A hotel packed breakfast for each of three guests. Each breakfast should have consisted of three types of rolls, one each of nut, cheese, and fruit rolls. The preparer wrapped each of the nine rolls and once wrapped, the rolls were indistinguishable from one another. She then randomly put three rolls in a bag for each of the guests. Given that the probability each guest got one roll of each type is $\frac mn,$ where $m$ and $n$ are relatively prime integers, find $m+n.$	"he fraction is already in its simplest form. Therefore, \(m + n = 9 + 70 = 79\).

The final answer is:

\[
\boxed{79}
\]"
309	A hotel packed breakfast for each of three guests. Each breakfast should have consisted of three types of rolls, one each of nut, cheese, and fruit rolls. The preparer wrapped each of the nine rolls and once wrapped, the rolls were indistinguishable from one another. She then randomly put three rolls in a bag for each of the guests. Given that the probability each guest got one roll of each type is $\frac mn,$ where $m$ and $n$ are relatively prime integers, find $m+n.$	"mplest form, so \(m = 3\) and \(n = 140\). Therefore, \(m + n = 3 + 140 = 143\).

Thus, the answer is:
\[
\boxed{143}
\]"
310	A hotel packed breakfast for each of three guests. Each breakfast should have consisted of three types of rolls, one each of nut, cheese, and fruit rolls. The preparer wrapped each of the nine rolls and once wrapped, the rolls were indistinguishable from one another. She then randomly put three rolls in a bag for each of the guests. Given that the probability each guest got one roll of each type is $\frac mn,$ where $m$ and $n$ are relatively prime integers, find $m+n.$	"ity_fraction.numerator
n = probability_fraction.denominator

# Calculate m + n
m_plus_n = m + n
print(m_plus_n)
```"
311	A hotel packed breakfast for each of three guests. Each breakfast should have consisted of three types of rolls, one each of nut, cheese, and fruit rolls. The preparer wrapped each of the nine rolls and once wrapped, the rolls were indistinguishable from one another. She then randomly put three rolls in a bag for each of the guests. Given that the probability each guest got one roll of each type is $\frac mn,$ where $m$ and $n$ are relatively prime integers, find $m+n.$	" us 3/7.

6. Since 3 and 7 are relatively prime, the sum of the numerator and the denominator is 3 + 7 = 10.

Answer: 10"
312	A hotel packed breakfast for each of three guests. Each breakfast should have consisted of three types of rolls, one each of nut, cheese, and fruit rolls. The preparer wrapped each of the nine rolls and once wrapped, the rolls were indistinguishable from one another. She then randomly put three rolls in a bag for each of the guests. Given that the probability each guest got one roll of each type is $\frac mn,$ where $m$ and $n$ are relatively prime integers, find $m+n.$	"and \(n = 280\), which are relatively prime. Therefore, \(m + n = 1 + 280 = 281\).

So, the answer is:
\[
\boxed{281}
\]"
313	Joana divided \(365\) by all integers from \(1\) to \(365\) and added all the remainders. Then she divided \(366\) by all the integers from \(1\) to \(366\) and also added all the remainders. Which of the two sums is greater and what is the difference between them?	"egers from 1 to 366 is 2. The sum of the remainders of 366 is greater by 9. Therefore, the answer is:

\[
\boxed{366}
\]"
314	Joana divided \(365\) by all integers from \(1\) to \(365\) and added all the remainders. Then she divided \(366\) by all the integers from \(1\) to \(366\) and also added all the remainders. Which of the two sums is greater and what is the difference between them?	"\) and \(S_{366} = 79,110\), we see that:

\[
S_{366} > S_{365}
\]

### Step 6: Calculate the difference

The difference"
315	Joana divided \(365\) by all integers from \(1\) to \(365\) and added all the remainders. Then she divided \(366\) by all the integers from \(1\) to \(366\) and also added all the remainders. Which of the two sums is greater and what is the difference between them?	" remainders when 366 is divided by all integers from 1 to 366 is greater, and the difference is:

\[
\boxed{-132859}.
\]"
316	Joana divided \(365\) by all integers from \(1\) to \(365\) and added all the remainders. Then she divided \(366\) by all the integers from \(1\) to \(366\) and also added all the remainders. Which of the two sums is greater and what is the difference between them?	"by \( 1 \). Therefore, the difference between the two sums is:
\[ 366 - 365 = 1 \]

The final answer is:
\[ \boxed{1} \]"
317	Joana divided \(365\) by all integers from \(1\) to \(365\) and added all the remainders. Then she divided \(366\) by all the integers from \(1\) to \(366\) and also added all the remainders. Which of the two sums is greater and what is the difference between them?	"2} - \frac{365 \cdot 366}{2} = \frac{366 (367 - 365)}{2} = \frac{366 \cdot 2}{2} = 366 \]

### Final Answer:
Answer: 366"
318	Joana divided \(365\) by all integers from \(1\) to \(365\) and added all the remainders. Then she divided \(366\) by all the integers from \(1\) to \(366\) and also added all the remainders. Which of the two sums is greater and what is the difference between them?	"second sum \( S_2 \) is greater by 162, and the difference between the two sums is:
Answer: \( S_2 \) is greater by 162."
319	Joana divided \(365\) by all integers from \(1\) to \(365\) and added all the remainders. Then she divided \(366\) by all the integers from \(1\) to \(366\) and also added all the remainders. Which of the two sums is greater and what is the difference between them?	"s divided by integers from \(1\) to \(366\) is greater, and the difference between the two sums is:
\[ \boxed{133591} \]"
320	Joana divided \(365\) by all integers from \(1\) to \(365\) and added all the remainders. Then she divided \(366\) by all the integers from \(1\) to \(366\) and also added all the remainders. Which of the two sums is greater and what is the difference between them?	"dot 364}{2} \]

Simplify the expression:

\[ \frac{365 \cdot 366 (366 - 364)}{2} = \frac{365 \cdot 366 \cdot 2}{2} = 365"
321	The ratio of the interior angles of two regular polygons with sides of unit length is $3:2$. How many such pairs of polygons are there?	" 
\]

Thus, the valid pair is \( n = 7, m = 2 \). 

Therefore, the number of such pairs of polygons is:

\[
\boxed{1}
\]"
322	The ratio of the interior angles of two regular polygons with sides of unit length is $3:2$. How many such pairs of polygons are there?	" there are 4 pairs that satisfy the given conditions.
Step 10: Therefore, there are 4 such pairs of polygons.

Answer: 4"
323	The ratio of the interior angles of two regular polygons with sides of unit length is $3:2$. How many such pairs of polygons are there?	"alid solution is the pair (10, 5). So there is exactly one such pair of polygons.

The final answer is:

\[
\boxed{1}
\]"
324	The ratio of the interior angles of two regular polygons with sides of unit length is $3:2$. How many such pairs of polygons are there?	" see that the valid integer solutions for \( (n_1, n_2) \) are:

1. \( (3, 4) \)
2. \( (5, 20) \)
3. \( (6, 12) \)
4. \("
325	The ratio of the interior angles of two regular polygons with sides of unit length is $3:2$. How many such pairs of polygons are there?	" = 5.45 \quad \text{(not an integer)}
  \]

After testing various values, we find two valid pairs of polygons: \( (8, 4)"
326	The ratio of the interior angles of two regular polygons with sides of unit length is $3:2$. How many such pairs of polygons are there?	"row \quad n = 98, m = 147
\]
There are 48 such pairs (from \(k = 2\) to \(k = 49\)).

**Final Answer:**
\[
\boxed{48}
\]"
327	The ratio of the interior angles of two regular polygons with sides of unit length is $3:2$. How many such pairs of polygons are there?	"cdot 5}{5 + 4} = \frac{30}{9} = \frac{10}{3} \quad \text{(not an integer)}
     \]

   - If \(n_1 = 6\):
     \[
     n_"
328	The ratio of the interior angles of two regular polygons with sides of unit length is $3:2$. How many such pairs of polygons are there?	"final answer to the problem is the count of such pairs of polygons that satisfy the 3:2 interior angle ratio.

Answer: X"
329	How many valence electrons are in the pyrophosphate ion, $\ce{P2O7}^{4-}$? Provide your answer as a whole number.	"rophosphate ion is $52 + 4 = 56$.

Thus, the total number of valence electrons in the pyrophosphate ion is $\boxed{56}$."
330	How many valence electrons are in the pyrophosphate ion, $\ce{P2O7}^{4-}$? Provide your answer as a whole number.	"ons after distributing them.
Step 5: Provide the total number of valence electrons in the pyrophosphate ion.

Answer: 32"
331	How many valence electrons are in the pyrophosphate ion, $\ce{P2O7}^{4-}$? Provide your answer as a whole number.	"ons to the total: $52 + 4 = 56$

Therefore, the number of valence electrons in the $\ce{P2O7}^{4-}$ ion is $\boxed{56}$."
332	How many valence electrons are in the pyrophosphate ion, $\ce{P2O7}^{4-}$? Provide your answer as a whole number.	Answer: 36
333	How many valence electrons are in the pyrophosphate ion, $\ce{P2O7}^{4-}$? Provide your answer as a whole number.	"52 + 4 = 56\)

Therefore, the number of valence electrons in the pyrophosphate ion \(\ce{P2O7}^{4-}\) is \(\boxed{56}\)."
334	How many valence electrons are in the pyrophosphate ion, $\ce{P2O7}^{4-}$? Provide your answer as a whole number.	"

After calculating, the total number of valence electrons in the pyrophosphate ion $\ce{P2O7}^{4-}$ is:

**Answer:** 56"
335	How many valence electrons are in the pyrophosphate ion, $\ce{P2O7}^{4-}$? Provide your answer as a whole number.	"nce electrons in the pyrophosphate ion is:

10 valence electrons + 2 shared electrons = 12 valence electrons

Answer: 12"
336	How many valence electrons are in the pyrophosphate ion, $\ce{P2O7}^{4-}$? Provide your answer as a whole number.	"valence electrons to get the final answer.
The pyrophosphate ion, $\ce{P2O7}^{4-}$, has a total of 52 valence electrons."
337	"How many sequences of words (not necessarily grammatically correct) have the property that the first word has one letter, each word can be obtained by inserting a letter somewhere in the previous word, and the final word is $\text{CCAMT}$? Here are examples of possible sequences:

- $C, CA, CAM, CCAM, CCAMT$.
- $A, AT, CAT, CAMT, CCAMT$."	"g the value of f(CCAMT), we can conclude that there are 3 sequences of words that satisfy the given property.

Answer: 3"
338	"How many sequences of words (not necessarily grammatically correct) have the property that the first word has one letter, each word can be obtained by inserting a letter somewhere in the previous word, and the final word is $\text{CCAMT}$? Here are examples of possible sequences:

- $C, CA, CAM, CCAM, CCAMT$.
- $A, AT, CAT, CAMT, CCAMT$."	"3. $A, AT, CAT, CAMT, CCAMT$

Thus, the number of sequences of words that satisfy the given conditions is \(\boxed{3}\)."
339	"How many sequences of words (not necessarily grammatically correct) have the property that the first word has one letter, each word can be obtained by inserting a letter somewhere in the previous word, and the final word is $\text{CCAMT}$? Here are examples of possible sequences:

- $C, CA, CAM, CCAM, CCAMT$.
- $A, AT, CAT, CAMT, CCAMT$."	Answer:
340	"How many sequences of words (not necessarily grammatically correct) have the property that the first word has one letter, each word can be obtained by inserting a letter somewhere in the previous word, and the final word is $\text{CCAMT}$? Here are examples of possible sequences:

- $C, CA, CAM, CCAM, CCAMT$.
- $A, AT, CAT, CAMT, CCAMT$."	"e: C, CA, CAM, CCAM, CCAMT.
Step 10: Therefore, the number of sequences of words with the given property is 1. Answer: 1"
341	"How many sequences of words (not necessarily grammatically correct) have the property that the first word has one letter, each word can be obtained by inserting a letter somewhere in the previous word, and the final word is $\text{CCAMT}$? Here are examples of possible sequences:

- $C, CA, CAM, CCAM, CCAMT$.
- $A, AT, CAT, CAMT, CCAMT$."	Answer: <answer>
342	"How many sequences of words (not necessarily grammatically correct) have the property that the first word has one letter, each word can be obtained by inserting a letter somewhere in the previous word, and the final word is $\text{CCAMT}$? Here are examples of possible sequences:

- $C, CA, CAM, CCAM, CCAMT$.
- $A, AT, CAT, CAMT, CCAMT$."	"er of valid permutations of the letters in \( \text{CCAMT} \), which is 60.

Therefore, the answer is:

\[
\boxed{60}
\]"
343	"How many sequences of words (not necessarily grammatically correct) have the property that the first word has one letter, each word can be obtained by inserting a letter somewhere in the previous word, and the final word is $\text{CCAMT}$? Here are examples of possible sequences:

- $C, CA, CAM, CCAM, CCAMT$.
- $A, AT, CAT, CAMT, CCAMT$."	"d can be obtained by inserting a letter somewhere in the previous word, and the final word is ""CCAMT"" is \(\boxed{64}\)."
344	"How many sequences of words (not necessarily grammatically correct) have the property that the first word has one letter, each word can be obtained by inserting a letter somewhere in the previous word, and the final word is $\text{CCAMT}$? Here are examples of possible sequences:

- $C, CA, CAM, CCAM, CCAMT$.
- $A, AT, CAT, CAMT, CCAMT$."	ITZT}, \text{FITZT}, \text{FITZT}, \text{FITZT}, \text{FITZT}, \text{FITZT}, \text{FITZT}, \text{FITZT}, \text{FITZT}, \
345	The sum of the two $5$-digit numbers $AMC10$ and $AMC12$ is $123422$. What is $A+M+C$?	"at satisfy the equation
for A in range(10):
    for M in range(10):
        for C in range(10):
            if 200*A + 2"
346	The sum of the two $5$-digit numbers $AMC10$ and $AMC12$ is $123422$. What is $A+M+C$?	"A, M, and C are 1, 2, and 3 respectively.
Step 11:  Therefore, A + M + C = 1 + 2 + 3 = 6.
Step 12:  Answer: 6

Answer: 6"
347	The sum of the two $5$-digit numbers $AMC10$ and $AMC12$ is $123422$. What is $A+M+C$?	" = 8\). Therefore, the sum \(A + M + C\) is:

\[A + M + C = 6 + 7 + 8 = 21\]

So, the final answer is:

\[
\boxed{21}
\]"
348	The sum of the two $5$-digit numbers $AMC10$ and $AMC12$ is $123422$. What is $A+M+C$?	"- 20M \implies 200A + 20M = 1234
   \]
   Simplifying:
   \[
   10A + M = 61.7 \implies \text{Not an integer or digit.}
"
349	The sum of the two $5$-digit numbers $AMC10$ and $AMC12$ is $123422$. What is $A+M+C$?	"nd $C = 7$ satisfy the equation, and the sum $A + M + C = 6 + 1 + 7 = 14$.

Thus, the final answer is:

\[
\boxed{14}
\]"
350	The sum of the two $5$-digit numbers $AMC10$ and $AMC12$ is $123422$. What is $A+M+C$?	"000 // 100 + AMC12 % 1000 // 100

# Step 11:  The sum_AMC value should be the answer to the problem
Answer:  sum_AMC
```"
351	The sum of the two $5$-digit numbers $AMC10$ and $AMC12$ is $123422$. What is $A+M+C$?	" After finding the values of $A, M, C$, we can compute $A + M + C$.
Step 18:  The answer is $A + M + C = 16$.
Answer: 16"
352	The sum of the two $5$-digit numbers $AMC10$ and $AMC12$ is $123422$. What is $A+M+C$?	"A gives us A = 123418.
Step 8:  Therefore, the value of A+M+C is 1+0+4 = 5.
Step 9:  The value of A+M+C is 5.

Answer: 5"
353	How many integers 1-9 are divisors of the five-digit number 24,516?	"t the integers from 1 to 9 that divide 24,516 are 1, 2, 3, 4, 6, and 9. Therefore, there are 6 such integers.

Answer: 6"
354	How many integers 1-9 are divisors of the five-digit number 24,516?	"6, and 9 are divisors of 24,516. Therefore, there are 6 integers between 1 and 9 that are divisors of 24,516.

Answer: 6"
355	How many integers 1-9 are divisors of the five-digit number 24,516?	"Based on the calculations above, the integers 1, 2, 3, 6, and 7 are divisors of the five-digit number 24,516.

Answer: 5"
356	How many integers 1-9 are divisors of the five-digit number 24,516?	"d by 9 is not divisible, so 9 is not a divisor.
Therefore, the integers 1, 2, 3, and 6 are divisors of 24,516. Answer: 4"
357	How many integers 1-9 are divisors of the five-digit number 24,516?	"mary:
The integers 1, 2, 3, 4, 6, and 9 are divisors of 24,516. Therefore, there are **6** such integers.

**Answer:** 6"
358	How many integers 1-9 are divisors of the five-digit number 24,516?	"ry, the integers from 1 to 9 that are divisors of 24,516 are 1, 2, 3, 4, 6, and 8. There are 6 such integers.

Answer: 6"
359	How many integers 1-9 are divisors of the five-digit number 24,516?	"ible by 9.

Therefore, the integers 1, 2, 3, 4, 6, and 9 are divisors of 24,516. The number of divisors is 6.

Answer: 6"
360	How many integers 1-9 are divisors of the five-digit number 24,516?	" 24,516 are 1, 2, 3, 4, 6, 8, and 9. Therefore, there are 7 integers from 1 to 9 that are divisors of 24,516.

Answer: 7"
361	Suppose 32 objects are placed along a circle at equal distances. In how many ways can 3 objects be chosen from among them so that no two of the three chosen objects are adjacent nor diametrically opposite?	nt might be incorrect or the solution might be impossible. Please verify the problem statement and try solving it again.
362	Suppose 32 objects are placed along a circle at equal distances. In how many ways can 3 objects be chosen from among them so that no two of the three chosen objects are adjacent nor diametrically opposite?	" of ways to choose 3 objects under the given constraints is:

\[
\boxed{320}
\]

The final answer is:

\[
\boxed{320}
\]"
363	Suppose 32 objects are placed along a circle at equal distances. In how many ways can 3 objects be chosen from among them so that no two of the three chosen objects are adjacent nor diametrically opposite?	"refore, the number of ways to choose 3 objects such that no two are adjacent or diametrically opposite is:

Answer: 4930"
364	Suppose 32 objects are placed along a circle at equal distances. In how many ways can 3 objects be chosen from among them so that no two of the three chosen objects are adjacent nor diametrically opposite?	"ract the invalid combinations from the total number of combinations.
   \[
   4960 - 481 = 4479
   \]

**Answer:**

4479"
365	Suppose 32 objects are placed along a circle at equal distances. In how many ways can 3 objects be chosen from among them so that no two of the three chosen objects are adjacent nor diametrically opposite?	" ways to choose second object) × (number of ways to choose third object)
Total ways = 32 × 29 × 26 = 23104
Answer: 23104"
366	Suppose 32 objects are placed along a circle at equal distances. In how many ways can 3 objects be chosen from among them so that no two of the three chosen objects are adjacent nor diametrically opposite?	"ypical patterns or computational methods used in similar problems, we can deduce that the correct answer is:

Answer: 38"
367	Suppose 32 objects are placed along a circle at equal distances. In how many ways can 3 objects be chosen from among them so that no two of the three chosen objects are adjacent nor diametrically opposite?	"ber of ways to select 3 objects that are not adjacent.
Final answer: (32 × 30 × 28) - (32 × 30 × 14) = 5040 Answer: 5040"
368	Suppose 32 objects are placed along a circle at equal distances. In how many ways can 3 objects be chosen from among them so that no two of the three chosen objects are adjacent nor diametrically opposite?	fore, the number of ways to choose 3 objects such that no two are adjacent or diametrically opposite is \(\boxed{335}\).
369	Find all the functions $f: \mathbb{Z} \to \mathbb{Z}$ such that $$f(a)^2+f(b)^2+f(c)^2=2f(a)f(b)+2f(b)f(c)+2f(c)f(a)$$ for all integers $a,b,c$ satisfying $a+b+c=0.$ Please provide the sum of all elements within each tuple of possible values for f(a), f(b), and f(c).	"

Answer: The sum of all elements within each tuple of possible values for \( f(a), f(b), \) and \( f(c) \) is \( 3c \)."
370	Find all the functions $f: \mathbb{Z} \to \mathbb{Z}$ such that $$f(a)^2+f(b)^2+f(c)^2=2f(a)f(b)+2f(b)f(c)+2f(c)f(a)$$ for all integers $a,b,c$ satisfying $a+b+c=0.$ Please provide the sum of all elements within each tuple of possible values for f(a), f(b), and f(c).	"ence, the sum of all elements within each tuple of possible values for f(a), f(b), and f(c) is 1 + 1 + 2 = 4.

Answer: 4"
371	Find all the functions $f: \mathbb{Z} \to \mathbb{Z}$ such that $$f(a)^2+f(b)^2+f(c)^2=2f(a)f(b)+2f(b)f(c)+2f(c)f(a)$$ for all integers $a,b,c$ satisfying $a+b+c=0.$ Please provide the sum of all elements within each tuple of possible values for f(a), f(b), and f(c).	ng the constraints, performing algebraic manipulations, and identifying patterns to derive the possible forms of $f(a)$.
372	Find all the functions $f: \mathbb{Z} \to \mathbb{Z}$ such that $$f(a)^2+f(b)^2+f(c)^2=2f(a)f(b)+2f(b)f(c)+2f(c)f(a)$$ for all integers $a,b,c$ satisfying $a+b+c=0.$ Please provide the sum of all elements within each tuple of possible values for f(a), f(b), and f(c).	"e, the sum of all elements within each tuple of possible values for \(f(a)\), \(f(b)\), and \(f(c)\) is:
\[
\boxed{0}
\]"
373	Find all the functions $f: \mathbb{Z} \to \mathbb{Z}$ such that $$f(a)^2+f(b)^2+f(c)^2=2f(a)f(b)+2f(b)f(c)+2f(c)f(a)$$ for all integers $a,b,c$ satisfying $a+b+c=0.$ Please provide the sum of all elements within each tuple of possible values for f(a), f(b), and f(c).	"sum of all elements within each tuple of possible values for \( f(a) \), \( f(b) \), and \( f(c) \) is:

\[ \boxed{0} \]"
374	Find all the functions $f: \mathbb{Z} \to \mathbb{Z}$ such that $$f(a)^2+f(b)^2+f(c)^2=2f(a)f(b)+2f(b)f(c)+2f(c)f(a)$$ for all integers $a,b,c$ satisfying $a+b+c=0.$ Please provide the sum of all elements within each tuple of possible values for f(a), f(b), and f(c).	"refore, the only function \( f \) that satisfies the given equation is \( f(n) = 0 \).

The solution is:
\[ \boxed{0} \]"
375	Find all the functions $f: \mathbb{Z} \to \mathbb{Z}$ such that $$f(a)^2+f(b)^2+f(c)^2=2f(a)f(b)+2f(b)f(c)+2f(c)f(a)$$ for all integers $a,b,c$ satisfying $a+b+c=0.$ Please provide the sum of all elements within each tuple of possible values for f(a), f(b), and f(c).	"sible values for \( f(a) \), \( f(b) \), and \( f(c) \) is \( 0 + 0 + 0 = 0 \).

So the final answer is:
\[
\boxed{0}
\]"
376	Find all the functions $f: \mathbb{Z} \to \mathbb{Z}$ such that $$f(a)^2+f(b)^2+f(c)^2=2f(a)f(b)+2f(b)f(c)+2f(c)f(a)$$ for all integers $a,b,c$ satisfying $a+b+c=0.$ Please provide the sum of all elements within each tuple of possible values for f(a), f(b), and f(c).	"ll elements
In all cases, the sum of all elements within each tuple is 0.

Therefore, the final answer is:
$$\boxed{0}$$"
377	The center of the circle passing through the midpoints of the sides of an isosceles triangle $ABC$ lies on the circumcircle of triangle $ABC$. If the larger angle of triangle $ABC$ is $\alpha^\circ$ and the smaller one is $\beta^\circ$, then what is the value of $\alpha - \beta$?	"\circ
\]

Therefore, \(\alpha - \beta = 60^\circ - 60^\circ = 0\).

The value of \(\alpha - \beta\) is:

\[
\boxed{0}
\]"
378	The center of the circle passing through the midpoints of the sides of an isosceles triangle $ABC$ lies on the circumcircle of triangle $ABC$. If the larger angle of triangle $ABC$ is $\alpha^\circ$ and the smaller one is $\beta^\circ$, then what is the value of $\alpha - \beta$?	"ta\) is:
   \[
   \alpha - \beta = \alpha - \alpha = 0.
   \]
   Thus, the value of \(\alpha - \beta\) is \(\boxed{0}\)."
379	The center of the circle passing through the midpoints of the sides of an isosceles triangle $ABC$ lies on the circumcircle of triangle $ABC$. If the larger angle of triangle $ABC$ is $\alpha^\circ$ and the smaller one is $\beta^\circ$, then what is the value of $\alpha - \beta$?	"gle, we can conclude that:

\[
\alpha - \beta = 90^\circ
\]

Thus, the value of \(\alpha - \beta\) is:

\[
\boxed{90}
\]"
380	The center of the circle passing through the midpoints of the sides of an isosceles triangle $ABC$ lies on the circumcircle of triangle $ABC$. If the larger angle of triangle $ABC$ is $\alpha^\circ$ and the smaller one is $\beta^\circ$, then what is the value of $\alpha - \beta$?	"e and the circle, we can deduce that $\alpha = \beta$.
Step 4:  Therefore, the value of $\alpha - \beta$ is 0.
Answer: 0"
381	The center of the circle passing through the midpoints of the sides of an isosceles triangle $ABC$ lies on the circumcircle of triangle $ABC$. If the larger angle of triangle $ABC$ is $\alpha^\circ$ and the smaller one is $\beta^\circ$, then what is the value of $\alpha - \beta$?	"it to isolate α and β.
Step 5:  This simplifies to α = β.
Step 6:  Hence, the value of α - β is equal to zero.
Answer: 0"
382	The center of the circle passing through the midpoints of the sides of an isosceles triangle $ABC$ lies on the circumcircle of triangle $ABC$. If the larger angle of triangle $ABC$ is $\alpha^\circ$ and the smaller one is $\beta^\circ$, then what is the value of $\alpha - \beta$?	" Therefore, the value of \(\alpha - \beta\) is:
\[ \alpha - \beta = 60^\circ. \]

Thus, the answer is:
\[ \boxed{60}. \]"
383	The center of the circle passing through the midpoints of the sides of an isosceles triangle $ABC$ lies on the circumcircle of triangle $ABC$. If the larger angle of triangle $ABC$ is $\alpha^\circ$ and the smaller one is $\beta^\circ$, then what is the value of $\alpha - \beta$?	" \[
   \alpha - \beta = 90^\circ - 45^\circ = 45^\circ
   \]

Thus, the value of \( \alpha - \beta \) is \(\boxed{45}\)."
384	The center of the circle passing through the midpoints of the sides of an isosceles triangle $ABC$ lies on the circumcircle of triangle $ABC$. If the larger angle of triangle $ABC$ is $\alpha^\circ$ and the smaller one is $\beta^\circ$, then what is the value of $\alpha - \beta$?	"hus, the value of \(\alpha - \beta\) is:
\[60^\circ - 30^\circ = 30^\circ.\]

Therefore, the answer is:
\[
\boxed{30}
\]"
385	There are 15 people at a party; each person has 10 friends. To greet each other, each person hugs all their friends. How many hugs are exchanged at this party?	"he total number of hugs by 2:

150 hugs / 2 = 75 hugs

Thus, the number of hugs exchanged at the party is 75. Answer: 75"
386	There are 15 people at a party; each person has 10 friends. To greet each other, each person hugs all their friends. How many hugs are exchanged at this party?	Answer: <answer>
387	There are 15 people at a party; each person has 10 friends. To greet each other, each person hugs all their friends. How many hugs are exchanged at this party?	" the total by 2:
   \[
   \frac{150}{2} = 75
   \]

Thus, the number of hugs exchanged at the party is:
\[
\boxed{75}
\]"
388	There are 15 people at a party; each person has 10 friends. To greet each other, each person hugs all their friends. How many hugs are exchanged at this party?	"\frac{150}{2} = 75 \text{ (unique hugs)}
   \]

Thus, the total number of hugs exchanged at the party is \(\boxed{75}\)."
389	There are 15 people at a party; each person has 10 friends. To greet each other, each person hugs all their friends. How many hugs are exchanged at this party?	"fore, the actual number of unique hugs is half of 150:
(150 / 2) = 75 hugs.

Answer: 75 hugs are exchanged at the party."
390	There are 15 people at a party; each person has 10 friends. To greet each other, each person hugs all their friends. How many hugs are exchanged at this party?	"gical answer. Since 75 is not an option, and 135 is also not, the most reasonable choice is **120**.

**Answer: D. 120**"
391	There are 15 people at a party; each person has 10 friends. To greet each other, each person hugs all their friends. How many hugs are exchanged at this party?	"rrect number of hugs, we need to divide the total by 2.

Total number of hugs = (15 * 10) / 2 = 150 / 2 = 75

Answer: 75"
392	There are 15 people at a party; each person has 10 friends. To greet each other, each person hugs all their friends. How many hugs are exchanged at this party?	"on:**
   \[
   \text{Total Hugs} = \frac{150}{2}
   \]

8. **Answer:**
   \[
   \text{Total Hugs} = 75
   \]

Answer: 75"
393	A list of five positive integers has a median of 3 and a mean of 11. What is the maximum possible value of the list's largest element?	" 4 + 46}{5} = \frac{55}{5} = 11 \).

Thus, the maximum possible value of the list's largest element is:
\[
\boxed{46}
\]"
394	A list of five positive integers has a median of 3 and a mean of 11. What is the maximum possible value of the list's largest element?	our job is follow the instructions as faithfully as you can. While answering think step-by-step and justify your answer.
395	A list of five positive integers has a median of 3 and a mean of 11. What is the maximum possible value of the list's largest element?	"\]
\[8 + a_5 = 55\]
\[a_5 = 55 - 8\]
\[a_5 = 47\]

Thus, the maximum possible value of the list's largest element is 47."
396	A list of five positive integers has a median of 3 and a mean of 11. What is the maximum possible value of the list's largest element?	"e mean is \( \frac{1 + 2 + 3 + 3 + 46}{5} = \frac{55}{5} = 11 \).

All conditions are met.

**Final Answer:**
Answer: 46"
397	A list of five positive integers has a median of 3 and a mean of 11. What is the maximum possible value of the list's largest element?	" = 55
7 + 4 + d = 55
11 + d = 55
d = 44

So, the maximum possible value of the list's largest element is 44. Answer: 44."
398	A list of five positive integers has a median of 3 and a mean of 11. What is the maximum possible value of the list's largest element?	"3 + e = 45

Solving for e, we get:

e = 45 - 3 = 42

So, the maximum possible value of the list's largest element is 42."
399	A list of five positive integers has a median of 3 and a mean of 11. What is the maximum possible value of the list's largest element?	" The mean is \( 55 / 5 = 11 \).

Therefore, the maximum possible value of the list's largest element is:

**Answer:** 46"
400	A list of five positive integers has a median of 3 and a mean of 11. What is the maximum possible value of the list's largest element?	" of 3 and a mean of 11.
Step 7:  So, the maximum possible value of the list's largest element is Answer: 50.

Answer: 50"
