id	problem	tail
1	If the equation system \[\begin{array}{rcl} f(x) + g(x) &=& 0 \\ f(x)-(g(x))^3 &=& 0 \end{array}\] has more than one real root, where $a,b,c,d$ are reals and $f(x)=x^2 + ax+b$, $g(x)=x^2 + cx + d$, find at most how many distinct real roots the equation $f(x)g(x) = 0$ can have.	s, we found that there were no real roots satisfying both equations simultaneously for all possible values of \(a\), \(b
2	If the equation system \[\begin{array}{rcl} f(x) + g(x) &=& 0 \\ f(x)-(g(x))^3 &=& 0 \end{array}\] has more than one real root, where $a,b,c,d$ are reals and $f(x)=x^2 + ax+b$, $g(x)=x^2 + cx + d$, find at most how many distinct real roots the equation $f(x)g(x) = 0$ can have.	"number of distinct real roots the equation \( f(x)g(x) = 0 \) can have is 4.

Therefore, the answer is:

\[
\boxed{4}
\]"
3	If the equation system \[\begin{array}{rcl} f(x) + g(x) &=& 0 \\ f(x)-(g(x))^3 &=& 0 \end{array}\] has more than one real root, where $a,b,c,d$ are reals and $f(x)=x^2 + ax+b$, $g(x)=x^2 + cx + d$, find at most how many distinct real roots the equation $f(x)g(x) = 0$ can have.	" of distinct real roots the equation \( f(x)g(x) = 0 \) can have is 4.

Therefore, the final answer is:

\[
\boxed{4}
\]"
4	If the equation system \[\begin{array}{rcl} f(x) + g(x) &=& 0 \\ f(x)-(g(x))^3 &=& 0 \end{array}\] has more than one real root, where $a,b,c,d$ are reals and $f(x)=x^2 + ax+b$, $g(x)=x^2 + cx + d$, find at most how many distinct real roots the equation $f(x)g(x) = 0$ can have.	". Therefore, the equation \(f(x)g(x) = 0\) can have at most 4 distinct real roots.

Thus, the answer is:
\[
\boxed{4}
\]"
5	If the equation system \[\begin{array}{rcl} f(x) + g(x) &=& 0 \\ f(x)-(g(x))^3 &=& 0 \end{array}\] has more than one real root, where $a,b,c,d$ are reals and $f(x)=x^2 + ax+b$, $g(x)=x^2 + cx + d$, find at most how many distinct real roots the equation $f(x)g(x) = 0$ can have.	" 0 can have at most two distinct real roots because the original equation system has more than one real root.

Answer: 2"
6	If the equation system \[\begin{array}{rcl} f(x) + g(x) &=& 0 \\ f(x)-(g(x))^3 &=& 0 \end{array}\] has more than one real root, where $a,b,c,d$ are reals and $f(x)=x^2 + ax+b$, $g(x)=x^2 + cx + d$, find at most how many distinct real roots the equation $f(x)g(x) = 0$ can have.	"oots is 2. Thus, the maximum number of distinct real roots the equation \( f(x)g(x) = 0 \) can have is:

\[
\boxed{2}
\]"
7	If the equation system \[\begin{array}{rcl} f(x) + g(x) &=& 0 \\ f(x)-(g(x))^3 &=& 0 \end{array}\] has more than one real root, where $a,b,c,d$ are reals and $f(x)=x^2 + ax+b$, $g(x)=x^2 + cx + d$, find at most how many distinct real roots the equation $f(x)g(x) = 0$ can have.	" 4 distinct real roots.

Step 5:  Therefore, the equation f(x)g(x) = 0 can have at most 4 distinct real roots.
Answer: 4"
8	If the equation system \[\begin{array}{rcl} f(x) + g(x) &=& 0 \\ f(x)-(g(x))^3 &=& 0 \end{array}\] has more than one real root, where $a,b,c,d$ are reals and $f(x)=x^2 + ax+b$, $g(x)=x^2 + cx + d$, find at most how many distinct real roots the equation $f(x)g(x) = 0$ can have.	" Solve the equations
sol_f = sp.solve(f, x)
sol_g = sp.solve(g, x)

# The number of distinct real roots of f(x)g(x) = 0
"
9	Horses X, Y, and Z are entered in a three-horse race in which ties are not possible. If the odds against X winning are $3\text{-to-}1$ and the odds against Y winning are $2\text{-to-}3$, what are the odds against Z winning? Express your answer in the form $k\text{-to-}m$. Please provide the value of k + m.	"s against Z winning are 7-to-15.
Step 8: Add the values of k and m to get 7 + 15 = 22.
Step 9: The value of k + m is 22."
10	Horses X, Y, and Z are entered in a three-horse race in which ties are not possible. If the odds against X winning are $3\text{-to-}1$ and the odds against Y winning are $2\text{-to-}3$, what are the odds against Z winning? Express your answer in the form $k\text{-to-}m$. Please provide the value of k + m.	"re $13\text{-to-}7$. The value of $k + m$ is $13 + 7 = 20$. Answer: 20

I forgot to add that X and Y never win together."
11	Horses X, Y, and Z are entered in a three-horse race in which ties are not possible. If the odds against X winning are $3\text{-to-}1$ and the odds against Y winning are $2\text{-to-}3$, what are the odds against Z winning? Express your answer in the form $k\text{-to-}m$. Please provide the value of k + m.	"refore, the odds against Z winning are \( 13\text{-to-}7 \).

The value of \( k + m \) is:
\[ 13 + 7 = 20 \]

Answer: 20"
12	Horses X, Y, and Z are entered in a three-horse race in which ties are not possible. If the odds against X winning are $3\text{-to-}1$ and the odds against Y winning are $2\text{-to-}3$, what are the odds against Z winning? Express your answer in the form $k\text{-to-}m$. Please provide the value of k + m.	"
k/m = 100/3 - 17/3 = 83/3
k = 83 and m = 3

Step 6: Now we can find the value of k + m:
k + m = 83 + 3 = 86

Answer: 86"
13	Horses X, Y, and Z are entered in a three-horse race in which ties are not possible. If the odds against X winning are $3\text{-to-}1$ and the odds against Y winning are $2\text{-to-}3$, what are the odds against Z winning? Express your answer in the form $k\text{-to-}m$. Please provide the value of k + m.	"frac{11}{20}$, which simplifies to $9\text{-to-}11$.
Step 11: Thus, k = 9 and m = 11, so k + m = 9 + 11 = 20. Answer: 20"
14	Horses X, Y, and Z are entered in a three-horse race in which ties are not possible. If the odds against X winning are $3\text{-to-}1$ and the odds against Y winning are $2\text{-to-}3$, what are the odds against Z winning? Express your answer in the form $k\text{-to-}m$. Please provide the value of k + m.	" = \frac{9}{11}$.

Thus, the odds against Z winning are $9\text{-to-}11$, and $k + m = 9 + 11 = \boxed{20}$.

Answer: 20"
15	Horses X, Y, and Z are entered in a three-horse race in which ties are not possible. If the odds against X winning are $3\text{-to-}1$ and the odds against Y winning are $2\text{-to-}3$, what are the odds against Z winning? Express your answer in the form $k\text{-to-}m$. Please provide the value of k + m.	"-to-}17 \).

### Conclusion:
The value of \( k + m \) is:
\[ 3 + 17 = 20 \]

Thus, the final answer is:
\[
\boxed{20}
\]"
16	Horses X, Y, and Z are entered in a three-horse race in which ties are not possible. If the odds against X winning are $3\text{-to-}1$ and the odds against Y winning are $2\text{-to-}3$, what are the odds against Z winning? Express your answer in the form $k\text{-to-}m$. Please provide the value of k + m.	" + 4.
Step 11:  The final step is to answer the question with the given information and calculations.

Answer: 5 + 4 = 9"
17	Line segment $\overline{AB}$ is a diameter of a circle with $AB=24$. Point $C$, not equal to $A$ or $B$, lies on the circle. As point $C$ moves around the circle, the centroid (center of mass) of $\triangle{ABC}$ traces out a closed curve missing two points. To the nearest positive integer, find the area of the region bounded by this curve.	"i r^2 = \pi (4)^2 = 16\pi
\]
To the nearest positive integer, this is \( 50 \).

---

### Final Answer:
Answer: \( 50 \)"
18	Line segment $\overline{AB}$ is a diameter of a circle with $AB=24$. Point $C$, not equal to $A$ or $B$, lies on the circle. As point $C$ moves around the circle, the centroid (center of mass) of $\triangle{ABC}$ traces out a closed curve missing two points. To the nearest positive integer, find the area of the region bounded by this curve.	"pi \times 4^2 = 16\pi\).

Thus, the area of the region bounded by the curve traced by the centroid is \(\boxed{16\pi}\)."
19	Line segment $\overline{AB}$ is a diameter of a circle with $AB=24$. Point $C$, not equal to $A$ or $B$, lies on the circle. As point $C$ moves around the circle, the centroid (center of mass) of $\triangle{ABC}$ traces out a closed curve missing two points. To the nearest positive integer, find the area of the region bounded by this curve.	"
Step 8:  Therefore, rounding the area to the nearest positive integer, we get the final answer: 120*pi.

Answer: 120*pi"
20	Line segment $\overline{AB}$ is a diameter of a circle with $AB=24$. Point $C$, not equal to $A$ or $B$, lies on the circle. As point $C$ moves around the circle, the centroid (center of mass) of $\triangle{ABC}$ traces out a closed curve missing two points. To the nearest positive integer, find the area of the region bounded by this curve.	erefore, the area of the region traced out by the centroid is \[\pi\cdot6^2/2=18\pi\approx\boxed{57}\]. The answer is 57
21	Line segment $\overline{AB}$ is a diameter of a circle with $AB=24$. Point $C$, not equal to $A$ or $B$, lies on the circle. As point $C$ moves around the circle, the centroid (center of mass) of $\triangle{ABC}$ traces out a closed curve missing two points. To the nearest positive integer, find the area of the region bounded by this curve.	"dius is 4, so the area is:
\[
\pi \times 4^2 = 16\pi.
\]
To the nearest positive integer, the area is:
\[
\boxed{50}.
\]"
22	Line segment $\overline{AB}$ is a diameter of a circle with $AB=24$. Point $C$, not equal to $A$ or $B$, lies on the circle. As point $C$ moves around the circle, the centroid (center of mass) of $\triangle{ABC}$ traces out a closed curve missing two points. To the nearest positive integer, find the area of the region bounded by this curve.	"his is approximately 452.

Therefore, the area of the region bounded by the curve traced by the centroid is Answer: 452."
23	Line segment $\overline{AB}$ is a diameter of a circle with $AB=24$. Point $C$, not equal to $A$ or $B$, lies on the circle. As point $C$ moves around the circle, the centroid (center of mass) of $\triangle{ABC}$ traces out a closed curve missing two points. To the nearest positive integer, find the area of the region bounded by this curve.	"\approx 201.06\)).

Thus, the area of the region bounded by the curve traced by the centroid \(G\) is:
\[
\boxed{201}
\]"
24	Line segment $\overline{AB}$ is a diameter of a circle with $AB=24$. Point $C$, not equal to $A$ or $B$, lies on the circle. As point $C$ moves around the circle, the centroid (center of mass) of $\triangle{ABC}$ traces out a closed curve missing two points. To the nearest positive integer, find the area of the region bounded by this curve.	d radius $4$. Finally, we calculated the area of this circle and rounded to the nearest integer to get the final answer.
25	For a real number $a$, let $\lfloor a \rfloor$ denote the greatest integer less than or equal to $a$. Let $\mathcal{R}$ denote the region in the coordinate plane consisting of points $(x,y)$ such that $\lfloor x \rfloor ^2 + \lfloor y \rfloor ^2 = 25$. The region $\mathcal{R}$ is completely contained in a disk of radius $r$ (a disk is the union of a circle and its interior). The minimum value of $r$ can be written as $\frac {\sqrt {m}}{n}$, where $m$ and $n$ are integers and $m$ is not divisible by the square of any prime. Find $m + n$.	"i}{12}\right) \). Using the half-angle formula for cosine, we get:

\[ \cos\left(\frac{\pi}{12}\right) = \sqrt{\frac{1 +"
26	For a real number $a$, let $\lfloor a \rfloor$ denote the greatest integer less than or equal to $a$. Let $\mathcal{R}$ denote the region in the coordinate plane consisting of points $(x,y)$ such that $\lfloor x \rfloor ^2 + \lfloor y \rfloor ^2 = 25$. The region $\mathcal{R}$ is completely contained in a disk of radius $r$ (a disk is the union of a circle and its interior). The minimum value of $r$ can be written as $\frac {\sqrt {m}}{n}$, where $m$ and $n$ are integers and $m$ is not divisible by the square of any prime. Find $m + n$.	"alue of $r$ is $\frac{6\sqrt{2}}{1}$, so $m = 2 * 36 = 72$ and $n = 1$. The sum of $m + n$ is $72 + 1 = 73$.

Answer: 73"
27	For a real number $a$, let $\lfloor a \rfloor$ denote the greatest integer less than or equal to $a$. Let $\mathcal{R}$ denote the region in the coordinate plane consisting of points $(x,y)$ such that $\lfloor x \rfloor ^2 + \lfloor y \rfloor ^2 = 25$. The region $\mathcal{R}$ is completely contained in a disk of radius $r$ (a disk is the union of a circle and its interior). The minimum value of $r$ can be written as $\frac {\sqrt {m}}{n}$, where $m$ and $n$ are integers and $m$ is not divisible by the square of any prime. Find $m + n$.	"c{\sqrt{100}}{1}$, so $m = 100$ and $n = 1$. Therefore, $m + n = 100 + 1 = 101$.

The final answer is:
\[
\boxed{101}
\]"
28	For a real number $a$, let $\lfloor a \rfloor$ denote the greatest integer less than or equal to $a$. Let $\mathcal{R}$ denote the region in the coordinate plane consisting of points $(x,y)$ such that $\lfloor x \rfloor ^2 + \lfloor y \rfloor ^2 = 25$. The region $\mathcal{R}$ is completely contained in a disk of radius $r$ (a disk is the union of a circle and its interior). The minimum value of $r$ can be written as $\frac {\sqrt {m}}{n}$, where $m$ and $n$ are integers and $m$ is not divisible by the square of any prime. Find $m + n$.	"ten as \(\frac{\sqrt{m}}{n}\), where \(m = 2\) and \(n = 1\). Thus, \(m + n = 2 + 1 = 3\).

The answer is \(\boxed{3}\)."
29	For a real number $a$, let $\lfloor a \rfloor$ denote the greatest integer less than or equal to $a$. Let $\mathcal{R}$ denote the region in the coordinate plane consisting of points $(x,y)$ such that $\lfloor x \rfloor ^2 + \lfloor y \rfloor ^2 = 25$. The region $\mathcal{R}$ is completely contained in a disk of radius $r$ (a disk is the union of a circle and its interior). The minimum value of $r$ can be written as $\frac {\sqrt {m}}{n}$, where $m$ and $n$ are integers and $m$ is not divisible by the square of any prime. Find $m + n$.	"$\frac{\sqrt{50}}{2}$, so $m = 50$ and $n = 2$. Therefore, $m + n = 50 + 2 = 52$.

The final answer is:
\[
\boxed{52}
\]"
30	For a real number $a$, let $\lfloor a \rfloor$ denote the greatest integer less than or equal to $a$. Let $\mathcal{R}$ denote the region in the coordinate plane consisting of points $(x,y)$ such that $\lfloor x \rfloor ^2 + \lfloor y \rfloor ^2 = 25$. The region $\mathcal{R}$ is completely contained in a disk of radius $r$ (a disk is the union of a circle and its interior). The minimum value of $r$ can be written as $\frac {\sqrt {m}}{n}$, where $m$ and $n$ are integers and $m$ is not divisible by the square of any prime. Find $m + n$.	"s $\frac{\sqrt{m}}{n} = \frac{\sqrt{61}}{1}$, where $m = 61$ and $n = 1$. Therefore, $m + n = 61 + 1 = 62$. 

Answer: 62"
31	For a real number $a$, let $\lfloor a \rfloor$ denote the greatest integer less than or equal to $a$. Let $\mathcal{R}$ denote the region in the coordinate plane consisting of points $(x,y)$ such that $\lfloor x \rfloor ^2 + \lfloor y \rfloor ^2 = 25$. The region $\mathcal{R}$ is completely contained in a disk of radius $r$ (a disk is the union of a circle and its interior). The minimum value of $r$ can be written as $\frac {\sqrt {m}}{n}$, where $m$ and $n$ are integers and $m$ is not divisible by the square of any prime. Find $m + n$.	"n as \(\frac{\sqrt{30}}{1}\). Here, \(m = 30\) and \(n = 1\), so \(m + n = 30 + 1 = 31\).

The answer is \(\boxed{31}\)."
32	For a real number $a$, let $\lfloor a \rfloor$ denote the greatest integer less than or equal to $a$. Let $\mathcal{R}$ denote the region in the coordinate plane consisting of points $(x,y)$ such that $\lfloor x \rfloor ^2 + \lfloor y \rfloor ^2 = 25$. The region $\mathcal{R}$ is completely contained in a disk of radius $r$ (a disk is the union of a circle and its interior). The minimum value of $r$ can be written as $\frac {\sqrt {m}}{n}$, where $m$ and $n$ are integers and $m$ is not divisible by the square of any prime. Find $m + n$.	",5]$. The radius of the disk must be at least 5.

Therefore, the minimum value of $r$ is $\boxed{5}$.

The answer is: 25"
33	Charlie noticed his golden ticket was golden in two ways! In addition to being gold, it was a rectangle whose side lengths had ratio the golden ratio $\varphi = \tfrac{1+\sqrt{5}}{2}$. He then folds the ticket so that two opposite corners (vertices connected by a diagonal) coincide and makes a sharp crease (the ticket folds just as any regular piece of paper would). The area of the resulting shape can be expressed as $a + b \varphi$. What is $\tfrac{b}{a}$?	ginal ticket has side lengths \(a\) and \(b\), where the ratio of the side lengths is the golden ratio \(\varphi = \frac
34	Charlie noticed his golden ticket was golden in two ways! In addition to being gold, it was a rectangle whose side lengths had ratio the golden ratio $\varphi = \tfrac{1+\sqrt{5}}{2}$. He then folds the ticket so that two opposite corners (vertices connected by a diagonal) coincide and makes a sharp crease (the ticket folds just as any regular piece of paper would). The area of the resulting shape can be expressed as $a + b \varphi$. What is $\tfrac{b}{a}$?	" = 1 / 2
a = 1 / 2

ratio_b_a = b / a
print(ratio_b_a)
```
```output
1.0
```
The ratio \(\frac{b}{a}\) is \(\boxed{1}\)."
35	Charlie noticed his golden ticket was golden in two ways! In addition to being gold, it was a rectangle whose side lengths had ratio the golden ratio $\varphi = \tfrac{1+\sqrt{5}}{2}$. He then folds the ticket so that two opposite corners (vertices connected by a diagonal) coincide and makes a sharp crease (the ticket folds just as any regular piece of paper would). The area of the resulting shape can be expressed as $a + b \varphi$. What is $\tfrac{b}{a}$?	"erived, so we should have:
\[
A = \frac{5 \varphi}{4} - \frac{\varphi \sqrt{5}}{4} = \frac{5 \varphi}{4} - \frac{\varphi"
36	Charlie noticed his golden ticket was golden in two ways! In addition to being gold, it was a rectangle whose side lengths had ratio the golden ratio $\varphi = \tfrac{1+\sqrt{5}}{2}$. He then folds the ticket so that two opposite corners (vertices connected by a diagonal) coincide and makes a sharp crease (the ticket folds just as any regular piece of paper would). The area of the resulting shape can be expressed as $a + b \varphi$. What is $\tfrac{b}{a}$?	} - 1)(1 + \sqrt{5})} = \frac{(1 + \sqrt{5})^2}{5 - 1} = \frac{1 + 2\sqrt{5} + 5}{4} = \frac{6 + 2\sqrt{5}}{4} = \frac{3
37	Charlie noticed his golden ticket was golden in two ways! In addition to being gold, it was a rectangle whose side lengths had ratio the golden ratio $\varphi = \tfrac{1+\sqrt{5}}{2}$. He then folds the ticket so that two opposite corners (vertices connected by a diagonal) coincide and makes a sharp crease (the ticket folds just as any regular piece of paper would). The area of the resulting shape can be expressed as $a + b \varphi$. What is $\tfrac{b}{a}$?	" area expression of the pentagon, which is \(\frac{3}{2}\).

Therefore, the final answer is:

\[ \boxed{\frac{3}{2}}. \]"
38	Charlie noticed his golden ticket was golden in two ways! In addition to being gold, it was a rectangle whose side lengths had ratio the golden ratio $\varphi = \tfrac{1+\sqrt{5}}{2}$. He then folds the ticket so that two opposite corners (vertices connected by a diagonal) coincide and makes a sharp crease (the ticket folds just as any regular piece of paper would). The area of the resulting shape can be expressed as $a + b \varphi$. What is $\tfrac{b}{a}$?	"ontext. However, since we are asked to find $\frac{b}{a}$ in the context of the problem, the answer is:

\[
\boxed{5}
\]"
39	Charlie noticed his golden ticket was golden in two ways! In addition to being gold, it was a rectangle whose side lengths had ratio the golden ratio $\varphi = \tfrac{1+\sqrt{5}}{2}$. He then folds the ticket so that two opposite corners (vertices connected by a diagonal) coincide and makes a sharp crease (the ticket folds just as any regular piece of paper would). The area of the resulting shape can be expressed as $a + b \varphi$. What is $\tfrac{b}{a}$?	" the smallest positive period of the function $f(x)$ is $\pi$.

(II) Since $x_0 \in [0, \frac{\pi}{2}]$ and $f(x_0) = 2\"
40	Charlie noticed his golden ticket was golden in two ways! In addition to being gold, it was a rectangle whose side lengths had ratio the golden ratio $\varphi = \tfrac{1+\sqrt{5}}{2}$. He then folds the ticket so that two opposite corners (vertices connected by a diagonal) coincide and makes a sharp crease (the ticket folds just as any regular piece of paper would). The area of the resulting shape can be expressed as $a + b \varphi$. What is $\tfrac{b}{a}$?	ntersection of external angle bisectors of opposite angles lies on the circumcircle. Therefore, \(P\) lies on the circum
41	The base of a triangle is $80$, and one side of the base angle is $60^\circ$. The sum of the lengths of the other two sides is $90$. Find the length of the shortest side of the triangle.	"est side of the triangle is the smallest among the three sides, which is the second side with a length of 60.
Answer: 60"
42	The base of a triangle is $80$, and one side of the base angle is $60^\circ$. The sum of the lengths of the other two sides is $90$. Find the length of the shortest side of the triangle.	" the shortest side of the triangle.

Therefore, the length of the shortest side of the triangle is y, which is 90 - y/2."
43	The base of a triangle is $80$, and one side of the base angle is $60^\circ$. The sum of the lengths of the other two sides is $90$. Find the length of the shortest side of the triangle.	"ller length, which is \( a \approx 6.818 \).

Thus, the length of the shortest side of the triangle is:

\[
\boxed{6}
\]"
44	The base of a triangle is $80$, and one side of the base angle is $60^\circ$. The sum of the lengths of the other two sides is $90$. Find the length of the shortest side of the triangle.	"end{align*}
By inspection, $\beta=15^\circ$ satisfies this equation. So, $\alpha=60-\beta=60-15=\boxed{45}$.

Answer: 45"
45	The base of a triangle is $80$, and one side of the base angle is $60^\circ$. The sum of the lengths of the other two sides is $90$. Find the length of the shortest side of the triangle.	"Once we have the values, we can determine the shortest side of the triangle by comparing the three sides.

Answer: 56.56"
46	The base of a triangle is $80$, and one side of the base angle is $60^\circ$. The sum of the lengths of the other two sides is $90$. Find the length of the shortest side of the triangle.	"So, $a = 17$ and $b = 90 - 17 = 73$. Therefore, the length of the shortest side is $17$. The answer is:
\[
\boxed{17}
\]"
47	The base of a triangle is $80$, and one side of the base angle is $60^\circ$. The sum of the lengths of the other two sides is $90$. Find the length of the shortest side of the triangle.	" up the equation \( \frac{a}{1} = \frac{b}{\sqrt{3}} = \frac{c}{2} \).
Step 11:  Using the equation \( a + b = 90 \), we"
48	The base of a triangle is $80$, and one side of the base angle is $60^\circ$. The sum of the lengths of the other two sides is $90$. Find the length of the shortest side of the triangle.	" find that $x = 57.735$.
Step 8: Therefore, the length of the shortest side of the triangle is $57.735$.

Answer: 57.735"
49	An integer between $1000$ and $9999$, inclusive, is called balanced if the sum of its two leftmost digits equals the sum of its two rightmost digits. How many balanced integers are there?	"((5, 0)\)
- Number of pairs \((A, B)\): 5
- Possible pairs \((C, D)\): \((1, 4)\), \((2, 3)\), \((3, 2)\), \((4, 1)\), \"
50	An integer between $1000$ and $9999$, inclusive, is called balanced if the sum of its two leftmost digits equals the sum of its two rightmost digits. How many balanced integers are there?	"al number of balanced integers is:
\[ 90 \times 90 = 8100 \]

Thus, the number of balanced integers is \(\boxed{8100}\)."
51	An integer between $1000$ and $9999$, inclusive, is called balanced if the sum of its two leftmost digits equals the sum of its two rightmost digits. How many balanced integers are there?	"(balanced_count)
```
```output
560
```
The number of balanced integers between \(1000\) and \(9999\) is \(\boxed{560}\)."
52	An integer between $1000$ and $9999$, inclusive, is called balanced if the sum of its two leftmost digits equals the sum of its two rightmost digits. How many balanced integers are there?	"count += 1

print(count)
```
```output
615
```
The number of balanced integers between 1000 and 9999 is \(\boxed{615}\)."
53	An integer between $1000$ and $9999$, inclusive, is called balanced if the sum of its two leftmost digits equals the sum of its two rightmost digits. How many balanced integers are there?	"is met. If it is, we increment the `count`. After all numbers have been checked, we print the final count.

Answer: 3810"
54	An integer between $1000$ and $9999$, inclusive, is called balanced if the sum of its two leftmost digits equals the sum of its two rightmost digits. How many balanced integers are there?	"ntegers)
```
```output
1560
```
The total number of balanced integers between \(1000\) and \(9999\) is \(\boxed{1560}\)."
55	An integer between $1000$ and $9999$, inclusive, is called balanced if the sum of its two leftmost digits equals the sum of its two rightmost digits. How many balanced integers are there?	"ion.
Step 9:  After running the program, we get that there are 576 balanced integers between 1000 and 9999.

Answer: 576"
56	An integer between $1000$ and $9999$, inclusive, is called balanced if the sum of its two leftmost digits equals the sum of its two rightmost digits. How many balanced integers are there?	"omb(18, S)

print(count)
```
```output
336
```
The number of balanced integers between 1000 and 9999 is \(\boxed{336}\)."
57	Let $d(n)$ denote the number of divisors of $n$ (including itself). You are given that \[\sum_{n=1}^{\infty} \frac{1}{n^2} = \frac{\pi^2}{6}.\]  Find $p(6)$, where $p(x)$ is the unique polynomial with rational coefficients satisfying \[p(\pi) = \sum_{n=1}^{\infty} \frac{d(n)}{n^2}.\]	"}{6} x^2. \]

Thus, \( p(6) = \frac{1}{6} (6^2) = \frac{1}{6} \cdot 36 = 6 \).

Finally, the answer is:

\[ \boxed{6} \]"
58	Let $d(n)$ denote the number of divisors of $n$ (including itself). You are given that \[\sum_{n=1}^{\infty} \frac{1}{n^2} = \frac{\pi^2}{6}.\]  Find $p(6)$, where $p(x)$ is the unique polynomial with rational coefficients satisfying \[p(\pi) = \sum_{n=1}^{\infty} \frac{d(n)}{n^2}.\]	and use this to find the exact value of $p(6)$. Let's use a more precise calculation and determine the exact value of $p
59	Let $d(n)$ denote the number of divisors of $n$ (including itself). You are given that \[\sum_{n=1}^{\infty} \frac{1}{n^2} = \frac{\pi^2}{6}.\]  Find $p(6)$, where $p(x)$ is the unique polynomial with rational coefficients satisfying \[p(\pi) = \sum_{n=1}^{\infty} \frac{d(n)}{n^2}.\]	is means that the value of the polynomial $p(x)$ at $x = 6$ is $17.5$. Therefore, the value of $p(6)$ is $\boxed{17.5}$.
60	Let $d(n)$ denote the number of divisors of $n$ (including itself). You are given that \[\sum_{n=1}^{\infty} \frac{1}{n^2} = \frac{\pi^2}{6}.\]  Find $p(6)$, where $p(x)$ is the unique polynomial with rational coefficients satisfying \[p(\pi) = \sum_{n=1}^{\infty} \frac{d(n)}{n^2}.\]	"}^{\infty} \frac{d(n)}{n^2}$ evaluated at $x = 6$ is $2\pi^4/3$. 

Therefore, the value of $p(6)$ is $\boxed{2\pi^4/3}$."
61	Let $d(n)$ denote the number of divisors of $n$ (including itself). You are given that \[\sum_{n=1}^{\infty} \frac{1}{n^2} = \frac{\pi^2}{6}.\]  Find $p(6)$, where $p(x)$ is the unique polynomial with rational coefficients satisfying \[p(\pi) = \sum_{n=1}^{\infty} \frac{d(n)}{n^2}.\]	"pi**2/6
```
The value of \(p(6)\) is \(\frac{\pi^2}{6}\). Therefore, the final answer is:

\[
\boxed{\frac{\pi^2}{6}}
\]"
62	Let $d(n)$ denote the number of divisors of $n$ (including itself). You are given that \[\sum_{n=1}^{\infty} \frac{1}{n^2} = \frac{\pi^2}{6}.\]  Find $p(6)$, where $p(x)$ is the unique polynomial with rational coefficients satisfying \[p(\pi) = \sum_{n=1}^{\infty} \frac{d(n)}{n^2}.\]	"^2}{6}
\]

Thus, the value of \( p(6) \) is:

\[
p(6) = \frac{6^2}{6} = 6
\]

Therefore, the answer is:

\[
\boxed{6}
\]"
63	Let $d(n)$ denote the number of divisors of $n$ (including itself). You are given that \[\sum_{n=1}^{\infty} \frac{1}{n^2} = \frac{\pi^2}{6}.\]  Find $p(6)$, where $p(x)$ is the unique polynomial with rational coefficients satisfying \[p(\pi) = \sum_{n=1}^{\infty} \frac{d(n)}{n^2}.\]	"e constant term, which is \( -\frac{\pi^2}{12} \).

Thus, the value of \( p(\pi) \) is:

\[
\boxed{-\frac{\pi^2}{12}}
\]"
64	Let $d(n)$ denote the number of divisors of $n$ (including itself). You are given that \[\sum_{n=1}^{\infty} \frac{1}{n^2} = \frac{\pi^2}{6}.\]  Find $p(6)$, where $p(x)$ is the unique polynomial with rational coefficients satisfying \[p(\pi) = \sum_{n=1}^{\infty} \frac{d(n)}{n^2}.\]	}{n^3 \cdot d(n)}\), we need to recognize that the sum \(\sum_{n=1}^{\infty} \frac{d(n)^2 \cdot \sigma_1(n)}{n^3 \cdot d
65	Let $m$, $n$, $a$, and $k$ be positive integers with $k > 1$ such that the equation \(5^m + 63n + 49 = a^k\) holds. Find the minimum value of $k$.	"erfect square. Let's check \(n = 1\):
     \[
     63 \cdot 1 + 78174 = 78237
     \]
     78237 is not a perfect square"
66	Let $m$, $n$, $a$, and $k$ be positive integers with $k > 1$ such that the equation \(5^m + 63n + 49 = a^k\) holds. Find the minimum value of $k$.	"values of $m$ and $n$ to see if we can find a solution for $a$ as $k$ increases.
Step 15: For $k = 6$, we have $5^m + 63"
67	Let $m$, $n$, $a$, and $k$ be positive integers with $k > 1$ such that the equation \(5^m + 63n + 49 = a^k\) holds. Find the minimum value of $k$.	"2 + 63 \cdot 1 + 49 = 25 + 63 + 49 = 137.
   \]
   137 is not a perfect cube.

2. Let \(m = 3\) and \(n = 1\):
   \[
   "
68	Let $m$, $n$, $a$, and $k$ be positive integers with $k > 1$ such that the equation \(5^m + 63n + 49 = a^k\) holds. Find the minimum value of $k$.	" a perfect power is when \(m = 4\) and \(a = 13\), giving \(k = 3\).

Thus, the minimum value of \(k\) is \(\boxed{3}\)."
69	Let $m$, $n$, $a$, and $k$ be positive integers with $k > 1$ such that the equation \(5^m + 63n + 49 = a^k\) holds. Find the minimum value of $k$.	"pmod{64} \implies n \equiv 63 \pmod{64}.\]

### Case 4: \(5^m \equiv 625 \pmod{64}\)
This implies \(5^m \equiv 1 \pmod{4"
70	Let $m$, $n$, $a$, and $k$ be positive integers with $k > 1$ such that the equation \(5^m + 63n + 49 = a^k\) holds. Find the minimum value of $k$.	" a perfect cube. Next, let's try \(n = 7\):
\[63 \cdot 7 + 74 = 505\]
505 is not a perfect cube. Now, let's try \(n = 8\"
71	Let $m$, $n$, $a$, and $k$ be positive integers with $k > 1$ such that the equation \(5^m + 63n + 49 = a^k\) holds. Find the minimum value of $k$.	"5 + 245 = 1690\), and \(1690 = 41^2 + 1\) is not a perfect square.
  - For \(m = 6\), \(5^6 + 245 = 4200\), and \(4200 ="
72	Let $m$, $n$, $a$, and $k$ be positive integers with $k > 1$ such that the equation \(5^m + 63n + 49 = a^k\) holds. Find the minimum value of $k$.	"= 6 satisfies the equation with m = 3, n = 104, and a = 11.
Step 10:  Therefore, the minimum value of k is 6.

Answer: 6"
73	Let $f$ be a one-to-one function from the set of natural numbers to itself such that $f(mn) = f(m)f(n)$ for all natural numbers $m$ and $n$. What is the least possible value of $f(999)$?	") is 1, and we get:
\[
f(999) = 1 \cdot 1 = 1
\]
Therefore, the least possible value of \( f(999) \) is:
\[
\boxed{1}
\]"
74	Let $f$ be a one-to-one function from the set of natural numbers to itself such that $f(mn) = f(m)f(n)$ for all natural numbers $m$ and $n$. What is the least possible value of $f(999)$?	"99(k):
    return (27 * 37) ** k

# Finding the least possible value of f(999)
f_999 = f_of_999(1)
print(f_999)
```"
75	Let $f$ be a one-to-one function from the set of natural numbers to itself such that $f(mn) = f(m)f(n)$ for all natural numbers $m$ and $n$. What is the least possible value of $f(999)$?	"
\[ f(999) = 3^3 \cdot 37 = 27 \cdot 37 = 1019. \]
Thus, the least possible value of \( f(999) \) is
\[ \boxed{1019}. \]"
76	Let $f$ be a one-to-one function from the set of natural numbers to itself such that $f(mn) = f(m)f(n)$ for all natural numbers $m$ and $n$. What is the least possible value of $f(999)$?	"possible value of \( f(999) \) is \( 999^1 = 999 \).

Thus, the least possible value of \( f(999) \) is \(\boxed{999}\)."
77	Let $f$ be a one-to-one function from the set of natural numbers to itself such that $f(mn) = f(m)f(n)$ for all natural numbers $m$ and $n$. What is the least possible value of $f(999)$?	"k = 1
f_999 = f(999, k)
print(f_999)
```
```output
999
```
The least possible value of $f(999)$ is indeed $\boxed{999}$."
78	Let $f$ be a one-to-one function from the set of natural numbers to itself such that $f(mn) = f(m)f(n)$ for all natural numbers $m$ and $n$. What is the least possible value of $f(999)$?	" f(999)
result = f(999)
print(result)
```
```output
999
```
The least possible value of \( f(999) \) is \(\boxed{999}\)."
79	Let $f$ be a one-to-one function from the set of natural numbers to itself such that $f(mn) = f(m)f(n)$ for all natural numbers $m$ and $n$. What is the least possible value of $f(999)$?	"re $f(3) = 1$ and $f(37) = 1$.
Step 6: Therefore, the smallest possible value of $f(999)$ is $1 \times 1 = 1$.
Answer: 1"
80	Let $f$ be a one-to-one function from the set of natural numbers to itself such that $f(mn) = f(m)f(n)$ for all natural numbers $m$ and $n$. What is the least possible value of $f(999)$?	"
\[ f(999) = 3^3 \cdot 37 = 27 \cdot 37 = 999. \]

Thus, the least possible value of \( f(999) \) is:
\[ \boxed{999}. \]"
81	The measures (in degrees) of the interior angles of a convex hexagon form an arithmetic sequence of positive integers. Let $m^{\circ}$ be the measure of the largest interior angle of the hexagon. If the answer is $x^{\circ}$, what is the largest possible value of $x$?	" = 48.
Step 11: Therefore, the largest possible value of x, which is the largest angle in this case, is 172.
Answer: 172"
82	The measures (in degrees) of the interior angles of a convex hexagon form an arithmetic sequence of positive integers. Let $m^{\circ}$ be the measure of the largest interior angle of the hexagon. If the answer is $x^{\circ}$, what is the largest possible value of $x$?	"x$ becomes negative, which is not valid.
Step 9:  Therefore, the largest possible value of $x$ is 90 degrees.
Answer: 90"
83	The measures (in degrees) of the interior angles of a convex hexagon form an arithmetic sequence of positive integers. Let $m^{\circ}$ be the measure of the largest interior angle of the hexagon. If the answer is $x^{\circ}$, what is the largest possible value of $x$?	"               max_m = m

print(max_m)
```
```output
240
```
The largest possible value of $m$ is $\boxed{240^\circ}$."
84	The measures (in degrees) of the interior angles of a convex hexagon form an arithmetic sequence of positive integers. Let $m^{\circ}$ be the measure of the largest interior angle of the hexagon. If the answer is $x^{\circ}$, what is the largest possible value of $x$?	"ges from 1 to 19
        angle = 120 + 3 * d
        if all((120 - 2 * d) < 180, (120 - d) < 180, (120) < 180, (120 + d)"
85	The measures (in degrees) of the interior angles of a convex hexagon form an arithmetic sequence of positive integers. Let $m^{\circ}$ be the measure of the largest interior angle of the hexagon. If the answer is $x^{\circ}$, what is the largest possible value of $x$?	"e largest interior angle \( a + 5d \) when \( d = 8 \).

Thus, the largest possible value of \( x \) is \(\boxed{220}\)."
86	The measures (in degrees) of the interior angles of a convex hexagon form an arithmetic sequence of positive integers. Let $m^{\circ}$ be the measure of the largest interior angle of the hexagon. If the answer is $x^{\circ}$, what is the largest possible value of $x$?	"t interior angle $a$ is 40 degrees and the common difference $d$ is 20 degrees.

Therefore, the answer is $\boxed{130}$."
87	The measures (in degrees) of the interior angles of a convex hexagon form an arithmetic sequence of positive integers. Let $m^{\circ}$ be the measure of the largest interior angle of the hexagon. If the answer is $x^{\circ}$, what is the largest possible value of $x$?	"angle)
```
```output
175
```
The largest possible value of the largest interior angle of the hexagon is \(\boxed{175}\)."
88	The measures (in degrees) of the interior angles of a convex hexagon form an arithmetic sequence of positive integers. Let $m^{\circ}$ be the measure of the largest interior angle of the hexagon. If the answer is $x^{\circ}$, what is the largest possible value of $x$?	" = -\frac{42}{6} \]
\[ k = -7 \]

So, the integer value of \(k\) is \(-7\).

### Step 2: Verify the solution

Now, let's"
89	In a circle of radius $42$, two chords of length $78$ intersect at a point whose distance from the center is $18$. The two chords divide the interior of the circle into four regions. Two of these regions are bordered by segments of unequal lengths, and the area of either of them can be expressed uniquely in the form $m\pi-n\sqrt{d},$ where $m, n,$ and $d$ are positive integers and $d$ is not divisible by the square of any prime number. Find $m+n+d.$	", \) and \( 3 \) respectively. Therefore, the answer is:
\[
m + n + d = 588 + 441 + 3 = 1032
\]
The final answer is:
\[
"
90	In a circle of radius $42$, two chords of length $78$ intersect at a point whose distance from the center is $18$. The two chords divide the interior of the circle into four regions. Two of these regions are bordered by segments of unequal lengths, and the area of either of them can be expressed uniquely in the form $m\pi-n\sqrt{d},$ where $m, n,$ and $d$ are positive integers and $d$ is not divisible by the square of any prime number. Find $m+n+d.$	"o chords
sector_area = 0.5 * R**2 * theta

# Area of one triangle formed by the chord and the radius
triangle_area ="
91	In a circle of radius $42$, two chords of length $78$ intersect at a point whose distance from the center is $18$. The two chords divide the interior of the circle into four regions. Two of these regions are bordered by segments of unequal lengths, and the area of either of them can be expressed uniquely in the form $m\pi-n\sqrt{d},$ where $m, n,$ and $d$ are positive integers and $d$ is not divisible by the square of any prime number. Find $m+n+d.$	" y
from sympy import symbols, Eq, solve

x, y = symbols('x y')
eq = Eq(x * (39 - y), y * (39 - x))
sol = solve(eq, (x, y"
92	In a circle of radius $42$, two chords of length $78$ intersect at a point whose distance from the center is $18$. The two chords divide the interior of the circle into four regions. Two of these regions are bordered by segments of unequal lengths, and the area of either of them can be expressed uniquely in the form $m\pi-n\sqrt{d},$ where $m, n,$ and $d$ are positive integers and $d$ is not divisible by the square of any prime number. Find $m+n+d.$	"a = radius**2 * ((angle / 360) - (1 / 2 * math.sin(math.radians(angle))))

# Simplify the area expression
m = 0  # m = 0"
93	In a circle of radius $42$, two chords of length $78$ intersect at a point whose distance from the center is $18$. The two chords divide the interior of the circle into four regions. Two of these regions are bordered by segments of unequal lengths, and the area of either of them can be expressed uniquely in the form $m\pi-n\sqrt{d},$ where $m, n,$ and $d$ are positive integers and $d$ is not divisible by the square of any prime number. Find $m+n+d.$	"sp.sqrt(10)).terms():
    if term.as_poly(sp.pi**sp.sqrt(10)).monic():
        m, n, d_value = term.as_coefficients_dict"
94	In a circle of radius $42$, two chords of length $78$ intersect at a point whose distance from the center is $18$. The two chords divide the interior of the circle into four regions. Two of these regions are bordered by segments of unequal lengths, and the area of either of them can be expressed uniquely in the form $m\pi-n\sqrt{d},$ where $m, n,$ and $d$ are positive integers and $d$ is not divisible by the square of any prime number. Find $m+n+d.$	 in simple steps what the task is asking, any guidelines it provides and how to use those guidelines to find the answer.
95	In a circle of radius $42$, two chords of length $78$ intersect at a point whose distance from the center is $18$. The two chords divide the interior of the circle into four regions. Two of these regions are bordered by segments of unequal lengths, and the area of either of them can be expressed uniquely in the form $m\pi-n\sqrt{d},$ where $m, n,$ and $d$ are positive integers and $d$ is not divisible by the square of any prime number. Find $m+n+d.$	"= 30

# The final result
result = m + n + d
print(result)
```
```output
1584
```
The final answer is \( \boxed{1584} \)."
96	In a circle of radius $42$, two chords of length $78$ intersect at a point whose distance from the center is $18$. The two chords divide the interior of the circle into four regions. Two of these regions are bordered by segments of unequal lengths, and the area of either of them can be expressed uniquely in the form $m\pi-n\sqrt{d},$ where $m, n,$ and $d$ are positive integers and $d$ is not divisible by the square of any prime number. Find $m+n+d.$	064} \cdot \sqrt{1 - \left( \frac{81}{1064} \right)^2} = 2 \cdot \frac{81}{1064} \cdot \sqrt{\frac{1064^2 - 81^2}{1064^2
97	What is the largest $n$ such that $n! + 1$ is a perfect square?	".

3. **Conclusion:**
   The largest \( n \) such that \( n! + 1 \) is a perfect square is \( n = 4 \).

\[
\boxed{4}
\]"
98	What is the largest $n$ such that $n! + 1$ is a perfect square?	4$, $9$, and $25$, but none of these factors are perfect squares. Therefore, there is no integer $m$ such that $n! + 1 =
99	What is the largest $n$ such that $n! + 1$ is a perfect square?	" there are no larger values of \( n \) that satisfy this condition, the largest \( n \) is 7.

**Answer: \(\boxed{7}\)**"
100	What is the largest $n$ such that $n! + 1$ is a perfect square?	"onger being a perfect square.

The largest \( n \) such that \( n! + 1 \) is a perfect square is \( 7 \).

**Answer: 7**"
101	What is the largest $n$ such that $n! + 1$ is a perfect square?	"utions for \( n > 4 \).

Thus, the largest \( n \) such that \( n! + 1 \) is a perfect square is \( n = 4 \).

Answer: 4"
102	What is the largest $n$ such that $n! + 1$ is a perfect square?	362881$ is not a perfect square. Therefore, the largest $n$ such that $n! + 1$ is a perfect square is $n = 7$. Answer: 7
103	What is the largest $n$ such that $n! + 1$ is a perfect square?	"t'
```
The largest \( n \) such that \( n! + 1 \) is a perfect square is \( n = 4 \). This is the answer to the problem."
104	What is the largest $n$ such that $n! + 1$ is a perfect square?	" = 479001601.
Step 12:  Therefore, the largest value of n such that (n+1)! + 1 is a perfect square is n = 11.
Answer: 11"
105	A **Beaver-number** is a positive 5-digit integer whose digit sum is divisible by 17. Call a pair of **Beaver-numbers** differing by exactly $1$ a **Beaver-pair**. The smaller number in a **Beaver-pair** is called an **MIT Beaver**, while the larger number is called a **CIT Beaver**. Find the positive difference between the largest and smallest **CIT Beavers** (over all **Beaver-pairs**).	"rforming the calculations, the positive difference between the largest and smallest **CIT Beavers** is:

**Answer: 100**"
106	A **Beaver-number** is a positive 5-digit integer whose digit sum is divisible by 17. Call a pair of **Beaver-numbers** differing by exactly $1$ a **Beaver-pair**. The smaller number in a **Beaver-pair** is called an **MIT Beaver**, while the larger number is called a **CIT Beaver**. Find the positive difference between the largest and smallest **CIT Beavers** (over all **Beaver-pairs**).	"Beaver.
Step 7: Find the positive difference between the largest and smallest CIT Beaver.

Answer: 58284 - 20181 = 38063"
107	A **Beaver-number** is a positive 5-digit integer whose digit sum is divisible by 17. Call a pair of **Beaver-numbers** differing by exactly $1$ a **Beaver-pair**. The smaller number in a **Beaver-pair** is called an **MIT Beaver**, while the larger number is called a **CIT Beaver**. Find the positive difference between the largest and smallest **CIT Beavers** (over all **Beaver-pairs**).	ia would be $10505$, where the sum of digits is $1 + 0 + 5 + 0 + 5 = 11$, which is not divisible by $17$. Hence, we need
108	A **Beaver-number** is a positive 5-digit integer whose digit sum is divisible by 17. Call a pair of **Beaver-numbers** differing by exactly $1$ a **Beaver-pair**. The smaller number in a **Beaver-pair** is called an **MIT Beaver**, while the larger number is called a **CIT Beaver**. Find the positive difference between the largest and smallest **CIT Beavers** (over all **Beaver-pairs**).	"he calculations, the positive difference between the largest and smallest **CIT Beavers** is **9998**.

**Answer: 9998**"
109	A **Beaver-number** is a positive 5-digit integer whose digit sum is divisible by 17. Call a pair of **Beaver-numbers** differing by exactly $1$ a **Beaver-pair**. The smaller number in a **Beaver-pair** is called an **MIT Beaver**, while the larger number is called a **CIT Beaver**. Find the positive difference between the largest and smallest **CIT Beavers** (over all **Beaver-pairs**).	"ifference between the largest and smallest CIT Beavers
result = largest_CIT_Beaver - smallest_MIT_Beaver
 
print(result)"
110	A **Beaver-number** is a positive 5-digit integer whose digit sum is divisible by 17. Call a pair of **Beaver-numbers** differing by exactly $1$ a **Beaver-pair**. The smaller number in a **Beaver-pair** is called an **MIT Beaver**, while the larger number is called a **CIT Beaver**. Find the positive difference between the largest and smallest **CIT Beavers** (over all **Beaver-pairs**).	"erence between the largest and smallest **CIT Beavers** is:
\[
99998 - 10034 = 89964
\]

### Final Answer:
Answer: 89964"
111	A **Beaver-number** is a positive 5-digit integer whose digit sum is divisible by 17. Call a pair of **Beaver-numbers** differing by exactly $1$ a **Beaver-pair**. The smaller number in a **Beaver-pair** is called an **MIT Beaver**, while the larger number is called a **CIT Beaver**. Find the positive difference between the largest and smallest **CIT Beavers** (over all **Beaver-pairs**).	"etween the largest and smallest CIT Beavers is \(99988 - 10000 = 89988\).

Thus, the final answer is:

\(\boxed{89988}\)"
112	A **Beaver-number** is a positive 5-digit integer whose digit sum is divisible by 17. Call a pair of **Beaver-numbers** differing by exactly $1$ a **Beaver-pair**. The smaller number in a **Beaver-pair** is called an **MIT Beaver**, while the larger number is called a **CIT Beaver**. Find the positive difference between the largest and smallest **CIT Beavers** (over all **Beaver-pairs**).	"lt: The positive difference between the largest and smallest CIT Beavers is \(42\).

Thus, the answer is \(\boxed{42}\)."
113	There are $n$ sticks which have distinct integer lengths. Suppose that it's possible to form a non-degenerate triangle from any $3$ distinct sticks among them. It's also known that there are sticks of lengths $5$ and $12$ among them. What is the largest possible value of $n$ under such conditions?	"cause 7 + 10 = 17, which is less than 13.
Step 10:  Therefore, the largest possible value of n is 9.
Step 11:  Answer: 9"
114	There are $n$ sticks which have distinct integer lengths. Suppose that it's possible to form a non-degenerate triangle from any $3$ distinct sticks among them. It's also known that there are sticks of lengths $5$ and $12$ among them. What is the largest possible value of $n$ under such conditions?	e of \( n \) under the given conditions is \( 14 \). Therefore, the largest possible value of \( n \) is \(\boxed{14}\).
115	There are $n$ sticks which have distinct integer lengths. Suppose that it's possible to form a non-degenerate triangle from any $3$ distinct sticks among them. It's also known that there are sticks of lengths $5$ and $12$ among them. What is the largest possible value of $n$ under such conditions?	"he maximum possible value for \( n \) is:

\[ n = 9 + 9 = 18 \]

Therefore, the largest possible value of \( n \) is 18."
116	There are $n$ sticks which have distinct integer lengths. Suppose that it's possible to form a non-degenerate triangle from any $3$ distinct sticks among them. It's also known that there are sticks of lengths $5$ and $12$ among them. What is the largest possible value of $n$ under such conditions?	" + 20 > 5 \), \( 5 + 20 > 18 \), and \( 18 + 5 > 20 \).

Thus, the largest possible value of \( n \) is:
\[ \boxed{7} \]"
117	There are $n$ sticks which have distinct integer lengths. Suppose that it's possible to form a non-degenerate triangle from any $3$ distinct sticks among them. It's also known that there are sticks of lengths $5$ and $12$ among them. What is the largest possible value of $n$ under such conditions?	"gths)

print(n)
```
```output
19
```
The largest possible value of \( n \) under the given conditions is \(\boxed{21}\)."
118	There are $n$ sticks which have distinct integer lengths. Suppose that it's possible to form a non-degenerate triangle from any $3$ distinct sticks among them. It's also known that there are sticks of lengths $5$ and $12$ among them. What is the largest possible value of $n$ under such conditions?	"9, 10, 11, 12, 13, etc. The largest possible value of \( n \) is 11.

Thus, the largest possible value of \( n \) is 11."
119	There are $n$ sticks which have distinct integer lengths. Suppose that it's possible to form a non-degenerate triangle from any $3$ distinct sticks among them. It's also known that there are sticks of lengths $5$ and $12$ among them. What is the largest possible value of $n$ under such conditions?	"ible value of \( n \) is:
\[ n = 12 - 5 + 1 = 8 \]

Therefore, the largest possible value of \( n \) is:
\[ \boxed{8} \]"
120	There are $n$ sticks which have distinct integer lengths. Suppose that it's possible to form a non-degenerate triangle from any $3$ distinct sticks among them. It's also known that there are sticks of lengths $5$ and $12$ among them. What is the largest possible value of $n$ under such conditions?	"ve sticks of lengths $5, 6, 7, 8, 9, 10, 11, 13, 14, 15$.

Therefore, the largest possible value of $n$ is $\boxed{10}$."
121	Define $n!!$ to be $n(n-2)(n-4)\cdots 3\cdot 1$ for $n$ odd and $n(n-2)(n-4)\cdots 4\cdot 2$ for $n$ even. When $\sum_{i=1}^{2009} \frac{(2i-1)!!}{(2i)!!}$ is expressed as a fraction in lowest terms, its denominator is $2^ab$ with $b$ odd. Find $\dfrac{ab}{10}$.	 sum of this series for an infinite number of terms can be expressed in a closed form involving factorials and powers of
122	Define $n!!$ to be $n(n-2)(n-4)\cdots 3\cdot 1$ for $n$ odd and $n(n-2)(n-4)\cdots 4\cdot 2$ for $n$ even. When $\sum_{i=1}^{2009} \frac{(2i-1)!!}{(2i)!!}$ is expressed as a fraction in lowest terms, its denominator is $2^ab$ with $b$ odd. Find $\dfrac{ab}{10}$.	"b = 1\).

#### 10. Calculating \(\frac{ab}{10}\):
\[
\frac{1004 \cdot 1}{10} = 100.4
\]

### Answer:
\[
\boxed{100.4}
\]"
123	Define $n!!$ to be $n(n-2)(n-4)\cdots 3\cdot 1$ for $n$ odd and $n(n-2)(n-4)\cdots 4\cdot 2$ for $n$ even. When $\sum_{i=1}^{2009} \frac{(2i-1)!!}{(2i)!!}$ is expressed as a fraction in lowest terms, its denominator is $2^ab$ with $b$ odd. Find $\dfrac{ab}{10}$.	"frac{3}{4}\right)^{2009}\right)
\]

### Step 10: Find the denominator in lowest terms

When we sum the series, we should"
124	Define $n!!$ to be $n(n-2)(n-4)\cdots 3\cdot 1$ for $n$ odd and $n(n-2)(n-4)\cdots 4\cdot 2$ for $n$ even. When $\sum_{i=1}^{2009} \frac{(2i-1)!!}{(2i)!!}$ is expressed as a fraction in lowest terms, its denominator is $2^ab$ with $b$ odd. Find $\dfrac{ab}{10}$.	lution process, the values of \(a\) and \(b\) were correctly identified, and thus, \(\frac{ab}{10} = \frac{190.5}{10}\).
125	Define $n!!$ to be $n(n-2)(n-4)\cdots 3\cdot 1$ for $n$ odd and $n(n-2)(n-4)\cdots 4\cdot 2$ for $n$ even. When $\sum_{i=1}^{2009} \frac{(2i-1)!!}{(2i)!!}$ is expressed as a fraction in lowest terms, its denominator is $2^ab$ with $b$ odd. Find $\dfrac{ab}{10}$.	"um symbolically
i = symbols('i', integer=True)
sum_expression = sum((2*i - 1)!!.denominator() for i in range(1, 2010))"
126	Define $n!!$ to be $n(n-2)(n-4)\cdots 3\cdot 1$ for $n$ odd and $n(n-2)(n-4)\cdots 4\cdot 2$ for $n$ even. When $\sum_{i=1}^{2009} \frac{(2i-1)!!}{(2i)!!}$ is expressed as a fraction in lowest terms, its denominator is $2^ab$ with $b$ odd. Find $\dfrac{ab}{10}$.	"
For \( i = 1 \):  
$$
\frac{2 \cdot 1}{2^1 \cdot 1!} = \frac{2}{2} = 1
$$

For \( i = 2 \):  
$$
\frac{2 \cdot 2}{2^2 \"
127	Define $n!!$ to be $n(n-2)(n-4)\cdots 3\cdot 1$ for $n$ odd and $n(n-2)(n-4)\cdots 4\cdot 2$ for $n$ even. When $\sum_{i=1}^{2009} \frac{(2i-1)!!}{(2i)!!}$ is expressed as a fraction in lowest terms, its denominator is $2^ab$ with $b$ odd. Find $\dfrac{ab}{10}$.	"d \(\frac{ab}{10}\):

\[
\frac{ab}{10} = \frac{2010 \cdot 1}{10} = 201
\]

Thus, the final answer is:

\[
\boxed{201}
\]"
128	Define $n!!$ to be $n(n-2)(n-4)\cdots 3\cdot 1$ for $n$ odd and $n(n-2)(n-4)\cdots 4\cdot 2$ for $n$ even. When $\sum_{i=1}^{2009} \frac{(2i-1)!!}{(2i)!!}$ is expressed as a fraction in lowest terms, its denominator is $2^ab$ with $b$ odd. Find $\dfrac{ab}{10}$.	"`
```output
200.9
```
The final answer is $\frac{2009}{10}$. Therefore, the value of $\frac{ab}{10}$ is $\boxed{200.9}$."
129	Parallel lines $\ell_1$, $\ell_2$, $\ell_3$, $\ell_4$ are evenly spaced in the plane, in that order. Square $ABCD$ has the property that $A$ lies on $\ell_1$ and $C$ lies on $\ell_4$. Let $P$ be a uniformly random point in the interior of $ABCD$ and let $Q$ be a uniformly random point on the perimeter of $ABCD$. Given that the probability that $P$ lies between $\ell_2$ and $\ell_3$ is $\frac{53}{100}$ , the probability that $Q$ lies between $\ell_2$ and $\ell_3$ can be expressed as $\frac{a}{b}$, where $a$ and $b$ are relatively prime positive integers. Compute $100a + b$.	"1}{4}\), where \(a = 1\) and \(b = 4\).

6. Thus, \(100a + b = 100 \times 1 + 4 = 104\).

The answer is \(\boxed{104}\)."
130	Parallel lines $\ell_1$, $\ell_2$, $\ell_3$, $\ell_4$ are evenly spaced in the plane, in that order. Square $ABCD$ has the property that $A$ lies on $\ell_1$ and $C$ lies on $\ell_4$. Let $P$ be a uniformly random point in the interior of $ABCD$ and let $Q$ be a uniformly random point on the perimeter of $ABCD$. Given that the probability that $P$ lies between $\ell_2$ and $\ell_3$ is $\frac{53}{100}$ , the probability that $Q$ lies between $\ell_2$ and $\ell_3$ can be expressed as $\frac{a}{b}$, where $a$ and $b$ are relatively prime positive integers. Compute $100a + b$.	"Q lies between ell_2 and ell_3 is 1 / 4

prob_Q = 1 / 4

# The probability is 1/4, so we have a = 1 and b = 4
a = 1
b = "
131	Parallel lines $\ell_1$, $\ell_2$, $\ell_3$, $\ell_4$ are evenly spaced in the plane, in that order. Square $ABCD$ has the property that $A$ lies on $\ell_1$ and $C$ lies on $\ell_4$. Let $P$ be a uniformly random point in the interior of $ABCD$ and let $Q$ be a uniformly random point on the perimeter of $ABCD$. Given that the probability that $P$ lies between $\ell_2$ and $\ell_3$ is $\frac{53}{100}$ , the probability that $Q$ lies between $\ell_2$ and $\ell_3$ can be expressed as $\frac{a}{b}$, where $a$ and $b$ are relatively prime positive integers. Compute $100a + b$.	"

10. **Compute $100a + b$**: This is $100 \times 1 + 3 = 103$.

Thus, the final answer is \(\boxed{103}\).

Answer: 103"
132	Parallel lines $\ell_1$, $\ell_2$, $\ell_3$, $\ell_4$ are evenly spaced in the plane, in that order. Square $ABCD$ has the property that $A$ lies on $\ell_1$ and $C$ lies on $\ell_4$. Let $P$ be a uniformly random point in the interior of $ABCD$ and let $Q$ be a uniformly random point on the perimeter of $ABCD$. Given that the probability that $P$ lies between $\ell_2$ and $\ell_3$ is $\frac{53}{100}$ , the probability that $Q$ lies between $\ell_2$ and $\ell_3$ can be expressed as $\frac{a}{b}$, where $a$ and $b$ are relatively prime positive integers. Compute $100a + b$.	"l_2$ and $\ell_3$ is $\frac{17}{40}$, and after simplifying, we get the answer $17 + 40 \cdot 100 = 1647$.

Answer: 1647"
133	Parallel lines $\ell_1$, $\ell_2$, $\ell_3$, $\ell_4$ are evenly spaced in the plane, in that order. Square $ABCD$ has the property that $A$ lies on $\ell_1$ and $C$ lies on $\ell_4$. Let $P$ be a uniformly random point in the interior of $ABCD$ and let $Q$ be a uniformly random point on the perimeter of $ABCD$. Given that the probability that $P$ lies between $\ell_2$ and $\ell_3$ is $\frac{53}{100}$ , the probability that $Q$ lies between $\ell_2$ and $\ell_3$ can be expressed as $\frac{a}{b}$, where $a$ and $b$ are relatively prime positive integers. Compute $100a + b$.	"a = 53$ and $b = 200$.
Step 10:  Finally, we compute $100a + b = 100 \times 53 + 200 = 5300 + 200 = 5500$.

Answer: 5500"
134	Parallel lines $\ell_1$, $\ell_2$, $\ell_3$, $\ell_4$ are evenly spaced in the plane, in that order. Square $ABCD$ has the property that $A$ lies on $\ell_1$ and $C$ lies on $\ell_4$. Let $P$ be a uniformly random point in the interior of $ABCD$ and let $Q$ be a uniformly random point on the perimeter of $ABCD$. Given that the probability that $P$ lies between $\ell_2$ and $\ell_3$ is $\frac{53}{100}$ , the probability that $Q$ lies between $\ell_2$ and $\ell_3$ can be expressed as $\frac{a}{b}$, where $a$ and $b$ are relatively prime positive integers. Compute $100a + b$.	"y \rightarrow \frac{a}{b} = \frac{100}{53}$.

Therefore, $a = 100$ and $b = 53$, and the final answer is:

Answer: 10053"
135	Parallel lines $\ell_1$, $\ell_2$, $\ell_3$, $\ell_4$ are evenly spaced in the plane, in that order. Square $ABCD$ has the property that $A$ lies on $\ell_1$ and $C$ lies on $\ell_4$. Let $P$ be a uniformly random point in the interior of $ABCD$ and let $Q$ be a uniformly random point on the perimeter of $ABCD$. Given that the probability that $P$ lies between $\ell_2$ and $\ell_3$ is $\frac{53}{100}$ , the probability that $Q$ lies between $\ell_2$ and $\ell_3$ can be expressed as $\frac{a}{b}$, where $a$ and $b$ are relatively prime positive integers. Compute $100a + b$.	"the probability that $Q$ lies between $\ell_2$ and $\ell_3$ is $\frac{1}{4}$, and $a = 1$ and $b = 4$.
The answer is: 45"
136	Parallel lines $\ell_1$, $\ell_2$, $\ell_3$, $\ell_4$ are evenly spaced in the plane, in that order. Square $ABCD$ has the property that $A$ lies on $\ell_1$ and $C$ lies on $\ell_4$. Let $P$ be a uniformly random point in the interior of $ABCD$ and let $Q$ be a uniformly random point on the perimeter of $ABCD$. Given that the probability that $P$ lies between $\ell_2$ and $\ell_3$ is $\frac{53}{100}$ , the probability that $Q$ lies between $\ell_2$ and $\ell_3$ can be expressed as $\frac{a}{b}$, where $a$ and $b$ are relatively prime positive integers. Compute $100a + b$.	"tor
a = prob_fraction.numerator
b = prob_fraction.denominator

# Compute 100a + b
result = 100 * a + b
print(result)
```"
137	There are 100 points on a circle that are about to be colored in two colors: red or blue. Find the largest number $k$ such that no matter how I select and color $k$ points, you can always color the remaining $100-k$ points such that you can connect 50 pairs of points of the same color with lines in a way such that no two lines intersect.	"\) points to form 50 pairs of the same color without any intersecting lines.

Therefore, the answer is:
\[
\boxed{50}
\]"
138	There are 100 points on a circle that are about to be colored in two colors: red or blue. Find the largest number $k$ such that no matter how I select and color $k$ points, you can always color the remaining $100-k$ points such that you can connect 50 pairs of points of the same color with lines in a way such that no two lines intersect.	" 94$ is the largest number for which we can always create a perfect matching.

Therefore, the answer is:

$$\boxed{94}$$"
139	There are 100 points on a circle that are about to be colored in two colors: red or blue. Find the largest number $k$ such that no matter how I select and color $k$ points, you can always color the remaining $100-k$ points such that you can connect 50 pairs of points of the same color with lines in a way such that no two lines intersect.	"0 pairs of points of the same color without any lines intersecting is \( k = 50 \).

Thus, the answer is \(\boxed{50}\)."
140	There are 100 points on a circle that are about to be colored in two colors: red or blue. Find the largest number $k$ such that no matter how I select and color $k$ points, you can always color the remaining $100-k$ points such that you can connect 50 pairs of points of the same color with lines in a way such that no two lines intersect.	" conclude that the largest possible value for \( k \) is indeed 97.

Thus, the largest number \( k \) is \(\boxed{97}\)."
141	There are 100 points on a circle that are about to be colored in two colors: red or blue. Find the largest number $k$ such that no matter how I select and color $k$ points, you can always color the remaining $100-k$ points such that you can connect 50 pairs of points of the same color with lines in a way such that no two lines intersect.	"ing 100 - k points to connect 50 pairs of points of the same color without any lines intersecting is k = 50.

Answer: 50"
142	There are 100 points on a circle that are about to be colored in two colors: red or blue. Find the largest number $k$ such that no matter how I select and color $k$ points, you can always color the remaining $100-k$ points such that you can connect 50 pairs of points of the same color with lines in a way such that no two lines intersect.	"p). If we color 50 points, we can still pair the remaining 50 points.

Therefore, the largest number $k$ is:

Answer: 49"
143	There are 100 points on a circle that are about to be colored in two colors: red or blue. Find the largest number $k$ such that no matter how I select and color $k$ points, you can always color the remaining $100-k$ points such that you can connect 50 pairs of points of the same color with lines in a way such that no two lines intersect.	"k \) points such that we can form 50 pairs of points of the same color with non-intersecting lines is:

\[
\boxed{50}
\]"
144	There are 100 points on a circle that are about to be colored in two colors: red or blue. Find the largest number $k$ such that no matter how I select and color $k$ points, you can always color the remaining $100-k$ points such that you can connect 50 pairs of points of the same color with lines in a way such that no two lines intersect.	"s for 50 pairs of the same color to be connected without any lines intersecting.

Thus, the answer is:

\[
\boxed{51}
\]"
145	An octahedron (a solid with 8 triangular faces) has a volume of $1040$. Two of the spatial diagonals intersect, and their plane of intersection contains four edges that form a cyclic quadrilateral. The third spatial diagonal is perpendicularly bisected by this plane and intersects the plane at the circumcenter of the cyclic quadrilateral. Given that the side lengths of the cyclic quadrilateral are $7, 15, 24, 20$, in counterclockwise order, the sum of the edge lengths of the entire octahedron can be written in simplest form as $a/b$. Find $a + b$.	"implest form \(a/b\):

\[
a = 160, b = 1
\]

Hence,

\[
a + b = 160 + 1 = 161
\]

The final answer is \( \boxed{161} \)."
146	An octahedron (a solid with 8 triangular faces) has a volume of $1040$. Two of the spatial diagonals intersect, and their plane of intersection contains four edges that form a cyclic quadrilateral. The third spatial diagonal is perpendicularly bisected by this plane and intersects the plane at the circumcenter of the cyclic quadrilateral. Given that the side lengths of the cyclic quadrilateral are $7, 15, 24, 20$, in counterclockwise order, the sum of the edge lengths of the entire octahedron can be written in simplest form as $a/b$. Find $a + b$.	"ion:
   \[
   \frac{a^3 \sqrt{2}}{3} = 1040
   \]
   Solving for $a^3$, we get:
   \[
   a^3 = \frac{1040 \cdot 3}{\sqrt"
147	An octahedron (a solid with 8 triangular faces) has a volume of $1040$. Two of the spatial diagonals intersect, and their plane of intersection contains four edges that form a cyclic quadrilateral. The third spatial diagonal is perpendicularly bisected by this plane and intersects the plane at the circumcenter of the cyclic quadrilateral. Given that the side lengths of the cyclic quadrilateral are $7, 15, 24, 20$, in counterclockwise order, the sum of the edge lengths of the entire octahedron can be written in simplest form as $a/b$. Find $a + b$.	\sqrt{93}} = \frac{25 \sqrt{6}}{4 \sqrt{93}} = \frac{25 \sqrt{6}}{4 \sqrt{93}} = \frac{25 \sqrt{6}}{4 \sqrt{93}} = \frac
148	An octahedron (a solid with 8 triangular faces) has a volume of $1040$. Two of the spatial diagonals intersect, and their plane of intersection contains four edges that form a cyclic quadrilateral. The third spatial diagonal is perpendicularly bisected by this plane and intersects the plane at the circumcenter of the cyclic quadrilateral. Given that the side lengths of the cyclic quadrilateral are $7, 15, 24, 20$, in counterclockwise order, the sum of the edge lengths of the entire octahedron can be written in simplest form as $a/b$. Find $a + b$.	"s \(a/b = \frac{132}{1}\), where \(a = 132\) and \(b = 1\).

Therefore, \(a + b = 133\).

The answer is \(\boxed{133}\)."
149	An octahedron (a solid with 8 triangular faces) has a volume of $1040$. Two of the spatial diagonals intersect, and their plane of intersection contains four edges that form a cyclic quadrilateral. The third spatial diagonal is perpendicularly bisected by this plane and intersects the plane at the circumcenter of the cyclic quadrilateral. Given that the side lengths of the cyclic quadrilateral are $7, 15, 24, 20$, in counterclockwise order, the sum of the edge lengths of the entire octahedron can be written in simplest form as $a/b$. Find $a + b$.	"\frac{12 \times \sqrt[3]{1560 \sqrt{2}}}{1} = 12 \sqrt[3]{1560 \sqrt{2}} \]
Since the problem states that the sum of the"
150	An octahedron (a solid with 8 triangular faces) has a volume of $1040$. Two of the spatial diagonals intersect, and their plane of intersection contains four edges that form a cyclic quadrilateral. The third spatial diagonal is perpendicularly bisected by this plane and intersects the plane at the circumcenter of the cyclic quadrilateral. Given that the side lengths of the cyclic quadrilateral are $7, 15, 24, 20$, in counterclockwise order, the sum of the edge lengths of the entire octahedron can be written in simplest form as $a/b$. Find $a + b$.	" the sum in simplest form

# The sum of the edge lengths of the entire octahedron is 24 * sqrt(3) + 66
# We need to find"
151	An octahedron (a solid with 8 triangular faces) has a volume of $1040$. Two of the spatial diagonals intersect, and their plane of intersection contains four edges that form a cyclic quadrilateral. The third spatial diagonal is perpendicularly bisected by this plane and intersects the plane at the circumcenter of the cyclic quadrilateral. Given that the side lengths of the cyclic quadrilateral are $7, 15, 24, 20$, in counterclockwise order, the sum of the edge lengths of the entire octahedron can be written in simplest form as $a/b$. Find $a + b$.	"# Simplify the sum of the edge lengths
sum_of_edges_simplified = sum_of_edges.simplify()

# Calculate the values of a"
152	An octahedron (a solid with 8 triangular faces) has a volume of $1040$. Two of the spatial diagonals intersect, and their plane of intersection contains four edges that form a cyclic quadrilateral. The third spatial diagonal is perpendicularly bisected by this plane and intersects the plane at the circumcenter of the cyclic quadrilateral. Given that the side lengths of the cyclic quadrilateral are $7, 15, 24, 20$, in counterclockwise order, the sum of the edge lengths of the entire octahedron can be written in simplest form as $a/b$. Find $a + b$.	" is \(\frac{120}{1}\), so \(a = 120\) and \(b = 1\). Therefore, \(a + b = 121\).

The final answer is:
\[
\boxed{121}
\]"
153	Under the new AMC $10, 12$ scoring method, $6$ points are given for each correct answer, $2.5$ points are given for each unanswered question, and no points are given for an incorrect answer. Some of the possible scores between $0$ and $150$ can be obtained in only one way, for example, the only way to obtain a score of $146.5$ is to have $24$ correct answers and one unanswered question. Some scores can be obtained in exactly two ways, for example, a score of $104.5$ can be obtained with $17$ correct answers, $1$ unanswered question, and $7$ incorrect, and also with $12$ correct answers and $13$ unanswered questions. There are (three) scores that can be obtained in exactly three ways. If the sum of these scores is $x$, what is the value of $10x$?	"scores is:
\[ 145 + 140 + 135 = 420. \]
Thus, \(10x = 10 \times 420 = 4200\).

The value of \(10x\) is \(\boxed{4200}\)."
154	Under the new AMC $10, 12$ scoring method, $6$ points are given for each correct answer, $2.5$ points are given for each unanswered question, and no points are given for an incorrect answer. Some of the possible scores between $0$ and $150$ can be obtained in only one way, for example, the only way to obtain a score of $146.5$ is to have $24$ correct answers and one unanswered question. Some scores can be obtained in exactly two ways, for example, a score of $104.5$ can be obtained with $17$ correct answers, $1$ unanswered question, and $7$ incorrect, and also with $12$ correct answers and $13$ unanswered questions. There are (three) scores that can be obtained in exactly three ways. If the sum of these scores is $x$, what is the value of $10x$?	" 410.5 \). Therefore, the value of \( 10x \) is \( 10 \times 410.5 = 4105 \).

So the final answer is:

\(\boxed{4105}\)"
155	Under the new AMC $10, 12$ scoring method, $6$ points are given for each correct answer, $2.5$ points are given for each unanswered question, and no points are given for an incorrect answer. Some of the possible scores between $0$ and $150$ can be obtained in only one way, for example, the only way to obtain a score of $146.5$ is to have $24$ correct answers and one unanswered question. Some scores can be obtained in exactly two ways, for example, a score of $104.5$ can be obtained with $17$ correct answers, $1$ unanswered question, and $7$ incorrect, and also with $12$ correct answers and $13$ unanswered questions. There are (three) scores that can be obtained in exactly three ways. If the sum of these scores is $x$, what is the value of $10x$?	"ep 3: The sum of these scores is x = 150 + 146.5 + 143 = 439.
Step 4: The value of 10x is 10 * 439 = 4390.

Answer: 4390"
156	Under the new AMC $10, 12$ scoring method, $6$ points are given for each correct answer, $2.5$ points are given for each unanswered question, and no points are given for an incorrect answer. Some of the possible scores between $0$ and $150$ can be obtained in only one way, for example, the only way to obtain a score of $146.5$ is to have $24$ correct answers and one unanswered question. Some scores can be obtained in exactly two ways, for example, a score of $104.5$ can be obtained with $17$ correct answers, $1$ unanswered question, and $7$ incorrect, and also with $12$ correct answers and $13$ unanswered questions. There are (three) scores that can be obtained in exactly three ways. If the sum of these scores is $x$, what is the value of $10x$?	"+ 75.0 = 87.5\). 

The value of \(10x\) is \(10 \times 87.5 = 875\).

Therefore, the final answer is:

\[
\boxed{875}
\]"
157	Under the new AMC $10, 12$ scoring method, $6$ points are given for each correct answer, $2.5$ points are given for each unanswered question, and no points are given for an incorrect answer. Some of the possible scores between $0$ and $150$ can be obtained in only one way, for example, the only way to obtain a score of $146.5$ is to have $24$ correct answers and one unanswered question. Some scores can be obtained in exactly two ways, for example, a score of $104.5$ can be obtained with $17$ correct answers, $1$ unanswered question, and $7$ incorrect, and also with $12$ correct answers and $13$ unanswered questions. There are (three) scores that can be obtained in exactly three ways. If the sum of these scores is $x$, what is the value of $10x$?	"ode, it will give you the final result. The output will be the value of \( 10x \).

The final answer is \(\boxed{700}\)."
158	Under the new AMC $10, 12$ scoring method, $6$ points are given for each correct answer, $2.5$ points are given for each unanswered question, and no points are given for an incorrect answer. Some of the possible scores between $0$ and $150$ can be obtained in only one way, for example, the only way to obtain a score of $146.5$ is to have $24$ correct answers and one unanswered question. Some scores can be obtained in exactly two ways, for example, a score of $104.5$ can be obtained with $17$ correct answers, $1$ unanswered question, and $7$ incorrect, and also with $12$ correct answers and $13$ unanswered questions. There are (three) scores that can be obtained in exactly three ways. If the sum of these scores is $x$, what is the value of $10x$?	".5 = 397.5 \]

### Step 6: Calculating \( 10x \)
\[ 10x = 10 \times 397.5 = 3975 \]

### Final Answer
\[ \boxed{3975} \]"
159	Under the new AMC $10, 12$ scoring method, $6$ points are given for each correct answer, $2.5$ points are given for each unanswered question, and no points are given for an incorrect answer. Some of the possible scores between $0$ and $150$ can be obtained in only one way, for example, the only way to obtain a score of $146.5$ is to have $24$ correct answers and one unanswered question. Some scores can be obtained in exactly two ways, for example, a score of $104.5$ can be obtained with $17$ correct answers, $1$ unanswered question, and $7$ incorrect, and also with $12$ correct answers and $13$ unanswered questions. There are (three) scores that can be obtained in exactly three ways. If the sum of these scores is $x$, what is the value of $10x$?	"45 = 90 \]

Finally, we need to find the value of \( 10x \):
\[ 10x = 10 \times 90 = 900 \]

### Answer:
\(\boxed{900}\)"
160	Under the new AMC $10, 12$ scoring method, $6$ points are given for each correct answer, $2.5$ points are given for each unanswered question, and no points are given for an incorrect answer. Some of the possible scores between $0$ and $150$ can be obtained in only one way, for example, the only way to obtain a score of $146.5$ is to have $24$ correct answers and one unanswered question. Some scores can be obtained in exactly two ways, for example, a score of $104.5$ can be obtained with $17$ correct answers, $1$ unanswered question, and $7$ incorrect, and also with $12$ correct answers and $13$ unanswered questions. There are (three) scores that can be obtained in exactly three ways. If the sum of these scores is $x$, what is the value of $10x$?	"core

# Calculating the final value of 10x
x = sum_of_scores
final_answer = 10 * x
print(final_answer)
```

Answer: 1110"
161	"Let $x = \cos \frac{2 \pi}{7} + i \sin \frac{2 \pi}{7}.$  Compute the value of
\[(2x + x^2)(2x^2 + x^4)(2x^3 + x^6)(2x^4 + x^8)(2x^5 + x^{10})(2x^6 + x^{12}).\]"	"x^7 = 1\), we have \(x^{24} = x^{24 \mod 7} = x^2\). Therefore, the value of the given expression is:

\[
\boxed{x^2}
\]"
162	"Let $x = \cos \frac{2 \pi}{7} + i \sin \frac{2 \pi}{7}.$  Compute the value of
\[(2x + x^2)(2x^2 + x^4)(2x^3 + x^6)(2x^4 + x^8)(2x^5 + x^{10})(2x^6 + x^{12}).\]"	"):
\[
P(2x) = (2x)^7 - 1 = 128x^7 - 1 = 128 - 1 = 127.
\]
Thus, the value of the given expression is:
\[
\boxed{127}.
\]"
163	"Let $x = \cos \frac{2 \pi}{7} + i \sin \frac{2 \pi}{7}.$  Compute the value of
\[(2x + x^2)(2x^2 + x^4)(2x^3 + x^6)(2x^4 + x^8)(2x^5 + x^{10})(2x^6 + x^{12}).\]"	" x^3 + x^4 + x^5 + x^6 = 0 \). Since \( x^7 = 1 \), we have:
\[ 1 + x + x^2 + x^3 + x^4 + x^5 + x^6 + 1 = 0 \implies 2 +"
164	"Let $x = \cos \frac{2 \pi}{7} + i \sin \frac{2 \pi}{7}.$  Compute the value of
\[(2x + x^2)(2x^2 + x^4)(2x^3 + x^6)(2x^4 + x^8)(2x^5 + x^{10})(2x^6 + x^{12}).\]"	" properties of roots of unity, the product evaluates to 1.

Thus, the value of the given expression is:
\[
\boxed{1}.
\]"
165	"Let $x = \cos \frac{2 \pi}{7} + i \sin \frac{2 \pi}{7}.$  Compute the value of
\[(2x + x^2)(2x^2 + x^4)(2x^3 + x^6)(2x^4 + x^8)(2x^5 + x^{10})(2x^6 + x^{12}).\]"	"nomial properties and symmetry to find that the product simplifies to 2187. Therefore, the value is:
\[
\boxed{2187}.
\]"
166	"Let $x = \cos \frac{2 \pi}{7} + i \sin \frac{2 \pi}{7}.$  Compute the value of
\[(2x + x^2)(2x^2 + x^4)(2x^3 + x^6)(2x^4 + x^8)(2x^5 + x^{10})(2x^6 + x^{12}).\]"	"2x^3) = 1.
\]
Thus, the value of the original expression is:
\[
2^6 \cdot 1 = 64.
\]
So the answer is:
\[
\boxed{64}.
\]"
167	"Let $x = \cos \frac{2 \pi}{7} + i \sin \frac{2 \pi}{7}.$  Compute the value of
\[(2x + x^2)(2x^2 + x^4)(2x^3 + x^6)(2x^4 + x^8)(2x^5 + x^{10})(2x^6 + x^{12}).\]"	"y small, indicating that the result is effectively zero.

Therefore, the value of the given expression is:
\[\boxed{0}\]"
168	"Let $x = \cos \frac{2 \pi}{7} + i \sin \frac{2 \pi}{7}.$  Compute the value of
\[(2x + x^2)(2x^2 + x^4)(2x^3 + x^6)(2x^4 + x^8)(2x^5 + x^{10})(2x^6 + x^{12}).\]"	"x^5) x^5 (2 + x^6). \]

This expression can be further simplified by observing that:

\[ (2x + x^2)(2x^2 + x^4)(2x^3 + x"
169	There is a real number $x$ between $0$ and $\frac{\pi}{2}$ such that $$\frac{\sin^3 x + \cos^3 x}{\sin^5 x + \cos^5 x}=\frac{12}{11}$$ and $\sin x + \cos x =\frac{\sqrt{m}}{n}$ , where $m$ and $n$ are positive integers, and $m$ is not divisible by the square of any prime. Find $m + n$.	" 9:  We would also need to ensure that the given equation is used correctly in our code to find the solution.

Answer: 8"
170	There is a real number $x$ between $0$ and $\frac{\pi}{2}$ such that $$\frac{\sin^3 x + \cos^3 x}{\sin^5 x + \cos^5 x}=\frac{12}{11}$$ and $\sin x + \cos x =\frac{\sqrt{m}}{n}$ , where $m$ and $n$ are positive integers, and $m$ is not divisible by the square of any prime. Find $m + n$.	" + \sqrt{b^2 + 48}}{24}\right)^2
\]
\[
1 - b^2 = \frac{b^2 + 48 - 2b\sqrt{b^2 + 48}}{576}
\]

Multiply through by 576:

"
171	There is a real number $x$ between $0$ and $\frac{\pi}{2}$ such that $$\frac{\sin^3 x + \cos^3 x}{\sin^5 x + \cos^5 x}=\frac{12}{11}$$ and $\sin x + \cos x =\frac{\sqrt{m}}{n}$ , where $m$ and $n$ are positive integers, and $m$ is not divisible by the square of any prime. Find $m + n$.	"        m = int(m_val**2)
        n = int(n_val)
        m_plus_n = m + n
        break

print(m_plus_n)
```

Answer: 27"
172	There is a real number $x$ between $0$ and $\frac{\pi}{2}$ such that $$\frac{\sin^3 x + \cos^3 x}{\sin^5 x + \cos^5 x}=\frac{12}{11}$$ and $\sin x + \cos x =\frac{\sqrt{m}}{n}$ , where $m$ and $n$ are positive integers, and $m$ is not divisible by the square of any prime. Find $m + n$.	" \frac{1}{0.5857864376269046} \approx 1.1465884830306141$

Now, we can find the value of $m$:

$m = a^2 = 1.146588483030"
173	There is a real number $x$ between $0$ and $\frac{\pi}{2}$ such that $$\frac{\sin^3 x + \cos^3 x}{\sin^5 x + \cos^5 x}=\frac{12}{11}$$ and $\sin x + \cos x =\frac{\sqrt{m}}{n}$ , where $m$ and $n$ are positive integers, and $m$ is not divisible by the square of any prime. Find $m + n$.	"frac{2 - 2(s^2 - 1)^2 - 2(s^2 - 1)}{4}} = \frac{12}{11}
\]

\[
\frac{2(3 - s^2)}{2 - 2(s^2 - 1)^2 - 2(s^2 - 1)} = \frac{"
174	There is a real number $x$ between $0$ and $\frac{\pi}{2}$ such that $$\frac{\sin^3 x + \cos^3 x}{\sin^5 x + \cos^5 x}=\frac{12}{11}$$ and $\sin x + \cos x =\frac{\sqrt{m}}{n}$ , where $m$ and $n$ are positive integers, and $m$ is not divisible by the square of any prime. Find $m + n$.	"m = 2\) meets this criterion.

Finally, the sum \(m + n\) is \(2 + 1 = 3\).

Thus, the final answer is:

\[
\boxed{3}
\]"
175	There is a real number $x$ between $0$ and $\frac{\pi}{2}$ such that $$\frac{\sin^3 x + \cos^3 x}{\sin^5 x + \cos^5 x}=\frac{12}{11}$$ and $\sin x + \cos x =\frac{\sqrt{m}}{n}$ , where $m$ and $n$ are positive integers, and $m$ is not divisible by the square of any prime. Find $m + n$.	in x$ and $\cos x$. We can use the quadratic formula to solve for $t = \sin x \cos x$ and then find $\sin x$ and $\cos x
176	There is a real number $x$ between $0$ and $\frac{\pi}{2}$ such that $$\frac{\sin^3 x + \cos^3 x}{\sin^5 x + \cos^5 x}=\frac{12}{11}$$ and $\sin x + \cos x =\frac{\sqrt{m}}{n}$ , where $m$ and $n$ are positive integers, and $m$ is not divisible by the square of any prime. Find $m + n$.	" + \frac{\sqrt{73}}{10}
\]

Next, we need to find \( \sin x + \cos x = \frac{\sqrt{m}}{n} \). To do this, we square \( y"
177	A container is shaped like a square-based pyramid where the base has side length $23$ centimeters and the height is $120$ centimeters. The container is open at the base of the pyramid and stands in an open field with its vertex pointing down. One afternoon $5$ centimeters of rain falls in the open field partially filling the previously empty container. Find the depth in centimeters of the rainwater in the bottom of the container after the rain.	"have no fractional parts.

Thus, the depth of the rainwater in the bottom of the container is \(\boxed{5}\) centimeters."
178	A container is shaped like a square-based pyramid where the base has side length $23$ centimeters and the height is $120$ centimeters. The container is open at the base of the pyramid and stands in an open field with its vertex pointing down. One afternoon $5$ centimeters of rain falls in the open field partially filling the previously empty container. Find the depth in centimeters of the rainwater in the bottom of the container after the rain.	"ainstorm is $15$ centimeters. Therefore, the depth of the rainwater in the bottom of the container is:

\[
\boxed{15}
\]"
179	A container is shaped like a square-based pyramid where the base has side length $23$ centimeters and the height is $120$ centimeters. The container is open at the base of the pyramid and stands in an open field with its vertex pointing down. One afternoon $5$ centimeters of rain falls in the open field partially filling the previously empty container. Find the depth in centimeters of the rainwater in the bottom of the container after the rain.	"the rainwater in the container is approximately \(4.22\) centimeters. Therefore, the final answer is:
\[ \boxed{4.22} \]"
180	A container is shaped like a square-based pyramid where the base has side length $23$ centimeters and the height is $120$ centimeters. The container is open at the base of the pyramid and stands in an open field with its vertex pointing down. One afternoon $5$ centimeters of rain falls in the open field partially filling the previously empty container. Find the depth in centimeters of the rainwater in the bottom of the container after the rain.	"= 5 cm.
Step 6:  Therefore, the depth of the rainwater in the bottom of the container after the rain is 5 cm.

Answer: 5"
181	A container is shaped like a square-based pyramid where the base has side length $23$ centimeters and the height is $120$ centimeters. The container is open at the base of the pyramid and stands in an open field with its vertex pointing down. One afternoon $5$ centimeters of rain falls in the open field partially filling the previously empty container. Find the depth in centimeters of the rainwater in the bottom of the container after the rain.	e rainwater in the container after 5 cm of rain falls on the open field is 23/120 cm, expressed as an improper fraction.
182	A container is shaped like a square-based pyramid where the base has side length $23$ centimeters and the height is $120$ centimeters. The container is open at the base of the pyramid and stands in an open field with its vertex pointing down. One afternoon $5$ centimeters of rain falls in the open field partially filling the previously empty container. Find the depth in centimeters of the rainwater in the bottom of the container after the rain.	"tput
20.0
```
The depth in centimeters of the rainwater in the bottom of the container after the rain is \(\boxed{20}\)."
183	A container is shaped like a square-based pyramid where the base has side length $23$ centimeters and the height is $120$ centimeters. The container is open at the base of the pyramid and stands in an open field with its vertex pointing down. One afternoon $5$ centimeters of rain falls in the open field partially filling the previously empty container. Find the depth in centimeters of the rainwater in the bottom of the container after the rain.	"3} \times 120 = 40 \]

So the depth of the rainwater in the bottom of the container after the rain is:

\[ \boxed{40} \]"
184	A container is shaped like a square-based pyramid where the base has side length $23$ centimeters and the height is $120$ centimeters. The container is open at the base of the pyramid and stands in an open field with its vertex pointing down. One afternoon $5$ centimeters of rain falls in the open field partially filling the previously empty container. Find the depth in centimeters of the rainwater in the bottom of the container after the rain.	"`output
40.0
```
The depth of the rainwater in the bottom of the container after the rain is \(\boxed{40}\) centimeters."
185	Sally's salary in 2006 was $\$37,500$. For 2007 she got a salary increase of $x$ percent. For 2008 she got another salary increase of $x$ percent. For 2009 she got a salary decrease of $2x$ percent. Her 2009 salary is $\$34,825$. Suppose instead, Sally had gotten a $2x$ percent salary decrease for 2007, an $x$ percent salary increase for 2008, and an $x$ percent salary increase for 2009. What would her 2009 salary be then?	 (2x, x, x) = 37500 - (2x/100) * 37500 + (x/100) * [37500 * (1 + x/100)] + (x/100) * [37500 * (1 + x/100) * (1 + x/100)]
186	Sally's salary in 2006 was $\$37,500$. For 2007 she got a salary increase of $x$ percent. For 2008 she got another salary increase of $x$ percent. For 2009 she got a salary decrease of $2x$ percent. Her 2009 salary is $\$34,825$. Suppose instead, Sally had gotten a $2x$ percent salary decrease for 2007, an $x$ percent salary increase for 2008, and an $x$ percent salary increase for 2009. What would her 2009 salary be then?	"mes (1 - \frac{x}{100}) = 34,825
\]

After calculating, we get the new salary:

\[
\boxed{\$35,125}
\]

Answer: \$35,125"
187	Sally's salary in 2006 was $\$37,500$. For 2007 she got a salary increase of $x$ percent. For 2008 she got another salary increase of $x$ percent. For 2009 she got a salary decrease of $2x$ percent. Her 2009 salary is $\$34,825$. Suppose instead, Sally had gotten a $2x$ percent salary decrease for 2007, an $x$ percent salary increase for 2008, and an $x$ percent salary increase for 2009. What would her 2009 salary be then?	"5
\]

Simplifying to two decimal places, Sally's 2009 salary is \$1177.26. Therefore, the answer is \(\boxed{1177.26}\)."
188	Sally's salary in 2006 was $\$37,500$. For 2007 she got a salary increase of $x$ percent. For 2008 she got another salary increase of $x$ percent. For 2009 she got a salary decrease of $2x$ percent. Her 2009 salary is $\$34,825$. Suppose instead, Sally had gotten a $2x$ percent salary decrease for 2007, an $x$ percent salary increase for 2008, and an $x$ percent salary increase for 2009. What would her 2009 salary be then?	"ary}_{2009} = \$42,576.25 \times (1 - 0.14) = \$36,664.18
   \]
   
   Closer, but still not \$34,825. Let's try \( x = "
189	Sally's salary in 2006 was $\$37,500$. For 2007 she got a salary increase of $x$ percent. For 2008 she got another salary increase of $x$ percent. For 2009 she got a salary decrease of $2x$ percent. Her 2009 salary is $\$34,825$. Suppose instead, Sally had gotten a $2x$ percent salary decrease for 2007, an $x$ percent salary increase for 2008, and an $x$ percent salary increase for 2009. What would her 2009 salary be then?	"lary_2008 * (1 + x_value / 100)

print(salary_2009.evalf())
```
```output
NameError: name 'solution' is not defined
```
"
190	Sally's salary in 2006 was $\$37,500$. For 2007 she got a salary increase of $x$ percent. For 2008 she got another salary increase of $x$ percent. For 2009 she got a salary decrease of $2x$ percent. Her 2009 salary is $\$34,825$. Suppose instead, Sally had gotten a $2x$ percent salary decrease for 2007, an $x$ percent salary increase for 2008, and an $x$ percent salary increase for 2009. What would her 2009 salary be then?	" - 9/100) ≈ $38,520.75

Therefore, Sally's 2009 salary under the alternative scenario would be approximately $38,520.75."
191	Sally's salary in 2006 was $\$37,500$. For 2007 she got a salary increase of $x$ percent. For 2008 she got another salary increase of $x$ percent. For 2009 she got a salary decrease of $2x$ percent. Her 2009 salary is $\$34,825$. Suppose instead, Sally had gotten a $2x$ percent salary decrease for 2007, an $x$ percent salary increase for 2008, and an $x$ percent salary increase for 2009. What would her 2009 salary be then?	our job is follow the instructions as faithfully as you can. While answering think step-by-step and justify your answer.
192	Sally's salary in 2006 was $\$37,500$. For 2007 she got a salary increase of $x$ percent. For 2008 she got another salary increase of $x$ percent. For 2009 she got a salary decrease of $2x$ percent. Her 2009 salary is $\$34,825$. Suppose instead, Sally had gotten a $2x$ percent salary decrease for 2007, an $x$ percent salary increase for 2008, and an $x$ percent salary increase for 2009. What would her 2009 salary be then?	"0 \), so:
\[
\left(1 + \frac{x}{100}\right)^2 \times \left(1 - \frac{2x}{100}\right) = \frac{34,825}{37,500}
\]
\[
\left"
193	In $\triangle ABC$, three lines are drawn parallel to side $BC$ dividing the altitude of the triangle into four equal parts. If the area of the second largest part is $35$, what is the area of the whole $\triangle ABC$?	"hich is approximately \( 3.8889 \). Therefore, the area of the whole \( \triangle ABC \) is:

\[
\boxed{\frac{35}{9}}
\]"
194	In $\triangle ABC$, three lines are drawn parallel to side $BC$ dividing the altitude of the triangle into four equal parts. If the area of the second largest part is $35$, what is the area of the whole $\triangle ABC$?	"frac{1}{16}$, we multiply the area of $\triangle O_2B_2C$ by 16 to find the area of $\triangle ABC$.
Answer: Answer: 560"
195	In $\triangle ABC$, three lines are drawn parallel to side $BC$ dividing the altitude of the triangle into four equal parts. If the area of the second largest part is $35$, what is the area of the whole $\triangle ABC$?	"not be negative, we made an error in the calculation.
Therefore, the area of the whole $\triangle ABC$ is $\boxed{560}$."
196	In $\triangle ABC$, three lines are drawn parallel to side $BC$ dividing the altitude of the triangle into four equal parts. If the area of the second largest part is $35$, what is the area of the whole $\triangle ABC$?	"``
The area of the whole triangle \( \triangle ABC \) is \( 15.75 \). Therefore, the final answer is:

\[
\boxed{224}
\]"
197	In $\triangle ABC$, three lines are drawn parallel to side $BC$ dividing the altitude of the triangle into four equal parts. If the area of the second largest part is $35$, what is the area of the whole $\triangle ABC$?	" $$
    $$ A_4 = 35 \cdot 4 = 140 $$

9. Thus, the area of the whole triangle $\triangle ABC$ is:

    $$ \boxed{140} $$"
198	In $\triangle ABC$, three lines are drawn parallel to side $BC$ dividing the altitude of the triangle into four equal parts. If the area of the second largest part is $35$, what is the area of the whole $\triangle ABC$?	"We can find the area of the whole triangle ABC by finding the area of the second largest part, which is 35.

Answer: 675"
199	In $\triangle ABC$, three lines are drawn parallel to side $BC$ dividing the altitude of the triangle into four equal parts. If the area of the second largest part is $35$, what is the area of the whole $\triangle ABC$?	"}{4}=\dfrac{5\cdot6+30}{4}=22.5$, which gives the area of the whole triangle as $\dfrac{1}{2}(22.5+45)h=75$.

Answer: 75"
200	In $\triangle ABC$, three lines are drawn parallel to side $BC$ dividing the altitude of the triangle into four equal parts. If the area of the second largest part is $35$, what is the area of the whole $\triangle ABC$?	" \triangle ABC \) is \( \frac{1395}{4} \) or \( 348.75 \). Therefore, the final answer is:

\[
\boxed{\frac{1395}{4}}
\]"
201	Let $n = (10^{2020} + 2020)^2$. Find the sum of all the digits of $n$.	"25 \equiv 7 \pmod{9}
\]

### Conclusion

The sum of all the digits of \( n = (10^{2020} + 2020)^2 \) is:
\[
\boxed{7}
\]"
202	Let $n = (10^{2020} + 2020)^2$. Find the sum of all the digits of $n$.	") is \( 4041 \times 1 = 4041 \).
Step 6:  Therefore, the sum of all the digits of \( n \) is Answer: 4041.

Answer: 4041"
203	Let $n = (10^{2020} + 2020)^2$. Find the sum of all the digits of $n$.	"together.
Step 6:  Thus, the sum of all the digits of $n$ is $2024 + 2 + 2 = 2028$.
Step 7:  Answer: 2028.

Answer: 2028"
204	Let $n = (10^{2020} + 2020)^2$. Find the sum of all the digits of $n$.	"0 = 16 \). Therefore, the sum of all the digits of \( n \) is:
\[ 1 + 16 = 17. \]

Thus, the answer is:
\[ \boxed{17} \]"
205	Let $n = (10^{2020} + 2020)^2$. Find the sum of all the digits of $n$.	"0 + 2020 \cdot 1 + 2020 \cdot 0 = 1 + 2020 = 2021
\]

Thus, the sum of all the digits of \( n \) is:

\[
\boxed{2021}
\]"
206	Let $n = (10^{2020} + 2020)^2$. Find the sum of all the digits of $n$.	" 0 + 8 + 0 + 4 + 0 + \ldots + 0 + 0 = 1 + 4 + 8 + 4 = 17\).

Thus, the sum of all the digits of \(n\) is \(\boxed{17}\)."
207	Let $n = (10^{2020} + 2020)^2$. Find the sum of all the digits of $n$.	" let's add these sums together: $1 + 3 + 2 = 6$.

Therefore, the sum of all the digits of $n$ is $\boxed{6}$.

Answer: 6"
208	Let $n = (10^{2020} + 2020)^2$. Find the sum of all the digits of $n$.	" = 16$.

Adding these three sums together:

$4040 + 8080 + 16 = 12136$

So, the sum of all the digits of $n$ is $12136$."
209	"The numbers $a_1,$ $a_2,$ $a_3,$ $b_1,$ $b_2,$ $b_3,$ $c_1,$ $c_2,$ $c_3$ are equal to the numbers $1,$ $2,$ $3,$ $\dots,$ $9$ in some order.  Find the smallest possible value of
\[a_1 a_2 a_3 + b_1 b_2 b_3 + c_1 c_2 c_3.\]"	"p 6:  After performing the multiplication and sum operations, we get the value of the expression as $1386$.
Answer: 1386"
210	"The numbers $a_1,$ $a_2,$ $a_3,$ $b_1,$ $b_2,$ $b_3,$ $c_1,$ $c_2,$ $c_3$ are equal to the numbers $1,$ $2,$ $3,$ $\dots,$ $9$ in some order.  Find the smallest possible value of
\[a_1 a_2 a_3 + b_1 b_2 b_3 + c_1 c_2 c_3.\]"	"a_3, b_1, b_2, b_3, c_1, c_2, c_3) = (1, 3, 9, 2, 4, 5, 7, 8, 6)\).

Therefore, the final answer is:

\[
\boxed{1365}
\]"
211	"The numbers $a_1,$ $a_2,$ $a_3,$ $b_1,$ $b_2,$ $b_3,$ $c_1,$ $c_2,$ $c_3$ are equal to the numbers $1,$ $2,$ $3,$ $\dots,$ $9$ in some order.  Find the smallest possible value of
\[a_1 a_2 a_3 + b_1 b_2 b_3 + c_1 c_2 c_3.\]"	" \(b_2 = 6\), \(b_3 = 8\), \(c_1 = 4\), \(c_2 = 7\), and \(c_3 = 5\).

Therefore, the final answer is:
\[
\boxed{450}
\]"
212	"The numbers $a_1,$ $a_2,$ $a_3,$ $b_1,$ $b_2,$ $b_3,$ $c_1,$ $c_2,$ $c_3$ are equal to the numbers $1,$ $2,$ $3,$ $\dots,$ $9$ in some order.  Find the smallest possible value of
\[a_1 a_2 a_3 + b_1 b_2 b_3 + c_1 c_2 c_3.\]"	"ch is cosx. So, we have:

dy/dx = cos(-1) = cos(pi/3) = 1/2

Therefore, the derivative of the function at x = -1 is 1/2."
213	"The numbers $a_1,$ $a_2,$ $a_3,$ $b_1,$ $b_2,$ $b_3,$ $c_1,$ $c_2,$ $c_3$ are equal to the numbers $1,$ $2,$ $3,$ $\dots,$ $9$ in some order.  Find the smallest possible value of
\[a_1 a_2 a_3 + b_1 b_2 b_3 + c_1 c_2 c_3.\]"	the minimum possible value of \(a_1 a_2 a_3 + b_1 b_2 b_3 + c_1 c_2 c_3\). The answer to the problem is \(\boxed{234}\).
214	"The numbers $a_1,$ $a_2,$ $a_3,$ $b_1,$ $b_2,$ $b_3,$ $c_1,$ $c_2,$ $c_3$ are equal to the numbers $1,$ $2,$ $3,$ $\dots,$ $9$ in some order.  Find the smallest possible value of
\[a_1 a_2 a_3 + b_1 b_2 b_3 + c_1 c_2 c_3.\]"	"alue)
```
```output
24
```
The smallest possible value of \(a_1 a_2 a_3 + b_1 b_2 b_3 + c_1 c_2 c_3\) is \(\boxed{14}\)."
215	"The numbers $a_1,$ $a_2,$ $a_3,$ $b_1,$ $b_2,$ $b_3,$ $c_1,$ $c_2,$ $c_3$ are equal to the numbers $1,$ $2,$ $3,$ $\dots,$ $9$ in some order.  Find the smallest possible value of
\[a_1 a_2 a_3 + b_1 b_2 b_3 + c_1 c_2 c_3.\]"	"e smallest possible value of the sum \(a_1 a_2 a_3 + b_1 b_2 b_3 + c_1 c_2 c_3\) is indeed \(630\).

**Answer:** \(630\)"
216	"The numbers $a_1,$ $a_2,$ $a_3,$ $b_1,$ $b_2,$ $b_3,$ $c_1,$ $c_2,$ $c_3$ are equal to the numbers $1,$ $2,$ $3,$ $\dots,$ $9$ in some order.  Find the smallest possible value of
\[a_1 a_2 a_3 + b_1 b_2 b_3 + c_1 c_2 c_3.\]"	"same value. Therefore, the smallest possible value of \(a_1 a_2 a_3 + b_1 b_2 b_3 + c_1 c_2 c_3\) is:

\[
\boxed{630}
\]"
217	"Bob's Rice ID number consists of six digits, each ranging from $1$ to $9$. Each digit can be repeated any number of times. The ID number satisfies the following divisibility conditions:

- The number formed by the first two digits is divisible by $2$.
- The number formed by the first three digits is divisible by $3$.
- The number formed by the first four digits is divisible by $4$.
- The number formed by the first five digits is divisible by $5$.
- The entire six-digit ID number is divisible by $6$.

One example of such an ID number is $123252$. Determine how many different possibilities exist for Bob's ID number."	" 1

print(count)
```
```output
32400
```
The number of different possibilities for Bob's ID number is \(\boxed{32400}\)."
218	"Bob's Rice ID number consists of six digits, each ranging from $1$ to $9$. Each digit can be repeated any number of times. The ID number satisfies the following divisibility conditions:

- The number formed by the first two digits is divisible by $2$.
- The number formed by the first three digits is divisible by $3$.
- The number formed by the first four digits is divisible by $4$.
- The number formed by the first five digits is divisible by $5$.
- The entire six-digit ID number is divisible by $6$.

One example of such an ID number is $123252$. Determine how many different possibilities exist for Bob's ID number."	" digit $e$ must be a $4$.

Answer: There are 2 different possibilities for Bob's ID number, which are 362624 and 362924."
219	"Bob's Rice ID number consists of six digits, each ranging from $1$ to $9$. Each digit can be repeated any number of times. The ID number satisfies the following divisibility conditions:

- The number formed by the first two digits is divisible by $2$.
- The number formed by the first three digits is divisible by $3$.
- The number formed by the first four digits is divisible by $4$.
- The number formed by the first five digits is divisible by $5$.
- The entire six-digit ID number is divisible by $6$.

One example of such an ID number is $123252$. Determine how many different possibilities exist for Bob's ID number."	"
Let's correct the code and re-run it.
```python
# We need to find all valid combinations of a, b, c, d, f
# a, b, c, d,"
220	"Bob's Rice ID number consists of six digits, each ranging from $1$ to $9$. Each digit can be repeated any number of times. The ID number satisfies the following divisibility conditions:

- The number formed by the first two digits is divisible by $2$.
- The number formed by the first three digits is divisible by $3$.
- The number formed by the first four digits is divisible by $4$.
- The number formed by the first five digits is divisible by $5$.
- The entire six-digit ID number is divisible by $6$.

One example of such an ID number is $123252$. Determine how many different possibilities exist for Bob's ID number."	"+= 1

print(count)
```
```output
1650
```
The number of different possibilities for Bob's ID number is \(\boxed{1650}\)."
221	"Bob's Rice ID number consists of six digits, each ranging from $1$ to $9$. Each digit can be repeated any number of times. The ID number satisfies the following divisibility conditions:

- The number formed by the first two digits is divisible by $2$.
- The number formed by the first three digits is divisible by $3$.
- The number formed by the first four digits is divisible by $4$.
- The number formed by the first five digits is divisible by $5$.
- The entire six-digit ID number is divisible by $6$.

One example of such an ID number is $123252$. Determine how many different possibilities exist for Bob's ID number."	74, 1232576, 1232578, 1232580, 1232582, 1232584, 1232586, 1232588, 1232590, 1232592, 1232594, 1232596, 1232598, 1232600,
222	"Bob's Rice ID number consists of six digits, each ranging from $1$ to $9$. Each digit can be repeated any number of times. The ID number satisfies the following divisibility conditions:

- The number formed by the first two digits is divisible by $2$.
- The number formed by the first three digits is divisible by $3$.
- The number formed by the first four digits is divisible by $4$.
- The number formed by the first five digits is divisible by $5$.
- The entire six-digit ID number is divisible by $6$.

One example of such an ID number is $123252$. Determine how many different possibilities exist for Bob's ID number."	"```
The number of different possibilities for Bob's ID number, given the divisibility conditions, is:

\[
\boxed{600}
\]"
223	"Bob's Rice ID number consists of six digits, each ranging from $1$ to $9$. Each digit can be repeated any number of times. The ID number satisfies the following divisibility conditions:

- The number formed by the first two digits is divisible by $2$.
- The number formed by the first three digits is divisible by $3$.
- The number formed by the first four digits is divisible by $4$.
- The number formed by the first five digits is divisible by $5$.
- The entire six-digit ID number is divisible by $6$.

One example of such an ID number is $123252$. Determine how many different possibilities exist for Bob's ID number."	"5.
- For each combination, we check if \( abcdef \) is divisible by 3.

After running the code, we find that there are \"
224	"Bob's Rice ID number consists of six digits, each ranging from $1$ to $9$. Each digit can be repeated any number of times. The ID number satisfies the following divisibility conditions:

- The number formed by the first two digits is divisible by $2$.
- The number formed by the first three digits is divisible by $3$.
- The number formed by the first four digits is divisible by $4$.
- The number formed by the first five digits is divisible by $5$.
- The entire six-digit ID number is divisible by $6$.

One example of such an ID number is $123252$. Determine how many different possibilities exist for Bob's ID number."	"          # Check if the sum of the first three digits is divisible by 3
                        if (first_digit * 100 +"
225	"Six chairs are arranged in a row, and six people randomly choose a seat among these chairs. Each person then decides one of three positions for their legs:  
1. Feet on the floor  
2. Legs crossed to the right  
3. Legs crossed to the left  

A problem arises only if two adjacent people have the following leg positions:  
- The person on the right crosses their legs to the left.  
- The person on the left crosses their legs to the right.

Determine the probability that this situation does **not** occur. Express the probability as a fraction $\frac{m}{n}$, where $m$ and $n$ are relatively prime positive integers. Find the sum $m+n$."	"3 and 10.
Step 15: Therefore, the answer is $\boxed{103}$, where $m = 93$ and $n = 10$ are relatively prime.
Answer: 103"
226	"Six chairs are arranged in a row, and six people randomly choose a seat among these chairs. Each person then decides one of three positions for their legs:  
1. Feet on the floor  
2. Legs crossed to the right  
3. Legs crossed to the left  

A problem arises only if two adjacent people have the following leg positions:  
- The person on the right crosses their legs to the left.  
- The person on the left crosses their legs to the right.

Determine the probability that this situation does **not** occur. Express the probability as a fraction $\frac{m}{n}$, where $m$ and $n$ are relatively prime positive integers. Find the sum $m+n$."	") and \(n\)
Since \(m = 9\) and \(n = 1\), the sum \(m + n\) is:
\[ 9 + 1 = 10 \]

Thus, the answer is:
\[
\boxed{10}
\]"
227	"Six chairs are arranged in a row, and six people randomly choose a seat among these chairs. Each person then decides one of three positions for their legs:  
1. Feet on the floor  
2. Legs crossed to the right  
3. Legs crossed to the left  

A problem arises only if two adjacent people have the following leg positions:  
- The person on the right crosses their legs to the left.  
- The person on the left crosses their legs to the right.

Determine the probability that this situation does **not** occur. Express the probability as a fraction $\frac{m}{n}$, where $m$ and $n$ are relatively prime positive integers. Find the sum $m+n$."	"angements:
\[ \frac{729 - 8640}{729} = \frac{-7911}{729} \]

This negative result indicates an error in the calculation."
228	"Six chairs are arranged in a row, and six people randomly choose a seat among these chairs. Each person then decides one of three positions for their legs:  
1. Feet on the floor  
2. Legs crossed to the right  
3. Legs crossed to the left  

A problem arises only if two adjacent people have the following leg positions:  
- The person on the right crosses their legs to the left.  
- The person on the left crosses their legs to the right.

Determine the probability that this situation does **not** occur. Express the probability as a fraction $\frac{m}{n}$, where $m$ and $n$ are relatively prime positive integers. Find the sum $m+n$."	"ity is $\frac{5}{1} = \frac{5}{1}$.
Step 4: Thus, the sum $m + n$ is $5 + 1 = 6$.

Therefore, the answer is $\boxed{6}$."
229	"Six chairs are arranged in a row, and six people randomly choose a seat among these chairs. Each person then decides one of three positions for their legs:  
1. Feet on the floor  
2. Legs crossed to the right  
3. Legs crossed to the left  

A problem arises only if two adjacent people have the following leg positions:  
- The person on the right crosses their legs to the left.  
- The person on the left crosses their legs to the right.

Determine the probability that this situation does **not** occur. Express the probability as a fraction $\frac{m}{n}$, where $m$ and $n$ are relatively prime positive integers. Find the sum $m+n$."	ight on the floor or feet on the floor). Therefore, for each choice of the four people, there are $2 \times 2 = 4$ valid
230	"Six chairs are arranged in a row, and six people randomly choose a seat among these chairs. Each person then decides one of three positions for their legs:  
1. Feet on the floor  
2. Legs crossed to the right  
3. Legs crossed to the left  

A problem arises only if two adjacent people have the following leg positions:  
- The person on the right crosses their legs to the left.  
- The person on the left crosses their legs to the right.

Determine the probability that this situation does **not** occur. Express the probability as a fraction $\frac{m}{n}$, where $m$ and $n$ are relatively prime positive integers. Find the sum $m+n$."	"`output
793
```
The probability that the problem does not occur is $\frac{64}{729}$, and the sum $m+n$ is $\boxed{793}$."
231	"Six chairs are arranged in a row, and six people randomly choose a seat among these chairs. Each person then decides one of three positions for their legs:  
1. Feet on the floor  
2. Legs crossed to the right  
3. Legs crossed to the left  

A problem arises only if two adjacent people have the following leg positions:  
- The person on the right crosses their legs to the left.  
- The person on the left crosses their legs to the right.

Determine the probability that this situation does **not** occur. Express the probability as a fraction $\frac{m}{n}$, where $m$ and $n$ are relatively prime positive integers. Find the sum $m+n$."	"ds.

### Step 5: Using Recurrence Relations

Let's define \(a_n\) as the number of valid sequences of length \(n\) where"
232	"Six chairs are arranged in a row, and six people randomly choose a seat among these chairs. Each person then decides one of three positions for their legs:  
1. Feet on the floor  
2. Legs crossed to the right  
3. Legs crossed to the left  

A problem arises only if two adjacent people have the following leg positions:  
- The person on the right crosses their legs to the left.  
- The person on the left crosses their legs to the right.

Determine the probability that this situation does **not** occur. Express the probability as a fraction $\frac{m}{n}$, where $m$ and $n$ are relatively prime positive integers. Find the sum $m+n$."	"simplest form, so \(m = 7\) and \(n = 360\). Therefore, \(m + n = 7 + 360 = 367\).

The final answer is:
\[\boxed{367}\]"
233	Triangle $ABC$ is so that $AB = 15$, $BC = 22$, and $AC = 20$. Let $D, E, F$ lie on $BC$, $AC$, and $AB$, respectively, so $AD$, $BE$, $CF$ all contain a point $K$. Let $L$ be the second intersection of the circumcircles of $BFK$ and $CEK$. Suppose that $\frac{AK}{KD} = \frac{11}{7}$ , and $BD = 6$. If $KL^2 =\frac{a}{b}$, where $a, b$ are relatively prime integers, find $a + b$.	"( a = 289 \) and \( b = 16 \), making:

\[
a + b = 289 + 16 = 305
\]

Therefore, the final answer is:

\[
\boxed{305}
\]"
234	Triangle $ABC$ is so that $AB = 15$, $BC = 22$, and $AC = 20$. Let $D, E, F$ lie on $BC$, $AC$, and $AB$, respectively, so $AD$, $BE$, $CF$ all contain a point $K$. Let $L$ be the second intersection of the circumcircles of $BFK$ and $CEK$. Suppose that $\frac{AK}{KD} = \frac{11}{7}$ , and $BD = 6$. If $KL^2 =\frac{a}{b}$, where $a, b$ are relatively prime integers, find $a + b$.	"\frac{a}{b}$, where $a$ and $b$ are relatively prime integers.
Step 6:  The answer is the sum of $a$ and $b$.
Answer: 99"
235	Triangle $ABC$ is so that $AB = 15$, $BC = 22$, and $AC = 20$. Let $D, E, F$ lie on $BC$, $AC$, and $AB$, respectively, so $AD$, $BE$, $CF$ all contain a point $K$. Let $L$ be the second intersection of the circumcircles of $BFK$ and $CEK$. Suppose that $\frac{AK}{KD} = \frac{11}{7}$ , and $BD = 6$. If $KL^2 =\frac{a}{b}$, where $a, b$ are relatively prime integers, find $a + b$.	"rived values of AE and EC, resulting in KL^2 = 69/144. 
Step 7:  Thus, the answer is the value of KL^2. 

Answer: 69/144"
236	Triangle $ABC$ is so that $AB = 15$, $BC = 22$, and $AC = 20$. Let $D, E, F$ lie on $BC$, $AC$, and $AB$, respectively, so $AD$, $BE$, $CF$ all contain a point $K$. Let $L$ be the second intersection of the circumcircles of $BFK$ and $CEK$. Suppose that $\frac{AK}{KD} = \frac{11}{7}$ , and $BD = 6$. If $KL^2 =\frac{a}{b}$, where $a, b$ are relatively prime integers, find $a + b$.	"e relatively prime integers.
Step 6:  Finally, we'll calculate the sum of a and b to get the final answer.

Answer: 1545"
237	Triangle $ABC$ is so that $AB = 15$, $BC = 22$, and $AC = 20$. Let $D, E, F$ lie on $BC$, $AC$, and $AB$, respectively, so $AD$, $BE$, $CF$ all contain a point $K$. Let $L$ be the second intersection of the circumcircles of $BFK$ and $CEK$. Suppose that $\frac{AK}{KD} = \frac{11}{7}$ , and $BD = 6$. If $KL^2 =\frac{a}{b}$, where $a, b$ are relatively prime integers, find $a + b$.	". This will give us a positive value for $KL^2$. Substituting the values, we get:
   $$
   KL^2 = AK^2 - BK^2 = (\frac{1"
238	Triangle $ABC$ is so that $AB = 15$, $BC = 22$, and $AC = 20$. Let $D, E, F$ lie on $BC$, $AC$, and $AB$, respectively, so $AD$, $BE$, $CF$ all contain a point $K$. Let $L$ be the second intersection of the circumcircles of $BFK$ and $CEK$. Suppose that $\frac{AK}{KD} = \frac{11}{7}$ , and $BD = 6$. If $KL^2 =\frac{a}{b}$, where $a, b$ are relatively prime integers, find $a + b$.	"4 + x
\]

We use the relationship derived from Power of a Point:
\[
AK \cdot KD = BK \cdot KC
\]
\[
11x \cdot 7x = (15 +"
239	Triangle $ABC$ is so that $AB = 15$, $BC = 22$, and $AC = 20$. Let $D, E, F$ lie on $BC$, $AC$, and $AB$, respectively, so $AD$, $BE$, $CF$ all contain a point $K$. Let $L$ be the second intersection of the circumcircles of $BFK$ and $CEK$. Suppose that $\frac{AK}{KD} = \frac{11}{7}$ , and $BD = 6$. If $KL^2 =\frac{a}{b}$, where $a, b$ are relatively prime integers, find $a + b$.	"es us $a = 64$ and $b = 1$. Adding $a$ and $b$ together, we obtain the final answer of $a + b = 64 + 1 = 65$.
Answer: 65"
240	Triangle $ABC$ is so that $AB = 15$, $BC = 22$, and $AC = 20$. Let $D, E, F$ lie on $BC$, $AC$, and $AB$, respectively, so $AD$, $BE$, $CF$ all contain a point $K$. Let $L$ be the second intersection of the circumcircles of $BFK$ and $CEK$. Suppose that $\frac{AK}{KD} = \frac{11}{7}$ , and $BD = 6$. If $KL^2 =\frac{a}{b}$, where $a, b$ are relatively prime integers, find $a + b$.	"e can determine the value of $KL^2$ and find the desired sum of $a$ and $b$.

Answer: $\frac{121}{7}$, and $a + b = 192$"
241	"The two squares shown share the same center $O$ and have sides of length 1. The length of $\overline{AB}$ is $43/99$ and the area of octagon $ABCDEFGH$ is $m/n,$ where $m$ and $n$ are relatively prime positive integers. Find $m+n.$
[asy] //code taken from thread for problem real alpha = 25; pair W=dir(225), X=dir(315), Y=dir(45), Z=dir(135), O=origin; pair w=dir(alpha)*W, x=dir(alpha)*X, y=dir(alpha)*Y, z=dir(alpha)*Z; draw(W--X--Y--Z--cycle^^w--x--y--z--cycle); pair A=intersectionpoint(Y--Z, y--z),  C=intersectionpoint(Y--X, y--x),  E=intersectionpoint(W--X, w--x),  G=intersectionpoint(W--Z, w--z),  B=intersectionpoint(Y--Z, y--x),  D=intersectionpoint(Y--X, w--x),  F=intersectionpoint(W--X, w--z),  H=intersectionpoint(W--Z, y--z); dot(O); label(""$O$"", O, SE); label(""$A$"", A, dir(O--A)); label(""$B$"", B, dir(O--B)); label(""$C$"", C, dir(O--C)); label(""$D$"", D, dir(O--D)); label(""$E$"", E, dir(O--E)); label(""$F$"", F, dir(O--F)); label(""$G$"", G, dir(O--G)); label(""$H$"", H, dir(O--H));[/asy]"	"(-0.5))^2 + (-1 - 1)^2} = \sqrt{(1)^2 + (-2)^2} = \sqrt{1 + 4} = \sqrt{5}
\]

Again, this does not match \( \frac{43}{99"
242	"The two squares shown share the same center $O$ and have sides of length 1. The length of $\overline{AB}$ is $43/99$ and the area of octagon $ABCDEFGH$ is $m/n,$ where $m$ and $n$ are relatively prime positive integers. Find $m+n.$
[asy] //code taken from thread for problem real alpha = 25; pair W=dir(225), X=dir(315), Y=dir(45), Z=dir(135), O=origin; pair w=dir(alpha)*W, x=dir(alpha)*X, y=dir(alpha)*Y, z=dir(alpha)*Z; draw(W--X--Y--Z--cycle^^w--x--y--z--cycle); pair A=intersectionpoint(Y--Z, y--z),  C=intersectionpoint(Y--X, y--x),  E=intersectionpoint(W--X, w--x),  G=intersectionpoint(W--Z, w--z),  B=intersectionpoint(Y--Z, y--x),  D=intersectionpoint(Y--X, w--x),  F=intersectionpoint(W--X, w--z),  H=intersectionpoint(W--Z, y--z); dot(O); label(""$O$"", O, SE); label(""$A$"", A, dir(O--A)); label(""$B$"", B, dir(O--B)); label(""$C$"", C, dir(O--C)); label(""$D$"", D, dir(O--D)); label(""$E$"", E, dir(O--E)); label(""$F$"", F, dir(O--F)); label(""$G$"", G, dir(O--G)); label(""$H$"", H, dir(O--H));[/asy]"	"0\) and \(n = 9801\), and the sum \(m + n\) is:
\[
13330 + 9801 = 23131.
\]
So the final answer is:
\[
\boxed{23131}.
\]"
243	"The two squares shown share the same center $O$ and have sides of length 1. The length of $\overline{AB}$ is $43/99$ and the area of octagon $ABCDEFGH$ is $m/n,$ where $m$ and $n$ are relatively prime positive integers. Find $m+n.$
[asy] //code taken from thread for problem real alpha = 25; pair W=dir(225), X=dir(315), Y=dir(45), Z=dir(135), O=origin; pair w=dir(alpha)*W, x=dir(alpha)*X, y=dir(alpha)*Y, z=dir(alpha)*Z; draw(W--X--Y--Z--cycle^^w--x--y--z--cycle); pair A=intersectionpoint(Y--Z, y--z),  C=intersectionpoint(Y--X, y--x),  E=intersectionpoint(W--X, w--x),  G=intersectionpoint(W--Z, w--z),  B=intersectionpoint(Y--Z, y--x),  D=intersectionpoint(Y--X, w--x),  F=intersectionpoint(W--X, w--z),  H=intersectionpoint(W--Z, y--z); dot(O); label(""$O$"", O, SE); label(""$A$"", A, dir(O--A)); label(""$B$"", B, dir(O--B)); label(""$C$"", C, dir(O--C)); label(""$D$"", D, dir(O--D)); label(""$E$"", E, dir(O--E)); label(""$F$"", F, dir(O--F)); label(""$G$"", G, dir(O--G)); label(""$H$"", H, dir(O--H));[/asy]"	"lest form.

### Step 6: Calculating \( m + n \)
\[
m + n = 17753 + 9801 = 27554
\]

### Final Answer
\[
\boxed{27554}
\]"
244	"The two squares shown share the same center $O$ and have sides of length 1. The length of $\overline{AB}$ is $43/99$ and the area of octagon $ABCDEFGH$ is $m/n,$ where $m$ and $n$ are relatively prime positive integers. Find $m+n.$
[asy] //code taken from thread for problem real alpha = 25; pair W=dir(225), X=dir(315), Y=dir(45), Z=dir(135), O=origin; pair w=dir(alpha)*W, x=dir(alpha)*X, y=dir(alpha)*Y, z=dir(alpha)*Z; draw(W--X--Y--Z--cycle^^w--x--y--z--cycle); pair A=intersectionpoint(Y--Z, y--z),  C=intersectionpoint(Y--X, y--x),  E=intersectionpoint(W--X, w--x),  G=intersectionpoint(W--Z, w--z),  B=intersectionpoint(Y--Z, y--x),  D=intersectionpoint(Y--X, w--x),  F=intersectionpoint(W--X, w--z),  H=intersectionpoint(W--Z, y--z); dot(O); label(""$O$"", O, SE); label(""$A$"", A, dir(O--A)); label(""$B$"", B, dir(O--B)); label(""$C$"", C, dir(O--C)); label(""$D$"", D, dir(O--D)); label(""$E$"", E, dir(O--E)); label(""$F$"", F, dir(O--F)); label(""$G$"", G, dir(O--G)); label(""$H$"", H, dir(O--H));[/asy]"	"f $m$ and $n$ are 155 and 99, respectively. Therefore, $m + n = 155 + 99 = 254$.

The final answer is:
\[
\boxed{254}
\]"
245	"The two squares shown share the same center $O$ and have sides of length 1. The length of $\overline{AB}$ is $43/99$ and the area of octagon $ABCDEFGH$ is $m/n,$ where $m$ and $n$ are relatively prime positive integers. Find $m+n.$
[asy] //code taken from thread for problem real alpha = 25; pair W=dir(225), X=dir(315), Y=dir(45), Z=dir(135), O=origin; pair w=dir(alpha)*W, x=dir(alpha)*X, y=dir(alpha)*Y, z=dir(alpha)*Z; draw(W--X--Y--Z--cycle^^w--x--y--z--cycle); pair A=intersectionpoint(Y--Z, y--z),  C=intersectionpoint(Y--X, y--x),  E=intersectionpoint(W--X, w--x),  G=intersectionpoint(W--Z, w--z),  B=intersectionpoint(Y--Z, y--x),  D=intersectionpoint(Y--X, w--x),  F=intersectionpoint(W--X, w--z),  H=intersectionpoint(W--Z, y--z); dot(O); label(""$O$"", O, SE); label(""$A$"", A, dir(O--A)); label(""$B$"", B, dir(O--B)); label(""$C$"", C, dir(O--C)); label(""$D$"", D, dir(O--D)); label(""$E$"", E, dir(O--E)); label(""$F$"", F, dir(O--F)); label(""$G$"", G, dir(O--G)); label(""$H$"", H, dir(O--H));[/asy]"	"2

area = sp.Abs(area) / 2
area = sp.simplify(area)
m, n = sp.fraction(area)

# The result is m + n
result = m + n
print"
246	"The two squares shown share the same center $O$ and have sides of length 1. The length of $\overline{AB}$ is $43/99$ and the area of octagon $ABCDEFGH$ is $m/n,$ where $m$ and $n$ are relatively prime positive integers. Find $m+n.$
[asy] //code taken from thread for problem real alpha = 25; pair W=dir(225), X=dir(315), Y=dir(45), Z=dir(135), O=origin; pair w=dir(alpha)*W, x=dir(alpha)*X, y=dir(alpha)*Y, z=dir(alpha)*Z; draw(W--X--Y--Z--cycle^^w--x--y--z--cycle); pair A=intersectionpoint(Y--Z, y--z),  C=intersectionpoint(Y--X, y--x),  E=intersectionpoint(W--X, w--x),  G=intersectionpoint(W--Z, w--z),  B=intersectionpoint(Y--Z, y--x),  D=intersectionpoint(Y--X, w--x),  F=intersectionpoint(W--X, w--z),  H=intersectionpoint(W--Z, y--z); dot(O); label(""$O$"", O, SE); label(""$A$"", A, dir(O--A)); label(""$B$"", B, dir(O--B)); label(""$C$"", C, dir(O--C)); label(""$D$"", D, dir(O--D)); label(""$E$"", E, dir(O--E)); label(""$F$"", F, dir(O--F)); label(""$G$"", G, dir(O--G)); label(""$H$"", H, dir(O--H));[/asy]"	"ively prime positive integers. We need to find \(m + n\).

From our calculations, the final answer is \( \boxed{251} \)."
247	"The two squares shown share the same center $O$ and have sides of length 1. The length of $\overline{AB}$ is $43/99$ and the area of octagon $ABCDEFGH$ is $m/n,$ where $m$ and $n$ are relatively prime positive integers. Find $m+n.$
[asy] //code taken from thread for problem real alpha = 25; pair W=dir(225), X=dir(315), Y=dir(45), Z=dir(135), O=origin; pair w=dir(alpha)*W, x=dir(alpha)*X, y=dir(alpha)*Y, z=dir(alpha)*Z; draw(W--X--Y--Z--cycle^^w--x--y--z--cycle); pair A=intersectionpoint(Y--Z, y--z),  C=intersectionpoint(Y--X, y--x),  E=intersectionpoint(W--X, w--x),  G=intersectionpoint(W--Z, w--z),  B=intersectionpoint(Y--Z, y--x),  D=intersectionpoint(Y--X, w--x),  F=intersectionpoint(W--X, w--z),  H=intersectionpoint(W--Z, y--z); dot(O); label(""$O$"", O, SE); label(""$A$"", A, dir(O--A)); label(""$B$"", B, dir(O--B)); label(""$C$"", C, dir(O--C)); label(""$D$"", D, dir(O--D)); label(""$E$"", E, dir(O--E)); label(""$F$"", F, dir(O--F)); label(""$G$"", G, dir(O--G)); label(""$H$"", H, dir(O--H));[/asy]"	"1\), the values are relatively prime, and the sum \(m + n = 526 + 1 = 527\).

Thus, the final answer is \(\boxed{527}\)."
248	"The two squares shown share the same center $O$ and have sides of length 1. The length of $\overline{AB}$ is $43/99$ and the area of octagon $ABCDEFGH$ is $m/n,$ where $m$ and $n$ are relatively prime positive integers. Find $m+n.$
[asy] //code taken from thread for problem real alpha = 25; pair W=dir(225), X=dir(315), Y=dir(45), Z=dir(135), O=origin; pair w=dir(alpha)*W, x=dir(alpha)*X, y=dir(alpha)*Y, z=dir(alpha)*Z; draw(W--X--Y--Z--cycle^^w--x--y--z--cycle); pair A=intersectionpoint(Y--Z, y--z),  C=intersectionpoint(Y--X, y--x),  E=intersectionpoint(W--X, w--x),  G=intersectionpoint(W--Z, w--z),  B=intersectionpoint(Y--Z, y--x),  D=intersectionpoint(Y--X, w--x),  F=intersectionpoint(W--X, w--z),  H=intersectionpoint(W--Z, y--z); dot(O); label(""$O$"", O, SE); label(""$A$"", A, dir(O--A)); label(""$B$"", B, dir(O--B)); label(""$C$"", C, dir(O--C)); label(""$D$"", D, dir(O--D)); label(""$E$"", E, dir(O--E)); label(""$F$"", F, dir(O--F)); label(""$G$"", G, dir(O--G)); label(""$H$"", H, dir(O--H));[/asy]"	"t to calculating the area of the octagon, as it pertains to the side length of \(\overline{AB}\).

Let's re-evaluate the"
249	What is the remainder when \( \sum_{k=0}^{100} 10^k \) is divided by \( 9 \)?	"nt(remainder)
```
```output
2
```
The remainder when \( \sum_{k=0}^{100} 10^k \) is divided by \( 9 \) is \(\boxed{2}\)."
250	What is the remainder when \( \sum_{k=0}^{100} 10^k \) is divided by \( 9 \)?	" 101 \equiv 2 \pmod{9} \). Therefore, the remainder when \( \sum_{k=0}^{100} 10^k \) is divided by 9 is:
\[
\boxed{2}
\]"
251	What is the remainder when \( \sum_{k=0}^{100} 10^k \) is divided by \( 9 \)?	"ivided by 9.

\[
101 \div 9 = 11 \text{ with a remainder of } 2
\]

So, the remainder is 2.

**Final Answer:**
Answer: 2"
252	What is the remainder when \( \sum_{k=0}^{100} 10^k \) is divided by \( 9 \)?	"[
   101 \equiv 2 \pmod{9}
   \]

Thus, the remainder when \( \sum_{k=0}^{100} 10^k \) is divided by 9 is \(\boxed{2}\)."
253	What is the remainder when \( \sum_{k=0}^{100} 10^k \) is divided by \( 9 \)?	" 101 \equiv 2 \pmod{9} \). Therefore, the remainder when \( \sum_{k=0}^{100} 10^k \) is divided by 9 is:
\[
\boxed{2}
\]"
254	What is the remainder when \( \sum_{k=0}^{100} 10^k \) is divided by \( 9 \)?	"  \]

6. **Conclusion:**
   The remainder when \( \sum_{k=0}^{100} 10^k \) is divided by 9 is:
   \[
   \boxed{2}.
   \]"
255	What is the remainder when \( \sum_{k=0}^{100} 10^k \) is divided by \( 9 \)?	" 9
print(remainder)
```
```output
0
```
The remainder when \( \sum_{k=0}^{100} 10^k \) is divided by 9 is \(\boxed{0}\)."
256	What is the remainder when \( \sum_{k=0}^{100} 10^k \) is divided by \( 9 \)?	"nt(remainder)
```
```output
2
```
The remainder when \( \sum_{k=0}^{100} 10^k \) is divided by \( 9 \) is \(\boxed{2}\)."
257	The number $0.428125$ can be written as a fraction $\frac{a}{b}$ for positive integers $a$ and $b$. When this fraction is in simplest terms, what is $a+b$?	"erefore, $a = 341$ and $b = 768$. The sum $a + b$ is $341 + 768 = 1109$.

Thus, the final answer is:

\[
\boxed{1109}
\]"
258	The number $0.428125$ can be written as a fraction $\frac{a}{b}$ for positive integers $a$ and $b$. When this fraction is in simplest terms, what is $a+b$?	"\(b = 1999800\). Therefore, the sum \(a + b = 8561643 + 1999800 = 10561443\).

Thus, the answer is \(\boxed{10561443}\)."
259	The number $0.428125$ can be written as a fraction $\frac{a}{b}$ for positive integers $a$ and $b$. When this fraction is in simplest terms, what is $a+b$?	"320}$, and the sum of the numerator and the denominator is $137 + 320 = 457$.

The correct answer is:

\[
\boxed{457}
\]"
260	The number $0.428125$ can be written as a fraction $\frac{a}{b}$ for positive integers $a$ and $b$. When this fraction is in simplest terms, what is $a+b$?	"and b to get the required answer, which is the final step of the problem.
Answer: The final result of a and b is 373738."
261	The number $0.428125$ can be written as a fraction $\frac{a}{b}$ for positive integers $a$ and $b$. When this fraction is in simplest terms, what is $a+b$?	"st terms, where \(a = 85\) and \(b = 200\). Therefore, \(a + b = 85 + 200 = 285\).

The final answer is \(\boxed{285}\)."
262	The number $0.428125$ can be written as a fraction $\frac{a}{b}$ for positive integers $a$ and $b$. When this fraction is in simplest terms, what is $a+b$?	"e denominator by 625 gives $16$.
So, $a = 67$ and $b = 16$.
Therefore, $a + b = 67 + 16 = \boxed{83}$.
The answer is: 83"
263	The number $0.428125$ can be written as a fraction $\frac{a}{b}$ for positive integers $a$ and $b$. When this fraction is in simplest terms, what is $a+b$?	"5}{128}\).

So, \(a = 85\) and \(b = 128\). Therefore, \(a + b = 85 + 128\).

Finally, the answer is:

\[
\boxed{213}
\]"
264	The number $0.428125$ can be written as a fraction $\frac{a}{b}$ for positive integers $a$ and $b$. When this fraction is in simplest terms, what is $a+b$?	"erms, and we can find the sum $a+b$ as follows:

$$a+b = 3425 + 8000 = 11425.$$

Therefore, the answer is $a+b = 11425$."
265	Let $a,b,c$ be positive real numbers such that $a+b+c=10$ and $ab+bc+ca=25$.  Let $m=\min\{ab,bc,ca\}$.  Find the largest possible value of $m$.The answer is in the form rac{m}{n}, where gcd(m, n) = 1. Please provide the value of m + n.	 a fraction 0/1. The values of m and n are 0 and 1, respectively, and gcd(0, 1) = 1. Therefore, the answer is 0 + 1 = 1.
266	Let $a,b,c$ be positive real numbers such that $a+b+c=10$ and $ab+bc+ca=25$.  Let $m=\min\{ab,bc,ca\}$.  Find the largest possible value of $m$.The answer is in the form rac{m}{n}, where gcd(m, n) = 1. Please provide the value of m + n.	 possible value of $m + n$ is $m + n = \frac{25}{3\sqrt[3]{3}} + 3\sqrt[3]{3} = \frac{25 + 9\sqrt[3]{3}}{3\sqrt[3]{3}}$.
267	Let $a,b,c$ be positive real numbers such that $a+b+c=10$ and $ab+bc+ca=25$.  Let $m=\min\{ab,bc,ca\}$.  Find the largest possible value of $m$.The answer is in the form rac{m}{n}, where gcd(m, n) = 1. Please provide the value of m + n.	"x^2-1000x-975-25m(10x-1)=0$.
Rearranging, we get $1975x^2-1000x-975=25m(10x-1)$.
Dividing both sides by 25, we get $79x^"
268	Let $a,b,c$ be positive real numbers such that $a+b+c=10$ and $ab+bc+ca=25$.  Let $m=\min\{ab,bc,ca\}$.  Find the largest possible value of $m$.The answer is in the form rac{m}{n}, where gcd(m, n) = 1. Please provide the value of m + n.	dratic equation in terms of \(s\). To find the maximum \(p\), we can solve this equation under the constraint that \(s\)
269	Let $a,b,c$ be positive real numbers such that $a+b+c=10$ and $ab+bc+ca=25$.  Let $m=\min\{ab,bc,ca\}$.  Find the largest possible value of $m$.The answer is in the form rac{m}{n}, where gcd(m, n) = 1. Please provide the value of m + n.	\boxed{4}$. The answer is in the form $\frac{m}{n}$, where $\text{gcd}(m,n)=1$. Therefore, $m+9n=4+9\times1=\boxed{13}$.
270	Let $a,b,c$ be positive real numbers such that $a+b+c=10$ and $ab+bc+ca=25$.  Let $m=\min\{ab,bc,ca\}$.  Find the largest possible value of $m$.The answer is in the form rac{m}{n}, where gcd(m, n) = 1. Please provide the value of m + n.	" of $m$ is $\frac{25}{3}$. Therefore, the answer is:

Answer: $m + n = \frac{25}{3} + 3 = \frac{25 + 9}{3} = \boxed{12}$"
271	Let $a,b,c$ be positive real numbers such that $a+b+c=10$ and $ab+bc+ca=25$.  Let $m=\min\{ab,bc,ca\}$.  Find the largest possible value of $m$.The answer is in the form rac{m}{n}, where gcd(m, n) = 1. Please provide the value of m + n.	"ue of m + n, where gcd(m, n) = 1. In this case, we have:

$m + n = 25 + 1 = 26$.

Therefore, the answer is $\boxed{26}$."
272	Let $a,b,c$ be positive real numbers such that $a+b+c=10$ and $ab+bc+ca=25$.  Let $m=\min\{ab,bc,ca\}$.  Find the largest possible value of $m$.The answer is in the form rac{m}{n}, where gcd(m, n) = 1. Please provide the value of m + n.	"a different approach.

Let's use the fact that \( m \) must be less than or equal to half of the smallest possible value"
273	Notice that  \[35\cdot40=1400.\]Find some integer $n$ with $0\leq n<1399$ such that $n$ is the multiplicative inverse to 160 modulo 1399.	"s indeed 1, \( n = 35 \) is the multiplicative inverse of 160 modulo 1399.

Thus, the final answer is:

\[
\boxed{35}
\]"
274	Notice that  \[35\cdot40=1400.\]Find some integer $n$ with $0\leq n<1399$ such that $n$ is the multiplicative inverse to 160 modulo 1399.	" adding 1399:

\[ n = -131 + 1399 = 1268 \]

Thus, the multiplicative inverse of 160 modulo 1399 is:

\[ \boxed{1268} \]"
275	Notice that  \[35\cdot40=1400.\]Find some integer $n$ with $0\leq n<1399$ such that $n$ is the multiplicative inverse to 160 modulo 1399.	"\) is the multiplicative inverse to 160 modulo 1399 is \(\boxed{317}\).

Thus, \( 160 \cdot 317 \equiv 1 \pmod{1399} \)."
276	Notice that  \[35\cdot40=1400.\]Find some integer $n$ with $0\leq n<1399$ such that $n$ is the multiplicative inverse to 160 modulo 1399.	"0 modulo 1399. The value \( x \) is 171. Therefore, the multiplicative inverse of 160 modulo 1399 is:

\[
\boxed{171}
\]"
277	Notice that  \[35\cdot40=1400.\]Find some integer $n$ with $0\leq n<1399$ such that $n$ is the multiplicative inverse to 160 modulo 1399.	"p 6:  Therefore, the integer $n$ that meets the given requirements is $n = 59$.
Step 7:  The answer is $Answer: 59$.
```"
278	Notice that  \[35\cdot40=1400.\]Find some integer $n$ with $0\leq n<1399$ such that $n$ is the multiplicative inverse to 160 modulo 1399.	"5 \]
\[ 1 = 16 \cdot 1399 - 134 \cdot 160 + 7 \]
Substitute \( 7 = 15 - 8 \):
\[ 1 = 16 \cdot 1399 - 134 \cdot 160 + (15"
279	Notice that  \[35\cdot40=1400.\]Find some integer $n$ with $0\leq n<1399$ such that $n$ is the multiplicative inverse to 160 modulo 1399.	"se
def extended_gcd(a, b):
    if a == 0:
        return b, 0, 1
    gcd, x1, y1 = extended_gcd(b % a, a)
    x = y1 - ("
280	Notice that  \[35\cdot40=1400.\]Find some integer $n$ with $0\leq n<1399$ such that $n$ is the multiplicative inverse to 160 modulo 1399.	" 0 \leq n < 1399 \), we add 1399 to -661:

\[ n = -661 + 1399 = 738 \]

Thus, the integer \( n \) is:

\[ \boxed{738} \]"
281	Seven cubes, whose volumes are $1$, $8$, $27$, $64$, $125$, $216$, and $343$ cubic units, are stacked vertically to form a tower in which the volumes of the cubes decrease from bottom to top. Except for the bottom cube, the bottom face of each cube lies completely on top of the cube below it. What is the total surface area of the tower (including the bottom) in square units?	"e length of 1 and contributes 6 (excluding the top face).

So the total surface area is:
\[
54 + 24 + 24 + 6 + 6 + 24 + "
282	Seven cubes, whose volumes are $1$, $8$, $27$, $64$, $125$, $216$, and $343$ cubic units, are stacked vertically to form a tower in which the volumes of the cubes decrease from bottom to top. Except for the bottom cube, the bottom face of each cube lies completely on top of the cube below it. What is the total surface area of the tower (including the bottom) in square units?	" unit.

Therefore, the total surface area of the tower is:
$$762 + 4320 + 1 = \boxed{5083}$$ square units.

Answer: 5083"
283	Seven cubes, whose volumes are $1$, $8$, $27$, $64$, $125$, $216$, and $343$ cubic units, are stacked vertically to form a tower in which the volumes of the cubes decrease from bottom to top. Except for the bottom cube, the bottom face of each cube lies completely on top of the cube below it. What is the total surface area of the tower (including the bottom) in square units?	" = 330,
\]
\[
330 + 216 = 546,
\]
\[
546 + 294 = 840.
\]

So, the total surface area of the tower is:
\[
\boxed{840}.
\]"
284	Seven cubes, whose volumes are $1$, $8$, $27$, $64$, $125$, $216$, and $343$ cubic units, are stacked vertically to form a tower in which the volumes of the cubes decrease from bottom to top. Except for the bottom cube, the bottom face of each cube lies completely on top of the cube below it. What is the total surface area of the tower (including the bottom) in square units?	"on face} = 54 + 64 = 118 \text{ square units}
     \]
   - Second cube (volume 8):
     \[
     \text{Contribution} = A_"
285	Seven cubes, whose volumes are $1$, $8$, $27$, $64$, $125$, $216$, and $343$ cubic units, are stacked vertically to form a tower in which the volumes of the cubes decrease from bottom to top. Except for the bottom cube, the bottom face of each cube lies completely on top of the cube below it. What is the total surface area of the tower (including the bottom) in square units?	" bottom face to the calculated total surface area of the cubes themselves.

So the correct answer is:

\[
\boxed{674}
\]"
286	Seven cubes, whose volumes are $1$, $8$, $27$, $64$, $125$, $216$, and $343$ cubic units, are stacked vertically to form a tower in which the volumes of the cubes decrease from bottom to top. Except for the bottom cube, the bottom face of each cube lies completely on top of the cube below it. What is the total surface area of the tower (including the bottom) in square units?	"t{side}} + A_{\text{bottom}} = 140 + 100 + 104 = 344
\]

Thus, the total surface area of the tower is:
\[
\boxed{344}
\]"
287	Seven cubes, whose volumes are $1$, $8$, $27$, $64$, $125$, $216$, and $343$ cubic units, are stacked vertically to form a tower in which the volumes of the cubes decrease from bottom to top. Except for the bottom cube, the bottom face of each cube lies completely on top of the cube below it. What is the total surface area of the tower (including the bottom) in square units?	"54 + 96 + 150 + 216 + 294 - 60 = 804 - 60 = 744$ square units.

So, the total surface area of the tower is:

\boxed{744}"
288	Seven cubes, whose volumes are $1$, $8$, $27$, $64$, $125$, $216$, and $343$ cubic units, are stacked vertically to form a tower in which the volumes of the cubes decrease from bottom to top. Except for the bottom cube, the bottom face of each cube lies completely on top of the cube below it. What is the total surface area of the tower (including the bottom) in square units?	"surface_area': 6 * (5 ** 2)}
cube_4 = {'volume': 64, 'side_length': 4, 'surface_area': 6 * (4 ** 2)}
cube_5 = {'volume':"
289	"The number of rounds of golf played by each golfer of an amateur golf association is shown in the chart below. What is the average number of rounds played by each golfer? Express your answer to the nearest whole number. [asy]
size(150);
draw((0,7)--(0,0)--(10,0));
for(int i = 1; i <= 5; ++i){

label((string)i,(2*i,0),S);
}
label(""Rounds of Golf Played"",(0,-1)--(10,-1),S);
void addDots(int pos, int num){

for(int i = 1; i <= num; ++i){

dot((2*pos,i));

}
}
addDots(1,5); addDots(2,2); addDots(3,2); addDots(4,3); addDots(5,5);
picture perpLabel;
label(perpLabel,""Number of Golfers"");
add(rotate(90)*perpLabel,(-1,3));
[/asy]"	"rage_rounds_per_golfer_rounded)
```
```output
3
```
The average number of rounds played by each golfer is \(\boxed{3}\)."
290	"The number of rounds of golf played by each golfer of an amateur golf association is shown in the chart below. What is the average number of rounds played by each golfer? Express your answer to the nearest whole number. [asy]
size(150);
draw((0,7)--(0,0)--(10,0));
for(int i = 1; i <= 5; ++i){

label((string)i,(2*i,0),S);
}
label(""Rounds of Golf Played"",(0,-1)--(10,-1),S);
void addDots(int pos, int num){

for(int i = 1; i <= num; ++i){

dot((2*pos,i));

}
}
addDots(1,5); addDots(2,2); addDots(3,2); addDots(4,3); addDots(5,5);
picture perpLabel;
label(perpLabel,""Number of Golfers"");
add(rotate(90)*perpLabel,(-1,3));
[/asy]"	"

print(average_rounds_rounded)
```
```output
3
```
The average number of rounds played by each golfer is \(\boxed{3}\)."
291	"The number of rounds of golf played by each golfer of an amateur golf association is shown in the chart below. What is the average number of rounds played by each golfer? Express your answer to the nearest whole number. [asy]
size(150);
draw((0,7)--(0,0)--(10,0));
for(int i = 1; i <= 5; ++i){

label((string)i,(2*i,0),S);
}
label(""Rounds of Golf Played"",(0,-1)--(10,-1),S);
void addDots(int pos, int num){

for(int i = 1; i <= num; ++i){

dot((2*pos,i));

}
}
addDots(1,5); addDots(2,2); addDots(3,2); addDots(4,3); addDots(5,5);
picture perpLabel;
label(perpLabel,""Number of Golfers"");
add(rotate(90)*perpLabel,(-1,3));
[/asy]"	"rage_rounds_per_golfer_rounded)
```
```output
3
```
The average number of rounds played by each golfer is \(\boxed{3}\)."
292	"The number of rounds of golf played by each golfer of an amateur golf association is shown in the chart below. What is the average number of rounds played by each golfer? Express your answer to the nearest whole number. [asy]
size(150);
draw((0,7)--(0,0)--(10,0));
for(int i = 1; i <= 5; ++i){

label((string)i,(2*i,0),S);
}
label(""Rounds of Golf Played"",(0,-1)--(10,-1),S);
void addDots(int pos, int num){

for(int i = 1; i <= num; ++i){

dot((2*pos,i));

}
}
addDots(1,5); addDots(2,2); addDots(3,2); addDots(4,3); addDots(5,5);
picture perpLabel;
label(perpLabel,""Number of Golfers"");
add(rotate(90)*perpLabel,(-1,3));
[/asy]"	"058823529411765.

Rounding to the nearest whole number, the average number of rounds played by each golfer is Answer: 3."
293	"The number of rounds of golf played by each golfer of an amateur golf association is shown in the chart below. What is the average number of rounds played by each golfer? Express your answer to the nearest whole number. [asy]
size(150);
draw((0,7)--(0,0)--(10,0));
for(int i = 1; i <= 5; ++i){

label((string)i,(2*i,0),S);
}
label(""Rounds of Golf Played"",(0,-1)--(10,-1),S);
void addDots(int pos, int num){

for(int i = 1; i <= num; ++i){

dot((2*pos,i));

}
}
addDots(1,5); addDots(2,2); addDots(3,2); addDots(4,3); addDots(5,5);
picture perpLabel;
label(perpLabel,""Number of Golfers"");
add(rotate(90)*perpLabel,(-1,3));
[/asy]"	"`output
4
```
The average number of rounds played by each golfer, rounded to the nearest whole number, is \(\boxed{4}\)."
294	"The number of rounds of golf played by each golfer of an amateur golf association is shown in the chart below. What is the average number of rounds played by each golfer? Express your answer to the nearest whole number. [asy]
size(150);
draw((0,7)--(0,0)--(10,0));
for(int i = 1; i <= 5; ++i){

label((string)i,(2*i,0),S);
}
label(""Rounds of Golf Played"",(0,-1)--(10,-1),S);
void addDots(int pos, int num){

for(int i = 1; i <= num; ++i){

dot((2*pos,i));

}
}
addDots(1,5); addDots(2,2); addDots(3,2); addDots(4,3); addDots(5,5);
picture perpLabel;
label(perpLabel,""Number of Golfers"");
add(rotate(90)*perpLabel,(-1,3));
[/asy]"	"ber, so we round 0.86666667 to 1.
Step 6:  Therefore, the average number of rounds played by each golfer is 1.
Answer: 1"
295	"The number of rounds of golf played by each golfer of an amateur golf association is shown in the chart below. What is the average number of rounds played by each golfer? Express your answer to the nearest whole number. [asy]
size(150);
draw((0,7)--(0,0)--(10,0));
for(int i = 1; i <= 5; ++i){

label((string)i,(2*i,0),S);
}
label(""Rounds of Golf Played"",(0,-1)--(10,-1),S);
void addDots(int pos, int num){

for(int i = 1; i <= num; ++i){

dot((2*pos,i));

}
}
addDots(1,5); addDots(2,2); addDots(3,2); addDots(4,3); addDots(5,5);
picture perpLabel;
label(perpLabel,""Number of Golfers"");
add(rotate(90)*perpLabel,(-1,3));
[/asy]"	Answer: 3.19
296	"The number of rounds of golf played by each golfer of an amateur golf association is shown in the chart below. What is the average number of rounds played by each golfer? Express your answer to the nearest whole number. [asy]
size(150);
draw((0,7)--(0,0)--(10,0));
for(int i = 1; i <= 5; ++i){

label((string)i,(2*i,0),S);
}
label(""Rounds of Golf Played"",(0,-1)--(10,-1),S);
void addDots(int pos, int num){

for(int i = 1; i <= num; ++i){

dot((2*pos,i));

}
}
addDots(1,5); addDots(2,2); addDots(3,2); addDots(4,3); addDots(5,5);
picture perpLabel;
label(perpLabel,""Number of Golfers"");
add(rotate(90)*perpLabel,(-1,3));
[/asy]"	"

print(average_rounds_rounded)
```
```output
3
```
The average number of rounds played by each golfer is \(\boxed{3}\)."
297	In a school tennis tournament with $m \ge 2$ participants, each match consists of 4 sets. A player who wins more than half of all sets during a match gets 2 points for this match. A player who wins exactly half of all sets during the match gets 1 point, and a player who wins less than half of all sets gets 0 points. During the tournament, each participant plays exactly one match against each remaining player. Find the least number of participants $m$ for which it is possible that some participant wins more sets than any other participant but obtains less points than any other participant.	ticipant wins more sets than any other participant but obtains fewer points than any other participant is \(\boxed{4}\).
298	In a school tennis tournament with $m \ge 2$ participants, each match consists of 4 sets. A player who wins more than half of all sets during a match gets 2 points for this match. A player who wins exactly half of all sets during the match gets 1 point, and a player who wins less than half of all sets gets 0 points. During the tournament, each participant plays exactly one match against each remaining player. Find the least number of participants $m$ for which it is possible that some participant wins more sets than any other participant but obtains less points than any other participant.	"than any other participant but obtains less points than any other participant is \( \boxed{5} \).

Answer: \(\boxed{5}\)"
299	In a school tennis tournament with $m \ge 2$ participants, each match consists of 4 sets. A player who wins more than half of all sets during a match gets 2 points for this match. A player who wins exactly half of all sets during the match gets 1 point, and a player who wins less than half of all sets gets 0 points. During the tournament, each participant plays exactly one match against each remaining player. Find the least number of participants $m$ for which it is possible that some participant wins more sets than any other participant but obtains less points than any other participant.	"io where one player wins more sets but less points.

Therefore, the least number of participants $m$ is \( \boxed{5} \)."
300	In a school tennis tournament with $m \ge 2$ participants, each match consists of 4 sets. A player who wins more than half of all sets during a match gets 2 points for this match. A player who wins exactly half of all sets during the match gets 1 point, and a player who wins less than half of all sets gets 0 points. During the tournament, each participant plays exactly one match against each remaining player. Find the least number of participants $m$ for which it is possible that some participant wins more sets than any other participant but obtains less points than any other participant.	"ints.
  - Suppose Charlie wins 4 sets in his matches, so he gets 2 points.
  - Suppose Diana wins 3 sets in her matches,"
301	In a school tennis tournament with $m \ge 2$ participants, each match consists of 4 sets. A player who wins more than half of all sets during a match gets 2 points for this match. A player who wins exactly half of all sets during the match gets 1 point, and a player who wins less than half of all sets gets 0 points. During the tournament, each participant plays exactly one match against each remaining player. Find the least number of participants $m$ for which it is possible that some participant wins more sets than any other participant but obtains less points than any other participant.	"cipant wins more sets than any other participant but obtains less points than any other participant is:

\[
\boxed{3}
\]"
302	In a school tennis tournament with $m \ge 2$ participants, each match consists of 4 sets. A player who wins more than half of all sets during a match gets 2 points for this match. A player who wins exactly half of all sets during the match gets 1 point, and a player who wins less than half of all sets gets 0 points. During the tournament, each participant plays exactly one match against each remaining player. Find the least number of participants $m$ for which it is possible that some participant wins more sets than any other participant but obtains less points than any other participant.	" participant but obtains less points than any other participant is \( m = 6 \).

Therefore, the answer is \(\boxed{6}\)."
303	In a school tennis tournament with $m \ge 2$ participants, each match consists of 4 sets. A player who wins more than half of all sets during a match gets 2 points for this match. A player who wins exactly half of all sets during the match gets 1 point, and a player who wins less than half of all sets gets 0 points. During the tournament, each participant plays exactly one match against each remaining player. Find the least number of participants $m$ for which it is possible that some participant wins more sets than any other participant but obtains less points than any other participant.	t wins more sets than any other participant but obtains less points than any other participant is \( m = 4 \). Answer: 4
304	In a school tennis tournament with $m \ge 2$ participants, each match consists of 4 sets. A player who wins more than half of all sets during a match gets 2 points for this match. A player who wins exactly half of all sets during the match gets 1 point, and a player who wins less than half of all sets gets 0 points. During the tournament, each participant plays exactly one match against each remaining player. Find the least number of participants $m$ for which it is possible that some participant wins more sets than any other participant but obtains less points than any other participant.	" wins more sets than any other participant but obtains less points than any other participant is \( m = 5 \).

Answer: 5"
305	Let $p(x) = x^2 + bx + c,$ where $b$ and $c$ are integers.  If $p(x)$ is factor of both $x^4 + 6x^2 + 25$ and $3x^4 + 4x^ 2+ 28x + 5,$ what is $p(1)$?	"print(p_1)
```

After executing the final steps, we find that \(p(1) = 7\).

Thus, the final answer is:

\[
\boxed{7}
\]"
306	Let $p(x) = x^2 + bx + c,$ where $b$ and $c$ are integers.  If $p(x)$ is factor of both $x^4 + 6x^2 + 25$ and $3x^4 + 4x^ 2+ 28x + 5,$ what is $p(1)$?	"- 28 - 5 \quad \Rightarrow \quad 6b = 3c - 33 \quad \Rightarrow \quad 2b = c - 11
\]
Now we have two equations:
\[
b = \"
307	Let $p(x) = x^2 + bx + c,$ where $b$ and $c$ are integers.  If $p(x)$ is factor of both $x^4 + 6x^2 + 25$ and $3x^4 + 4x^ 2+ 28x + 5,$ what is $p(1)$?	"( c = 5 \) and \( m = 5 \) is not a valid solution.

   Next, let's check \( c = 1 \) and \( m = -25 \):
   \[
   \begin"
308	Let $p(x) = x^2 + bx + c,$ where $b$ and $c$ are integers.  If $p(x)$ is factor of both $x^4 + 6x^2 + 25$ and $3x^4 + 4x^ 2+ 28x + 5,$ what is $p(1)$?	"ion gives us:
\[
c = \frac{1}{3} - \frac{4}{9}b - \frac{20}{27}c
\]

Multiplying both sides by 27 to clear the fractions"
309	Let $p(x) = x^2 + bx + c,$ where $b$ and $c$ are integers.  If $p(x)$ is factor of both $x^4 + 6x^2 + 25$ and $3x^4 + 4x^ 2+ 28x + 5,$ what is $p(1)$?	" 
Step 7:  The final step is to plug in the values of \( b \) and \( c \) into \( p(1) \) to find the answer.

Answer: 6"
310	Let $p(x) = x^2 + bx + c,$ where $b$ and $c$ are integers.  If $p(x)$ is factor of both $x^4 + 6x^2 + 25$ and $3x^4 + 4x^ 2+ 28x + 5,$ what is $p(1)$?	Answer: <answer>
311	Let $p(x) = x^2 + bx + c,$ where $b$ and $c$ are integers.  If $p(x)$ is factor of both $x^4 + 6x^2 + 25$ and $3x^4 + 4x^ 2+ 28x + 5,$ what is $p(1)$?	"+ b(1) + c = 1 + b + c$. If $p(x) = (x - 1)(x - 1)$, then $p(1) = (1 - 1)(1 - 1) = 0$. Therefore, $p(1) = 0$.

Answer: 0"
312	Let $p(x) = x^2 + bx + c,$ where $b$ and $c$ are integers.  If $p(x)$ is factor of both $x^4 + 6x^2 + 25$ and $3x^4 + 4x^ 2+ 28x + 5,$ what is $p(1)$?	" the Euclidean algorithm and evaluating \(p(1)\) for the possible forms of \(p(x)\), we will find the answer.

Answer: 4"
313	Find four consecutive terms $a, b, c, d$ of an arithmetic progression and four consecutive terms $a_1,b_1,c_1,d_1$ of a geometric progression such that $a+a_1=27,b+b_1=27,c+c_1=39$, and $d+d_1=87.$ Please provide the sum of all terms in both progressions.	is not consistent with \(d_a = 2\), so we need to re-evaluate. Let's use the term interpretation again. The correct term
314	Find four consecutive terms $a, b, c, d$ of an arithmetic progression and four consecutive terms $a_1,b_1,c_1,d_1$ of a geometric progression such that $a+a_1=27,b+b_1=27,c+c_1=39$, and $d+d_1=87.$ Please provide the sum of all terms in both progressions.	"m to:
\[
a_1 + b_1 + c_1 + d_1 = 30 + 30 + 96 + 57 = 213
\]

Summing all terms:
\[
170 + 213 = 383
\]

Thus:
\boxed{383}"
315	Find four consecutive terms $a, b, c, d$ of an arithmetic progression and four consecutive terms $a_1,b_1,c_1,d_1$ of a geometric progression such that $a+a_1=27,b+b_1=27,c+c_1=39$, and $d+d_1=87.$ Please provide the sum of all terms in both progressions.	"+ 2k = -69 \quad \text{(Equation 2a)}
\]

3. Substitute \( r = 2 \) into Equation 3:
\[
a(1 - 2^3) + 3k + 27(2^3) = 87
\"
316	Find four consecutive terms $a, b, c, d$ of an arithmetic progression and four consecutive terms $a_1,b_1,c_1,d_1$ of a geometric progression such that $a+a_1=27,b+b_1=27,c+c_1=39$, and $d+d_1=87.$ Please provide the sum of all terms in both progressions.	" = c_1 = d_1 = 0$.
Step 7:  The sum of all terms in both progressions is $0 + 0 + 0 + 0 + 0 + 0 + 0 + 0 = 0$.

Answer: 0"
317	Find four consecutive terms $a, b, c, d$ of an arithmetic progression and four consecutive terms $a_1,b_1,c_1,d_1$ of a geometric progression such that $a+a_1=27,b+b_1=27,c+c_1=39$, and $d+d_1=87.$ Please provide the sum of all terms in both progressions.	"\[ \text{Sum}_{\text{geometric}} = \frac{27}{2} (1 + 1 + 1 + 1) = \frac{27}{2} \times 4 = 54 \]

So the sum of all terms"
318	Find four consecutive terms $a, b, c, d$ of an arithmetic progression and four consecutive terms $a_1,b_1,c_1,d_1$ of a geometric progression such that $a+a_1=27,b+b_1=27,c+c_1=39$, and $d+d_1=87.$ Please provide the sum of all terms in both progressions.	"= \frac{144}{8} = 18.
     \]

7. **Find \( a, b, c, d \)**:
   - Using \( a_1 = 144 \):
     \[
     a + 18 = 144 \impl"
319	Find four consecutive terms $a, b, c, d$ of an arithmetic progression and four consecutive terms $a_1,b_1,c_1,d_1$ of a geometric progression such that $a+a_1=27,b+b_1=27,c+c_1=39$, and $d+d_1=87.$ Please provide the sum of all terms in both progressions.	" = 1 \) into (6):
\[
a_1 = \frac{13.5}{1} = 13.5
\]

---

### **Step 3: Calculate the sums of the progressions**
For the"
320	Find four consecutive terms $a, b, c, d$ of an arithmetic progression and four consecutive terms $a_1,b_1,c_1,d_1$ of a geometric progression such that $a+a_1=27,b+b_1=27,c+c_1=39$, and $d+d_1=87.$ Please provide the sum of all terms in both progressions.	"uations for the GP:
\[a_1 \cdot r + a_1 \cdot r^2 + a_1 \cdot r^3 + a_1 \cdot r^4 = 27\]
\[a_1(r + r^2 + r^3 + r^4) = 27"
321	Starting on April 15, 2008, you can go one day backward and one day forward to get the dates 14 and 16. If you go 15 days backward and 15 days forward, you get the dates 31 (from March) and 30 (from April). Find the least positive integer $k$ so that if you go $k$ days backward and $k$ days forward you get two calendar dates that are the same.	" there is no such \( k \) that satisfies the problem's conditions.

### Answer: No such positive integer \( k \) exists."
322	Starting on April 15, 2008, you can go one day backward and one day forward to get the dates 14 and 16. If you go 15 days backward and 15 days forward, you get the dates 31 (from March) and 30 (from April). Find the least positive integer $k$ so that if you go $k$ days backward and $k$ days forward you get two calendar dates that are the same.	"ion, we can find that d = 14, which gives k = 14 as the least positive integer that satisfies the condition.

Answer: 14"
323	Starting on April 15, 2008, you can go one day backward and one day forward to get the dates 14 and 16. If you go 15 days backward and 15 days forward, you get the dates 31 (from March) and 30 (from April). Find the least positive integer $k$ so that if you go $k$ days backward and $k$ days forward you get two calendar dates that are the same.	f you go \( k \) days backward and \( k \) days forward you get two calendar dates that are the same is \(\boxed{365}\).
324	Starting on April 15, 2008, you can go one day backward and one day forward to get the dates 14 and 16. If you go 15 days backward and 15 days forward, you get the dates 31 (from March) and 30 (from April). Find the least positive integer $k$ so that if you go $k$ days backward and $k$ days forward you get two calendar dates that are the same.	"all on the same day of the week.

If \(k = 13\), then:
\[
d - k = 15 - 13 = 2 \quad \text{(April 2, which is a Wednesday"
325	Starting on April 15, 2008, you can go one day backward and one day forward to get the dates 14 and 16. If you go 15 days backward and 15 days forward, you get the dates 31 (from March) and 30 (from April). Find the least positive integer $k$ so that if you go $k$ days backward and $k$ days forward you get two calendar dates that are the same.	"eger $m$ that makes this expression true is $m=0$.

Therefore, the answer is \[ \min \{ k, m \} = \min \{14,0 \} = 0 .\]"
326	Starting on April 15, 2008, you can go one day backward and one day forward to get the dates 14 and 16. If you go 15 days backward and 15 days forward, you get the dates 31 (from March) and 30 (from April). Find the least positive integer $k$ so that if you go $k$ days backward and $k$ days forward you get two calendar dates that are the same.	"t \( k \), and the year 2008 has specific calendar months and days, we adjust to \( k = 5 \).

Answer: \( \boxed{366} \)"
327	Starting on April 15, 2008, you can go one day backward and one day forward to get the dates 14 and 16. If you go 15 days backward and 15 days forward, you get the dates 31 (from March) and 30 (from April). Find the least positive integer $k$ so that if you go $k$ days backward and $k$ days forward you get two calendar dates that are the same.	"hat satisfies the condition and does not result in the same date when going k days forward and backward is 2.

Answer: 2"
328	Starting on April 15, 2008, you can go one day backward and one day forward to get the dates 14 and 16. If you go 15 days backward and 15 days forward, you get the dates 31 (from March) and 30 (from April). Find the least positive integer $k$ so that if you go $k$ days backward and $k$ days forward you get two calendar dates that are the same.	"ive integer.
   - Therefore, there is no positive integer $k$ that satisfies the condition.

**Final Answer:** Answer: 0"
329	Along the route of a bicycle race, $7$ water stations are evenly spaced between the start and finish lines, as shown in the figure below. There are also $2$ repair stations evenly spaced between the start and finish lines. The $3$rd water station is located $2$ miles after the $1$st repair station. How long is the race in miles?	"lations, we can determine that the race is $14$ miles long.
Step 8:  So, the length of the race is 14 miles.

Answer: 14"
330	Along the route of a bicycle race, $7$ water stations are evenly spaced between the start and finish lines, as shown in the figure below. There are also $2$ repair stations evenly spaced between the start and finish lines. The $3$rd water station is located $2$ miles after the $1$st repair station. How long is the race in miles?	"label(""Water Station 5"",(70,0),S);
label(""Water Station 6"",(80,0),S);
label(""Water Station 7"",(40,0),S);
[/asy]

Answer:"
331	Along the route of a bicycle race, $7$ water stations are evenly spaced between the start and finish lines, as shown in the figure below. There are also $2$ repair stations evenly spaced between the start and finish lines. The $3$rd water station is located $2$ miles after the $1$st repair station. How long is the race in miles?	"  \[
     \frac{1}{3}L = 2
     \]
     \[
     L = 6
     \]

Therefore, the length of the race is \(\boxed{6}\) miles."
332	Along the route of a bicycle race, $7$ water stations are evenly spaced between the start and finish lines, as shown in the figure below. There are also $2$ repair stations evenly spaced between the start and finish lines. The $3$rd water station is located $2$ miles after the $1$st repair station. How long is the race in miles?	length \(L\) is the sum of the distances between the stations. Since there are 9 stations, there are 8 intervals between
333	Along the route of a bicycle race, $7$ water stations are evenly spaced between the start and finish lines, as shown in the figure below. There are also $2$ repair stations evenly spaced between the start and finish lines. The $3$rd water station is located $2$ miles after the $1$st repair station. How long is the race in miles?	"otal length of the race is 6(x) = 6(1/2) = 3 miles.
Step 5:  The total length of the race in miles is 3 miles. Answer: 3"
334	Along the route of a bicycle race, $7$ water stations are evenly spaced between the start and finish lines, as shown in the figure below. There are also $2$ repair stations evenly spaced between the start and finish lines. The $3$rd water station is located $2$ miles after the $1$st repair station. How long is the race in miles?	" total length of the race \( L \) is \( 6 \times 2 = 12 \) miles.

So, the length of the race is \( \boxed{12} \) miles."
335	Along the route of a bicycle race, $7$ water stations are evenly spaced between the start and finish lines, as shown in the figure below. There are also $2$ repair stations evenly spaced between the start and finish lines. The $3$rd water station is located $2$ miles after the $1$st repair station. How long is the race in miles?	" 14 \times 2 = 28 \) miles.

Therefore, the length of the race is 28 miles.

The final answer is:
Answer: \(\boxed{28}\)"
336	Along the route of a bicycle race, $7$ water stations are evenly spaced between the start and finish lines, as shown in the figure below. There are also $2$ repair stations evenly spaced between the start and finish lines. The $3$rd water station is located $2$ miles after the $1$st repair station. How long is the race in miles?	"t match the options. Let's try one more approach:

- There are 7 water stations and 2 repair stations, making 9 stations"
337	"Compute
\[\sum_{j = 0}^\infty \sum_{k = 0}^\infty 2^{-3k - j - (k + j)^2}.\]The answer is in the form rac{m}{n}, where gcd(m, n) = 1. Please provide the value of m + n."	" equal to $\frac{4}{3}$.

Answer: $\boxed{\frac{4}{3}}$

Therefore, $m = 4$ and $n = 3$, so $m + n = 4 + 3 = \boxed{7}$."
338	"Compute
\[\sum_{j = 0}^\infty \sum_{k = 0}^\infty 2^{-3k - j - (k + j)^2}.\]The answer is in the form rac{m}{n}, where gcd(m, n) = 1. Please provide the value of m + n."	"{1}{4}\right)^{2j+3} = \frac{1}{4^{2j+3}} = \frac{1}{64}\left(\frac{1}{4}\right)^{2j},\]
and
\[\left(\frac{1}{4}\right)^"
339	"Compute
\[\sum_{j = 0}^\infty \sum_{k = 0}^\infty 2^{-3k - j - (k + j)^2}.\]The answer is in the form rac{m}{n}, where gcd(m, n) = 1. Please provide the value of m + n."	" the series evaluates to \(\frac{1}{2}\).

Thus, the value of \(m + n\) is \(1 + 2 = 3\).

The answer is: \(\boxed{3}\)."
340	"Compute
\[\sum_{j = 0}^\infty \sum_{k = 0}^\infty 2^{-3k - j - (k + j)^2}.\]The answer is in the form rac{m}{n}, where gcd(m, n) = 1. Please provide the value of m + n."	":  We then add the numerator and denominator of the reduced fraction to obtain our final answer.

Answer: 121 + 16 = 137"
341	"Compute
\[\sum_{j = 0}^\infty \sum_{k = 0}^\infty 2^{-3k - j - (k + j)^2}.\]The answer is in the form rac{m}{n}, where gcd(m, n) = 1. Please provide the value of m + n."	68300158002544034367642222101941816332301062731107264081201907829...2759453606264770535897394225412765328215575196683438
342	"Compute
\[\sum_{j = 0}^\infty \sum_{k = 0}^\infty 2^{-3k - j - (k + j)^2}.\]The answer is in the form rac{m}{n}, where gcd(m, n) = 1. Please provide the value of m + n."	"ethods, but for our purposes, we can say that the sum is \(\frac{64}{21}\).

Therefore, the answer is:

\[
\boxed{85}
\]"
343	"Compute
\[\sum_{j = 0}^\infty \sum_{k = 0}^\infty 2^{-3k - j - (k + j)^2}.\]The answer is in the form rac{m}{n}, where gcd(m, n) = 1. Please provide the value of m + n."	"ariables
m, n = sp.symbols('m n', integer=True)

# Define the expression
expression = 2 * (8 / 7) * sp.summation(2**(-(k"
344	"Compute
\[\sum_{j = 0}^\infty \sum_{k = 0}^\infty 2^{-3k - j - (k + j)^2}.\]The answer is in the form rac{m}{n}, where gcd(m, n) = 1. Please provide the value of m + n."	"dition holds for k = 0 and j = 0, and also that no other values of k and j satisfy this condition.
Answer: 43 + 60 = 103"
345	The diagram shows an $8 \times 7$ rectangle with a 3-4-5 right triangle drawn in each corner. The lower two triangles have their sides of length 4 along the bottom edge of the rectangle, while the upper two triangles have their sides of length 3 along the top edge of the rectangle. A circle is tangent to the hypotenuse of each triangle. The diameter of the circle is $\frac{m}{n}$, where $m$ and $n$ are relatively prime positive integers. Find $m + n$.	w the radius is defined. Let's correct the approach to calculate the radius correctly and then find the diameter. We can
346	The diagram shows an $8 \times 7$ rectangle with a 3-4-5 right triangle drawn in each corner. The lower two triangles have their sides of length 4 along the bottom edge of the rectangle, while the upper two triangles have their sides of length 3 along the top edge of the rectangle. A circle is tangent to the hypotenuse of each triangle. The diameter of the circle is $\frac{m}{n}$, where $m$ and $n$ are relatively prime positive integers. Find $m + n$.	" and 1 are relatively prime positive integers. Therefore, the final answer is:

\[ m + n = 2 + 1 = 3 \]

\[
\boxed{3}
\]"
347	The diagram shows an $8 \times 7$ rectangle with a 3-4-5 right triangle drawn in each corner. The lower two triangles have their sides of length 4 along the bottom edge of the rectangle, while the upper two triangles have their sides of length 3 along the top edge of the rectangle. A circle is tangent to the hypotenuse of each triangle. The diameter of the circle is $\frac{m}{n}$, where $m$ and $n$ are relatively prime positive integers. Find $m + n$.	", 350)\).

3. **Slope of Hypotenuses:**
   - The slope of the bottom-left hypotenuse is \(m_1 = \frac{50 - 50}{200 - 50\"
348	The diagram shows an $8 \times 7$ rectangle with a 3-4-5 right triangle drawn in each corner. The lower two triangles have their sides of length 4 along the bottom edge of the rectangle, while the upper two triangles have their sides of length 3 along the top edge of the rectangle. A circle is tangent to the hypotenuse of each triangle. The diameter of the circle is $\frac{m}{n}$, where $m$ and $n$ are relatively prime positive integers. Find $m + n$.	"means $m = 2\sqrt{674}$ and $n = 5$, and the answer is $\boxed{679}$.

To get the answer, the final step is:
Answer: 679"
349	The diagram shows an $8 \times 7$ rectangle with a 3-4-5 right triangle drawn in each corner. The lower two triangles have their sides of length 4 along the bottom edge of the rectangle, while the upper two triangles have their sides of length 3 along the top edge of the rectangle. A circle is tangent to the hypotenuse of each triangle. The diameter of the circle is $\frac{m}{n}$, where $m$ and $n$ are relatively prime positive integers. Find $m + n$.	"c{\frac{1}{3}|r|}{\frac{5}{3}} = \frac{|r|}{5}. \]

Equating the two distances:
\[ \frac{|2r - 4|}{\sqrt{2}} = \frac{|r|"
350	The diagram shows an $8 \times 7$ rectangle with a 3-4-5 right triangle drawn in each corner. The lower two triangles have their sides of length 4 along the bottom edge of the rectangle, while the upper two triangles have their sides of length 3 along the top edge of the rectangle. A circle is tangent to the hypotenuse of each triangle. The diameter of the circle is $\frac{m}{n}$, where $m$ and $n$ are relatively prime positive integers. Find $m + n$.	"eter is $2 \times 1 = 2$. However, we need to consider the position of the triangles along the edges of the rectangle.

"
351	The diagram shows an $8 \times 7$ rectangle with a 3-4-5 right triangle drawn in each corner. The lower two triangles have their sides of length 4 along the bottom edge of the rectangle, while the upper two triangles have their sides of length 3 along the top edge of the rectangle. A circle is tangent to the hypotenuse of each triangle. The diameter of the circle is $\frac{m}{n}$, where $m$ and $n$ are relatively prime positive integers. Find $m + n$.	"= m_value + n_value
print(result)
```
```output
17
```
The calculation confirms that the final answer is \(\boxed{17}\)."
352	The diagram shows an $8 \times 7$ rectangle with a 3-4-5 right triangle drawn in each corner. The lower two triangles have their sides of length 4 along the bottom edge of the rectangle, while the upper two triangles have their sides of length 3 along the top edge of the rectangle. A circle is tangent to the hypotenuse of each triangle. The diameter of the circle is $\frac{m}{n}$, where $m$ and $n$ are relatively prime positive integers. Find $m + n$.	" of the circle is $\frac{m}{n}=\frac{6}{\sqrt{17}}=\frac{6\sqrt{17}}{17}$.
Thus, $m+n=6+17=\boxed{23}$.The answer is: 23"
353	There are $100$ countries participating in an olympiad. Suppose $n$ is a positive integer such that each of the $100$ countries is willing to communicate in exactly $n$ languages. If each set of $20$ countries can communicate in exactly one common language, and no language is common to all $100$ countries, what is the minimum possible value of $n$?	"20} \cdot \frac{2}{\text{a very large number}} = 20
\]

Thus, the minimum possible value of \( n \) is:

\[
\boxed{2}
\]"
354	There are $100$ countries participating in an olympiad. Suppose $n$ is a positive integer such that each of the $100$ countries is willing to communicate in exactly $n$ languages. If each set of $20$ countries can communicate in exactly one common language, and no language is common to all $100$ countries, what is the minimum possible value of $n$?	"re that each set of 20 countries has exactly one common language.

Therefore, the minimum possible value of $n$ is $20$."
355	There are $100$ countries participating in an olympiad. Suppose $n$ is a positive integer such that each of the $100$ countries is willing to communicate in exactly $n$ languages. If each set of $20$ countries can communicate in exactly one common language, and no language is common to all $100$ countries, what is the minimum possible value of $n$?	"ue for $n$ is $6$. Therefore, the smallest integer value of $n$ that satisfies the given conditions is:

\[
\boxed{6}
\]"
356	There are $100$ countries participating in an olympiad. Suppose $n$ is a positive integer such that each of the $100$ countries is willing to communicate in exactly $n$ languages. If each set of $20$ countries can communicate in exactly one common language, and no language is common to all $100$ countries, what is the minimum possible value of $n$?	 that no other country speaks, so that $n = 1$. Hence, $\boxed{1}$ is the minimum possible value of $n$. The answer is 1
357	There are $100$ countries participating in an olympiad. Suppose $n$ is a positive integer such that each of the $100$ countries is willing to communicate in exactly $n$ languages. If each set of $20$ countries can communicate in exactly one common language, and no language is common to all $100$ countries, what is the minimum possible value of $n$?	")
```
```output
119
```
The minimum possible value of $n$ that satisfies the conditions of the problem is $\boxed{119}$."
358	There are $100$ countries participating in an olympiad. Suppose $n$ is a positive integer such that each of the $100$ countries is willing to communicate in exactly $n$ languages. If each set of $20$ countries can communicate in exactly one common language, and no language is common to all $100$ countries, what is the minimum possible value of $n$?	"s 5359474274682330628239502.

Therefore, the minimum possible value of \( n \) is \(\boxed{5359474274682330628239502}\)."
359	There are $100$ countries participating in an olympiad. Suppose $n$ is a positive integer such that each of the $100$ countries is willing to communicate in exactly $n$ languages. If each set of $20$ countries can communicate in exactly one common language, and no language is common to all $100$ countries, what is the minimum possible value of $n$?	" 100 which is 20.
min_n = 20

print(min_n)
```
```output
20
```
The minimum possible value of \( n \) is \(\boxed{20}\)."
360	There are $100$ countries participating in an olympiad. Suppose $n$ is a positive integer such that each of the $100$ countries is willing to communicate in exactly $n$ languages. If each set of $20$ countries can communicate in exactly one common language, and no language is common to all $100$ countries, what is the minimum possible value of $n$?	"t be large enough to ensure that no single language is common among all 100 countries.

Let's use a different combinator"
361	"For each positive integer $m$ and $n$, define the function $f(m, n)$ as follows:
- $f(1, 1) = 1$
- $f(m+1, n) = f(m, n) + m$
- $f(m, n+1) = f(m, n) - n$

Find the sum of all values of $p$ such that $f(p, q) = 2004$ for some $q$."	1, ...71, 199, 151, 197, 153, 191, 155, 193, 157, 195, 159, 199, 161, 203, 163, 207, 165, 209, 167, 211, 169, 213, 171, 
362	"For each positive integer $m$ and $n$, define the function $f(m, n)$ as follows:
- $f(1, 1) = 1$
- $f(m+1, n) = f(m, n) + m$
- $f(m, n+1) = f(m, n) - n$

Find the sum of all values of $p$ such that $f(p, q) = 2004$ for some $q$."	"sum_of_p = sum(set(values_of_p))
print(sum_of_p)
```

The output of the code will give us the sum of all values of \(p\)"
363	"For each positive integer $m$ and $n$, define the function $f(m, n)$ as follows:
- $f(1, 1) = 1$
- $f(m+1, n) = f(m, n) + m$
- $f(m, n+1) = f(m, n) - n$

Find the sum of all values of $p$ such that $f(p, q) = 2004$ for some $q$."	"```output
1957
```
The sum of all values of \( p \) such that \( f(p, q) = 2004 \) for some \( q \) is \(\boxed{1957}\)."
364	"For each positive integer $m$ and $n$, define the function $f(m, n)$ as follows:
- $f(1, 1) = 1$
- $f(m+1, n) = f(m, n) + m$
- $f(m, n+1) = f(m, n) - n$

Find the sum of all values of $p$ such that $f(p, q) = 2004$ for some $q$."	"r different values of p and q.
Step 6: We will then sum up all the values of p that satisfy f(p, q) = 2004.

Answer: 875"
365	"For each positive integer $m$ and $n$, define the function $f(m, n)$ as follows:
- $f(1, 1) = 1$
- $f(m+1, n) = f(m, n) + m$
- $f(m, n+1) = f(m, n) - n$

Find the sum of all values of $p$ such that $f(p, q) = 2004$ for some $q$."	"63 and 64 inclusive. We check both values:

1. For \( p = 63 \):
\[
f(63, q) = n - 1 + \frac{(63-1) \times 63}{2} = 2004"
366	"For each positive integer $m$ and $n$, define the function $f(m, n)$ as follows:
- $f(1, 1) = 1$
- $f(m+1, n) = f(m, n) + m$
- $f(m, n+1) = f(m, n) - n$

Find the sum of all values of $p$ such that $f(p, q) = 2004$ for some $q$."	"```output
3004
```
The sum of all values of \( p \) such that \( f(p, q) = 2004 \) for some \( q \) is \(\boxed{3004}\)."
367	"For each positive integer $m$ and $n$, define the function $f(m, n)$ as follows:
- $f(1, 1) = 1$
- $f(m+1, n) = f(m, n) + m$
- $f(m, n+1) = f(m, n) - n$

Find the sum of all values of $p$ such that $f(p, q) = 2004$ for some $q$."	"004$ for some $q$ are 39 and 40. The sum of these values is $39 + 40 = 79$.

Therefore, the answer is:

\[
\boxed{79}
\]"
368	"For each positive integer $m$ and $n$, define the function $f(m, n)$ as follows:
- $f(1, 1) = 1$
- $f(m+1, n) = f(m, n) + m$
- $f(m, n+1) = f(m, n) - n$

Find the sum of all values of $p$ such that $f(p, q) = 2004$ for some $q$."	"2004.
Step 17:  Thus, there are no values of $p$ such that $f(p, q) = 2004$ for some $q$.
Step 18:  Answer: 0

Answer: 0"
369	Given a square $ABCD$ with side length $10$. On sides $BC$ and $AD$ of this square, points $E$ and $F$ are selected such that they form a rectangle $ABEF$. Rectangle $KLMN$ is positioned such that its vertices $K, L, M$, and $N$ lie on segments $CD, DF, FE$, and $EC$, respectively. It is given that rectangles $ABEF$ and $KLMN$ are congruent with $AB = MN$. Find the length of segment $AL$.	"and see which ones satisfy the conditions.

**For \(p = 11\):**

\[
e_{11}(200!) = \left\lfloor \frac{200}{11} \right\rf"
370	Given a square $ABCD$ with side length $10$. On sides $BC$ and $AD$ of this square, points $E$ and $F$ are selected such that they form a rectangle $ABEF$. Rectangle $KLMN$ is positioned such that its vertices $K, L, M$, and $N$ lie on segments $CD, DF, FE$, and $EC$, respectively. It is given that rectangles $ABEF$ and $KLMN$ are congruent with $AB = MN$. Find the length of segment $AL$.	" can deduce that:
     \[
     AL = x = 5
     \]
   - This is because the rectangle \( KLMN \) is symmetrically placed,"
371	Given a square $ABCD$ with side length $10$. On sides $BC$ and $AD$ of this square, points $E$ and $F$ are selected such that they form a rectangle $ABEF$. Rectangle $KLMN$ is positioned such that its vertices $K, L, M$, and $N$ lie on segments $CD, DF, FE$, and $EC$, respectively. It is given that rectangles $ABEF$ and $KLMN$ are congruent with $AB = MN$. Find the length of segment $AL$.	"he sides should be the same
# The length of AL can be found by the ratio of the side length of the rectangle to the side"
372	Given a square $ABCD$ with side length $10$. On sides $BC$ and $AD$ of this square, points $E$ and $F$ are selected such that they form a rectangle $ABEF$. Rectangle $KLMN$ is positioned such that its vertices $K, L, M$, and $N$ lie on segments $CD, DF, FE$, and $EC$, respectively. It is given that rectangles $ABEF$ and $KLMN$ are congruent with $AB = MN$. Find the length of segment $AL$.	" be calculated by the difference between the coordinates of $A$ and $L$. 

Therefore, $AL = 10 - 0 = 10$. 

Answer: $10$"
373	Given a square $ABCD$ with side length $10$. On sides $BC$ and $AD$ of this square, points $E$ and $F$ are selected such that they form a rectangle $ABEF$. Rectangle $KLMN$ is positioned such that its vertices $K, L, M$, and $N$ lie on segments $CD, DF, FE$, and $EC$, respectively. It is given that rectangles $ABEF$ and $KLMN$ are congruent with $AB = MN$. Find the length of segment $AL$.	"m \(D\) to \(L\) (which is 10). Thus, \(AL = 10 + 10 = 20\).

Therefore, the length of segment \(AL\) is \(\boxed{10}\)."
374	Given a square $ABCD$ with side length $10$. On sides $BC$ and $AD$ of this square, points $E$ and $F$ are selected such that they form a rectangle $ABEF$. Rectangle $KLMN$ is positioned such that its vertices $K, L, M$, and $N$ lie on segments $CD, DF, FE$, and $EC$, respectively. It is given that rectangles $ABEF$ and $KLMN$ are congruent with $AB = MN$. Find the length of segment $AL$.	"is if AL = BL = 5
AL = side_length_square / 2
print(AL)
```
```output
5
```
The length of segment $AL$ is \(\boxed{5}\)."
375	Given a square $ABCD$ with side length $10$. On sides $BC$ and $AD$ of this square, points $E$ and $F$ are selected such that they form a rectangle $ABEF$. Rectangle $KLMN$ is positioned such that its vertices $K, L, M$, and $N$ lie on segments $CD, DF, FE$, and $EC$, respectively. It is given that rectangles $ABEF$ and $KLMN$ are congruent with $AB = MN$. Find the length of segment $AL$.	"nus the height of the rectangle, which is \(10 - 10 = 0\).

Therefore, the length of segment \(AL\) is:
\[
\boxed{10}
\]"
376	Given a square $ABCD$ with side length $10$. On sides $BC$ and $AD$ of this square, points $E$ and $F$ are selected such that they form a rectangle $ABEF$. Rectangle $KLMN$ is positioned such that its vertices $K, L, M$, and $N$ lie on segments $CD, DF, FE$, and $EC$, respectively. It is given that rectangles $ABEF$ and $KLMN$ are congruent with $AB = MN$. Find the length of segment $AL$.	"^2 + (0 - 10)^2} = \sqrt{10^2 + 10^2} = \sqrt{200} = 10\sqrt{2}$

Therefore, the length of segment $AL$ is $10\sqrt{2}$."
377	Let $V$ be a 10 -dimensional real vector space and $U_{1}$ and $U_{2}$ two linear subspaces such that $U_{1} \subseteq U_{2}, \operatorname{dim}_{\mathbb{R}} U_{1}=3$ and $\operatorname{dim}_{\mathbb{R}} U_{2}=6$. Let $\mathcal{E}$ be the set of all linear maps $T: V \longrightarrow V$ which have $U_{1}$ and $U_{2}$ as invariant subspaces (i.e., $T\left(U_{1}\right) \subseteq U_{1}$ and $T\left(U_{2}\right) \subseteq U_{2}$ ). Calculate the dimension of $\mathcal{E}$ as a real vector space.	"sion of \( \mathcal{E} \) is:
\[ \dim_{\mathbb{R}} \mathcal{E} = 18 + 18 = 36. \]

The final answer is:
\[
\boxed{36}
\]"
378	Let $V$ be a 10 -dimensional real vector space and $U_{1}$ and $U_{2}$ two linear subspaces such that $U_{1} \subseteq U_{2}, \operatorname{dim}_{\mathbb{R}} U_{1}=3$ and $\operatorname{dim}_{\mathbb{R}} U_{2}=6$. Let $\mathcal{E}$ be the set of all linear maps $T: V \longrightarrow V$ which have $U_{1}$ and $U_{2}$ as invariant subspaces (i.e., $T\left(U_{1}\right) \subseteq U_{1}$ and $T\left(U_{2}\right) \subseteq U_{2}$ ). Calculate the dimension of $\mathcal{E}$ as a real vector space.	"_{2}\right) \subseteq U_{2}$). Therefore, the dimension of the space of all linear maps $T$ is $20 - 16 = 4$.

Answer: 4"
379	Let $V$ be a 10 -dimensional real vector space and $U_{1}$ and $U_{2}$ two linear subspaces such that $U_{1} \subseteq U_{2}, \operatorname{dim}_{\mathbb{R}} U_{1}=3$ and $\operatorname{dim}_{\mathbb{R}} U_{2}=6$. Let $\mathcal{E}$ be the set of all linear maps $T: V \longrightarrow V$ which have $U_{1}$ and $U_{2}$ as invariant subspaces (i.e., $T\left(U_{1}\right) \subseteq U_{1}$ and $T\left(U_{2}\right) \subseteq U_{2}$ ). Calculate the dimension of $\mathcal{E}$ as a real vector space.	"together, we get:
     \[
     9 + 9 + 36 = 54
     \]

Therefore, the dimension of \( \mathcal{E} \) is \(\boxed{54}\)."
380	Let $V$ be a 10 -dimensional real vector space and $U_{1}$ and $U_{2}$ two linear subspaces such that $U_{1} \subseteq U_{2}, \operatorname{dim}_{\mathbb{R}} U_{1}=3$ and $\operatorname{dim}_{\mathbb{R}} U_{2}=6$. Let $\mathcal{E}$ be the set of all linear maps $T: V \longrightarrow V$ which have $U_{1}$ and $U_{2}$ as invariant subspaces (i.e., $T\left(U_{1}\right) \subseteq U_{1}$ and $T\left(U_{2}\right) \subseteq U_{2}$ ). Calculate the dimension of $\mathcal{E}$ as a real vector space.	"athbb{R}} W = 9 + \dim_{\mathbb{R}} W$.

Therefore, the dimension of $\mathcal{E}$ is $\boxed{9 + \dim_{\mathbb{R}} W}$."
381	Let $V$ be a 10 -dimensional real vector space and $U_{1}$ and $U_{2}$ two linear subspaces such that $U_{1} \subseteq U_{2}, \operatorname{dim}_{\mathbb{R}} U_{1}=3$ and $\operatorname{dim}_{\mathbb{R}} U_{2}=6$. Let $\mathcal{E}$ be the set of all linear maps $T: V \longrightarrow V$ which have $U_{1}$ and $U_{2}$ as invariant subspaces (i.e., $T\left(U_{1}\right) \subseteq U_{1}$ and $T\left(U_{2}\right) \subseteq U_{2}$ ). Calculate the dimension of $\mathcal{E}$ as a real vector space.	"sis element corresponds to one choice of $T_1$ or $T_2$. Hence, the dimension of $\mathcal{E}$ is:

Answer: $\boxed{4}$."
382	Let $V$ be a 10 -dimensional real vector space and $U_{1}$ and $U_{2}$ two linear subspaces such that $U_{1} \subseteq U_{2}, \operatorname{dim}_{\mathbb{R}} U_{1}=3$ and $\operatorname{dim}_{\mathbb{R}} U_{2}=6$. Let $\mathcal{E}$ be the set of all linear maps $T: V \longrightarrow V$ which have $U_{1}$ and $U_{2}$ as invariant subspaces (i.e., $T\left(U_{1}\right) \subseteq U_{1}$ and $T\left(U_{2}\right) \subseteq U_{2}$ ). Calculate the dimension of $\mathcal{E}$ as a real vector space.	"e U1 and U2 as invariant subspaces is equal to the minimum of the dimensions of U1 and U2, which is 3.
Answer: Answer: 3"
383	Let $V$ be a 10 -dimensional real vector space and $U_{1}$ and $U_{2}$ two linear subspaces such that $U_{1} \subseteq U_{2}, \operatorname{dim}_{\mathbb{R}} U_{1}=3$ and $\operatorname{dim}_{\mathbb{R}} U_{2}=6$. Let $\mathcal{E}$ be the set of all linear maps $T: V \longrightarrow V$ which have $U_{1}$ and $U_{2}$ as invariant subspaces (i.e., $T\left(U_{1}\right) \subseteq U_{1}$ and $T\left(U_{2}\right) \subseteq U_{2}$ ). Calculate the dimension of $\mathcal{E}$ as a real vector space.	"sions of $U_1$ and $U_2$'s orthogonal complements in $V$.

Since $U_1 \subseteq W_1$, we have $U_1^{\perp} \subseteq W_1"
384	Let $V$ be a 10 -dimensional real vector space and $U_{1}$ and $U_{2}$ two linear subspaces such that $U_{1} \subseteq U_{2}, \operatorname{dim}_{\mathbb{R}} U_{1}=3$ and $\operatorname{dim}_{\mathbb{R}} U_{2}=6$. Let $\mathcal{E}$ be the set of all linear maps $T: V \longrightarrow V$ which have $U_{1}$ and $U_{2}$ as invariant subspaces (i.e., $T\left(U_{1}\right) \subseteq U_{1}$ and $T\left(U_{2}\right) \subseteq U_{2}$ ). Calculate the dimension of $\mathcal{E}$ as a real vector space.	"pace of such linear transformations, is 11. 

So, the dimension of $\mathcal{E}$ as a real vector space is $\boxed{11}$."
385	"If the following instructions are carried out by a computer, what is the value of $X$ that will be printed because of instruction 5?

1. Start $X$ at $3$ and $S$ at $0$.
2. Increase the value of $X$ by $2$.
3. Increase the value of $S$ by the value of $X$.
4. If $S$ is at least $10000$, then go to instruction 5; otherwise, go to instruction 2 and proceed from there.
5. Print the value of $X$.
6. Stop."	"82 + 19 = 101
    \]
18. **Check Condition**: Check if \( S \) is at least 10000.
    Since \( S = 101 \), the condition"
386	"If the following instructions are carried out by a computer, what is the value of $X$ that will be printed because of instruction 5?

1. Start $X$ at $3$ and $S$ at $0$.
2. Increase the value of $X$ by $2$.
3. Increase the value of $S$ by the value of $X$.
4. If $S$ is at least $10000$, then go to instruction 5; otherwise, go to instruction 2 and proceed from there.
5. Print the value of $X$.
6. Stop."	" to instruction 5 and print the value of \( X \).

Thus, the value of \( X \) that will be printed is \( \boxed{319} \)."
387	"If the following instructions are carried out by a computer, what is the value of $X$ that will be printed because of instruction 5?

1. Start $X$ at $3$ and $S$ at $0$.
2. Increase the value of $X$ by $2$.
3. Increase the value of $S$ by the value of $X$.
4. If $S$ is at least $10000$, then go to instruction 5; otherwise, go to instruction 2 and proceed from there.
5. Print the value of $X$.
6. Stop."	".
33. Increase the value of $S$ by the value of $X$ (new $S$ is $145$).
34. Check if $S$ is at least $10000$ (current $S"
388	"If the following instructions are carried out by a computer, what is the value of $X$ that will be printed because of instruction 5?

1. Start $X$ at $3$ and $S$ at $0$.
2. Increase the value of $X$ by $2$.
3. Increase the value of $S$ by the value of $X$.
4. If $S$ is at least $10000$, then go to instruction 5; otherwise, go to instruction 2 and proceed from there.
5. Print the value of $X$.
6. Stop."	" is not at least 10000, so we go back to instruction 2 and proceed from there.
26. Go back to instruction 2 and increase"
389	"If the following instructions are carried out by a computer, what is the value of $X$ that will be printed because of instruction 5?

1. Start $X$ at $3$ and $S$ at $0$.
2. Increase the value of $X$ by $2$.
3. Increase the value of $S$ by the value of $X$.
4. If $S$ is at least $10000$, then go to instruction 5; otherwise, go to instruction 2 and proceed from there.
5. Print the value of $X$.
6. Stop."	"eck if $S$ is at least 10000. Since $S = 145$ is still less than 10000, we need to increase $X$ by 2 again.
23. Increase"
390	"If the following instructions are carried out by a computer, what is the value of $X$ that will be printed because of instruction 5?

1. Start $X$ at $3$ and $S$ at $0$.
2. Increase the value of $X$ by $2$.
3. Increase the value of $S$ by the value of $X$.
4. If $S$ is at least $10000$, then go to instruction 5; otherwise, go to instruction 2 and proceed from there.
5. Print the value of $X$.
6. Stop."	"ue of \( X \). This gives:
    \[
    S = 55 + 5 = 60
    \]
    Now, the values are:
    \[
    X = 5, \quad S = 60
   "
391	"If the following instructions are carried out by a computer, what is the value of $X$ that will be printed because of instruction 5?

1. Start $X$ at $3$ and $S$ at $0$.
2. Increase the value of $X$ by $2$.
3. Increase the value of $S$ by the value of $X$.
4. If $S$ is at least $10000$, then go to instruction 5; otherwise, go to instruction 2 and proceed from there.
5. Print the value of $X$.
6. Stop."	Answer: 17 Answer: 17
392	"If the following instructions are carried out by a computer, what is the value of $X$ that will be printed because of instruction 5?

1. Start $X$ at $3$ and $S$ at $0$.
2. Increase the value of $X$ by $2$.
3. Increase the value of $S$ by the value of $X$.
4. If $S$ is at least $10000$, then go to instruction 5; otherwise, go to instruction 2 and proceed from there.
5. Print the value of $X$.
6. Stop."	"h Iteration**:
    - Increase \( X \) by 2: \( X = 21 + 2 = 23 \).
    - Increase \( S \) by \( X \): \( S = 117 + 23 = "
393	In a circle, parallel chords of lengths 2, 3, and 4 determine central angles of $\alpha$, $\beta$, and $\alpha + \beta$ radians, respectively, where $\alpha + \beta < \pi$. If $\cos \alpha$, which is a positive rational number, is expressed as a fraction in lowest terms, what is the sum of its numerator and denominator?	We only need to express cos(alpha) as a fraction in lowest terms and then find the sum of its numerator and denominator.
394	In a circle, parallel chords of lengths 2, 3, and 4 determine central angles of $\alpha$, $\beta$, and $\alpha + \beta$ radians, respectively, where $\alpha + \beta < \pi$. If $\cos \alpha$, which is a positive rational number, is expressed as a fraction in lowest terms, what is the sum of its numerator and denominator?	"cos α = 3/8, cos β = 1/4.
Step 8: Therefore, the sum of the numerator and denominator of cos α is 3 + 8 = 11.
Answer: 11"
395	In a circle, parallel chords of lengths 2, 3, and 4 determine central angles of $\alpha$, $\beta$, and $\alpha + \beta$ radians, respectively, where $\alpha + \beta < \pi$. If $\cos \alpha$, which is a positive rational number, is expressed as a fraction in lowest terms, what is the sum of its numerator and denominator?	" 2, 3, and 4 determine central angles of $\alpha$, $\beta$, and $\alpha + \beta$ radians, respectively.

Answer: <empty>"
396	In a circle, parallel chords of lengths 2, 3, and 4 determine central angles of $\alpha$, $\beta$, and $\alpha + \beta$ radians, respectively, where $\alpha + \beta < \pi$. If $\cos \alpha$, which is a positive rational number, is expressed as a fraction in lowest terms, what is the sum of its numerator and denominator?	" and denominator of \(\cos \alpha\) is:
\[
3 + 5 = 8
\]

Answer: 8

Calculate: $-3ab^2 - [ab^2 - 2(2ab^2 - 3a^2b)] - 4a^"
397	In a circle, parallel chords of lengths 2, 3, and 4 determine central angles of $\alpha$, $\beta$, and $\alpha + \beta$ radians, respectively, where $\alpha + \beta < \pi$. If $\cos \alpha$, which is a positive rational number, is expressed as a fraction in lowest terms, what is the sum of its numerator and denominator?	e sum of the numerator and denominator of \(\cos \alpha\) when expressed as a fraction in lowest terms is \(\boxed{7}\).
398	In a circle, parallel chords of lengths 2, 3, and 4 determine central angles of $\alpha$, $\beta$, and $\alpha + \beta$ radians, respectively, where $\alpha + \beta < \pi$. If $\cos \alpha$, which is a positive rational number, is expressed as a fraction in lowest terms, what is the sum of its numerator and denominator?	" α = 27/40

The sum of the numerator and denominator is 27 + 40 = 67. Therefore, the answer is Answer: 67.
  
Answer: 67"
399	In a circle, parallel chords of lengths 2, 3, and 4 determine central angles of $\alpha$, $\beta$, and $\alpha + \beta$ radians, respectively, where $\alpha + \beta < \pi$. If $\cos \alpha$, which is a positive rational number, is expressed as a fraction in lowest terms, what is the sum of its numerator and denominator?	alpha) = \cos\left(2\left(\frac{\alpha}{2}\right)\right) = 1 - 2\sin^2\left(\frac{\alpha}{2}\right) = 1 - 2(1)^2 = 1 - 2
400	In a circle, parallel chords of lengths 2, 3, and 4 determine central angles of $\alpha$, $\beta$, and $\alpha + \beta$ radians, respectively, where $\alpha + \beta < \pi$. If $\cos \alpha$, which is a positive rational number, is expressed as a fraction in lowest terms, what is the sum of its numerator and denominator?	"t(\frac{3}{2r}\right) \]
\[ \frac{2}{r} = \frac{\sqrt{4r^2 - 9}}{2r} + \frac{3\sqrt{1 - \frac{1}{r^2}}}{2r} \]
\[ \frac{"
